#usda 1.0
(
    doc = "Strong production override: replaces Blender plant marker meshes with bed-level point instances of the sprout asset."
    metersPerUnit = 1
    upAxis = "Y"
)

def "World"
{
    def "Environment"
    {
        def "Greenhouse"
        {
            def "Plants"
            {
                def "Bed_01"
                {
                    over "Plant_01_A_000" (
                        active = false
                    )
                    {
                    }

                    over "Plant_01_A_001" (
                        active = false
                    )
                    {
                    }

                    over "Plant_01_A_002" (
                        active = false
                    )
                    {
                    }

                    over "Plant_01_A_003" (
                        active = false
                    )
                    {
                    }

                    over "Plant_01_A_004" (
                        active = false
                    )
                    {
                    }

                    over "Plant_01_A_005" (
                        active = false
                    )
                    {
                    }

                    over "Plant_01_A_006" (
                        active = false
                    )
                    {
                    }

                    over "Plant_01_A_007" (
                        active = false
                    )
                    {
                    }

                    over "Plant_01_A_008" (
                        active = false
                    )
                    {
                    }

                    over "Plant_01_A_009" (
                        active = false
                    )
                    {
                    }

                    over "Plant_01_A_010" (
                        active = false
                    )
                    {
                    }

                    over "Plant_01_A_011" (
                        active = false
                    )
                    {
                    }

                    over "Plant_01_A_012" (
                        active = false
                    )
                    {
                    }

                    over "Plant_01_A_013" (
                        active = false
                    )
                    {
                    }

                    over "Plant_01_A_014" (
                        active = false
                    )
                    {
                    }

                    over "Plant_01_A_015" (
                        active = false
                    )
                    {
                    }

                    over "Plant_01_A_016" (
                        active = false
                    )
                    {
                    }

                    over "Plant_01_A_017" (
                        active = false
                    )
                    {
                    }

                    over "Plant_01_A_018" (
                        active = false
                    )
                    {
                    }

                    over "Plant_01_A_019" (
                        active = false
                    )
                    {
                    }

                    over "Plant_01_A_020" (
                        active = false
                    )
                    {
                    }

                    over "Plant_01_A_021" (
                        active = false
                    )
                    {
                    }

                    over "Plant_01_A_022" (
                        active = false
                    )
                    {
                    }

                    over "Plant_01_A_023" (
                        active = false
                    )
                    {
                    }

                    over "Plant_01_A_024" (
                        active = false
                    )
                    {
                    }

                    over "Plant_01_A_025" (
                        active = false
                    )
                    {
                    }

                    over "Plant_01_A_026" (
                        active = false
                    )
                    {
                    }

                    over "Plant_01_A_027" (
                        active = false
                    )
                    {
                    }

                    over "Plant_01_A_028" (
                        active = false
                    )
                    {
                    }

                    over "Plant_01_A_029" (
                        active = false
                    )
                    {
                    }

                    over "Plant_01_A_030" (
                        active = false
                    )
                    {
                    }

                    over "Plant_01_A_031" (
                        active = false
                    )
                    {
                    }

                    over "Plant_01_A_032" (
                        active = false
                    )
                    {
                    }

                    over "Plant_01_A_033" (
                        active = false
                    )
                    {
                    }

                    over "Plant_01_A_034" (
                        active = false
                    )
                    {
                    }

                    over "Plant_01_A_035" (
                        active = false
                    )
                    {
                    }

                    over "Plant_01_B_000" (
                        active = false
                    )
                    {
                    }

                    over "Plant_01_B_001" (
                        active = false
                    )
                    {
                    }

                    over "Plant_01_B_002" (
                        active = false
                    )
                    {
                    }

                    over "Plant_01_B_003" (
                        active = false
                    )
                    {
                    }

                    over "Plant_01_B_004" (
                        active = false
                    )
                    {
                    }

                    over "Plant_01_B_005" (
                        active = false
                    )
                    {
                    }

                    over "Plant_01_B_006" (
                        active = false
                    )
                    {
                    }

                    over "Plant_01_B_007" (
                        active = false
                    )
                    {
                    }

                    over "Plant_01_B_008" (
                        active = false
                    )
                    {
                    }

                    over "Plant_01_B_009" (
                        active = false
                    )
                    {
                    }

                    over "Plant_01_B_010" (
                        active = false
                    )
                    {
                    }

                    over "Plant_01_B_011" (
                        active = false
                    )
                    {
                    }

                    over "Plant_01_B_012" (
                        active = false
                    )
                    {
                    }

                    over "Plant_01_B_013" (
                        active = false
                    )
                    {
                    }

                    over "Plant_01_B_014" (
                        active = false
                    )
                    {
                    }

                    over "Plant_01_B_015" (
                        active = false
                    )
                    {
                    }

                    over "Plant_01_B_016" (
                        active = false
                    )
                    {
                    }

                    over "Plant_01_B_017" (
                        active = false
                    )
                    {
                    }

                    over "Plant_01_B_018" (
                        active = false
                    )
                    {
                    }

                    over "Plant_01_B_019" (
                        active = false
                    )
                    {
                    }

                    over "Plant_01_B_020" (
                        active = false
                    )
                    {
                    }

                    over "Plant_01_B_021" (
                        active = false
                    )
                    {
                    }

                    over "Plant_01_B_022" (
                        active = false
                    )
                    {
                    }

                    over "Plant_01_B_023" (
                        active = false
                    )
                    {
                    }

                    over "Plant_01_B_024" (
                        active = false
                    )
                    {
                    }

                    over "Plant_01_B_025" (
                        active = false
                    )
                    {
                    }

                    over "Plant_01_B_026" (
                        active = false
                    )
                    {
                    }

                    over "Plant_01_B_027" (
                        active = false
                    )
                    {
                    }

                    over "Plant_01_B_028" (
                        active = false
                    )
                    {
                    }

                    over "Plant_01_B_029" (
                        active = false
                    )
                    {
                    }

                    over "Plant_01_B_030" (
                        active = false
                    )
                    {
                    }

                    over "Plant_01_B_031" (
                        active = false
                    )
                    {
                    }

                    over "Plant_01_B_032" (
                        active = false
                    )
                    {
                    }

                    over "Plant_01_B_033" (
                        active = false
                    )
                    {
                    }

                    over "Plant_01_B_034" (
                        active = false
                    )
                    {
                    }

                    def PointInstancer "PlantInstances"
                    {
                        int64[] ids = [1000, 1001, 1002, 1003, 1004, 1005, 1006, 1007, 1008, 1009, 1010, 1011, 1012, 1013, 1014, 1015, 1016, 1017, 1018, 1019, 1020, 1021, 1022, 1023, 1024, 1025, 1026, 1027, 1028, 1029, 1030, 1031, 1032, 1033, 1034, 1035, 1036, 1037, 1038, 1039, 1040, 1041, 1042, 1043, 1044, 1045, 1046, 1047, 1048, 1049, 1050, 1051, 1052, 1053, 1054, 1055, 1056, 1057, 1058, 1059, 1060, 1061, 1062, 1063, 1064, 1065, 1066, 1067, 1068, 1069, 1070]
                        point3f[] positions = [(-0.19999981, 0.39, -7), (-0.19999981, 0.39, -6.6), (-0.19999981, 0.39, -6.2), (-0.19999981, 0.39, -5.8), (-0.19999981, 0.39, -5.4), (-0.19999981, 0.39, -5), (-0.19999981, 0.39, -4.6), (-0.19999981, 0.39, -4.2), (-0.19999981, 0.39, -3.8), (-0.19999981, 0.39, -3.4), (-0.19999981, 0.39, -3), (-0.19999981, 0.39, -2.6), (-0.19999981, 0.39, -2.2), (-0.19999981, 0.39, -1.8), (-0.19999981, 0.39, -1.4), (-0.19999981, 0.39, -1), (-0.19999981, 0.39, -0.6), (-0.19999981, 0.39, -0.2), (-0.19999981, 0.39, 0.2), (-0.19999981, 0.39, 0.6), (-0.19999981, 0.39, 1), (-0.19999981, 0.39, 1.4), (-0.19999981, 0.39, 1.8), (-0.19999981, 0.39, 2.2), (-0.19999981, 0.39, 2.6), (-0.19999981, 0.39, 3), (-0.19999981, 0.39, 3.4), (-0.19999981, 0.39, 3.8), (-0.19999981, 0.39, 4.2), (-0.19999981, 0.39, 4.6), (-0.19999981, 0.39, 5), (-0.19999981, 0.39, 5.4), (-0.19999981, 0.39, 5.8), (-0.19999981, 0.39, 6.2), (-0.19999981, 0.39, 6.6), (-0.19999981, 0.39, 7), (0.19999981, 0.39, -6.8), (0.19999981, 0.39, -6.4), (0.19999981, 0.39, -6), (0.19999981, 0.39, -5.6), (0.19999981, 0.39, -5.2), (0.19999981, 0.39, -4.8), (0.19999981, 0.39, -4.4), (0.19999981, 0.39, -4), (0.19999981, 0.39, -3.6), (0.19999981, 0.39, -3.2), (0.19999981, 0.39, -2.8), (0.19999981, 0.39, -2.4), (0.19999981, 0.39, -2), (0.19999981, 0.39, -1.6), (0.19999981, 0.39, -1.2), (0.19999981, 0.39, -0.8), (0.19999981, 0.39, -0.4), (0.19999981, 0.39, 0), (0.19999981, 0.39, 0.4), (0.19999981, 0.39, 0.8), (0.19999981, 0.39, 1.2), (0.19999981, 0.39, 1.6), (0.19999981, 0.39, 2), (0.19999981, 0.39, 2.4), (0.19999981, 0.39, 2.8), (0.19999981, 0.39, 3.2), (0.19999981, 0.39, 3.6), (0.19999981, 0.39, 4), (0.19999981, 0.39, 4.4), (0.19999981, 0.39, 4.8), (0.19999981, 0.39, 5.2), (0.19999981, 0.39, 5.6), (0.19999981, 0.39, 6), (0.19999981, 0.39, 6.4), (0.19999981, 0.39, 6.8)]
                        int[] protoIndices = [0, 0, 0, 0, 0, 0, 0, 0, 0, 0, 0, 0, 0, 0, 0, 0, 0, 0, 0, 0, 0, 0, 0, 0, 0, 0, 0, 0, 0, 0, 0, 0, 0, 0, 0, 0, 0, 0, 0, 0, 0, 0, 0, 0, 0, 0, 0, 0, 0, 0, 0, 0, 0, 0, 0, 0, 0, 0, 0, 0, 0, 0, 0, 0, 0, 0, 0, 0, 0, 0, 0]
                        quatf[] orientations = [(1, 0, 0, 0), (1, 0, 0, 0), (1, 0, 0, 0), (1, 0, 0, 0), (1, 0, 0, 0), (0.92387953, 0, 0.38268343, 0), (0.92387953, 0, -0.38268343, 0), (0.92387953, 0, -0.38268343, 0), (0.92387953, 0, 0.38268343, 0), (1, 0, 0, 0), (1, 0, 0, 0), (1, 0, 0, 0), (0.98480775, 0, 0.17364818, 0), (1, 0, 0, 0), (1, 0, 0, 0), (1, 0, 0, 0), (1, 0, 0, 0), (0.92387953, 0, -0.38268343, 0), (1, 0, 0, 0), (1, 0, 0, 0), (1, 0, 0, 0), (0.92387953, 0, -0.38268343, 0), (1, 0, 0, 0), (1, 0, 0, 0), (0.98480775, 0, -0.17364818, 0), (1, 0, 0, 0), (1, 0, 0, 0), (1, 0, 0, 0), (0.98480775, 0, -0.17364818, 0), (1, 0, 0, 0), (1, 0, 0, 0), (0.92387953, 0, -0.38268343, 0), (1, 0, 0, 0), (1, 0, 0, 0), (0.98480775, 0, 0.17364818, 0), (1, 0, 0, 0), (0.98480775, 0, -0.17364818, 0), (1, 0, 0, 0), (1, 0, 0, 0), (1, 0, 0, 0), (0.98480775, 0, 0.17364818, 0), (0.92387953, 0, 0.38268343, 0), (1, 0, 0, 0), (1, 0, 0, 0), (1, 0, 0, 0), (0.98480775, 0, -0.17364818, 0), (0.92387953, 0, -0.38268343, 0), (1, 0, 0, 0), (1, 0, 0, 0), (1, 0, 0, 0), (1, 0, 0, 0), (1, 0, 0, 0), (1, 0, 0, 0), (0.92387953, 0, 0.38268343, 0), (0.92387953, 0, 0.38268343, 0), (1, 0, 0, 0), (0.92387953, 0, 0.38268343, 0), (0.98480775, 0, 0.17364818, 0), (1, 0, 0, 0), (0.98480775, 0, 0.17364818, 0), (0.98480775, 0, -0.17364818, 0), (1, 0, 0, 0), (0.92387953, 0, -0.38268343, 0), (1, 0, 0, 0), (0.98480775, 0, 0.17364818, 0), (1, 0, 0, 0), (0.92387953, 0, -0.38268343, 0), (0.98480775, 0, -0.17364818, 0), (0.98480775, 0, -0.17364818, 0), (1, 0, 0, 0), (0.98480775, 0, -0.17364818, 0)]
                        quatf[] orientations = [(1, 0, 0, 0), (1, 0, 0, 0), (1, 0, 0, 0), (1, 0, 0, 0), (1, 0, 0, 0), (0.92387953, 0, 0.38268343, 0), (0.92387953, 0, -0.38268343, 0), (0.92387953, 0, -0.38268343, 0), (0.92387953, 0, 0.38268343, 0), (1, 0, 0, 0), (1, 0, 0, 0), (1, 0, 0, 0), (0.98480775, 0, 0.17364818, 0), (1, 0, 0, 0), (1, 0, 0, 0), (1, 0, 0, 0), (1, 0, 0, 0), (0.92387953, 0, -0.38268343, 0), (1, 0, 0, 0), (1, 0, 0, 0), (1, 0, 0, 0), (0.92387953, 0, -0.38268343, 0), (1, 0, 0, 0), (1, 0, 0, 0), (0.98480775, 0, -0.17364818, 0), (1, 0, 0, 0), (1, 0, 0, 0), (1, 0, 0, 0), (0.98480775, 0, -0.17364818, 0), (1, 0, 0, 0), (1, 0, 0, 0), (0.92387953, 0, -0.38268343, 0), (1, 0, 0, 0), (1, 0, 0, 0), (0.98480775, 0, 0.17364818, 0), (1, 0, 0, 0), (0.98480775, 0, -0.17364818, 0), (1, 0, 0, 0), (1, 0, 0, 0), (1, 0, 0, 0), (0.98480775, 0, 0.17364818, 0), (0.92387953, 0, 0.38268343, 0), (1, 0, 0, 0), (1, 0, 0, 0), (1, 0, 0, 0), (0.98480775, 0, -0.17364818, 0), (0.92387953, 0, -0.38268343, 0), (1, 0, 0, 0), (1, 0, 0, 0), (1, 0, 0, 0), (1, 0, 0, 0), (1, 0, 0, 0), (1, 0, 0, 0), (0.92387953, 0, 0.38268343, 0), (0.92387953, 0, 0.38268343, 0), (1, 0, 0, 0), (0.92387953, 0, 0.38268343, 0), (0.98480775, 0, 0.17364818, 0), (1, 0, 0, 0), (0.98480775, 0, 0.17364818, 0), (0.98480775, 0, -0.17364818, 0), (1, 0, 0, 0), (0.92387953, 0, -0.38268343, 0), (1, 0, 0, 0), (0.98480775, 0, 0.17364818, 0), (1, 0, 0, 0), (0.92387953, 0, -0.38268343, 0), (0.98480775, 0, -0.17364818, 0), (0.98480775, 0, -0.17364818, 0), (1, 0, 0, 0), (0.98480775, 0, -0.17364818, 0)]
                        rel prototypes = </World/Environment/Greenhouse/Plants/Bed_01/PlantInstances/Prototypes/PlantSprout>

                        def "Prototypes"
                        {
                            def Mesh "PlantSprout" (
                                prepend apiSchemas = ["MaterialBindingAPI"]
                                prepend references = @../assets/plant_sprout/plant_sprout_abstract.usda@</Mesh>
                            )
                            {
                                rel material:binding = </World/Looks/PlantSproutMat>
                            }
                        }
                    }
                }

                def "Bed_02"
                {
                    over "Plant_02_A_000" (
                        active = false
                    )
                    {
                    }

                    over "Plant_02_A_001" (
                        active = false
                    )
                    {
                    }

                    over "Plant_02_A_002" (
                        active = false
                    )
                    {
                    }

                    over "Plant_02_A_003" (
                        active = false
                    )
                    {
                    }

                    over "Plant_02_A_004" (
                        active = false
                    )
                    {
                    }

                    over "Plant_02_A_005" (
                        active = false
                    )
                    {
                    }

                    over "Plant_02_A_006" (
                        active = false
                    )
                    {
                    }

                    over "Plant_02_A_007" (
                        active = false
                    )
                    {
                    }

                    over "Plant_02_A_008" (
                        active = false
                    )
                    {
                    }

                    over "Plant_02_A_009" (
                        active = false
                    )
                    {
                    }

                    over "Plant_02_A_010" (
                        active = false
                    )
                    {
                    }

                    over "Plant_02_A_011" (
                        active = false
                    )
                    {
                    }

                    over "Plant_02_A_012" (
                        active = false
                    )
                    {
                    }

                    over "Plant_02_A_013" (
                        active = false
                    )
                    {
                    }

                    over "Plant_02_A_014" (
                        active = false
                    )
                    {
                    }

                    over "Plant_02_A_015" (
                        active = false
                    )
                    {
                    }

                    over "Plant_02_A_016" (
                        active = false
                    )
                    {
                    }

                    over "Plant_02_A_017" (
                        active = false
                    )
                    {
                    }

                    over "Plant_02_A_018" (
                        active = false
                    )
                    {
                    }

                    over "Plant_02_A_019" (
                        active = false
                    )
                    {
                    }

                    over "Plant_02_A_020" (
                        active = false
                    )
                    {
                    }

                    over "Plant_02_A_021" (
                        active = false
                    )
                    {
                    }

                    over "Plant_02_A_022" (
                        active = false
                    )
                    {
                    }

                    over "Plant_02_A_023" (
                        active = false
                    )
                    {
                    }

                    over "Plant_02_A_024" (
                        active = false
                    )
                    {
                    }

                    over "Plant_02_A_025" (
                        active = false
                    )
                    {
                    }

                    over "Plant_02_A_026" (
                        active = false
                    )
                    {
                    }

                    over "Plant_02_A_027" (
                        active = false
                    )
                    {
                    }

                    over "Plant_02_A_028" (
                        active = false
                    )
                    {
                    }

                    over "Plant_02_A_029" (
                        active = false
                    )
                    {
                    }

                    over "Plant_02_A_030" (
                        active = false
                    )
                    {
                    }

                    over "Plant_02_A_031" (
                        active = false
                    )
                    {
                    }

                    over "Plant_02_A_032" (
                        active = false
                    )
                    {
                    }

                    over "Plant_02_A_033" (
                        active = false
                    )
                    {
                    }

                    over "Plant_02_A_034" (
                        active = false
                    )
                    {
                    }

                    over "Plant_02_A_035" (
                        active = false
                    )
                    {
                    }

                    over "Plant_02_B_000" (
                        active = false
                    )
                    {
                    }

                    over "Plant_02_B_001" (
                        active = false
                    )
                    {
                    }

                    over "Plant_02_B_002" (
                        active = false
                    )
                    {
                    }

                    over "Plant_02_B_003" (
                        active = false
                    )
                    {
                    }

                    over "Plant_02_B_004" (
                        active = false
                    )
                    {
                    }

                    over "Plant_02_B_005" (
                        active = false
                    )
                    {
                    }

                    over "Plant_02_B_006" (
                        active = false
                    )
                    {
                    }

                    over "Plant_02_B_007" (
                        active = false
                    )
                    {
                    }

                    over "Plant_02_B_008" (
                        active = false
                    )
                    {
                    }

                    over "Plant_02_B_009" (
                        active = false
                    )
                    {
                    }

                    over "Plant_02_B_010" (
                        active = false
                    )
                    {
                    }

                    over "Plant_02_B_011" (
                        active = false
                    )
                    {
                    }

                    over "Plant_02_B_012" (
                        active = false
                    )
                    {
                    }

                    over "Plant_02_B_013" (
                        active = false
                    )
                    {
                    }

                    over "Plant_02_B_014" (
                        active = false
                    )
                    {
                    }

                    over "Plant_02_B_015" (
                        active = false
                    )
                    {
                    }

                    over "Plant_02_B_016" (
                        active = false
                    )
                    {
                    }

                    over "Plant_02_B_017" (
                        active = false
                    )
                    {
                    }

                    over "Plant_02_B_018" (
                        active = false
                    )
                    {
                    }

                    over "Plant_02_B_019" (
                        active = false
                    )
                    {
                    }

                    over "Plant_02_B_020" (
                        active = false
                    )
                    {
                    }

                    over "Plant_02_B_021" (
                        active = false
                    )
                    {
                    }

                    over "Plant_02_B_022" (
                        active = false
                    )
                    {
                    }

                    over "Plant_02_B_023" (
                        active = false
                    )
                    {
                    }

                    over "Plant_02_B_024" (
                        active = false
                    )
                    {
                    }

                    over "Plant_02_B_025" (
                        active = false
                    )
                    {
                    }

                    over "Plant_02_B_026" (
                        active = false
                    )
                    {
                    }

                    over "Plant_02_B_027" (
                        active = false
                    )
                    {
                    }

                    over "Plant_02_B_028" (
                        active = false
                    )
                    {
                    }

                    over "Plant_02_B_029" (
                        active = false
                    )
                    {
                    }

                    over "Plant_02_B_030" (
                        active = false
                    )
                    {
                    }

                    over "Plant_02_B_031" (
                        active = false
                    )
                    {
                    }

                    over "Plant_02_B_032" (
                        active = false
                    )
                    {
                    }

                    over "Plant_02_B_033" (
                        active = false
                    )
                    {
                    }

                    over "Plant_02_B_034" (
                        active = false
                    )
                    {
                    }

                    def PointInstancer "PlantInstances"
                    {
                        int64[] ids = [2000, 2001, 2002, 2003, 2004, 2005, 2006, 2007, 2008, 2009, 2010, 2011, 2012, 2013, 2014, 2015, 2016, 2017, 2018, 2019, 2020, 2021, 2022, 2023, 2024, 2025, 2026, 2027, 2028, 2029, 2030, 2031, 2032, 2033, 2034, 2035, 2036, 2037, 2038, 2039, 2040, 2041, 2042, 2043, 2044, 2045, 2046, 2047, 2048, 2049, 2050, 2051, 2052, 2053, 2054, 2055, 2056, 2057, 2058, 2059, 2060, 2061, 2062, 2063, 2064, 2065, 2066, 2067, 2068, 2069, 2070]
                        point3f[] positions = [(-0.20000005, 0.39, -7), (-0.20000005, 0.39, -6.6), (-0.20000005, 0.39, -6.2), (-0.20000005, 0.39, -5.8), (-0.20000005, 0.39, -5.4), (-0.20000005, 0.39, -5), (-0.20000005, 0.39, -4.6), (-0.20000005, 0.39, -4.2), (-0.20000005, 0.39, -3.8), (-0.20000005, 0.39, -3.4), (-0.20000005, 0.39, -3), (-0.20000005, 0.39, -2.6), (-0.20000005, 0.39, -2.2), (-0.20000005, 0.39, -1.8), (-0.20000005, 0.39, -1.4), (-0.20000005, 0.39, -1), (-0.20000005, 0.39, -0.6), (-0.20000005, 0.39, -0.2), (-0.20000005, 0.39, 0.2), (-0.20000005, 0.39, 0.6), (-0.20000005, 0.39, 1), (-0.20000005, 0.39, 1.4), (-0.20000005, 0.39, 1.8), (-0.20000005, 0.39, 2.2), (-0.20000005, 0.39, 2.6), (-0.20000005, 0.39, 3), (-0.20000005, 0.39, 3.4), (-0.20000005, 0.39, 3.8), (-0.20000005, 0.39, 4.2), (-0.20000005, 0.39, 4.6), (-0.20000005, 0.39, 5), (-0.20000005, 0.39, 5.4), (-0.20000005, 0.39, 5.8), (-0.20000005, 0.39, 6.2), (-0.20000005, 0.39, 6.6), (-0.20000005, 0.39, 7), (0.20000005, 0.39, -6.8), (0.20000005, 0.39, -6.4), (0.20000005, 0.39, -6), (0.20000005, 0.39, -5.6), (0.20000005, 0.39, -5.2), (0.20000005, 0.39, -4.8), (0.20000005, 0.39, -4.4), (0.20000005, 0.39, -4), (0.20000005, 0.39, -3.6), (0.20000005, 0.39, -3.2), (0.20000005, 0.39, -2.8), (0.20000005, 0.39, -2.4), (0.20000005, 0.39, -2), (0.20000005, 0.39, -1.6), (0.20000005, 0.39, -1.2), (0.20000005, 0.39, -0.8), (0.20000005, 0.39, -0.4), (0.20000005, 0.39, 0), (0.20000005, 0.39, 0.4), (0.20000005, 0.39, 0.8), (0.20000005, 0.39, 1.2), (0.20000005, 0.39, 1.6), (0.20000005, 0.39, 2), (0.20000005, 0.39, 2.4), (0.20000005, 0.39, 2.8), (0.20000005, 0.39, 3.2), (0.20000005, 0.39, 3.6), (0.20000005, 0.39, 4), (0.20000005, 0.39, 4.4), (0.20000005, 0.39, 4.8), (0.20000005, 0.39, 5.2), (0.20000005, 0.39, 5.6), (0.20000005, 0.39, 6), (0.20000005, 0.39, 6.4), (0.20000005, 0.39, 6.8)]
                        int[] protoIndices = [0, 0, 0, 0, 0, 0, 0, 0, 0, 0, 0, 0, 0, 0, 0, 0, 0, 0, 0, 0, 0, 0, 0, 0, 0, 0, 0, 0, 0, 0, 0, 0, 0, 0, 0, 0, 0, 0, 0, 0, 0, 0, 0, 0, 0, 0, 0, 0, 0, 0, 0, 0, 0, 0, 0, 0, 0, 0, 0, 0, 0, 0, 0, 0, 0, 0, 0, 0, 0, 0, 0]
                        quatf[] orientations = [(1, 0, 0, 0), (0.92387953, 0, 0.38268343, 0), (0.92387953, 0, -0.38268343, 0), (0.92387953, 0, 0.38268343, 0), (1, 0, 0, 0), (0.92387953, 0, 0.38268343, 0), (1, 0, 0, 0), (0.92387953, 0, 0.38268343, 0), (1, 0, 0, 0), (1, 0, 0, 0), (0.98480775, 0, -0.17364818, 0), (1, 0, 0, 0), (1, 0, 0, 0), (1, 0, 0, 0), (1, 0, 0, 0), (1, 0, 0, 0), (0.92387953, 0, 0.38268343, 0), (1, 0, 0, 0), (0.98480775, 0, -0.17364818, 0), (0.92387953, 0, 0.38268343, 0), (1, 0, 0, 0), (1, 0, 0, 0), (1, 0, 0, 0), (0.92387953, 0, -0.38268343, 0), (0.98480775, 0, -0.17364818, 0), (1, 0, 0, 0), (0.92387953, 0, -0.38268343, 0), (1, 0, 0, 0), (1, 0, 0, 0), (1, 0, 0, 0), (1, 0, 0, 0), (1, 0, 0, 0), (0.98480775, 0, 0.17364818, 0), (1, 0, 0, 0), (1, 0, 0, 0), (1, 0, 0, 0), (1, 0, 0, 0), (0.98480775, 0, 0.17364818, 0), (1, 0, 0, 0), (0.98480775, 0, -0.17364818, 0), (1, 0, 0, 0), (0.98480775, 0, -0.17364818, 0), (0.98480775, 0, -0.17364818, 0), (1, 0, 0, 0), (1, 0, 0, 0), (0.92387953, 0, 0.38268343, 0), (0.92387953, 0, 0.38268343, 0), (0.92387953, 0, -0.38268343, 0), (1, 0, 0, 0), (0.98480775, 0, 0.17364818, 0), (1, 0, 0, 0), (1, 0, 0, 0), (0.92387953, 0, 0.38268343, 0), (0.98480775, 0, -0.17364818, 0), (0.98480775, 0, -0.17364818, 0), (1, 0, 0, 0), (1, 0, 0, 0), (1, 0, 0, 0), (0.98480775, 0, 0.17364818, 0), (1, 0, 0, 0), (0.98480775, 0, -0.17364818, 0), (1, 0, 0, 0), (1, 0, 0, 0), (0.92387953, 0, -0.38268343, 0), (0.98480775, 0, 0.17364818, 0), (1, 0, 0, 0), (1, 0, 0, 0), (1, 0, 0, 0), (1, 0, 0, 0), (1, 0, 0, 0), (1, 0, 0, 0)]
                        quatf[] orientations = [(1, 0, 0, 0), (0.92387953, 0, 0.38268343, 0), (0.92387953, 0, -0.38268343, 0), (0.92387953, 0, 0.38268343, 0), (1, 0, 0, 0), (0.92387953, 0, 0.38268343, 0), (1, 0, 0, 0), (0.92387953, 0, 0.38268343, 0), (1, 0, 0, 0), (1, 0, 0, 0), (0.98480775, 0, -0.17364818, 0), (1, 0, 0, 0), (1, 0, 0, 0), (1, 0, 0, 0), (1, 0, 0, 0), (1, 0, 0, 0), (0.92387953, 0, 0.38268343, 0), (1, 0, 0, 0), (0.98480775, 0, -0.17364818, 0), (0.92387953, 0, 0.38268343, 0), (1, 0, 0, 0), (1, 0, 0, 0), (1, 0, 0, 0), (0.92387953, 0, -0.38268343, 0), (0.98480775, 0, -0.17364818, 0), (1, 0, 0, 0), (0.92387953, 0, -0.38268343, 0), (1, 0, 0, 0), (1, 0, 0, 0), (1, 0, 0, 0), (1, 0, 0, 0), (1, 0, 0, 0), (0.98480775, 0, 0.17364818, 0), (1, 0, 0, 0), (1, 0, 0, 0), (1, 0, 0, 0), (1, 0, 0, 0), (0.98480775, 0, 0.17364818, 0), (1, 0, 0, 0), (0.98480775, 0, -0.17364818, 0), (1, 0, 0, 0), (0.98480775, 0, -0.17364818, 0), (0.98480775, 0, -0.17364818, 0), (1, 0, 0, 0), (1, 0, 0, 0), (0.92387953, 0, 0.38268343, 0), (0.92387953, 0, 0.38268343, 0), (0.92387953, 0, -0.38268343, 0), (1, 0, 0, 0), (0.98480775, 0, 0.17364818, 0), (1, 0, 0, 0), (1, 0, 0, 0), (0.92387953, 0, 0.38268343, 0), (0.98480775, 0, -0.17364818, 0), (0.98480775, 0, -0.17364818, 0), (1, 0, 0, 0), (1, 0, 0, 0), (1, 0, 0, 0), (0.98480775, 0, 0.17364818, 0), (1, 0, 0, 0), (0.98480775, 0, -0.17364818, 0), (1, 0, 0, 0), (1, 0, 0, 0), (0.92387953, 0, -0.38268343, 0), (0.98480775, 0, 0.17364818, 0), (1, 0, 0, 0), (1, 0, 0, 0), (1, 0, 0, 0), (1, 0, 0, 0), (1, 0, 0, 0), (1, 0, 0, 0)]
                        rel prototypes = </World/Environment/Greenhouse/Plants/Bed_02/PlantInstances/Prototypes/PlantSprout>

                        def "Prototypes"
                        {
                            def Mesh "PlantSprout" (
                                prepend apiSchemas = ["MaterialBindingAPI"]
                                prepend references = @../assets/plant_sprout/plant_sprout_abstract.usda@</Mesh>
                            )
                            {
                                rel material:binding = </World/Looks/PlantSproutMat>
                            }
                        }
                    }
                }

                def "Bed_03"
                {
                    over "Plant_03_A_000" (
                        active = false
                    )
                    {
                    }

                    over "Plant_03_A_001" (
                        active = false
                    )
                    {
                    }

                    over "Plant_03_A_002" (
                        active = false
                    )
                    {
                    }

                    over "Plant_03_A_003" (
                        active = false
                    )
                    {
                    }

                    over "Plant_03_A_004" (
                        active = false
                    )
                    {
                    }

                    over "Plant_03_A_005" (
                        active = false
                    )
                    {
                    }

                    over "Plant_03_A_006" (
                        active = false
                    )
                    {
                    }

                    over "Plant_03_A_007" (
                        active = false
                    )
                    {
                    }

                    over "Plant_03_A_008" (
                        active = false
                    )
                    {
                    }

                    over "Plant_03_A_009" (
                        active = false
                    )
                    {
                    }

                    over "Plant_03_A_010" (
                        active = false
                    )
                    {
                    }

                    over "Plant_03_A_011" (
                        active = false
                    )
                    {
                    }

                    over "Plant_03_A_012" (
                        active = false
                    )
                    {
                    }

                    over "Plant_03_A_013" (
                        active = false
                    )
                    {
                    }

                    over "Plant_03_A_014" (
                        active = false
                    )
                    {
                    }

                    over "Plant_03_A_015" (
                        active = false
                    )
                    {
                    }

                    over "Plant_03_A_016" (
                        active = false
                    )
                    {
                    }

                    over "Plant_03_A_017" (
                        active = false
                    )
                    {
                    }

                    over "Plant_03_A_018" (
                        active = false
                    )
                    {
                    }

                    over "Plant_03_A_019" (
                        active = false
                    )
                    {
                    }

                    over "Plant_03_A_020" (
                        active = false
                    )
                    {
                    }

                    over "Plant_03_A_021" (
                        active = false
                    )
                    {
                    }

                    over "Plant_03_A_022" (
                        active = false
                    )
                    {
                    }

                    over "Plant_03_A_023" (
                        active = false
                    )
                    {
                    }

                    over "Plant_03_A_024" (
                        active = false
                    )
                    {
                    }

                    over "Plant_03_A_025" (
                        active = false
                    )
                    {
                    }

                    over "Plant_03_A_026" (
                        active = false
                    )
                    {
                    }

                    over "Plant_03_A_027" (
                        active = false
                    )
                    {
                    }

                    over "Plant_03_A_028" (
                        active = false
                    )
                    {
                    }

                    over "Plant_03_A_029" (
                        active = false
                    )
                    {
                    }

                    over "Plant_03_A_030" (
                        active = false
                    )
                    {
                    }

                    over "Plant_03_A_031" (
                        active = false
                    )
                    {
                    }

                    over "Plant_03_A_032" (
                        active = false
                    )
                    {
                    }

                    over "Plant_03_A_033" (
                        active = false
                    )
                    {
                    }

                    over "Plant_03_A_034" (
                        active = false
                    )
                    {
                    }

                    over "Plant_03_A_035" (
                        active = false
                    )
                    {
                    }

                    over "Plant_03_B_000" (
                        active = false
                    )
                    {
                    }

                    over "Plant_03_B_001" (
                        active = false
                    )
                    {
                    }

                    over "Plant_03_B_002" (
                        active = false
                    )
                    {
                    }

                    over "Plant_03_B_003" (
                        active = false
                    )
                    {
                    }

                    over "Plant_03_B_004" (
                        active = false
                    )
                    {
                    }

                    over "Plant_03_B_005" (
                        active = false
                    )
                    {
                    }

                    over "Plant_03_B_006" (
                        active = false
                    )
                    {
                    }

                    over "Plant_03_B_007" (
                        active = false
                    )
                    {
                    }

                    over "Plant_03_B_008" (
                        active = false
                    )
                    {
                    }

                    over "Plant_03_B_009" (
                        active = false
                    )
                    {
                    }

                    over "Plant_03_B_010" (
                        active = false
                    )
                    {
                    }

                    over "Plant_03_B_011" (
                        active = false
                    )
                    {
                    }

                    over "Plant_03_B_012" (
                        active = false
                    )
                    {
                    }

                    over "Plant_03_B_013" (
                        active = false
                    )
                    {
                    }

                    over "Plant_03_B_014" (
                        active = false
                    )
                    {
                    }

                    over "Plant_03_B_015" (
                        active = false
                    )
                    {
                    }

                    over "Plant_03_B_016" (
                        active = false
                    )
                    {
                    }

                    over "Plant_03_B_017" (
                        active = false
                    )
                    {
                    }

                    over "Plant_03_B_018" (
                        active = false
                    )
                    {
                    }

                    over "Plant_03_B_019" (
                        active = false
                    )
                    {
                    }

                    over "Plant_03_B_020" (
                        active = false
                    )
                    {
                    }

                    over "Plant_03_B_021" (
                        active = false
                    )
                    {
                    }

                    over "Plant_03_B_022" (
                        active = false
                    )
                    {
                    }

                    over "Plant_03_B_023" (
                        active = false
                    )
                    {
                    }

                    over "Plant_03_B_024" (
                        active = false
                    )
                    {
                    }

                    over "Plant_03_B_025" (
                        active = false
                    )
                    {
                    }

                    over "Plant_03_B_026" (
                        active = false
                    )
                    {
                    }

                    over "Plant_03_B_027" (
                        active = false
                    )
                    {
                    }

                    over "Plant_03_B_028" (
                        active = false
                    )
                    {
                    }

                    over "Plant_03_B_029" (
                        active = false
                    )
                    {
                    }

                    over "Plant_03_B_030" (
                        active = false
                    )
                    {
                    }

                    over "Plant_03_B_031" (
                        active = false
                    )
                    {
                    }

                    over "Plant_03_B_032" (
                        active = false
                    )
                    {
                    }

                    over "Plant_03_B_033" (
                        active = false
                    )
                    {
                    }

                    over "Plant_03_B_034" (
                        active = false
                    )
                    {
                    }

                    def PointInstancer "PlantInstances"
                    {
                        int64[] ids = [3000, 3001, 3002, 3003, 3004, 3005, 3006, 3007, 3008, 3009, 3010, 3011, 3012, 3013, 3014, 3015, 3016, 3017, 3018, 3019, 3020, 3021, 3022, 3023, 3024, 3025, 3026, 3027, 3028, 3029, 3030, 3031, 3032, 3033, 3034, 3035, 3036, 3037, 3038, 3039, 3040, 3041, 3042, 3043, 3044, 3045, 3046, 3047, 3048, 3049, 3050, 3051, 3052, 3053, 3054, 3055, 3056, 3057, 3058, 3059, 3060, 3061, 3062, 3063, 3064, 3065, 3066, 3067, 3068, 3069, 3070]
                        point3f[] positions = [(-0.20000005, 0.39, -7), (-0.20000005, 0.39, -6.6), (-0.20000005, 0.39, -6.2), (-0.20000005, 0.39, -5.8), (-0.20000005, 0.39, -5.4), (-0.20000005, 0.39, -5), (-0.20000005, 0.39, -4.6), (-0.20000005, 0.39, -4.2), (-0.20000005, 0.39, -3.8), (-0.20000005, 0.39, -3.4), (-0.20000005, 0.39, -3), (-0.20000005, 0.39, -2.6), (-0.20000005, 0.39, -2.2), (-0.20000005, 0.39, -1.8), (-0.20000005, 0.39, -1.4), (-0.20000005, 0.39, -1), (-0.20000005, 0.39, -0.6), (-0.20000005, 0.39, -0.2), (-0.20000005, 0.39, 0.2), (-0.20000005, 0.39, 0.6), (-0.20000005, 0.39, 1), (-0.20000005, 0.39, 1.4), (-0.20000005, 0.39, 1.8), (-0.20000005, 0.39, 2.2), (-0.20000005, 0.39, 2.6), (-0.20000005, 0.39, 3), (-0.20000005, 0.39, 3.4), (-0.20000005, 0.39, 3.8), (-0.20000005, 0.39, 4.2), (-0.20000005, 0.39, 4.6), (-0.20000005, 0.39, 5), (-0.20000005, 0.39, 5.4), (-0.20000005, 0.39, 5.8), (-0.20000005, 0.39, 6.2), (-0.20000005, 0.39, 6.6), (-0.20000005, 0.39, 7), (0.20000005, 0.39, -6.8), (0.20000005, 0.39, -6.4), (0.20000005, 0.39, -6), (0.20000005, 0.39, -5.6), (0.20000005, 0.39, -5.2), (0.20000005, 0.39, -4.8), (0.20000005, 0.39, -4.4), (0.20000005, 0.39, -4), (0.20000005, 0.39, -3.6), (0.20000005, 0.39, -3.2), (0.20000005, 0.39, -2.8), (0.20000005, 0.39, -2.4), (0.20000005, 0.39, -2), (0.20000005, 0.39, -1.6), (0.20000005, 0.39, -1.2), (0.20000005, 0.39, -0.8), (0.20000005, 0.39, -0.4), (0.20000005, 0.39, 0), (0.20000005, 0.39, 0.4), (0.20000005, 0.39, 0.8), (0.20000005, 0.39, 1.2), (0.20000005, 0.39, 1.6), (0.20000005, 0.39, 2), (0.20000005, 0.39, 2.4), (0.20000005, 0.39, 2.8), (0.20000005, 0.39, 3.2), (0.20000005, 0.39, 3.6), (0.20000005, 0.39, 4), (0.20000005, 0.39, 4.4), (0.20000005, 0.39, 4.8), (0.20000005, 0.39, 5.2), (0.20000005, 0.39, 5.6), (0.20000005, 0.39, 6), (0.20000005, 0.39, 6.4), (0.20000005, 0.39, 6.8)]
                        int[] protoIndices = [0, 0, 0, 0, 0, 0, 0, 0, 0, 0, 0, 0, 0, 0, 0, 0, 0, 0, 0, 0, 0, 0, 0, 0, 0, 0, 0, 0, 0, 0, 0, 0, 0, 0, 0, 0, 0, 0, 0, 0, 0, 0, 0, 0, 0, 0, 0, 0, 0, 0, 0, 0, 0, 0, 0, 0, 0, 0, 0, 0, 0, 0, 0, 0, 0, 0, 0, 0, 0, 0, 0]
                        quatf[] orientations = [(0.92387953, 0, 0.38268343, 0), (0.98480775, 0, -0.17364818, 0), (1, 0, 0, 0), (1, 0, 0, 0), (1, 0, 0, 0), (1, 0, 0, 0), (1, 0, 0, 0), (1, 0, 0, 0), (1, 0, 0, 0), (1, 0, 0, 0), (1, 0, 0, 0), (0.92387953, 0, -0.38268343, 0), (1, 0, 0, 0), (1, 0, 0, 0), (1, 0, 0, 0), (0.92387953, 0, 0.38268343, 0), (1, 0, 0, 0), (1, 0, 0, 0), (1, 0, 0, 0), (0.98480775, 0, 0.17364818, 0), (1, 0, 0, 0), (1, 0, 0, 0), (1, 0, 0, 0), (0.98480775, 0, 0.17364818, 0), (0.98480775, 0, -0.17364818, 0), (1, 0, 0, 0), (1, 0, 0, 0), (1, 0, 0, 0), (0.92387953, 0, 0.38268343, 0), (0.98480775, 0, -0.17364818, 0), (1, 0, 0, 0), (1, 0, 0, 0), (0.92387953, 0, -0.38268343, 0), (0.92387953, 0, -0.38268343, 0), (0.98480775, 0, 0.17364818, 0), (1, 0, 0, 0), (1, 0, 0, 0), (1, 0, 0, 0), (0.92387953, 0, 0.38268343, 0), (1, 0, 0, 0), (0.98480775, 0, 0.17364818, 0), (1, 0, 0, 0), (1, 0, 0, 0), (1, 0, 0, 0), (0.92387953, 0, 0.38268343, 0), (1, 0, 0, 0), (0.92387953, 0, 0.38268343, 0), (1, 0, 0, 0), (0.92387953, 0, -0.38268343, 0), (1, 0, 0, 0), (1, 0, 0, 0), (1, 0, 0, 0), (1, 0, 0, 0), (0.98480775, 0, -0.17364818, 0), (0.92387953, 0, 0.38268343, 0), (1, 0, 0, 0), (0.98480775, 0, 0.17364818, 0), (0.98480775, 0, -0.17364818, 0), (0.98480775, 0, -0.17364818, 0), (0.98480775, 0, -0.17364818, 0), (1, 0, 0, 0), (1, 0, 0, 0), (0.92387953, 0, 0.38268343, 0), (0.92387953, 0, 0.38268343, 0), (1, 0, 0, 0), (1, 0, 0, 0), (1, 0, 0, 0), (0.98480775, 0, 0.17364818, 0), (0.92387953, 0, -0.38268343, 0), (1, 0, 0, 0), (0.98480775, 0, 0.17364818, 0)]
                        quatf[] orientations = [(0.92387953, 0, 0.38268343, 0), (0.98480775, 0, -0.17364818, 0), (1, 0, 0, 0), (1, 0, 0, 0), (1, 0, 0, 0), (1, 0, 0, 0), (1, 0, 0, 0), (1, 0, 0, 0), (1, 0, 0, 0), (1, 0, 0, 0), (1, 0, 0, 0), (0.92387953, 0, -0.38268343, 0), (1, 0, 0, 0), (1, 0, 0, 0), (1, 0, 0, 0), (0.92387953, 0, 0.38268343, 0), (1, 0, 0, 0), (1, 0, 0, 0), (1, 0, 0, 0), (0.98480775, 0, 0.17364818, 0), (1, 0, 0, 0), (1, 0, 0, 0), (1, 0, 0, 0), (0.98480775, 0, 0.17364818, 0), (0.98480775, 0, -0.17364818, 0), (1, 0, 0, 0), (1, 0, 0, 0), (1, 0, 0, 0), (0.92387953, 0, 0.38268343, 0), (0.98480775, 0, -0.17364818, 0), (1, 0, 0, 0), (1, 0, 0, 0), (0.92387953, 0, -0.38268343, 0), (0.92387953, 0, -0.38268343, 0), (0.98480775, 0, 0.17364818, 0), (1, 0, 0, 0), (1, 0, 0, 0), (1, 0, 0, 0), (0.92387953, 0, 0.38268343, 0), (1, 0, 0, 0), (0.98480775, 0, 0.17364818, 0), (1, 0, 0, 0), (1, 0, 0, 0), (1, 0, 0, 0), (0.92387953, 0, 0.38268343, 0), (1, 0, 0, 0), (0.92387953, 0, 0.38268343, 0), (1, 0, 0, 0), (0.92387953, 0, -0.38268343, 0), (1, 0, 0, 0), (1, 0, 0, 0), (1, 0, 0, 0), (1, 0, 0, 0), (0.98480775, 0, -0.17364818, 0), (0.92387953, 0, 0.38268343, 0), (1, 0, 0, 0), (0.98480775, 0, 0.17364818, 0), (0.98480775, 0, -0.17364818, 0), (0.98480775, 0, -0.17364818, 0), (0.98480775, 0, -0.17364818, 0), (1, 0, 0, 0), (1, 0, 0, 0), (0.92387953, 0, 0.38268343, 0), (0.92387953, 0, 0.38268343, 0), (1, 0, 0, 0), (1, 0, 0, 0), (1, 0, 0, 0), (0.98480775, 0, 0.17364818, 0), (0.92387953, 0, -0.38268343, 0), (1, 0, 0, 0), (0.98480775, 0, 0.17364818, 0)]
                        rel prototypes = </World/Environment/Greenhouse/Plants/Bed_03/PlantInstances/Prototypes/PlantSprout>

                        def "Prototypes"
                        {
                            def Mesh "PlantSprout" (
                                prepend apiSchemas = ["MaterialBindingAPI"]
                                prepend references = @../assets/plant_sprout/plant_sprout_abstract.usda@</Mesh>
                            )
                            {
                                rel material:binding = </World/Looks/PlantSproutMat>
                            }
                        }
                    }
                }

                def "Bed_04"
                {
                    over "Plant_04_A_000" (
                        active = false
                    )
                    {
                    }

                    over "Plant_04_A_001" (
                        active = false
                    )
                    {
                    }

                    over "Plant_04_A_002" (
                        active = false
                    )
                    {
                    }

                    over "Plant_04_A_003" (
                        active = false
                    )
                    {
                    }

                    over "Plant_04_A_004" (
                        active = false
                    )
                    {
                    }

                    over "Plant_04_A_005" (
                        active = false
                    )
                    {
                    }

                    over "Plant_04_A_006" (
                        active = false
                    )
                    {
                    }

                    over "Plant_04_A_007" (
                        active = false
                    )
                    {
                    }

                    over "Plant_04_A_008" (
                        active = false
                    )
                    {
                    }

                    over "Plant_04_A_009" (
                        active = false
                    )
                    {
                    }

                    over "Plant_04_A_010" (
                        active = false
                    )
                    {
                    }

                    over "Plant_04_A_011" (
                        active = false
                    )
                    {
                    }

                    over "Plant_04_A_012" (
                        active = false
                    )
                    {
                    }

                    over "Plant_04_A_013" (
                        active = false
                    )
                    {
                    }

                    over "Plant_04_A_014" (
                        active = false
                    )
                    {
                    }

                    over "Plant_04_A_015" (
                        active = false
                    )
                    {
                    }

                    over "Plant_04_A_016" (
                        active = false
                    )
                    {
                    }

                    over "Plant_04_A_017" (
                        active = false
                    )
                    {
                    }

                    over "Plant_04_A_018" (
                        active = false
                    )
                    {
                    }

                    over "Plant_04_A_019" (
                        active = false
                    )
                    {
                    }

                    over "Plant_04_A_020" (
                        active = false
                    )
                    {
                    }

                    over "Plant_04_A_021" (
                        active = false
                    )
                    {
                    }

                    over "Plant_04_A_022" (
                        active = false
                    )
                    {
                    }

                    over "Plant_04_A_023" (
                        active = false
                    )
                    {
                    }

                    over "Plant_04_A_024" (
                        active = false
                    )
                    {
                    }

                    over "Plant_04_A_025" (
                        active = false
                    )
                    {
                    }

                    over "Plant_04_A_026" (
                        active = false
                    )
                    {
                    }

                    over "Plant_04_A_027" (
                        active = false
                    )
                    {
                    }

                    over "Plant_04_A_028" (
                        active = false
                    )
                    {
                    }

                    over "Plant_04_A_029" (
                        active = false
                    )
                    {
                    }

                    over "Plant_04_A_030" (
                        active = false
                    )
                    {
                    }

                    over "Plant_04_A_031" (
                        active = false
                    )
                    {
                    }

                    over "Plant_04_A_032" (
                        active = false
                    )
                    {
                    }

                    over "Plant_04_A_033" (
                        active = false
                    )
                    {
                    }

                    over "Plant_04_A_034" (
                        active = false
                    )
                    {
                    }

                    over "Plant_04_A_035" (
                        active = false
                    )
                    {
                    }

                    over "Plant_04_B_000" (
                        active = false
                    )
                    {
                    }

                    over "Plant_04_B_001" (
                        active = false
                    )
                    {
                    }

                    over "Plant_04_B_002" (
                        active = false
                    )
                    {
                    }

                    over "Plant_04_B_003" (
                        active = false
                    )
                    {
                    }

                    over "Plant_04_B_004" (
                        active = false
                    )
                    {
                    }

                    over "Plant_04_B_005" (
                        active = false
                    )
                    {
                    }

                    over "Plant_04_B_006" (
                        active = false
                    )
                    {
                    }

                    over "Plant_04_B_007" (
                        active = false
                    )
                    {
                    }

                    over "Plant_04_B_008" (
                        active = false
                    )
                    {
                    }

                    over "Plant_04_B_009" (
                        active = false
                    )
                    {
                    }

                    over "Plant_04_B_010" (
                        active = false
                    )
                    {
                    }

                    over "Plant_04_B_011" (
                        active = false
                    )
                    {
                    }

                    over "Plant_04_B_012" (
                        active = false
                    )
                    {
                    }

                    over "Plant_04_B_013" (
                        active = false
                    )
                    {
                    }

                    over "Plant_04_B_014" (
                        active = false
                    )
                    {
                    }

                    over "Plant_04_B_015" (
                        active = false
                    )
                    {
                    }

                    over "Plant_04_B_016" (
                        active = false
                    )
                    {
                    }

                    over "Plant_04_B_017" (
                        active = false
                    )
                    {
                    }

                    over "Plant_04_B_018" (
                        active = false
                    )
                    {
                    }

                    over "Plant_04_B_019" (
                        active = false
                    )
                    {
                    }

                    over "Plant_04_B_020" (
                        active = false
                    )
                    {
                    }

                    over "Plant_04_B_021" (
                        active = false
                    )
                    {
                    }

                    over "Plant_04_B_022" (
                        active = false
                    )
                    {
                    }

                    over "Plant_04_B_023" (
                        active = false
                    )
                    {
                    }

                    over "Plant_04_B_024" (
                        active = false
                    )
                    {
                    }

                    over "Plant_04_B_025" (
                        active = false
                    )
                    {
                    }

                    over "Plant_04_B_026" (
                        active = false
                    )
                    {
                    }

                    over "Plant_04_B_027" (
                        active = false
                    )
                    {
                    }

                    over "Plant_04_B_028" (
                        active = false
                    )
                    {
                    }

                    over "Plant_04_B_029" (
                        active = false
                    )
                    {
                    }

                    over "Plant_04_B_030" (
                        active = false
                    )
                    {
                    }

                    over "Plant_04_B_031" (
                        active = false
                    )
                    {
                    }

                    over "Plant_04_B_032" (
                        active = false
                    )
                    {
                    }

                    over "Plant_04_B_033" (
                        active = false
                    )
                    {
                    }

                    over "Plant_04_B_034" (
                        active = false
                    )
                    {
                    }

                    def PointInstancer "PlantInstances"
                    {
                        int64[] ids = [4000, 4001, 4002, 4003, 4004, 4005, 4006, 4007, 4008, 4009, 4010, 4011, 4012, 4013, 4014, 4015, 4016, 4017, 4018, 4019, 4020, 4021, 4022, 4023, 4024, 4025, 4026, 4027, 4028, 4029, 4030, 4031, 4032, 4033, 4034, 4035, 4036, 4037, 4038, 4039, 4040, 4041, 4042, 4043, 4044, 4045, 4046, 4047, 4048, 4049, 4050, 4051, 4052, 4053, 4054, 4055, 4056, 4057, 4058, 4059, 4060, 4061, 4062, 4063, 4064, 4065, 4066, 4067, 4068, 4069, 4070]
                        point3f[] positions = [(-0.2, 0.39, -7), (-0.2, 0.39, -6.6), (-0.2, 0.39, -6.2), (-0.2, 0.39, -5.8), (-0.2, 0.39, -5.4), (-0.2, 0.39, -5), (-0.2, 0.39, -4.6), (-0.2, 0.39, -4.2), (-0.2, 0.39, -3.8), (-0.2, 0.39, -3.4), (-0.2, 0.39, -3), (-0.2, 0.39, -2.6), (-0.2, 0.39, -2.2), (-0.2, 0.39, -1.8), (-0.2, 0.39, -1.4), (-0.2, 0.39, -1), (-0.2, 0.39, -0.6), (-0.2, 0.39, -0.2), (-0.2, 0.39, 0.2), (-0.2, 0.39, 0.6), (-0.2, 0.39, 1), (-0.2, 0.39, 1.4), (-0.2, 0.39, 1.8), (-0.2, 0.39, 2.2), (-0.2, 0.39, 2.6), (-0.2, 0.39, 3), (-0.2, 0.39, 3.4), (-0.2, 0.39, 3.8), (-0.2, 0.39, 4.2), (-0.2, 0.39, 4.6), (-0.2, 0.39, 5), (-0.2, 0.39, 5.4), (-0.2, 0.39, 5.8), (-0.2, 0.39, 6.2), (-0.2, 0.39, 6.6), (-0.2, 0.39, 7), (0.2, 0.39, -6.8), (0.2, 0.39, -6.4), (0.2, 0.39, -6), (0.2, 0.39, -5.6), (0.2, 0.39, -5.2), (0.2, 0.39, -4.8), (0.2, 0.39, -4.4), (0.2, 0.39, -4), (0.2, 0.39, -3.6), (0.2, 0.39, -3.2), (0.2, 0.39, -2.8), (0.2, 0.39, -2.4), (0.2, 0.39, -2), (0.2, 0.39, -1.6), (0.2, 0.39, -1.2), (0.2, 0.39, -0.8), (0.2, 0.39, -0.4), (0.2, 0.39, 0), (0.2, 0.39, 0.4), (0.2, 0.39, 0.8), (0.2, 0.39, 1.2), (0.2, 0.39, 1.6), (0.2, 0.39, 2), (0.2, 0.39, 2.4), (0.2, 0.39, 2.8), (0.2, 0.39, 3.2), (0.2, 0.39, 3.6), (0.2, 0.39, 4), (0.2, 0.39, 4.4), (0.2, 0.39, 4.8), (0.2, 0.39, 5.2), (0.2, 0.39, 5.6), (0.2, 0.39, 6), (0.2, 0.39, 6.4), (0.2, 0.39, 6.8)]
                        int[] protoIndices = [0, 0, 0, 0, 0, 0, 0, 0, 0, 0, 0, 0, 0, 0, 0, 0, 0, 0, 0, 0, 0, 0, 0, 0, 0, 0, 0, 0, 0, 0, 0, 0, 0, 0, 0, 0, 0, 0, 0, 0, 0, 0, 0, 0, 0, 0, 0, 0, 0, 0, 0, 0, 0, 0, 0, 0, 0, 0, 0, 0, 0, 0, 0, 0, 0, 0, 0, 0, 0, 0, 0]
                        quatf[] orientations = [(0.98480775, 0, -0.17364818, 0), (0.92387953, 0, -0.38268343, 0), (1, 0, 0, 0), (0.98480775, 0, 0.17364818, 0), (1, 0, 0, 0), (1, 0, 0, 0), (0.92387953, 0, -0.38268343, 0), (1, 0, 0, 0), (0.98480775, 0, 0.17364818, 0), (0.92387953, 0, -0.38268343, 0), (0.98480775, 0, 0.17364818, 0), (0.92387953, 0, -0.38268343, 0), (1, 0, 0, 0), (1, 0, 0, 0), (1, 0, 0, 0), (0.92387953, 0, 0.38268343, 0), (0.92387953, 0, -0.38268343, 0), (1, 0, 0, 0), (1, 0, 0, 0), (1, 0, 0, 0), (0.98480775, 0, -0.17364818, 0), (1, 0, 0, 0), (1, 0, 0, 0), (0.92387953, 0, -0.38268343, 0), (1, 0, 0, 0), (1, 0, 0, 0), (1, 0, 0, 0), (1, 0, 0, 0), (1, 0, 0, 0), (1, 0, 0, 0), (0.92387953, 0, 0.38268343, 0), (1, 0, 0, 0), (1, 0, 0, 0), (0.92387953, 0, 0.38268343, 0), (1, 0, 0, 0), (1, 0, 0, 0), (0.98480775, 0, -0.17364818, 0), (1, 0, 0, 0), (1, 0, 0, 0), (0.92387953, 0, -0.38268343, 0), (1, 0, 0, 0), (1, 0, 0, 0), (0.98480775, 0, -0.17364818, 0), (1, 0, 0, 0), (0.98480775, 0, 0.17364818, 0), (1, 0, 0, 0), (1, 0, 0, 0), (1, 0, 0, 0), (0.98480775, 0, -0.17364818, 0), (0.98480775, 0, -0.17364818, 0), (1, 0, 0, 0), (1, 0, 0, 0), (1, 0, 0, 0), (1, 0, 0, 0), (1, 0, 0, 0), (1, 0, 0, 0), (0.92387953, 0, -0.38268343, 0), (1, 0, 0, 0), (1, 0, 0, 0), (0.92387953, 0, -0.38268343, 0), (0.98480775, 0, -0.17364818, 0), (1, 0, 0, 0), (1, 0, 0, 0), (1, 0, 0, 0), (0.92387953, 0, 0.38268343, 0), (0.98480775, 0, 0.17364818, 0), (0.98480775, 0, 0.17364818, 0), (1, 0, 0, 0), (1, 0, 0, 0), (0.92387953, 0, -0.38268343, 0), (0.98480775, 0, 0.17364818, 0)]
                        quatf[] orientations = [(0.98480775, 0, -0.17364818, 0), (0.92387953, 0, -0.38268343, 0), (1, 0, 0, 0), (0.98480775, 0, 0.17364818, 0), (1, 0, 0, 0), (1, 0, 0, 0), (0.92387953, 0, -0.38268343, 0), (1, 0, 0, 0), (0.98480775, 0, 0.17364818, 0), (0.92387953, 0, -0.38268343, 0), (0.98480775, 0, 0.17364818, 0), (0.92387953, 0, -0.38268343, 0), (1, 0, 0, 0), (1, 0, 0, 0), (1, 0, 0, 0), (0.92387953, 0, 0.38268343, 0), (0.92387953, 0, -0.38268343, 0), (1, 0, 0, 0), (1, 0, 0, 0), (1, 0, 0, 0), (0.98480775, 0, -0.17364818, 0), (1, 0, 0, 0), (1, 0, 0, 0), (0.92387953, 0, -0.38268343, 0), (1, 0, 0, 0), (1, 0, 0, 0), (1, 0, 0, 0), (1, 0, 0, 0), (1, 0, 0, 0), (1, 0, 0, 0), (0.92387953, 0, 0.38268343, 0), (1, 0, 0, 0), (1, 0, 0, 0), (0.92387953, 0, 0.38268343, 0), (1, 0, 0, 0), (1, 0, 0, 0), (0.98480775, 0, -0.17364818, 0), (1, 0, 0, 0), (1, 0, 0, 0), (0.92387953, 0, -0.38268343, 0), (1, 0, 0, 0), (1, 0, 0, 0), (0.98480775, 0, -0.17364818, 0), (1, 0, 0, 0), (0.98480775, 0, 0.17364818, 0), (1, 0, 0, 0), (1, 0, 0, 0), (1, 0, 0, 0), (0.98480775, 0, -0.17364818, 0), (0.98480775, 0, -0.17364818, 0), (1, 0, 0, 0), (1, 0, 0, 0), (1, 0, 0, 0), (1, 0, 0, 0), (1, 0, 0, 0), (1, 0, 0, 0), (0.92387953, 0, -0.38268343, 0), (1, 0, 0, 0), (1, 0, 0, 0), (0.92387953, 0, -0.38268343, 0), (0.98480775, 0, -0.17364818, 0), (1, 0, 0, 0), (1, 0, 0, 0), (1, 0, 0, 0), (0.92387953, 0, 0.38268343, 0), (0.98480775, 0, 0.17364818, 0), (0.98480775, 0, 0.17364818, 0), (1, 0, 0, 0), (1, 0, 0, 0), (0.92387953, 0, -0.38268343, 0), (0.98480775, 0, 0.17364818, 0)]
                        rel prototypes = </World/Environment/Greenhouse/Plants/Bed_04/PlantInstances/Prototypes/PlantSprout>

                        def "Prototypes"
                        {
                            def Mesh "PlantSprout" (
                                prepend apiSchemas = ["MaterialBindingAPI"]
                                prepend references = @../assets/plant_sprout/plant_sprout_abstract.usda@</Mesh>
                            )
                            {
                                rel material:binding = </World/Looks/PlantSproutMat>
                            }
                        }
                    }
                }

                def "Bed_05"
                {
                    over "Plant_05_A_000" (
                        active = false
                    )
                    {
                    }

                    over "Plant_05_A_001" (
                        active = false
                    )
                    {
                    }

                    over "Plant_05_A_002" (
                        active = false
                    )
                    {
                    }

                    over "Plant_05_A_003" (
                        active = false
                    )
                    {
                    }

                    over "Plant_05_A_004" (
                        active = false
                    )
                    {
                    }

                    over "Plant_05_A_005" (
                        active = false
                    )
                    {
                    }

                    over "Plant_05_A_006" (
                        active = false
                    )
                    {
                    }

                    over "Plant_05_A_007" (
                        active = false
                    )
                    {
                    }

                    over "Plant_05_A_008" (
                        active = false
                    )
                    {
                    }

                    over "Plant_05_A_009" (
                        active = false
                    )
                    {
                    }

                    over "Plant_05_A_010" (
                        active = false
                    )
                    {
                    }

                    over "Plant_05_A_011" (
                        active = false
                    )
                    {
                    }

                    over "Plant_05_A_012" (
                        active = false
                    )
                    {
                    }

                    over "Plant_05_A_013" (
                        active = false
                    )
                    {
                    }

                    over "Plant_05_A_014" (
                        active = false
                    )
                    {
                    }

                    over "Plant_05_A_015" (
                        active = false
                    )
                    {
                    }

                    over "Plant_05_A_016" (
                        active = false
                    )
                    {
                    }

                    over "Plant_05_A_017" (
                        active = false
                    )
                    {
                    }

                    over "Plant_05_A_018" (
                        active = false
                    )
                    {
                    }

                    over "Plant_05_A_019" (
                        active = false
                    )
                    {
                    }

                    over "Plant_05_A_020" (
                        active = false
                    )
                    {
                    }

                    over "Plant_05_A_021" (
                        active = false
                    )
                    {
                    }

                    over "Plant_05_A_022" (
                        active = false
                    )
                    {
                    }

                    over "Plant_05_A_023" (
                        active = false
                    )
                    {
                    }

                    over "Plant_05_A_024" (
                        active = false
                    )
                    {
                    }

                    over "Plant_05_A_025" (
                        active = false
                    )
                    {
                    }

                    over "Plant_05_A_026" (
                        active = false
                    )
                    {
                    }

                    over "Plant_05_A_027" (
                        active = false
                    )
                    {
                    }

                    over "Plant_05_A_028" (
                        active = false
                    )
                    {
                    }

                    over "Plant_05_A_029" (
                        active = false
                    )
                    {
                    }

                    over "Plant_05_A_030" (
                        active = false
                    )
                    {
                    }

                    over "Plant_05_A_031" (
                        active = false
                    )
                    {
                    }

                    over "Plant_05_A_032" (
                        active = false
                    )
                    {
                    }

                    over "Plant_05_A_033" (
                        active = false
                    )
                    {
                    }

                    over "Plant_05_A_034" (
                        active = false
                    )
                    {
                    }

                    over "Plant_05_A_035" (
                        active = false
                    )
                    {
                    }

                    over "Plant_05_B_000" (
                        active = false
                    )
                    {
                    }

                    over "Plant_05_B_001" (
                        active = false
                    )
                    {
                    }

                    over "Plant_05_B_002" (
                        active = false
                    )
                    {
                    }

                    over "Plant_05_B_003" (
                        active = false
                    )
                    {
                    }

                    over "Plant_05_B_004" (
                        active = false
                    )
                    {
                    }

                    over "Plant_05_B_005" (
                        active = false
                    )
                    {
                    }

                    over "Plant_05_B_006" (
                        active = false
                    )
                    {
                    }

                    over "Plant_05_B_007" (
                        active = false
                    )
                    {
                    }

                    over "Plant_05_B_008" (
                        active = false
                    )
                    {
                    }

                    over "Plant_05_B_009" (
                        active = false
                    )
                    {
                    }

                    over "Plant_05_B_010" (
                        active = false
                    )
                    {
                    }

                    over "Plant_05_B_011" (
                        active = false
                    )
                    {
                    }

                    over "Plant_05_B_012" (
                        active = false
                    )
                    {
                    }

                    over "Plant_05_B_013" (
                        active = false
                    )
                    {
                    }

                    over "Plant_05_B_014" (
                        active = false
                    )
                    {
                    }

                    over "Plant_05_B_015" (
                        active = false
                    )
                    {
                    }

                    over "Plant_05_B_016" (
                        active = false
                    )
                    {
                    }

                    over "Plant_05_B_017" (
                        active = false
                    )
                    {
                    }

                    over "Plant_05_B_018" (
                        active = false
                    )
                    {
                    }

                    over "Plant_05_B_019" (
                        active = false
                    )
                    {
                    }

                    over "Plant_05_B_020" (
                        active = false
                    )
                    {
                    }

                    over "Plant_05_B_021" (
                        active = false
                    )
                    {
                    }

                    over "Plant_05_B_022" (
                        active = false
                    )
                    {
                    }

                    over "Plant_05_B_023" (
                        active = false
                    )
                    {
                    }

                    over "Plant_05_B_024" (
                        active = false
                    )
                    {
                    }

                    over "Plant_05_B_025" (
                        active = false
                    )
                    {
                    }

                    over "Plant_05_B_026" (
                        active = false
                    )
                    {
                    }

                    over "Plant_05_B_027" (
                        active = false
                    )
                    {
                    }

                    over "Plant_05_B_028" (
                        active = false
                    )
                    {
                    }

                    over "Plant_05_B_029" (
                        active = false
                    )
                    {
                    }

                    over "Plant_05_B_030" (
                        active = false
                    )
                    {
                    }

                    over "Plant_05_B_031" (
                        active = false
                    )
                    {
                    }

                    over "Plant_05_B_032" (
                        active = false
                    )
                    {
                    }

                    over "Plant_05_B_033" (
                        active = false
                    )
                    {
                    }

                    over "Plant_05_B_034" (
                        active = false
                    )
                    {
                    }

                    def PointInstancer "PlantInstances"
                    {
                        int64[] ids = [5000, 5001, 5002, 5003, 5004, 5005, 5006, 5007, 5008, 5009, 5010, 5011, 5012, 5013, 5014, 5015, 5016, 5017, 5018, 5019, 5020, 5021, 5022, 5023, 5024, 5025, 5026, 5027, 5028, 5029, 5030, 5031, 5032, 5033, 5034, 5035, 5036, 5037, 5038, 5039, 5040, 5041, 5042, 5043, 5044, 5045, 5046, 5047, 5048, 5049, 5050, 5051, 5052, 5053, 5054, 5055, 5056, 5057, 5058, 5059, 5060, 5061, 5062, 5063, 5064, 5065, 5066, 5067, 5068, 5069, 5070]
                        point3f[] positions = [(-0.19999999, 0.39, -7), (-0.19999999, 0.39, -6.6), (-0.19999999, 0.39, -6.2), (-0.19999999, 0.39, -5.8), (-0.19999999, 0.39, -5.4), (-0.19999999, 0.39, -5), (-0.19999999, 0.39, -4.6), (-0.19999999, 0.39, -4.2), (-0.19999999, 0.39, -3.8), (-0.19999999, 0.39, -3.4), (-0.19999999, 0.39, -3), (-0.19999999, 0.39, -2.6), (-0.19999999, 0.39, -2.2), (-0.19999999, 0.39, -1.8), (-0.19999999, 0.39, -1.4), (-0.19999999, 0.39, -1), (-0.19999999, 0.39, -0.6), (-0.19999999, 0.39, -0.2), (-0.19999999, 0.39, 0.2), (-0.19999999, 0.39, 0.6), (-0.19999999, 0.39, 1), (-0.19999999, 0.39, 1.4), (-0.19999999, 0.39, 1.8), (-0.19999999, 0.39, 2.2), (-0.19999999, 0.39, 2.6), (-0.19999999, 0.39, 3), (-0.19999999, 0.39, 3.4), (-0.19999999, 0.39, 3.8), (-0.19999999, 0.39, 4.2), (-0.19999999, 0.39, 4.6), (-0.19999999, 0.39, 5), (-0.19999999, 0.39, 5.4), (-0.19999999, 0.39, 5.8), (-0.19999999, 0.39, 6.2), (-0.19999999, 0.39, 6.6), (-0.19999999, 0.39, 7), (0.20000005, 0.39, -6.8), (0.20000005, 0.39, -6.4), (0.20000005, 0.39, -6), (0.20000005, 0.39, -5.6), (0.20000005, 0.39, -5.2), (0.20000005, 0.39, -4.8), (0.20000005, 0.39, -4.4), (0.20000005, 0.39, -4), (0.20000005, 0.39, -3.6), (0.20000005, 0.39, -3.2), (0.20000005, 0.39, -2.8), (0.20000005, 0.39, -2.4), (0.20000005, 0.39, -2), (0.20000005, 0.39, -1.6), (0.20000005, 0.39, -1.2), (0.20000005, 0.39, -0.8), (0.20000005, 0.39, -0.4), (0.20000005, 0.39, 0), (0.20000005, 0.39, 0.4), (0.20000005, 0.39, 0.8), (0.20000005, 0.39, 1.2), (0.20000005, 0.39, 1.6), (0.20000005, 0.39, 2), (0.20000005, 0.39, 2.4), (0.20000005, 0.39, 2.8), (0.20000005, 0.39, 3.2), (0.20000005, 0.39, 3.6), (0.20000005, 0.39, 4), (0.20000005, 0.39, 4.4), (0.20000005, 0.39, 4.8), (0.20000005, 0.39, 5.2), (0.20000005, 0.39, 5.6), (0.20000005, 0.39, 6), (0.20000005, 0.39, 6.4), (0.20000005, 0.39, 6.8)]
                        int[] protoIndices = [0, 0, 0, 0, 0, 0, 0, 0, 0, 0, 0, 0, 0, 0, 0, 0, 0, 0, 0, 0, 0, 0, 0, 0, 0, 0, 0, 0, 0, 0, 0, 0, 0, 0, 0, 0, 0, 0, 0, 0, 0, 0, 0, 0, 0, 0, 0, 0, 0, 0, 0, 0, 0, 0, 0, 0, 0, 0, 0, 0, 0, 0, 0, 0, 0, 0, 0, 0, 0, 0, 0]
                        quatf[] orientations = [(1, 0, 0, 0), (1, 0, 0, 0), (1, 0, 0, 0), (0.92387953, 0, 0.38268343, 0), (1, 0, 0, 0), (0.92387953, 0, -0.38268343, 0), (1, 0, 0, 0), (1, 0, 0, 0), (1, 0, 0, 0), (1, 0, 0, 0), (0.98480775, 0, 0.17364818, 0), (1, 0, 0, 0), (0.92387953, 0, -0.38268343, 0), (1, 0, 0, 0), (0.98480775, 0, -0.17364818, 0), (0.92387953, 0, 0.38268343, 0), (1, 0, 0, 0), (1, 0, 0, 0), (1, 0, 0, 0), (0.92387953, 0, -0.38268343, 0), (1, 0, 0, 0), (0.92387953, 0, -0.38268343, 0), (1, 0, 0, 0), (1, 0, 0, 0), (1, 0, 0, 0), (1, 0, 0, 0), (1, 0, 0, 0), (1, 0, 0, 0), (1, 0, 0, 0), (1, 0, 0, 0), (0.92387953, 0, 0.38268343, 0), (1, 0, 0, 0), (1, 0, 0, 0), (1, 0, 0, 0), (0.92387953, 0, -0.38268343, 0), (0.98480775, 0, -0.17364818, 0), (0.98480775, 0, 0.17364818, 0), (0.98480775, 0, 0.17364818, 0), (1, 0, 0, 0), (0.92387953, 0, 0.38268343, 0), (0.98480775, 0, -0.17364818, 0), (1, 0, 0, 0), (1, 0, 0, 0), (1, 0, 0, 0), (1, 0, 0, 0), (0.98480775, 0, -0.17364818, 0), (1, 0, 0, 0), (0.98480775, 0, -0.17364818, 0), (1, 0, 0, 0), (1, 0, 0, 0), (0.98480775, 0, -0.17364818, 0), (1, 0, 0, 0), (0.92387953, 0, 0.38268343, 0), (0.98480775, 0, -0.17364818, 0), (1, 0, 0, 0), (0.98480775, 0, 0.17364818, 0), (1, 0, 0, 0), (0.98480775, 0, 0.17364818, 0), (0.98480775, 0, 0.17364818, 0), (1, 0, 0, 0), (0.92387953, 0, 0.38268343, 0), (1, 0, 0, 0), (1, 0, 0, 0), (1, 0, 0, 0), (1, 0, 0, 0), (1, 0, 0, 0), (0.92387953, 0, 0.38268343, 0), (0.98480775, 0, 0.17364818, 0), (0.92387953, 0, 0.38268343, 0), (0.92387953, 0, -0.38268343, 0), (1, 0, 0, 0)]
                        quatf[] orientations = [(1, 0, 0, 0), (1, 0, 0, 0), (1, 0, 0, 0), (0.92387953, 0, 0.38268343, 0), (1, 0, 0, 0), (0.92387953, 0, -0.38268343, 0), (1, 0, 0, 0), (1, 0, 0, 0), (1, 0, 0, 0), (1, 0, 0, 0), (0.98480775, 0, 0.17364818, 0), (1, 0, 0, 0), (0.92387953, 0, -0.38268343, 0), (1, 0, 0, 0), (0.98480775, 0, -0.17364818, 0), (0.92387953, 0, 0.38268343, 0), (1, 0, 0, 0), (1, 0, 0, 0), (1, 0, 0, 0), (0.92387953, 0, -0.38268343, 0), (1, 0, 0, 0), (0.92387953, 0, -0.38268343, 0), (1, 0, 0, 0), (1, 0, 0, 0), (1, 0, 0, 0), (1, 0, 0, 0), (1, 0, 0, 0), (1, 0, 0, 0), (1, 0, 0, 0), (1, 0, 0, 0), (0.92387953, 0, 0.38268343, 0), (1, 0, 0, 0), (1, 0, 0, 0), (1, 0, 0, 0), (0.92387953, 0, -0.38268343, 0), (0.98480775, 0, -0.17364818, 0), (0.98480775, 0, 0.17364818, 0), (0.98480775, 0, 0.17364818, 0), (1, 0, 0, 0), (0.92387953, 0, 0.38268343, 0), (0.98480775, 0, -0.17364818, 0), (1, 0, 0, 0), (1, 0, 0, 0), (1, 0, 0, 0), (1, 0, 0, 0), (0.98480775, 0, -0.17364818, 0), (1, 0, 0, 0), (0.98480775, 0, -0.17364818, 0), (1, 0, 0, 0), (1, 0, 0, 0), (0.98480775, 0, -0.17364818, 0), (1, 0, 0, 0), (0.92387953, 0, 0.38268343, 0), (0.98480775, 0, -0.17364818, 0), (1, 0, 0, 0), (0.98480775, 0, 0.17364818, 0), (1, 0, 0, 0), (0.98480775, 0, 0.17364818, 0), (0.98480775, 0, 0.17364818, 0), (1, 0, 0, 0), (0.92387953, 0, 0.38268343, 0), (1, 0, 0, 0), (1, 0, 0, 0), (1, 0, 0, 0), (1, 0, 0, 0), (1, 0, 0, 0), (0.92387953, 0, 0.38268343, 0), (0.98480775, 0, 0.17364818, 0), (0.92387953, 0, 0.38268343, 0), (0.92387953, 0, -0.38268343, 0), (1, 0, 0, 0)]
                        rel prototypes = </World/Environment/Greenhouse/Plants/Bed_05/PlantInstances/Prototypes/PlantSprout>

                        def "Prototypes"
                        {
                            def Mesh "PlantSprout" (
                                prepend apiSchemas = ["MaterialBindingAPI"]
                                prepend references = @../assets/plant_sprout/plant_sprout_abstract.usda@</Mesh>
                            )
                            {
                                rel material:binding = </World/Looks/PlantSproutMat>
                            }
                        }
                    }
                }

                def "Bed_06"
                {
                    over "Plant_06_A_000" (
                        active = false
                    )
                    {
                    }

                    over "Plant_06_A_001" (
                        active = false
                    )
                    {
                    }

                    over "Plant_06_A_002" (
                        active = false
                    )
                    {
                    }

                    over "Plant_06_A_003" (
                        active = false
                    )
                    {
                    }

                    over "Plant_06_A_004" (
                        active = false
                    )
                    {
                    }

                    over "Plant_06_A_005" (
                        active = false
                    )
                    {
                    }

                    over "Plant_06_A_006" (
                        active = false
                    )
                    {
                    }

                    over "Plant_06_A_007" (
                        active = false
                    )
                    {
                    }

                    over "Plant_06_A_008" (
                        active = false
                    )
                    {
                    }

                    over "Plant_06_A_009" (
                        active = false
                    )
                    {
                    }

                    over "Plant_06_A_010" (
                        active = false
                    )
                    {
                    }

                    over "Plant_06_A_011" (
                        active = false
                    )
                    {
                    }

                    over "Plant_06_A_012" (
                        active = false
                    )
                    {
                    }

                    over "Plant_06_A_013" (
                        active = false
                    )
                    {
                    }

                    over "Plant_06_A_014" (
                        active = false
                    )
                    {
                    }

                    over "Plant_06_A_015" (
                        active = false
                    )
                    {
                    }

                    over "Plant_06_A_016" (
                        active = false
                    )
                    {
                    }

                    over "Plant_06_A_017" (
                        active = false
                    )
                    {
                    }

                    over "Plant_06_A_018" (
                        active = false
                    )
                    {
                    }

                    over "Plant_06_A_019" (
                        active = false
                    )
                    {
                    }

                    over "Plant_06_A_020" (
                        active = false
                    )
                    {
                    }

                    over "Plant_06_A_021" (
                        active = false
                    )
                    {
                    }

                    over "Plant_06_A_022" (
                        active = false
                    )
                    {
                    }

                    over "Plant_06_A_023" (
                        active = false
                    )
                    {
                    }

                    over "Plant_06_A_024" (
                        active = false
                    )
                    {
                    }

                    over "Plant_06_A_025" (
                        active = false
                    )
                    {
                    }

                    over "Plant_06_A_026" (
                        active = false
                    )
                    {
                    }

                    over "Plant_06_A_027" (
                        active = false
                    )
                    {
                    }

                    over "Plant_06_A_028" (
                        active = false
                    )
                    {
                    }

                    over "Plant_06_A_029" (
                        active = false
                    )
                    {
                    }

                    over "Plant_06_A_030" (
                        active = false
                    )
                    {
                    }

                    over "Plant_06_A_031" (
                        active = false
                    )
                    {
                    }

                    over "Plant_06_A_032" (
                        active = false
                    )
                    {
                    }

                    over "Plant_06_A_033" (
                        active = false
                    )
                    {
                    }

                    over "Plant_06_A_034" (
                        active = false
                    )
                    {
                    }

                    over "Plant_06_A_035" (
                        active = false
                    )
                    {
                    }

                    over "Plant_06_B_000" (
                        active = false
                    )
                    {
                    }

                    over "Plant_06_B_001" (
                        active = false
                    )
                    {
                    }

                    over "Plant_06_B_002" (
                        active = false
                    )
                    {
                    }

                    over "Plant_06_B_003" (
                        active = false
                    )
                    {
                    }

                    over "Plant_06_B_004" (
                        active = false
                    )
                    {
                    }

                    over "Plant_06_B_005" (
                        active = false
                    )
                    {
                    }

                    over "Plant_06_B_006" (
                        active = false
                    )
                    {
                    }

                    over "Plant_06_B_007" (
                        active = false
                    )
                    {
                    }

                    over "Plant_06_B_008" (
                        active = false
                    )
                    {
                    }

                    over "Plant_06_B_009" (
                        active = false
                    )
                    {
                    }

                    over "Plant_06_B_010" (
                        active = false
                    )
                    {
                    }

                    over "Plant_06_B_011" (
                        active = false
                    )
                    {
                    }

                    over "Plant_06_B_012" (
                        active = false
                    )
                    {
                    }

                    over "Plant_06_B_013" (
                        active = false
                    )
                    {
                    }

                    over "Plant_06_B_014" (
                        active = false
                    )
                    {
                    }

                    over "Plant_06_B_015" (
                        active = false
                    )
                    {
                    }

                    over "Plant_06_B_016" (
                        active = false
                    )
                    {
                    }

                    over "Plant_06_B_017" (
                        active = false
                    )
                    {
                    }

                    over "Plant_06_B_018" (
                        active = false
                    )
                    {
                    }

                    over "Plant_06_B_019" (
                        active = false
                    )
                    {
                    }

                    over "Plant_06_B_020" (
                        active = false
                    )
                    {
                    }

                    over "Plant_06_B_021" (
                        active = false
                    )
                    {
                    }

                    over "Plant_06_B_022" (
                        active = false
                    )
                    {
                    }

                    over "Plant_06_B_023" (
                        active = false
                    )
                    {
                    }

                    over "Plant_06_B_024" (
                        active = false
                    )
                    {
                    }

                    over "Plant_06_B_025" (
                        active = false
                    )
                    {
                    }

                    over "Plant_06_B_026" (
                        active = false
                    )
                    {
                    }

                    over "Plant_06_B_027" (
                        active = false
                    )
                    {
                    }

                    over "Plant_06_B_028" (
                        active = false
                    )
                    {
                    }

                    over "Plant_06_B_029" (
                        active = false
                    )
                    {
                    }

                    over "Plant_06_B_030" (
                        active = false
                    )
                    {
                    }

                    over "Plant_06_B_031" (
                        active = false
                    )
                    {
                    }

                    over "Plant_06_B_032" (
                        active = false
                    )
                    {
                    }

                    over "Plant_06_B_033" (
                        active = false
                    )
                    {
                    }

                    over "Plant_06_B_034" (
                        active = false
                    )
                    {
                    }

                    def PointInstancer "PlantInstances"
                    {
                        int64[] ids = [6000, 6001, 6002, 6003, 6004, 6005, 6006, 6007, 6008, 6009, 6010, 6011, 6012, 6013, 6014, 6015, 6016, 6017, 6018, 6019, 6020, 6021, 6022, 6023, 6024, 6025, 6026, 6027, 6028, 6029, 6030, 6031, 6032, 6033, 6034, 6035, 6036, 6037, 6038, 6039, 6040, 6041, 6042, 6043, 6044, 6045, 6046, 6047, 6048, 6049, 6050, 6051, 6052, 6053, 6054, 6055, 6056, 6057, 6058, 6059, 6060, 6061, 6062, 6063, 6064, 6065, 6066, 6067, 6068, 6069, 6070]
                        point3f[] positions = [(-0.20000005, 0.39, -7), (-0.20000005, 0.39, -6.6), (-0.20000005, 0.39, -6.2), (-0.20000005, 0.39, -5.8), (-0.20000005, 0.39, -5.4), (-0.20000005, 0.39, -5), (-0.20000005, 0.39, -4.6), (-0.20000005, 0.39, -4.2), (-0.20000005, 0.39, -3.8), (-0.20000005, 0.39, -3.4), (-0.20000005, 0.39, -3), (-0.20000005, 0.39, -2.6), (-0.20000005, 0.39, -2.2), (-0.20000005, 0.39, -1.8), (-0.20000005, 0.39, -1.4), (-0.20000005, 0.39, -1), (-0.20000005, 0.39, -0.6), (-0.20000005, 0.39, -0.2), (-0.20000005, 0.39, 0.2), (-0.20000005, 0.39, 0.6), (-0.20000005, 0.39, 1), (-0.20000005, 0.39, 1.4), (-0.20000005, 0.39, 1.8), (-0.20000005, 0.39, 2.2), (-0.20000005, 0.39, 2.6), (-0.20000005, 0.39, 3), (-0.20000005, 0.39, 3.4), (-0.20000005, 0.39, 3.8), (-0.20000005, 0.39, 4.2), (-0.20000005, 0.39, 4.6), (-0.20000005, 0.39, 5), (-0.20000005, 0.39, 5.4), (-0.20000005, 0.39, 5.8), (-0.20000005, 0.39, 6.2), (-0.20000005, 0.39, 6.6), (-0.20000005, 0.39, 7), (0.20000005, 0.39, -6.8), (0.20000005, 0.39, -6.4), (0.20000005, 0.39, -6), (0.20000005, 0.39, -5.6), (0.20000005, 0.39, -5.2), (0.20000005, 0.39, -4.8), (0.20000005, 0.39, -4.4), (0.20000005, 0.39, -4), (0.20000005, 0.39, -3.6), (0.20000005, 0.39, -3.2), (0.20000005, 0.39, -2.8), (0.20000005, 0.39, -2.4), (0.20000005, 0.39, -2), (0.20000005, 0.39, -1.6), (0.20000005, 0.39, -1.2), (0.20000005, 0.39, -0.8), (0.20000005, 0.39, -0.4), (0.20000005, 0.39, 0), (0.20000005, 0.39, 0.4), (0.20000005, 0.39, 0.8), (0.20000005, 0.39, 1.2), (0.20000005, 0.39, 1.6), (0.20000005, 0.39, 2), (0.20000005, 0.39, 2.4), (0.20000005, 0.39, 2.8), (0.20000005, 0.39, 3.2), (0.20000005, 0.39, 3.6), (0.20000005, 0.39, 4), (0.20000005, 0.39, 4.4), (0.20000005, 0.39, 4.8), (0.20000005, 0.39, 5.2), (0.20000005, 0.39, 5.6), (0.20000005, 0.39, 6), (0.20000005, 0.39, 6.4), (0.20000005, 0.39, 6.8)]
                        int[] protoIndices = [0, 0, 0, 0, 0, 0, 0, 0, 0, 0, 0, 0, 0, 0, 0, 0, 0, 0, 0, 0, 0, 0, 0, 0, 0, 0, 0, 0, 0, 0, 0, 0, 0, 0, 0, 0, 0, 0, 0, 0, 0, 0, 0, 0, 0, 0, 0, 0, 0, 0, 0, 0, 0, 0, 0, 0, 0, 0, 0, 0, 0, 0, 0, 0, 0, 0, 0, 0, 0, 0, 0]
                        quatf[] orientations = [(1, 0, 0, 0), (1, 0, 0, 0), (0.92387953, 0, -0.38268343, 0), (1, 0, 0, 0), (1, 0, 0, 0), (1, 0, 0, 0), (0.98480775, 0, 0.17364818, 0), (1, 0, 0, 0), (0.92387953, 0, 0.38268343, 0), (1, 0, 0, 0), (0.92387953, 0, 0.38268343, 0), (1, 0, 0, 0), (0.92387953, 0, -0.38268343, 0), (0.92387953, 0, 0.38268343, 0), (1, 0, 0, 0), (1, 0, 0, 0), (0.98480775, 0, 0.17364818, 0), (1, 0, 0, 0), (0.98480775, 0, -0.17364818, 0), (1, 0, 0, 0), (0.92387953, 0, 0.38268343, 0), (1, 0, 0, 0), (1, 0, 0, 0), (1, 0, 0, 0), (0.92387953, 0, 0.38268343, 0), (1, 0, 0, 0), (0.98480775, 0, 0.17364818, 0), (1, 0, 0, 0), (1, 0, 0, 0), (0.92387953, 0, -0.38268343, 0), (1, 0, 0, 0), (1, 0, 0, 0), (0.92387953, 0, -0.38268343, 0), (1, 0, 0, 0), (1, 0, 0, 0), (1, 0, 0, 0), (0.98480775, 0, -0.17364818, 0), (0.92387953, 0, -0.38268343, 0), (1, 0, 0, 0), (1, 0, 0, 0), (0.98480775, 0, -0.17364818, 0), (0.98480775, 0, -0.17364818, 0), (0.98480775, 0, 0.17364818, 0), (0.98480775, 0, 0.17364818, 0), (1, 0, 0, 0), (0.98480775, 0, 0.17364818, 0), (0.98480775, 0, 0.17364818, 0), (1, 0, 0, 0), (1, 0, 0, 0), (0.92387953, 0, 0.38268343, 0), (1, 0, 0, 0), (1, 0, 0, 0), (0.98480775, 0, 0.17364818, 0), (1, 0, 0, 0), (1, 0, 0, 0), (0.98480775, 0, 0.17364818, 0), (1, 0, 0, 0), (0.92387953, 0, -0.38268343, 0), (1, 0, 0, 0), (0.98480775, 0, 0.17364818, 0), (1, 0, 0, 0), (1, 0, 0, 0), (1, 0, 0, 0), (1, 0, 0, 0), (1, 0, 0, 0), (1, 0, 0, 0), (0.92387953, 0, 0.38268343, 0), (1, 0, 0, 0), (1, 0, 0, 0), (1, 0, 0, 0), (0.92387953, 0, -0.38268343, 0)]
                        quatf[] orientations = [(1, 0, 0, 0), (1, 0, 0, 0), (0.92387953, 0, -0.38268343, 0), (1, 0, 0, 0), (1, 0, 0, 0), (1, 0, 0, 0), (0.98480775, 0, 0.17364818, 0), (1, 0, 0, 0), (0.92387953, 0, 0.38268343, 0), (1, 0, 0, 0), (0.92387953, 0, 0.38268343, 0), (1, 0, 0, 0), (0.92387953, 0, -0.38268343, 0), (0.92387953, 0, 0.38268343, 0), (1, 0, 0, 0), (1, 0, 0, 0), (0.98480775, 0, 0.17364818, 0), (1, 0, 0, 0), (0.98480775, 0, -0.17364818, 0), (1, 0, 0, 0), (0.92387953, 0, 0.38268343, 0), (1, 0, 0, 0), (1, 0, 0, 0), (1, 0, 0, 0), (0.92387953, 0, 0.38268343, 0), (1, 0, 0, 0), (0.98480775, 0, 0.17364818, 0), (1, 0, 0, 0), (1, 0, 0, 0), (0.92387953, 0, -0.38268343, 0), (1, 0, 0, 0), (1, 0, 0, 0), (0.92387953, 0, -0.38268343, 0), (1, 0, 0, 0), (1, 0, 0, 0), (1, 0, 0, 0), (0.98480775, 0, -0.17364818, 0), (0.92387953, 0, -0.38268343, 0), (1, 0, 0, 0), (1, 0, 0, 0), (0.98480775, 0, -0.17364818, 0), (0.98480775, 0, -0.17364818, 0), (0.98480775, 0, 0.17364818, 0), (0.98480775, 0, 0.17364818, 0), (1, 0, 0, 0), (0.98480775, 0, 0.17364818, 0), (0.98480775, 0, 0.17364818, 0), (1, 0, 0, 0), (1, 0, 0, 0), (0.92387953, 0, 0.38268343, 0), (1, 0, 0, 0), (1, 0, 0, 0), (0.98480775, 0, 0.17364818, 0), (1, 0, 0, 0), (1, 0, 0, 0), (0.98480775, 0, 0.17364818, 0), (1, 0, 0, 0), (0.92387953, 0, -0.38268343, 0), (1, 0, 0, 0), (0.98480775, 0, 0.17364818, 0), (1, 0, 0, 0), (1, 0, 0, 0), (1, 0, 0, 0), (1, 0, 0, 0), (1, 0, 0, 0), (1, 0, 0, 0), (0.92387953, 0, 0.38268343, 0), (1, 0, 0, 0), (1, 0, 0, 0), (1, 0, 0, 0), (0.92387953, 0, -0.38268343, 0)]
                        rel prototypes = </World/Environment/Greenhouse/Plants/Bed_06/PlantInstances/Prototypes/PlantSprout>

                        def "Prototypes"
                        {
                            def Mesh "PlantSprout" (
                                prepend apiSchemas = ["MaterialBindingAPI"]
                                prepend references = @../assets/plant_sprout/plant_sprout_abstract.usda@</Mesh>
                            )
                            {
                                rel material:binding = </World/Looks/PlantSproutMat>
                            }
                        }
                    }
                }

                def "Bed_07"
                {
                    over "Plant_07_A_000" (
                        active = false
                    )
                    {
                    }

                    over "Plant_07_A_001" (
                        active = false
                    )
                    {
                    }

                    over "Plant_07_A_002" (
                        active = false
                    )
                    {
                    }

                    over "Plant_07_A_003" (
                        active = false
                    )
                    {
                    }

                    over "Plant_07_A_004" (
                        active = false
                    )
                    {
                    }

                    over "Plant_07_A_005" (
                        active = false
                    )
                    {
                    }

                    over "Plant_07_A_006" (
                        active = false
                    )
                    {
                    }

                    over "Plant_07_A_007" (
                        active = false
                    )
                    {
                    }

                    over "Plant_07_A_008" (
                        active = false
                    )
                    {
                    }

                    over "Plant_07_A_009" (
                        active = false
                    )
                    {
                    }

                    over "Plant_07_A_010" (
                        active = false
                    )
                    {
                    }

                    over "Plant_07_A_011" (
                        active = false
                    )
                    {
                    }

                    over "Plant_07_A_012" (
                        active = false
                    )
                    {
                    }

                    over "Plant_07_A_013" (
                        active = false
                    )
                    {
                    }

                    over "Plant_07_A_014" (
                        active = false
                    )
                    {
                    }

                    over "Plant_07_A_015" (
                        active = false
                    )
                    {
                    }

                    over "Plant_07_A_016" (
                        active = false
                    )
                    {
                    }

                    over "Plant_07_A_017" (
                        active = false
                    )
                    {
                    }

                    over "Plant_07_A_018" (
                        active = false
                    )
                    {
                    }

                    over "Plant_07_A_019" (
                        active = false
                    )
                    {
                    }

                    over "Plant_07_A_020" (
                        active = false
                    )
                    {
                    }

                    over "Plant_07_A_021" (
                        active = false
                    )
                    {
                    }

                    over "Plant_07_A_022" (
                        active = false
                    )
                    {
                    }

                    over "Plant_07_A_023" (
                        active = false
                    )
                    {
                    }

                    over "Plant_07_A_024" (
                        active = false
                    )
                    {
                    }

                    over "Plant_07_A_025" (
                        active = false
                    )
                    {
                    }

                    over "Plant_07_A_026" (
                        active = false
                    )
                    {
                    }

                    over "Plant_07_A_027" (
                        active = false
                    )
                    {
                    }

                    over "Plant_07_A_028" (
                        active = false
                    )
                    {
                    }

                    over "Plant_07_A_029" (
                        active = false
                    )
                    {
                    }

                    over "Plant_07_A_030" (
                        active = false
                    )
                    {
                    }

                    over "Plant_07_A_031" (
                        active = false
                    )
                    {
                    }

                    over "Plant_07_A_032" (
                        active = false
                    )
                    {
                    }

                    over "Plant_07_A_033" (
                        active = false
                    )
                    {
                    }

                    over "Plant_07_A_034" (
                        active = false
                    )
                    {
                    }

                    over "Plant_07_A_035" (
                        active = false
                    )
                    {
                    }

                    over "Plant_07_B_000" (
                        active = false
                    )
                    {
                    }

                    over "Plant_07_B_001" (
                        active = false
                    )
                    {
                    }

                    over "Plant_07_B_002" (
                        active = false
                    )
                    {
                    }

                    over "Plant_07_B_003" (
                        active = false
                    )
                    {
                    }

                    over "Plant_07_B_004" (
                        active = false
                    )
                    {
                    }

                    over "Plant_07_B_005" (
                        active = false
                    )
                    {
                    }

                    over "Plant_07_B_006" (
                        active = false
                    )
                    {
                    }

                    over "Plant_07_B_007" (
                        active = false
                    )
                    {
                    }

                    over "Plant_07_B_008" (
                        active = false
                    )
                    {
                    }

                    over "Plant_07_B_009" (
                        active = false
                    )
                    {
                    }

                    over "Plant_07_B_010" (
                        active = false
                    )
                    {
                    }

                    over "Plant_07_B_011" (
                        active = false
                    )
                    {
                    }

                    over "Plant_07_B_012" (
                        active = false
                    )
                    {
                    }

                    over "Plant_07_B_013" (
                        active = false
                    )
                    {
                    }

                    over "Plant_07_B_014" (
                        active = false
                    )
                    {
                    }

                    over "Plant_07_B_015" (
                        active = false
                    )
                    {
                    }

                    over "Plant_07_B_016" (
                        active = false
                    )
                    {
                    }

                    over "Plant_07_B_017" (
                        active = false
                    )
                    {
                    }

                    over "Plant_07_B_018" (
                        active = false
                    )
                    {
                    }

                    over "Plant_07_B_019" (
                        active = false
                    )
                    {
                    }

                    over "Plant_07_B_020" (
                        active = false
                    )
                    {
                    }

                    over "Plant_07_B_021" (
                        active = false
                    )
                    {
                    }

                    over "Plant_07_B_022" (
                        active = false
                    )
                    {
                    }

                    over "Plant_07_B_023" (
                        active = false
                    )
                    {
                    }

                    over "Plant_07_B_024" (
                        active = false
                    )
                    {
                    }

                    over "Plant_07_B_025" (
                        active = false
                    )
                    {
                    }

                    over "Plant_07_B_026" (
                        active = false
                    )
                    {
                    }

                    over "Plant_07_B_027" (
                        active = false
                    )
                    {
                    }

                    over "Plant_07_B_028" (
                        active = false
                    )
                    {
                    }

                    over "Plant_07_B_029" (
                        active = false
                    )
                    {
                    }

                    over "Plant_07_B_030" (
                        active = false
                    )
                    {
                    }

                    over "Plant_07_B_031" (
                        active = false
                    )
                    {
                    }

                    over "Plant_07_B_032" (
                        active = false
                    )
                    {
                    }

                    over "Plant_07_B_033" (
                        active = false
                    )
                    {
                    }

                    over "Plant_07_B_034" (
                        active = false
                    )
                    {
                    }

                    def PointInstancer "PlantInstances"
                    {
                        int64[] ids = [7000, 7001, 7002, 7003, 7004, 7005, 7006, 7007, 7008, 7009, 7010, 7011, 7012, 7013, 7014, 7015, 7016, 7017, 7018, 7019, 7020, 7021, 7022, 7023, 7024, 7025, 7026, 7027, 7028, 7029, 7030, 7031, 7032, 7033, 7034, 7035, 7036, 7037, 7038, 7039, 7040, 7041, 7042, 7043, 7044, 7045, 7046, 7047, 7048, 7049, 7050, 7051, 7052, 7053, 7054, 7055, 7056, 7057, 7058, 7059, 7060, 7061, 7062, 7063, 7064, 7065, 7066, 7067, 7068, 7069, 7070]
                        point3f[] positions = [(-0.20000005, 0.39, -7), (-0.20000005, 0.39, -6.6), (-0.20000005, 0.39, -6.2), (-0.20000005, 0.39, -5.8), (-0.20000005, 0.39, -5.4), (-0.20000005, 0.39, -5), (-0.20000005, 0.39, -4.6), (-0.20000005, 0.39, -4.2), (-0.20000005, 0.39, -3.8), (-0.20000005, 0.39, -3.4), (-0.20000005, 0.39, -3), (-0.20000005, 0.39, -2.6), (-0.20000005, 0.39, -2.2), (-0.20000005, 0.39, -1.8), (-0.20000005, 0.39, -1.4), (-0.20000005, 0.39, -1), (-0.20000005, 0.39, -0.6), (-0.20000005, 0.39, -0.2), (-0.20000005, 0.39, 0.2), (-0.20000005, 0.39, 0.6), (-0.20000005, 0.39, 1), (-0.20000005, 0.39, 1.4), (-0.20000005, 0.39, 1.8), (-0.20000005, 0.39, 2.2), (-0.20000005, 0.39, 2.6), (-0.20000005, 0.39, 3), (-0.20000005, 0.39, 3.4), (-0.20000005, 0.39, 3.8), (-0.20000005, 0.39, 4.2), (-0.20000005, 0.39, 4.6), (-0.20000005, 0.39, 5), (-0.20000005, 0.39, 5.4), (-0.20000005, 0.39, 5.8), (-0.20000005, 0.39, 6.2), (-0.20000005, 0.39, 6.6), (-0.20000005, 0.39, 7), (0.19999981, 0.39, -6.8), (0.19999981, 0.39, -6.4), (0.19999981, 0.39, -6), (0.19999981, 0.39, -5.6), (0.19999981, 0.39, -5.2), (0.19999981, 0.39, -4.8), (0.19999981, 0.39, -4.4), (0.19999981, 0.39, -4), (0.19999981, 0.39, -3.6), (0.19999981, 0.39, -3.2), (0.19999981, 0.39, -2.8), (0.19999981, 0.39, -2.4), (0.19999981, 0.39, -2), (0.19999981, 0.39, -1.6), (0.19999981, 0.39, -1.2), (0.19999981, 0.39, -0.8), (0.19999981, 0.39, -0.4), (0.19999981, 0.39, 0), (0.19999981, 0.39, 0.4), (0.19999981, 0.39, 0.8), (0.19999981, 0.39, 1.2), (0.19999981, 0.39, 1.6), (0.19999981, 0.39, 2), (0.19999981, 0.39, 2.4), (0.19999981, 0.39, 2.8), (0.19999981, 0.39, 3.2), (0.19999981, 0.39, 3.6), (0.19999981, 0.39, 4), (0.19999981, 0.39, 4.4), (0.19999981, 0.39, 4.8), (0.19999981, 0.39, 5.2), (0.19999981, 0.39, 5.6), (0.19999981, 0.39, 6), (0.19999981, 0.39, 6.4), (0.19999981, 0.39, 6.8)]
                        int[] protoIndices = [0, 0, 0, 0, 0, 0, 0, 0, 0, 0, 0, 0, 0, 0, 0, 0, 0, 0, 0, 0, 0, 0, 0, 0, 0, 0, 0, 0, 0, 0, 0, 0, 0, 0, 0, 0, 0, 0, 0, 0, 0, 0, 0, 0, 0, 0, 0, 0, 0, 0, 0, 0, 0, 0, 0, 0, 0, 0, 0, 0, 0, 0, 0, 0, 0, 0, 0, 0, 0, 0, 0]
                        quatf[] orientations = [(0.98480775, 0, 0.17364818, 0), (1, 0, 0, 0), (1, 0, 0, 0), (1, 0, 0, 0), (1, 0, 0, 0), (1, 0, 0, 0), (1, 0, 0, 0), (0.92387953, 0, 0.38268343, 0), (0.98480775, 0, -0.17364818, 0), (0.98480775, 0, 0.17364818, 0), (1, 0, 0, 0), (1, 0, 0, 0), (1, 0, 0, 0), (0.98480775, 0, -0.17364818, 0), (1, 0, 0, 0), (1, 0, 0, 0), (0.98480775, 0, 0.17364818, 0), (0.92387953, 0, -0.38268343, 0), (1, 0, 0, 0), (0.98480775, 0, 0.17364818, 0), (0.92387953, 0, 0.38268343, 0), (1, 0, 0, 0), (1, 0, 0, 0), (0.92387953, 0, -0.38268343, 0), (1, 0, 0, 0), (1, 0, 0, 0), (1, 0, 0, 0), (0.92387953, 0, -0.38268343, 0), (1, 0, 0, 0), (0.98480775, 0, 0.17364818, 0), (1, 0, 0, 0), (1, 0, 0, 0), (1, 0, 0, 0), (1, 0, 0, 0), (1, 0, 0, 0), (0.92387953, 0, 0.38268343, 0), (0.98480775, 0, -0.17364818, 0), (1, 0, 0, 0), (0.92387953, 0, 0.38268343, 0), (1, 0, 0, 0), (1, 0, 0, 0), (0.92387953, 0, -0.38268343, 0), (1, 0, 0, 0), (1, 0, 0, 0), (0.92387953, 0, -0.38268343, 0), (1, 0, 0, 0), (1, 0, 0, 0), (0.98480775, 0, 0.17364818, 0), (0.98480775, 0, -0.17364818, 0), (1, 0, 0, 0), (1, 0, 0, 0), (0.92387953, 0, 0.38268343, 0), (1, 0, 0, 0), (1, 0, 0, 0), (0.92387953, 0, 0.38268343, 0), (1, 0, 0, 0), (0.98480775, 0, -0.17364818, 0), (0.98480775, 0, 0.17364818, 0), (1, 0, 0, 0), (1, 0, 0, 0), (0.92387953, 0, 0.38268343, 0), (1, 0, 0, 0), (1, 0, 0, 0), (1, 0, 0, 0), (0.92387953, 0, -0.38268343, 0), (0.92387953, 0, -0.38268343, 0), (0.98480775, 0, 0.17364818, 0), (1, 0, 0, 0), (0.98480775, 0, -0.17364818, 0), (1, 0, 0, 0), (1, 0, 0, 0)]
                        quatf[] orientations = [(0.98480775, 0, 0.17364818, 0), (1, 0, 0, 0), (1, 0, 0, 0), (1, 0, 0, 0), (1, 0, 0, 0), (1, 0, 0, 0), (1, 0, 0, 0), (0.92387953, 0, 0.38268343, 0), (0.98480775, 0, -0.17364818, 0), (0.98480775, 0, 0.17364818, 0), (1, 0, 0, 0), (1, 0, 0, 0), (1, 0, 0, 0), (0.98480775, 0, -0.17364818, 0), (1, 0, 0, 0), (1, 0, 0, 0), (0.98480775, 0, 0.17364818, 0), (0.92387953, 0, -0.38268343, 0), (1, 0, 0, 0), (0.98480775, 0, 0.17364818, 0), (0.92387953, 0, 0.38268343, 0), (1, 0, 0, 0), (1, 0, 0, 0), (0.92387953, 0, -0.38268343, 0), (1, 0, 0, 0), (1, 0, 0, 0), (1, 0, 0, 0), (0.92387953, 0, -0.38268343, 0), (1, 0, 0, 0), (0.98480775, 0, 0.17364818, 0), (1, 0, 0, 0), (1, 0, 0, 0), (1, 0, 0, 0), (1, 0, 0, 0), (1, 0, 0, 0), (0.92387953, 0, 0.38268343, 0), (0.98480775, 0, -0.17364818, 0), (1, 0, 0, 0), (0.92387953, 0, 0.38268343, 0), (1, 0, 0, 0), (1, 0, 0, 0), (0.92387953, 0, -0.38268343, 0), (1, 0, 0, 0), (1, 0, 0, 0), (0.92387953, 0, -0.38268343, 0), (1, 0, 0, 0), (1, 0, 0, 0), (0.98480775, 0, 0.17364818, 0), (0.98480775, 0, -0.17364818, 0), (1, 0, 0, 0), (1, 0, 0, 0), (0.92387953, 0, 0.38268343, 0), (1, 0, 0, 0), (1, 0, 0, 0), (0.92387953, 0, 0.38268343, 0), (1, 0, 0, 0), (0.98480775, 0, -0.17364818, 0), (0.98480775, 0, 0.17364818, 0), (1, 0, 0, 0), (1, 0, 0, 0), (0.92387953, 0, 0.38268343, 0), (1, 0, 0, 0), (1, 0, 0, 0), (1, 0, 0, 0), (0.92387953, 0, -0.38268343, 0), (0.92387953, 0, -0.38268343, 0), (0.98480775, 0, 0.17364818, 0), (1, 0, 0, 0), (0.98480775, 0, -0.17364818, 0), (1, 0, 0, 0), (1, 0, 0, 0)]
                        rel prototypes = </World/Environment/Greenhouse/Plants/Bed_07/PlantInstances/Prototypes/PlantSprout>

                        def "Prototypes"
                        {
                            def Mesh "PlantSprout" (
                                prepend apiSchemas = ["MaterialBindingAPI"]
                                prepend references = @../assets/plant_sprout/plant_sprout_abstract.usda@</Mesh>
                            )
                            {
                                rel material:binding = </World/Looks/PlantSproutMat>
                            }
                        }
                    }
                }

                def "Bed_08"
                {
                    over "Plant_08_A_000" (
                        active = false
                    )
                    {
                    }

                    over "Plant_08_A_001" (
                        active = false
                    )
                    {
                    }

                    over "Plant_08_A_002" (
                        active = false
                    )
                    {
                    }

                    over "Plant_08_A_003" (
                        active = false
                    )
                    {
                    }

                    over "Plant_08_A_004" (
                        active = false
                    )
                    {
                    }

                    over "Plant_08_A_005" (
                        active = false
                    )
                    {
                    }

                    over "Plant_08_A_006" (
                        active = false
                    )
                    {
                    }

                    over "Plant_08_A_007" (
                        active = false
                    )
                    {
                    }

                    over "Plant_08_A_008" (
                        active = false
                    )
                    {
                    }

                    over "Plant_08_A_009" (
                        active = false
                    )
                    {
                    }

                    over "Plant_08_A_010" (
                        active = false
                    )
                    {
                    }

                    over "Plant_08_A_011" (
                        active = false
                    )
                    {
                    }

                    over "Plant_08_A_012" (
                        active = false
                    )
                    {
                    }

                    over "Plant_08_A_013" (
                        active = false
                    )
                    {
                    }

                    over "Plant_08_A_014" (
                        active = false
                    )
                    {
                    }

                    over "Plant_08_A_015" (
                        active = false
                    )
                    {
                    }

                    over "Plant_08_A_016" (
                        active = false
                    )
                    {
                    }

                    over "Plant_08_A_017" (
                        active = false
                    )
                    {
                    }

                    over "Plant_08_A_018" (
                        active = false
                    )
                    {
                    }

                    over "Plant_08_A_019" (
                        active = false
                    )
                    {
                    }

                    over "Plant_08_A_020" (
                        active = false
                    )
                    {
                    }

                    over "Plant_08_A_021" (
                        active = false
                    )
                    {
                    }

                    over "Plant_08_A_022" (
                        active = false
                    )
                    {
                    }

                    over "Plant_08_A_023" (
                        active = false
                    )
                    {
                    }

                    over "Plant_08_A_024" (
                        active = false
                    )
                    {
                    }

                    over "Plant_08_A_025" (
                        active = false
                    )
                    {
                    }

                    over "Plant_08_A_026" (
                        active = false
                    )
                    {
                    }

                    over "Plant_08_A_027" (
                        active = false
                    )
                    {
                    }

                    over "Plant_08_A_028" (
                        active = false
                    )
                    {
                    }

                    over "Plant_08_A_029" (
                        active = false
                    )
                    {
                    }

                    over "Plant_08_A_030" (
                        active = false
                    )
                    {
                    }

                    over "Plant_08_A_031" (
                        active = false
                    )
                    {
                    }

                    over "Plant_08_A_032" (
                        active = false
                    )
                    {
                    }

                    over "Plant_08_A_033" (
                        active = false
                    )
                    {
                    }

                    over "Plant_08_A_034" (
                        active = false
                    )
                    {
                    }

                    over "Plant_08_A_035" (
                        active = false
                    )
                    {
                    }

                    over "Plant_08_B_000" (
                        active = false
                    )
                    {
                    }

                    over "Plant_08_B_001" (
                        active = false
                    )
                    {
                    }

                    over "Plant_08_B_002" (
                        active = false
                    )
                    {
                    }

                    over "Plant_08_B_003" (
                        active = false
                    )
                    {
                    }

                    over "Plant_08_B_004" (
                        active = false
                    )
                    {
                    }

                    over "Plant_08_B_005" (
                        active = false
                    )
                    {
                    }

                    over "Plant_08_B_006" (
                        active = false
                    )
                    {
                    }

                    over "Plant_08_B_007" (
                        active = false
                    )
                    {
                    }

                    over "Plant_08_B_008" (
                        active = false
                    )
                    {
                    }

                    over "Plant_08_B_009" (
                        active = false
                    )
                    {
                    }

                    over "Plant_08_B_010" (
                        active = false
                    )
                    {
                    }

                    over "Plant_08_B_011" (
                        active = false
                    )
                    {
                    }

                    over "Plant_08_B_012" (
                        active = false
                    )
                    {
                    }

                    over "Plant_08_B_013" (
                        active = false
                    )
                    {
                    }

                    over "Plant_08_B_014" (
                        active = false
                    )
                    {
                    }

                    over "Plant_08_B_015" (
                        active = false
                    )
                    {
                    }

                    over "Plant_08_B_016" (
                        active = false
                    )
                    {
                    }

                    over "Plant_08_B_017" (
                        active = false
                    )
                    {
                    }

                    over "Plant_08_B_018" (
                        active = false
                    )
                    {
                    }

                    over "Plant_08_B_019" (
                        active = false
                    )
                    {
                    }

                    over "Plant_08_B_020" (
                        active = false
                    )
                    {
                    }

                    over "Plant_08_B_021" (
                        active = false
                    )
                    {
                    }

                    over "Plant_08_B_022" (
                        active = false
                    )
                    {
                    }

                    over "Plant_08_B_023" (
                        active = false
                    )
                    {
                    }

                    over "Plant_08_B_024" (
                        active = false
                    )
                    {
                    }

                    over "Plant_08_B_025" (
                        active = false
                    )
                    {
                    }

                    over "Plant_08_B_026" (
                        active = false
                    )
                    {
                    }

                    over "Plant_08_B_027" (
                        active = false
                    )
                    {
                    }

                    over "Plant_08_B_028" (
                        active = false
                    )
                    {
                    }

                    over "Plant_08_B_029" (
                        active = false
                    )
                    {
                    }

                    over "Plant_08_B_030" (
                        active = false
                    )
                    {
                    }

                    over "Plant_08_B_031" (
                        active = false
                    )
                    {
                    }

                    over "Plant_08_B_032" (
                        active = false
                    )
                    {
                    }

                    over "Plant_08_B_033" (
                        active = false
                    )
                    {
                    }

                    over "Plant_08_B_034" (
                        active = false
                    )
                    {
                    }

                    def PointInstancer "PlantInstances"
                    {
                        int64[] ids = [8000, 8001, 8002, 8003, 8004, 8005, 8006, 8007, 8008, 8009, 8010, 8011, 8012, 8013, 8014, 8015, 8016, 8017, 8018, 8019, 8020, 8021, 8022, 8023, 8024, 8025, 8026, 8027, 8028, 8029, 8030, 8031, 8032, 8033, 8034, 8035, 8036, 8037, 8038, 8039, 8040, 8041, 8042, 8043, 8044, 8045, 8046, 8047, 8048, 8049, 8050, 8051, 8052, 8053, 8054, 8055, 8056, 8057, 8058, 8059, 8060, 8061, 8062, 8063, 8064, 8065, 8066, 8067, 8068, 8069, 8070]
                        point3f[] positions = [(0, 0, 0), (0, 0, 0), (0, 0, 0), (0, 0, 0), (0, 0, 0), (0, 0, 0), (0, 0, 0), (0, 0, 0), (0, 0, 0), (0, 0, 0), (0, 0, 0), (0, 0, 0), (0, 0, 0), (0, 0, 0), (0, 0, 0), (0, 0, 0), (0, 0, 0), (0, 0, 0), (0, 0, 0), (0, 0, 0), (0, 0, 0), (0, 0, 0), (0, 0, 0), (0, 0, 0), (0, 0, 0), (0, 0, 0), (0, 0, 0), (0, 0, 0), (0, 0, 0), (0, 0, 0), (0, 0, 0), (0, 0, 0), (0, 0, 0), (0, 0, 0), (0, 0, 0), (0, 0, 0), (0, 0, 0), (0, 0, 0), (0, 0, 0), (0, 0, 0), (0, 0, 0), (0, 0, 0), (0, 0, 0), (0, 0, 0), (0, 0, 0), (0, 0, 0), (0, 0, 0), (0, 0, 0), (0, 0, 0), (0, 0, 0), (0, 0, 0), (0, 0, 0), (0, 0, 0), (0, 0, 0), (0, 0, 0), (0, 0, 0), (0, 0, 0), (0, 0, 0), (0, 0, 0), (0, 0, 0), (0, 0, 0), (0, 0, 0), (0, 0, 0), (0, 0, 0), (0, 0, 0), (0, 0, 0), (0, 0, 0), (0, 0, 0), (0, 0, 0), (0, 0, 0), (0, 0, 0)]
                        int[] protoIndices = [0, 0, 0, 0, 0, 0, 0, 0, 0, 0, 0, 0, 0, 0, 0, 0, 0, 0, 0, 0, 0, 0, 0, 0, 0, 0, 0, 0, 0, 0, 0, 0, 0, 0, 0, 0, 0, 0, 0, 0, 0, 0, 0, 0, 0, 0, 0, 0, 0, 0, 0, 0, 0, 0, 0, 0, 0, 0, 0, 0, 0, 0, 0, 0, 0, 0, 0, 0, 0, 0, 0]
                        quatf[] orientations = [(1, 0, 0, 0), (0.98480775, 0, 0.17364818, 0), (1, 0, 0, 0), (1, 0, 0, 0), (0.92387953, 0, -0.38268343, 0), (0.92387953, 0, 0.38268343, 0), (0.92387953, 0, -0.38268343, 0), (0.98480775, 0, 0.17364818, 0), (1, 0, 0, 0), (0.92387953, 0, 0.38268343, 0), (1, 0, 0, 0), (0.98480775, 0, -0.17364818, 0), (0.98480775, 0, -0.17364818, 0), (0.92387953, 0, 0.38268343, 0), (0.98480775, 0, -0.17364818, 0), (0.98480775, 0, -0.17364818, 0), (1, 0, 0, 0), (1, 0, 0, 0), (1, 0, 0, 0), (0.98480775, 0, -0.17364818, 0), (1, 0, 0, 0), (1, 0, 0, 0), (0.92387953, 0, -0.38268343, 0), (1, 0, 0, 0), (1, 0, 0, 0), (1, 0, 0, 0), (1, 0, 0, 0), (1, 0, 0, 0), (0.98480775, 0, 0.17364818, 0), (1, 0, 0, 0), (1, 0, 0, 0), (1, 0, 0, 0), (1, 0, 0, 0), (0.98480775, 0, 0.17364818, 0), (0.92387953, 0, 0.38268343, 0), (0.92387953, 0, 0.38268343, 0), (1, 0, 0, 0), (1, 0, 0, 0), (0.98480775, 0, -0.17364818, 0), (0.98480775, 0, 0.17364818, 0), (0.92387953, 0, 0.38268343, 0), (0.92387953, 0, 0.38268343, 0), (0.98480775, 0, -0.17364818, 0), (1, 0, 0, 0), (1, 0, 0, 0), (1, 0, 0, 0), (1, 0, 0, 0), (1, 0, 0, 0), (1, 0, 0, 0), (1, 0, 0, 0), (1, 0, 0, 0), (1, 0, 0, 0), (0.98480775, 0, -0.17364818, 0), (0.92387953, 0, 0.38268343, 0), (0.98480775, 0, 0.17364818, 0), (1, 0, 0, 0), (1, 0, 0, 0), (1, 0, 0, 0), (0.92387953, 0, 0.38268343, 0), (1, 0, 0, 0), (1, 0, 0, 0), (1, 0, 0, 0), (1, 0, 0, 0), (1, 0, 0, 0), (1, 0, 0, 0), (1, 0, 0, 0), (1, 0, 0, 0), (0.92387953, 0, -0.38268343, 0), (0.92387953, 0, 0.38268343, 0), (1, 0, 0, 0), (1, 0, 0, 0)]
                        quatf[] orientations = [(1, 0, 0, 0), (0.98480775, 0, 0.17364818, 0), (1, 0, 0, 0), (1, 0, 0, 0), (0.92387953, 0, -0.38268343, 0), (0.92387953, 0, 0.38268343, 0), (0.92387953, 0, -0.38268343, 0), (0.98480775, 0, 0.17364818, 0), (1, 0, 0, 0), (0.92387953, 0, 0.38268343, 0), (1, 0, 0, 0), (0.98480775, 0, -0.17364818, 0), (0.98480775, 0, -0.17364818, 0), (0.92387953, 0, 0.38268343, 0), (0.98480775, 0, -0.17364818, 0), (0.98480775, 0, -0.17364818, 0), (1, 0, 0, 0), (1, 0, 0, 0), (1, 0, 0, 0), (0.98480775, 0, -0.17364818, 0), (1, 0, 0, 0), (1, 0, 0, 0), (0.92387953, 0, -0.38268343, 0), (1, 0, 0, 0), (1, 0, 0, 0), (1, 0, 0, 0), (1, 0, 0, 0), (1, 0, 0, 0), (0.98480775, 0, 0.17364818, 0), (1, 0, 0, 0), (1, 0, 0, 0), (1, 0, 0, 0), (1, 0, 0, 0), (0.98480775, 0, 0.17364818, 0), (0.92387953, 0, 0.38268343, 0), (0.92387953, 0, 0.38268343, 0), (1, 0, 0, 0), (1, 0, 0, 0), (0.98480775, 0, -0.17364818, 0), (0.98480775, 0, 0.17364818, 0), (0.92387953, 0, 0.38268343, 0), (0.92387953, 0, 0.38268343, 0), (0.98480775, 0, -0.17364818, 0), (1, 0, 0, 0), (1, 0, 0, 0), (1, 0, 0, 0), (1, 0, 0, 0), (1, 0, 0, 0), (1, 0, 0, 0), (1, 0, 0, 0), (1, 0, 0, 0), (1, 0, 0, 0), (0.98480775, 0, -0.17364818, 0), (0.92387953, 0, 0.38268343, 0), (0.98480775, 0, 0.17364818, 0), (1, 0, 0, 0), (1, 0, 0, 0), (1, 0, 0, 0), (0.92387953, 0, 0.38268343, 0), (1, 0, 0, 0), (1, 0, 0, 0), (1, 0, 0, 0), (1, 0, 0, 0), (1, 0, 0, 0), (1, 0, 0, 0), (1, 0, 0, 0), (1, 0, 0, 0), (0.92387953, 0, -0.38268343, 0), (0.92387953, 0, 0.38268343, 0), (1, 0, 0, 0), (1, 0, 0, 0)]
                        rel prototypes = </World/Environment/Greenhouse/Plants/Bed_08/PlantInstances/Prototypes/PlantSprout>

                        def "Prototypes"
                        {
                            def Mesh "PlantSprout" (
                                prepend apiSchemas = ["MaterialBindingAPI"]
                                prepend references = @../assets/plant_sprout/plant_sprout_abstract.usda@</Mesh>
                            )
                            {
                                rel material:binding = </World/Looks/PlantSproutMat>
                            }
                        }
                    }
                }
            }
        }
    }

    def "Looks"
    {
        def Material "PlantSproutMat"
        {
            token outputs:surface.connect = </World/Looks/PlantSproutMat/PreviewSurface.outputs:surface>

            def Shader "PreviewSurface"
            {
                uniform token info:id = "UsdPreviewSurface"
                color3f inputs:diffuseColor = (0.15, 0.55, 0.2)
                float inputs:metallic = 0
                float inputs:roughness = 0.6
                token outputs:surface
            }
        }
    }
}
