#usda 1.0
(
    doc = "Generated deterministic wide-coverage particle preview for all nine greenhouse sprinklers. Regenerate with scripts/generate_sprinkler_particles.py."
    endTimeCode = 240
    framesPerSecond = 24
    metersPerUnit = 1
    startTimeCode = 0
    timeCodesPerSecond = 24
    upAxis = "Y"
)

over Xform "World"
{
    over Scope "Effects"
    {
        def Scope "Sprinklers"
        {
            class Xform "_EmitterPrototype"
            {
                def Points "Droplets"
                {
                    point3f[] extent = [(-3.7, -1.9, -3.7), (3.7, 0.05, 3.7)]
                    int64[] ids = [0, 1, 2, 3, 4, 5, 6, 7, 8, 9, 10, 11, 12, 13, 14, 15, 16, 17, 18, 19, 20, 21, 22, 23, 24, 25, 26, 27, 28, 29, 30, 31, 32, 33, 34, 35, 36, 37, 38, 39, 40, 41, 42, 43, 44, 45, 46, 47, 48, 49, 50, 51, 52, 53, 54, 55, 56, 57, 58, 59, 60, 61, 62, 63, 64, 65, 66, 67, 68, 69, 70, 71, 72, 73, 74, 75, 76, 77, 78, 79, 80, 81, 82, 83, 84, 85, 86, 87, 88, 89, 90, 91, 92, 93, 94, 95, 96, 97, 98, 99, 100, 101, 102, 103, 104, 105, 106, 107, 108, 109, 110, 111, 112, 113, 114, 115, 116, 117, 118, 119, 120, 121, 122, 123, 124, 125, 126, 127, 128, 129, 130, 131, 132, 133, 134, 135, 136, 137, 138, 139, 140, 141, 142, 143, 144, 145, 146, 147, 148, 149, 150, 151, 152, 153, 154, 155, 156, 157, 158, 159, 160, 161, 162, 163, 164, 165, 166, 167, 168, 169, 170, 171, 172, 173, 174, 175, 176, 177, 178, 179, 180, 181, 182, 183, 184, 185, 186, 187, 188, 189, 190, 191]
                    point3f[] points.timeSamples = {
                0: [(0.02500, -0.00000, 0.00000), (-0.01860, -0.00150, 0.01684), (0.00250, -0.00327, -0.02519), (0.01535, -0.00457, 0.02075), (-0.02577, -0.00661, -0.00517), (0.02344, -0.00891, -0.01398), (-0.00819, -0.01002, 0.02674), (-0.01257, -0.01259, -0.02679), (0.02803, -0.01543, 0.01173), (-0.03088, -0.01635, 0.01091), (0.01598, -0.01946, -0.02958), (0.00816, -0.02017, 0.03328), (-0.03122, -0.02356, -0.02111), (0.03789, -0.02721, -0.00540), (-0.02726, -0.02773, 0.03280), (-0.00183, -0.03166, -0.04308), (0.03409, -0.03584, 0.03458), (-0.04875, -0.03617, -0.00277), (0.04314, -0.04063, -0.03483), (-0.00861, -0.04535, 0.05480), (-0.03473, -0.04550, -0.05300), (0.06105, -0.05049, 0.01590), (-0.05513, -0.05043, 0.02877), (0.02486, -0.05571, -0.06728), (0.02623, -0.06124, 0.06530), (-0.07321, -0.06099, -0.03563), (0.07641, -0.06679, -0.02221), (-0.04837, -0.07286, 0.07854), (-0.01642, -0.07242, -0.08831), (0.08289, -0.07877, 0.06316), (-0.10081, -0.08537, 0.00857), (0.08003, -0.08474, -0.08588), (-0.00163, -0.09162, 0.11366), (-0.07193, -0.09078, -0.08176), (0.12654, -0.09794, 0.01441), (-0.09893, -0.10535, 0.07100), (0.03000, -0.10433, -0.13908), (0.06789, -0.11202, 0.11763), (-0.15087, -0.11997, -0.04858), (0.13769, -0.11876, -0.06221), (-0.07027, -0.12699, 0.16141), (-0.05357, -0.12557, -0.15885), (0.17019, -0.13407, 0.09512), (-0.18078, -0.14283, 0.04161), (0.09982, -0.14123, -0.14321), (0.02596, -0.15026, 0.20308), (-0.14634, -0.15956, -0.12522), (0.22529, -0.15777, -0.00633), (-0.15309, -0.16734, 0.14666), (0.01755, -0.17717, -0.24687), (0.14362, -0.17519, 0.18321), (-0.26719, -0.18530, -0.04588), (0.21528, -0.18310, -0.13672), (-0.07877, -0.19349, 0.28560), (-0.12543, -0.20414, -0.24894), (0.24198, -0.20176, 0.09335), (-0.28371, -0.21268, 0.10928), (0.12750, -0.22386, -0.25272), (0.08781, -0.22129, 0.31902), (-0.26015, -0.23275, -0.16541), (0.35422, -0.24446, -0.06063), (-0.20687, -0.24170, 0.26360), (-0.02743, -0.25370, -0.38858), (0.26236, -0.25073, 0.25160), (-0.42127, -0.26300, -0.01205), (0.29918, -0.27553, -0.25573), (-0.04627, -0.27238, 0.36046), (-0.24306, -0.28518, -0.34911), (0.38321, -0.29825, 0.08841), (-0.40074, -0.29490, 0.22369), (0.13598, -0.30824, -0.40248), (0.19706, -0.30469, 0.45333), (-0.41739, -0.31831, -0.18885), (0.50604, -0.33219, -0.16265), (-0.24676, -0.32845, 0.42705), (-0.12003, -0.34260, -0.55789), (0.43055, -0.35701, 0.30934), (-0.48382, -0.35308, 0.05483), (0.37606, -0.36777, -0.42697), (0.00721, -0.38272, 0.52336), (-0.41545, -0.37860, -0.44628), (0.55974, -0.39383, 0.04786), (-0.51918, -0.38950, 0.39515), (0.11037, -0.40501, -0.59187), (0.36532, -0.42077, 0.59385), (-0.61862, -0.41625, -0.18019), (0.66919, -0.43229, -0.32527), (-0.25701, -0.44859, 0.63884), (-0.21802, -0.44388, -0.59107), (0.65135, -0.46046, 0.34040), (-0.65197, -0.47729, 0.16946), (0.42972, -0.47240, -0.65499), (0.11121, -0.48950, 0.71066), (-0.64862, -0.48441, -0.52420), (0.76588, -0.50179, -0.04306), (-0.62287, -0.51944, 0.63118), (0.03505, -0.51415, -0.81625), (0.47511, -0.53207, 0.57221), (-0.86036, -0.55025, -0.12298), (0.65708, -0.54477, -0.44366), (-0.22044, -0.56323, 0.89674), (-0.40083, -0.55755, -0.74285), (0.92391, -0.57628, 0.32694), (-0.82820, -0.59527, 0.34601), (0.44178, -0.58940, -0.94040), (0.27870, -0.60867, 0.91167), (-0.94474, -0.62819, -0.56407), (0.99170, -0.62213, -0.19856), (-0.54657, -0.64194, 0.73822), (-0.10545, -0.66200, -1.06661), (0.72279, -0.65575, 0.65521), (-1.13464, -0.67609, -0.00060), (0.76752, -0.66963, -0.69428), (-0.11931, -0.69025, 1.19398), (-0.65167, -0.71112, -0.88211), (1.24278, -0.70448, 0.25020), (-0.99741, -0.72563, 0.59409), (0.39252, -0.74704, -1.27918), (0.52082, -0.74021, 1.11168), (-1.02642, -0.76189, -0.43010), (1.22304, -0.78384, -0.43134), (-0.56066, -0.77682, 1.03643), (-0.32533, -0.79904, -1.32947), (1.03221, -0.79181, 0.69853), (-1.42884, -0.81431, 0.20270), (0.84233, -0.83707, -1.01229), (0.06361, -0.82965, 1.51893), (-0.97536, -0.85268, -0.99046), (1.59749, -0.87598, 0.09150), (-1.14110, -0.86837, 0.92022), (0.20654, -0.89194, -1.31080), (0.84586, -0.91577, 1.29224), (-1.35594, -0.90797, -0.35397), (1.44166, -0.93208, -0.75148), (-0.51310, -0.92408, 1.38658), (-0.63652, -0.94846, -1.58697), (1.40080, -0.97310, 0.68270), (-1.72565, -0.96491, 0.50066), (0.86127, -0.98983, -1.39674), (0.34390, -1.01501, 1.85505), (-1.37265, -1.00662, -1.04702), (1.55541, -1.03208, -0.13134), (-1.23791, -1.02349, 1.32696), (0.02439, -1.04922, -1.64459), (1.25827, -1.07521, 1.43164), (-1.72024, -1.06643, -0.19679), (1.62567, -1.09270, -1.16541), (-0.38490, -1.11923, 1.77992), (-1.04748, -1.11026, -1.81724), (1.82122, -1.13706, 0.58748), (-2.00339, -1.16412, 0.90387), (0.80292, -1.15497, -1.84179), (0.57912, -1.18230, 1.72009), (-1.83942, -1.17294, -1.02932), (1.86029, -1.20056, -0.42712), (-1.26442, -1.22843, 1.81202), (-0.25326, -1.21888, -1.98941), (1.75773, -1.24703, 1.50567), (-2.10453, -1.27544, 0.05800), (1.75022, -1.26570, -1.67492), (-0.15780, -1.29438, 2.20269), (-1.56223, -1.32333, -1.99495), (2.28092, -1.31340, 0.39291), (-1.76418, -1.34262, 1.11907), (0.64573, -1.33248, -2.33633), (0.98590, -1.36198, 1.95924), (-2.36612, -1.39174, -0.91426), (2.14734, -1.38141, -0.82582), (-1.19611, -1.41145, 2.36764), (-0.63868, -1.44174, -2.32516), (2.33844, -1.43123, 1.48853), (-2.48923, -1.46180, 0.42474), (1.78838, -1.45108, -2.27631), (0.18465, -1.48192, 2.63603), (-1.71959, -1.51303, -1.65083), (2.76200, -1.50212, 0.08049), (-1.90029, -1.53350, 1.62258), (0.36915, -1.56514, -2.86361), (1.49429, -1.55404, 2.14869), (-2.93741, -1.58596, -0.67933), (2.39238, -1.61813, -1.33378), (-1.00858, -1.60685, 2.98007), (-1.14053, -1.63930, -2.62755), (2.98845, -1.62780, 1.35400), (-2.85018, -1.66053, 0.91442), (1.35147, -1.69352, -2.33607), (0.65583, -1.68184, 3.05615), (-2.29358, -1.71510, -1.64971), (3.24125, -1.74863, -0.36559), (-1.95444, -1.73675, 2.21666), (-0.04506, -1.77055, -3.40124), (2.10346, -1.80461, 2.26193)],
                2: [(0.05374, -0.04246, 0.00607), (-0.05032, -0.04729, 0.03618), (0.01286, -0.05238, -0.05989), (0.03531, -0.05230, 0.06106), (-0.06607, -0.05767, -0.02121), (0.07302, -0.06329, -0.03307), (-0.03128, -0.06302, 0.07203), (-0.02912, -0.06892, -0.08610), (0.07749, -0.07508, 0.04322), (-0.10016, -0.07462, 0.02314), (0.05713, -0.08106, -0.08212), (0.01230, -0.08039, 0.09553), (-0.08554, -0.08710, -0.07306), (0.10799, -0.09408, -0.00313), (-0.09101, -0.09322, 0.08734), (0.00847, -0.10047, -0.12060), (0.08711, -0.10798, 0.11092), (-0.13301, -0.10693, -0.02272), (0.13265, -0.11472, -0.08440), (-0.03981, -0.12277, 0.14484), (-0.07877, -0.12153, -0.15599), (0.15563, -0.12985, 0.05989), (-0.14682, -0.12841, 0.05670), (0.08302, -0.13701, -0.16491), (0.04636, -0.14587, 0.16786), (-0.17214, -0.14423, -0.10923), (0.18944, -0.15337, -0.03260), (-0.13847, -0.16276, 0.17675), (-0.01508, -0.16094, -0.21111), (0.17817, -0.17061, 0.17057), (-0.23239, -0.18054, -0.00645), (0.20531, -0.17853, -0.17580), (-0.03222, -0.18873, 0.25272), (-0.13584, -0.18651, -0.19474), (0.27147, -0.19700, 0.06238), (-0.22668, -0.20774, 0.12679), (0.09701, -0.20533, -0.28797), (0.11325, -0.21635, 0.25991), (-0.30149, -0.22763, -0.13609), (0.29392, -0.22503, -0.09475), (-0.17951, -0.23659, 0.31129), (-0.07090, -0.23378, -0.32813), (0.31658, -0.24561, 0.22704), (-0.36186, -0.25771, 0.04133), (0.22228, -0.25471, -0.25282), (0.00578, -0.26708, 0.39436), (-0.24891, -0.27971, -0.26691), (0.42478, -0.27652, 0.03595), (-0.31405, -0.28943, 0.23946), (0.08393, -0.30259, -0.45224), (0.22385, -0.29922, 0.36317), (-0.47579, -0.31266, -0.13813), (0.41358, -0.30908, -0.20147), (-0.19842, -0.32279, 0.49445), (-0.17180, -0.33677, -0.46452), (0.40356, -0.33300, 0.21046), (-0.51511, -0.34725, 0.13437), (0.26842, -0.36176, -0.40991), (0.08882, -0.35780, 0.56437), (-0.40989, -0.37259, -0.33067), (0.61122, -0.38764, -0.03490), (-0.39664, -0.38349, 0.40263), (0.02753, -0.39881, -0.65453), (0.38730, -0.39446, 0.46563), (-0.69307, -0.41006, -0.09845), (0.53680, -0.42592, -0.36313), (-0.14108, -0.42138, 0.57608), (-0.32940, -0.43751, -0.60920), (0.59876, -0.45390, 0.21129), (-0.68170, -0.44917, 0.28551), (0.28809, -0.46584, -0.61463), (0.23094, -0.46091, 0.75310), (-0.62255, -0.47785, -0.37096), (0.82204, -0.49506, -0.16534), (-0.45924, -0.48993, 0.62140), (-0.08848, -0.50742, -0.88710), (0.61011, -0.52516, 0.55210), (-0.75068, -0.51984, 0.00026), (0.64851, -0.53786, -0.58766), (-0.07885, -0.55614, 0.79613), (-0.55310, -0.55063, -0.74732), (0.83494, -0.56919, 0.16733), (-0.84719, -0.56348, 0.50561), (0.26482, -0.58231, -0.86569), (0.44450, -0.60140, 0.94662), (-0.88694, -0.59550, -0.37074), (1.04399, -0.61486, -0.36922), (-0.48436, -0.63449, 0.89726), (-0.22138, -0.62840, -0.90125), (0.89525, -0.64830, 0.60471), (-0.97548, -0.66846, 0.13925), (0.73062, -0.66218, -0.87960), (0.04464, -0.68262, 1.04410), (-0.84908, -0.67614, -0.86072), (1.10538, -0.69685, 0.06234), (-0.99343, -0.71782, 0.80257), (0.18136, -0.71115, -1.15755), (0.58240, -0.73240, 0.88805), (-1.19880, -0.75391, -0.31183), (0.99744, -0.74704, -0.52103), (-0.45295, -0.76883, 1.22734), (-0.44438, -0.76176, -1.10514), (1.24140, -0.78382, 0.60368), (-1.20930, -0.80614, 0.35199), (0.76269, -0.79889, -1.23929), (0.24365, -0.82148, 1.30790), (-1.21941, -0.84434, -0.92845), (1.39885, -0.83689, -0.11934), (-0.86590, -0.86002, 0.92981), (0.02066, -0.88341, -1.47999), (0.88728, -0.87578, 1.00776), (-1.54910, -0.89945, -0.17584), (1.15133, -0.89161, -0.82688), (-0.34539, -0.91555, 1.60395), (-0.74771, -0.93975, -1.29457), (1.64235, -0.93172, 0.52820), (-1.43528, -0.95620, 0.64906), (0.72288, -0.98094, -1.66214), (0.53048, -0.97272, 1.57111), (-1.30866, -0.99774, -0.73081), (1.69955, -1.02301, -0.39178), (-0.90321, -1.01460, 1.29679), (-0.23305, -1.04016, -1.81800), (1.26513, -1.03154, 1.08180), (-1.92379, -1.05737, 0.05470), (1.26452, -1.08346, -1.21223), (-0.14253, -1.07465, 2.01420), (-1.13680, -1.10101, -1.44907), (2.08652, -1.12764, 0.35755), (-1.63291, -1.11864, 1.03779), (0.46397, -1.14554, -1.68441), (0.91444, -1.17270, 1.81329), (-1.71538, -1.16352, -0.66109), (1.98730, -1.19095, -0.76626), (-0.86993, -1.18156, 1.72571), (-0.59310, -1.20928, -2.15186), (1.71331, -1.23725, 1.08850), (-2.30381, -1.22767, 0.39517), (1.31455, -1.25592, -1.67621), (0.17305, -1.28442, 2.43988), (-1.61270, -1.27465, -1.54551), (2.01466, -1.30344, 0.05695), (-1.77851, -1.29346, 1.52128), (0.26883, -1.32252, -2.09982), (1.40075, -1.35184, 2.01043), (-2.16493, -1.34168, -0.49869), (2.23794, -1.37127, -1.25024), (-0.74487, -1.40113, 2.20721), (-1.06925, -1.39078, -2.45747), (2.22400, -1.42091, 1.00531), (-2.66532, -1.45129, 0.85768), (1.27758, -1.44075, -2.21280), (0.48538, -1.47142, 2.25230), (-2.17130, -1.46067, -1.55889), (2.40081, -1.49162, -0.27291), (-1.84611, -1.52282, 2.09748), (-0.03575, -1.51188, -2.53163), (1.98959, -1.54336, 2.13574), (-2.64132, -1.57510, -0.22492), (2.42403, -1.56397, -1.84627), (-0.50746, -1.59599, 2.72650), (-1.66653, -1.62826, -2.70694), (2.78386, -1.61694, 0.80982), (-2.34965, -1.64949, 1.14307), (1.12947, -1.63797, -2.81024), (0.94786, -1.67080, 2.56706), (-2.80268, -1.70388, -1.46346), (2.77117, -1.69217, -0.72131), (-1.80843, -1.72554, 2.75849), (-0.46392, -1.75916, -2.95796), (2.67529, -1.74726, 2.16057), (-3.12335, -1.78115, 0.17667), (2.51574, -1.76905, -2.55105), (0.02188, -0.00076, 0.01214), (-0.02452, -0.00244, 0.00573), (0.01455, -0.00378, -0.02102), (0.00338, -0.00574, 0.02576), (-0.02047, -0.00796, -0.01740), (0.02747, -0.00910, -0.00086), (-0.02084, -0.01160, 0.02010), (0.00201, -0.01435, -0.02966), (0.01977, -0.01531, 0.02504), (-0.03230, -0.01834, -0.00544), (0.03011, -0.01909, -0.01926), (-0.00962, -0.02240, 0.03533), (-0.01686, -0.02597, -0.03319), (0.03864, -0.02653, 0.01476), (-0.03902, -0.03037, 0.01518), (0.02105, -0.03447, -0.04206), (0.01272, -0.03485, 0.04563), (-0.04540, -0.03922, -0.02865), (0.05298, -0.04386, -0.00925)],
                4: [(0.13777, -0.11617, 0.03153), (-0.14463, -0.12433, 0.08106), (0.04995, -0.13275, -0.14869), (0.07351, -0.13128, 0.16831), (-0.15832, -0.13997, -0.07130), (0.19307, -0.14893, -0.06243), (-0.09564, -0.14727, 0.16618), (-0.04741, -0.15650, -0.21850), (0.17173, -0.16599, 0.12293), (-0.24411, -0.16414, 0.02810), (0.15308, -0.17391, -0.17441), (0.00336, -0.17185, 0.21668), (-0.17366, -0.18190, -0.18589), (0.23679, -0.19220, 0.01983), (-0.22109, -0.18996, 0.16888), (0.04721, -0.20054, -0.25566), (0.15952, -0.21138, 0.25830), (-0.27265, -0.20894, -0.07890), (0.29705, -0.22006, -0.14502), (-0.11491, -0.23143, 0.28708), (-0.12488, -0.22881, -0.33676), (0.29823, -0.24046, 0.15519), (-0.30095, -0.23763, 0.07878), (0.19957, -0.24956, -0.30535), (0.05282, -0.26174, 0.33375), (-0.30769, -0.25873, -0.24778), (0.36572, -0.27119, -0.02120), (-0.29944, -0.28391, 0.30449), (0.01631, -0.28070, -0.39610), (0.29500, -0.29370, 0.35402), (-0.42403, -0.30696, -0.05986), (0.41092, -0.30356, -0.27850), (-0.10946, -0.31710, 0.44863), (-0.20230, -0.31349, -0.37336), (0.46896, -0.32731, 0.16503), (-0.42215, -0.34138, 0.17724), (0.22637, -0.33758, -0.48405), (0.14490, -0.35193, 0.47106), (-0.49290, -0.36654, -0.29312), (0.51918, -0.36256, -0.10489), (-0.36481, -0.37744, 0.49452), (-0.05691, -0.37325, -0.56553), (0.48795, -0.38841, 0.44078), (-0.60903, -0.40383, 0.00074), (0.41282, -0.39945, -0.37474), (-0.06366, -0.41514, 0.64853), (-0.35594, -0.43110, -0.48006), (0.68283, -0.42653, 0.13623), (-0.54900, -0.44276, 0.32830), (0.21672, -0.45925, -0.71069), (0.29115, -0.45450, 0.61864), (-0.73083, -0.47126, -0.30474), (0.68786, -0.46630, -0.24395), (-0.39971, -0.48334, 0.74200), (-0.18626, -0.50065, -0.75543), (0.58863, -0.49549, 0.39685), (-0.82000, -0.51307, 0.11779), (0.48342, -0.53091, -0.58303), (0.03840, -0.52557, 0.88014), (-0.56721, -0.54368, -0.57399), (0.93435, -0.56206, 0.05188), (-0.66752, -0.55653, 0.54023), (0.15283, -0.57518, -0.98105), (0.50122, -0.56944, 0.76281), (-1.01865, -0.58837, -0.26402), (0.85851, -0.60755, -0.44941), (-0.30463, -0.60163, 0.82766), (-0.38421, -0.62109, -0.95310), (0.84324, -0.64081, 0.40915), (-1.04496, -0.63470, 0.30515), (0.52071, -0.65469, -0.84775), (0.21196, -0.64837, 1.13233), (-0.83985, -0.66865, -0.63830), (1.21335, -0.68918, -0.10458), (-0.76071, -0.68267, 0.81829), (0.01683, -0.70348, -1.28611), (0.78193, -0.72455, 0.88654), (-1.06702, -0.71785, -0.12018), (1.01419, -0.73920, -0.72973), (-0.23847, -0.76080, 1.11217), (-0.66085, -0.75391, -1.14188), (1.14612, -0.77580, 0.36751), (-1.26765, -0.76870, 0.57459), (0.50640, -0.79086, -1.16717), (0.47048, -0.81328, 1.38940), (-1.17361, -0.80599, -0.65405), (1.50491, -0.82869, -0.34829), (-0.80910, -0.85164, 1.16383), (-0.16457, -0.84417, -1.27499), (1.13633, -0.86739, 0.96995), (-1.35750, -0.89088, 0.03978), (1.13476, -0.88322, -1.08974), (-0.09992, -0.90699, 1.42978), (-1.02285, -0.89912, -1.30148), (1.48966, -0.92316, 0.25393), (-1.46784, -0.94746, 0.93469), (0.42137, -0.93940, -1.53499), (0.64880, -0.96398, 1.28376), (-1.56366, -0.98881, -0.60106), (1.41539, -0.98057, -0.54716), (-0.79154, -1.00568, 1.57362), (-0.42631, -0.99723, -1.54147), (1.56292, -1.02262, 0.99105), (-1.65953, -1.04826, 0.28615), (1.19754, -1.03962, -1.52976), (0.12688, -1.06555, 1.76704), (-1.47252, -1.09173, -1.40871), (1.86138, -1.08290, 0.05100), (-1.27642, -1.10936, 1.09374), (0.24664, -1.13608, -1.93993), (1.01292, -1.12706, 1.45110), (-2.00006, -1.15406, -0.45887), (1.62418, -1.14483, -0.90922), (-0.68619, -1.17210, 2.03922), (-0.78197, -1.19963, -1.79294), (2.05493, -1.19022, 0.92672), (-1.95451, -1.21803, 0.63083), (1.17825, -1.24609, -2.04488), (0.45575, -1.23649, 2.10588), (-1.57965, -1.26483, -1.13203), (2.24394, -1.29344, -0.25706), (-1.34799, -1.28364, 1.53423), (-0.03547, -1.31252, -2.36553), (1.46298, -1.30252, 1.56770), (-2.46747, -1.33168, -0.20794), (1.78834, -1.36109, -1.36456), (-0.47168, -1.35090, 2.54660), (-1.23791, -1.38059, -2.00681), (2.59987, -1.41055, 0.75384), (-2.21979, -1.40017, 1.08229), (0.82831, -1.43039, -2.06612), (0.89736, -1.46088, 2.42381), (-2.07119, -1.45031, -1.07921), (2.61520, -1.48108, -0.68315), (-1.34055, -1.47030, 2.04871), (-0.44011, -1.50134, -2.79024), (1.99652, -1.53264, 1.60952), (-2.94512, -1.52168, 0.16916), (1.88299, -1.55325, -1.91275), (-0.12832, -1.58509, 3.07605), (-1.79583, -1.57393, -2.15749), (2.50379, -1.60605, 0.35478), (-2.42929, -1.59469, 1.64456), (0.62935, -1.62707, -2.57363), (1.45812, -1.65972, 2.69442), (-2.61583, -1.64817, -0.92208), (2.94867, -1.68110, -1.23614), (-1.23042, -1.71428, 2.62741), (-0.97872, -1.70254, -3.18770), (2.60559, -1.73600, 1.55139), (-3.40704, -1.76972, 0.68648), (1.88160, -1.75779, -2.54784), (0.28404, -1.79179, 2.83787), (-0.02329, -0.00003, 0.00908), (0.01121, -0.00155, -0.02244), (0.00684, -0.00333, 0.02443), (-0.02178, -0.00464, -0.01372), (0.02611, -0.00670, -0.00458), (-0.01664, -0.00902, 0.02139), (-0.00212, -0.01013, -0.02836), (0.02116, -0.01273, 0.02013), (-0.03122, -0.01558, -0.00076), (0.02432, -0.01651, -0.02096), (-0.00404, -0.01964, 0.03256), (-0.02060, -0.02036, -0.02933), (0.03561, -0.02376, 0.00806), (-0.03525, -0.02743, 0.01987), (0.01298, -0.02796, -0.03894), (0.01852, -0.03190, 0.04212), (-0.04240, -0.03610, -0.01897), (0.04996, -0.03645, -0.01629), (-0.02621, -0.04092, 0.04581), (-0.01289, -0.04106, -0.05871), (0.04893, -0.04581, 0.03485), (-0.05903, -0.05082, 0.00694), (0.04498, -0.05077, -0.05149), (0.00121, -0.05606, 0.06733), (-0.05320, -0.06161, -0.05667), (0.07598, -0.06137, 0.00618), (-0.06996, -0.06719, 0.05371), (0.01545, -0.07328, -0.08478), (0.05266, -0.07285, 0.08480), (-0.09345, -0.07921, -0.02680), (0.10110, -0.07857, -0.04966), (-0.04041, -0.08521, 0.10165), (-0.03679, -0.09210, -0.09847), (0.10902, -0.09128, 0.05640), (-0.11379, -0.09845, 0.03008), (0.07486, -0.10588, -0.11515), (0.02086, -0.10487, 0.12979), (-0.11956, -0.11258, -0.09581), (0.14616, -0.12054, -0.00883)],
                6: [(0.27057, -0.22113, 0.09495), (-0.31019, -0.23261, 0.13055), (0.13197, -0.24436, -0.28283), (0.10768, -0.24151, 0.34898), (-0.29154, -0.25353, -0.17303), (0.38767, -0.26581, -0.07868), (-0.21794, -0.26277, 0.29598), (-0.04319, -0.27533, -0.42547), (0.29540, -0.28815, 0.26638), (-0.46152, -0.28491, 0.00096), (0.31791, -0.29801, -0.28908), (-0.03829, -0.29457, 0.39356), (-0.27631, -0.30794, -0.37198), (0.41884, -0.32157, 0.08318), (-0.42792, -0.31794, 0.25640), (0.13390, -0.33185, -0.44048), (0.22875, -0.34602, 0.48496), (-0.45753, -0.34220, -0.19031), (0.54218, -0.35664, -0.19281), (-0.25214, -0.37135, 0.46904), (-0.14814, -0.36734, -0.59858), (0.47405, -0.38232, 0.31900), (-0.51790, -0.37810, 0.07485), (0.39035, -0.39336, -0.47161), (0.02497, -0.40887, 0.56109), (-0.46080, -0.40447, -0.46549), (0.60103, -0.42026, 0.03285), (-0.54359, -0.43631, 0.44072), (0.09860, -0.43172, -0.63658), (0.41058, -0.44805, 0.62369), (-0.66656, -0.46463, -0.17214), (0.70464, -0.45985, -0.36965), (-0.25319, -0.47671, 0.68975), (-0.25123, -0.47172, -0.62167), (0.70492, -0.48886, 0.34127), (-0.68723, -0.50626, 0.20134), (0.43576, -0.50109, -0.71083), (0.14119, -0.51876, 0.75065), (-0.70630, -0.53670, -0.53583), (0.81059, -0.53133, -0.07058), (-0.64049, -0.54954, 0.69018), (0.01057, -0.54397, -0.86561), (0.66140, -0.56245, 0.74858), (-0.91425, -0.58120, -0.10216), (0.67919, -0.57544, -0.48959), (-0.20389, -0.59446, 0.95495), (-0.44677, -0.61374, -0.77043), (0.98618, -0.60779, 0.31527), (-0.86147, -0.62735, 0.39138), (0.43559, -0.64717, -1.00636), (0.32288, -0.64103, 0.95080), (-1.01398, -0.66112, -0.56393), (1.03679, -0.65477, -0.24090), (-0.69916, -0.67514, 1.00757), (-0.14526, -0.69577, -1.11770), (0.77919, -0.68924, 0.66392), (-1.19170, -0.71015, 0.03596), (0.78210, -0.73131, -0.75238), (-0.08674, -0.72459, 1.25689), (-0.71093, -0.74603, -0.90297), (1.31136, -0.76773, 0.22236), (-1.02492, -0.76081, 0.65390), (0.37018, -0.78279, -1.35314), (0.58051, -0.77567, 1.14615), (-1.38033, -0.79793, -0.52920), (1.26472, -0.82044, -0.49018), (-0.55172, -0.81313, 1.09925), (-0.38254, -0.83592, -1.37853), (1.09868, -0.85897, 0.69533), (-1.48539, -0.85147, 0.25746), (0.84547, -0.87480, -1.08196), (0.11505, -0.86709, 1.58300), (-1.04768, -0.89069, -1.00053), (1.66899, -0.91455, 0.04427), (-1.15863, -0.90666, 0.99456), (0.21980, -0.93080, -1.74098), (0.92152, -0.95519, 1.31772), (-1.41959, -0.94711, -0.32439), (1.47551, -0.97178, -0.82768), (-0.48850, -0.99672, 1.45591), (-0.71240, -0.98844, -1.62955), (1.47549, -1.01365, 0.66386), (-1.77724, -1.00517, 0.57532), (0.84898, -1.03066, -1.47639), (0.41637, -1.05640, 1.91583), (-1.45675, -1.04774, -1.04203), (2.04249, -1.07376, -0.23579), (-1.24096, -1.10004, 1.41490), (-0.02701, -1.09118, -1.70236), (1.34935, -1.11774, 1.44342), (-1.78557, -1.14455, -0.14891), (1.64681, -1.13551, -1.25884), (-0.34149, -1.16260, 1.85272), (-1.14236, -1.15335, -1.84830), (1.90129, -1.18072, 0.54949), (-2.04487, -1.20835, 0.99921), (0.77131, -1.19890, -1.92882), (0.65182, -1.22681, 1.75589), (-1.93297, -1.25497, -1.00505), (1.90490, -1.24534, -0.49938), (-1.24843, -1.27378, 1.91156), (-0.32409, -1.26394, -2.04312), (1.86259, -1.29266, 1.49888), (-2.16751, -1.32164, 0.12640), (1.75349, -1.31161, -1.78432), (-0.09292, -1.34086, 2.27500), (-1.67527, -1.37038, -2.00908), (2.36253, -1.36016, 0.33267), (-1.77903, -1.38995, 1.20661), (0.59127, -1.42000, -2.42707), (1.07566, -1.40959, 1.98355), (-2.46568, -1.43991, -0.86673), (2.18169, -1.42930, -0.91685), (-1.15669, -1.45990, 2.47559), (-0.72994, -1.49076, -2.37004), (2.45421, -1.47996, 1.45836), (-2.54503, -1.51110, 0.51511), (1.76858, -1.54249, -2.39918), (0.27293, -1.53151, 2.70304), (-1.81596, -1.56318, -1.63926), (2.84037, -1.59511, -0.00444), (-1.89804, -1.58393, 1.72414), (0.28889, -1.61614, -2.95337), (1.60021, -1.60475, 2.15664), (-3.03843, -1.63724, -0.60510), (2.41137, -1.66998, -1.44311), (-0.94176, -1.65841, 3.09208), (-1.25220, -1.69142, -2.65832), (3.11103, -1.72470, 1.29598), (-2.89338, -1.71294, 1.02724), (1.30977, -1.74650, -2.43336), (0.76850, -1.78031, 3.11230), (-2.39913, -1.76836, -1.61628), (3.31077, -1.80245, -0.47674), (0.01009, -0.00076, 0.02290), (-0.02303, -0.00238, -0.01028), (0.02427, -0.00426, -0.00794), (-0.01298, -0.00554, 0.02273), (-0.00576, -0.00769, -0.02612), (0.02278, -0.01010, 0.01620), (-0.02851, -0.01120, 0.00338), (0.01931, -0.01389, -0.02215), (0.00059, -0.01477, 0.03146), (-0.02206, -0.01774, -0.02346), (0.03496, -0.02096, 0.00281), (-0.02838, -0.02166, 0.02183), (0.00706, -0.02516, -0.03893), (0.02125, -0.02892, 0.03416), (-0.04326, -0.02943, -0.01237), (0.04085, -0.03346, -0.02011), (-0.01895, -0.03776, 0.04779), (-0.01816, -0.03808, -0.04847), (0.04587, -0.04265, 0.02368), (-0.05699, -0.04276, 0.01512), (0.03184, -0.04761, -0.04907), (0.01072, -0.05272, 0.06631), (-0.05180, -0.05265, -0.04143), (0.07631, -0.05803, -0.00468), (-0.05253, -0.06367, 0.05377), (0.00329, -0.06341, -0.08678), (0.05466, -0.06933, 0.06517), (-0.09747, -0.07551, -0.01343), (0.07933, -0.07505, -0.05414), (-0.02169, -0.08151, 0.09021), (-0.05185, -0.08085, -0.09494), (0.09841, -0.08758, 0.03427), (-0.11186, -0.09457, 0.04740), (0.04912, -0.09372, -0.10594), (0.04043, -0.10099, 0.12990), (-0.11239, -0.10852, -0.06634), (0.14878, -0.10748, -0.03057), (-0.08597, -0.11528, 0.11735), (-0.01748, -0.11404, -0.16815), (0.12035, -0.12212, 0.10800), (-0.15302, -0.13046, 0.00069), (0.13233, -0.12902, -0.12092), (-0.01600, -0.13764, 0.16874), (-0.11855, -0.14651, -0.15880), (0.18378, -0.14489, 0.03604), (-0.18716, -0.15404, 0.11276), (0.05956, -0.16345, -0.19763), (0.10303, -0.16164, 0.21707), (-0.20975, -0.17132, -0.08665), (0.24812, -0.16930, -0.08891), (-0.11733, -0.17927, 0.21953), (-0.05640, -0.18949, -0.22556), (0.22634, -0.18728, 0.15152), (-0.25181, -0.19778, 0.03702), (0.18906, -0.20854, -0.22955), (0.01303, -0.20614, 0.27770), (-0.22847, -0.21718, -0.22969), (0.30261, -0.22847, 0.01581)],
                8: [(0.44152, -0.35733, 0.21328), (-0.55090, -0.37215, 0.16192), (0.27504, -0.38723, -0.44954), (0.11424, -0.38299, 0.60447), (-0.45086, -0.39834, -0.34142), (0.65560, -0.41395, -0.05766), (-0.41184, -0.40952, 0.44457), (0.00797, -0.42541, -0.70308), (0.42978, -0.44156, 0.48558), (-0.74562, -0.43694, -0.08266), (0.56175, -0.45336, -0.40568), (-0.13152, -0.44853, 0.61863), (-0.37150, -0.46524, -0.63935), (0.64431, -0.48220, 0.20536), (-0.71722, -0.47718, 0.32660), (0.28625, -0.49442, -0.66292), (0.27044, -0.51191, 0.79409), (-0.67327, -0.50671, -0.37367), (0.86856, -0.52448, -0.20261), (-0.46695, -0.54251, 0.67418), (-0.12288, -0.53712, -0.93913), (0.66450, -0.55543, 0.56520), (-0.79360, -0.54982, 0.02464), (0.66740, -0.56841, -0.64316), (-0.05746, -0.58725, 0.84341), (-0.60917, -0.58146, -0.77234), (0.88646, -0.60058, 0.14952), (-0.87862, -0.61996, 0.56164), (0.25116, -0.61398, -0.92125), (0.49982, -0.63364, 0.98471), (-0.94626, -0.65355, -0.36184), (1.08890, -0.64739, -0.42313), (-0.48078, -0.66758, 0.95999), (-0.26154, -0.66120, -0.93931), (0.96098, -0.68167, 0.60701), (-1.01918, -0.70240, 0.17756), (0.73933, -0.69584, -0.94783), (0.08043, -0.71684, 1.09347), (-0.91924, -0.73810, -0.87634), (1.16037, -0.73135, 0.02977), (-1.01641, -0.75289, 0.87402), (0.15270, -0.74593, -1.21805), (0.81115, -0.76775, 1.15775), (-1.26461, -0.78982, -0.28782), (1.02499, -0.78267, -0.57614), (-0.43431, -0.80503, 1.29817), (-0.49926, -0.82764, -1.13930), (1.31689, -0.82030, 0.59112), (-1.25029, -0.84319, 0.40595), (0.75693, -0.86633, -1.31898), (0.29592, -0.85881, 1.35590), (-1.30275, -0.88223, -0.93016), (1.45395, -0.87450, -0.16913), (-1.10896, -0.89820, 1.26663), (-0.02581, -0.92215, -1.54219), (0.95452, -0.91423, 1.01928), (-1.61831, -0.93847, -0.13354), (1.16996, -0.96296, -0.89594), (-0.30814, -0.95485, 1.68000), (-0.81790, -0.97962, -1.32077), (1.72495, -1.00465, 0.49689), (-1.46946, -0.99635, 0.71963), (0.69840, -1.02166, -1.75091), (0.60060, -1.01315, 1.61360), (-1.75573, -1.03873, -0.91094), (1.75061, -1.06458, -0.46056), (-0.89398, -1.05588, 1.37145), (-0.29955, -1.08200, -1.87780), (1.34392, -1.10838, 1.07956), (-1.99239, -1.09949, 0.11793), (1.26998, -1.12615, -1.29456), (-0.08360, -1.11706, 2.09157), (-1.22198, -1.14399, -1.46287), (2.17252, -1.17118, 0.30398), (-1.65566, -1.16190, 1.12505), (0.54179, -1.18936, -2.23244), (1.00290, -1.21709, 1.84554), (-1.79106, -1.20762, -0.62784), (2.02950, -1.23562, -0.85497), (-0.84281, -1.26388, 1.80792), (-0.68103, -1.25422, -2.20439), (1.80162, -1.28276, 1.06845), (-2.36693, -1.27290, 0.48121), (1.30247, -1.30171, -1.77010), (0.25603, -1.33078, 2.51374), (-1.71151, -1.32073, -1.54226), (2.64144, -1.35008, -0.00643), (-1.78493, -1.37969, 1.62424), (0.21025, -1.36945, -2.16891), (1.50699, -1.39933, 2.02731), (-2.24279, -1.42948, -0.44461), (2.26595, -1.41905, -1.35877), (-0.69640, -1.44947, 2.29367), (-1.17898, -1.43883, -2.49724), (2.31877, -1.46953, 0.96357), (-2.71735, -1.50048, 0.96741), (1.24369, -1.48965, -2.31543), (0.56912, -1.52089, 2.29624), (-2.28123, -1.55238, -1.53396), (2.45510, -1.54136, -0.35571), (-1.83120, -1.57313, 2.21400), (-0.11644, -1.56191, -2.59653), (2.11187, -1.59396, 2.13190), (-2.71698, -1.62626, -0.14755), (2.43221, -1.61485, -1.97333), (-0.43469, -1.64743, 2.81293), (-1.79725, -1.68027, -2.72803), (2.88093, -1.66867, 0.74296), (-2.36987, -1.70178, 1.24426), (1.06986, -1.73516, -2.91768), (1.05116, -1.72337, 2.59847), (-2.92006, -1.75702, -1.41245), (2.81439, -1.74503, -0.82558), (-1.76733, -1.77896, 2.88521), (-0.02404, -0.00008, -0.00685), (0.02251, -0.00152, -0.01111), (-0.00932, -0.00323, 0.02358), (-0.00910, -0.00521, -0.02424), (0.02348, -0.00646, 0.01210), (-0.02605, -0.00871, 0.00694), (0.01535, -0.01122, -0.02370), (0.00464, -0.01229, 0.02854), (-0.02411, -0.01507, -0.01925), (0.03155, -0.01593, -0.00196), (-0.02396, -0.01900, 0.02457), (0.00130, -0.02232, -0.03507), (0.02488, -0.02299, 0.02961), (-0.03905, -0.02659, -0.00535), (0.03630, -0.03044, -0.02482), (-0.01039, -0.03093, 0.04338), (-0.02153, -0.03506, -0.03934), (0.04793, -0.03945, 0.01664), (-0.04670, -0.03974, 0.01983), (0.02428, -0.04441, -0.05249), (0.01715, -0.04450, 0.05492), (-0.05683, -0.04945, -0.03348), (0.06395, -0.05465, -0.01320), (-0.04436, -0.05455, 0.06066), (-0.00772, -0.06003, -0.07367), (0.06365, -0.06577, 0.05702), (-0.08390, -0.06548, 0.00045), (0.06013, -0.07149, -0.05505), (-0.00887, -0.07099, 0.09441), (-0.05501, -0.07729, -0.07355), (0.10493, -0.08384, 0.02048), (-0.08839, -0.08315, 0.05336), (0.03458, -0.08998, -0.11510), (0.04974, -0.09707, 0.10455), (-0.12453, -0.09619, -0.05132), (0.12187, -0.10356, -0.04379), (-0.07082, -0.11118, 0.13279), (-0.03516, -0.11012, -0.14010), (0.11405, -0.11802, 0.07620), (-0.15894, -0.11675, 0.02351), (0.09678, -0.12492, -0.11772), (0.00851, -0.13336, 0.17801), (-0.11921, -0.13190, -0.11963), (0.19687, -0.14061, 0.01011), (-0.14463, -0.14958, 0.11805), (0.03258, -0.14793, -0.21500), (0.11375, -0.15718, 0.17156), (-0.23184, -0.16669, -0.05906), (0.20015, -0.16485, -0.10584), (-0.07237, -0.17463, 0.19917), (-0.09384, -0.17259, -0.23001), (0.20964, -0.18265, 0.10065), (-0.26070, -0.19297, 0.07731), (0.13236, -0.19073, -0.21752), (0.05585, -0.20133, 0.29167), (-0.22218, -0.21218, -0.16741), (0.32229, -0.20976, -0.02913), (-0.20557, -0.22089, 0.22298), (0.00314, -0.21826, -0.35186), (0.21927, -0.22967, 0.24654), (-0.30414, -0.24134, -0.03298), (0.28991, -0.23852, -0.21043), (-0.06835, -0.25046, 0.32537), (-0.19584, -0.26266, -0.33516), (0.34386, -0.25965, 0.10868), (-0.38168, -0.27213, 0.17492), (0.15391, -0.28487, -0.35881), (0.14717, -0.28167, 0.42873), (-0.36942, -0.29469, -0.20387), (0.47549, -0.29129, -0.11213), (-0.25828, -0.30458, 0.37483), (-0.05541, -0.31813, -0.41569), (0.37421, -0.31453, 0.31673), (-0.45205, -0.32836, 0.01513), (0.37870, -0.34245, -0.36671), (-0.03193, -0.33867, 0.48598), (-0.35155, -0.35303, -0.44351), (0.51649, -0.36765, 0.08584)],
                10: [(0.63620, -0.52479, 0.40109), (-0.86562, -0.54294, 0.15159), (0.49244, -0.56134, -0.63245), (0.06929, -0.55572, 0.93097), (-0.61807, -0.57440, -0.58819), (0.99028, -0.59334, 0.02454), (-0.68727, -0.58752, 0.59203), (0.12970, -0.60674, -1.04193), (0.55342, -0.62621, 0.78842), (-1.08423, -0.62021, -0.24577), (0.89025, -0.63996, -0.50143), (-0.29361, -0.63375, 0.88016), (-0.43539, -0.65378, -0.99120), (0.89923, -0.67407, 0.40270), (-1.08957, -0.66767, 0.35481), (0.51939, -0.68823, -0.90689), (0.25938, -0.70906, 1.18353), (-0.90172, -0.70247, -0.64264), (1.27117, -0.72357, -0.14899), (-0.77123, -0.74493, 0.88242), (-0.02378, -0.73815, -1.35046), (0.84776, -0.75978, 0.90370), (-1.11945, -0.75280, -0.09139), (1.03841, -0.77471, -0.79665), (-0.21350, -0.79688, 1.16976), (-0.72814, -0.78971, -1.17354), (1.20868, -0.81216, 0.34704), (-1.30706, -0.83486, 0.64151), (0.49113, -0.82750, -1.23442), (0.53623, -0.85048, 1.43681), (-1.24518, -0.87373, -0.64467), (1.56048, -0.86617, -0.41200), (-0.80628, -0.88969, 1.23928), (-0.21196, -0.88193, -1.32134), (1.21511, -0.90573, 0.97434), (-1.41056, -0.92979, 0.08472), (1.14697, -0.92184, -1.17121), (-0.05824, -0.94617, 1.48953), (-1.10632, -0.97076, -1.32207), (1.55601, -0.96262, 0.21633), (-1.49730, -0.98749, 1.01935), (0.38871, -0.97915, -1.60777), (0.90948, -1.00429, 1.67014), (-1.64259, -1.02969, -0.57418), (1.44926, -1.02116, -0.61202), (-0.77130, -1.04684, 1.65830), (-0.49064, -1.07278, -1.58322), (1.65287, -1.06406, 0.97829), (-1.70941, -1.09027, 0.34908), (1.19307, -1.11675, -1.62439), (0.18751, -1.10784, 1.82519), (-1.57113, -1.13459, -1.41329), (1.92786, -1.12547, -0.00637), (-1.63631, -1.15250, 1.49161), (0.19353, -1.17978, -2.01470), (1.09194, -1.17048, 1.46628), (-2.08296, -1.19804, -0.41104), (1.64787, -1.22586, -0.99010), (-0.64467, -1.21637, 2.12998), (-0.86387, -1.24447, -1.82567), (2.15317, -1.27282, 0.89255), (-1.99671, -1.26314, 0.71282), (1.15246, -1.29177, -2.15008), (0.53683, -1.28188, 2.15790), (-2.11846, -1.31079, -1.42182), (2.30603, -1.33996, -0.33616), (-1.33918, -1.32988, 1.62201), (-0.11146, -1.35933, -2.43782), (1.55533, -1.38904, 1.56734), (-2.54998, -1.37877, -0.13625), (1.79722, -1.40875, -1.46074), (-0.40549, -1.39827, 2.63923), (-1.33706, -1.42853, -2.02567), (2.70237, -1.45905, 0.69440), (-2.24930, -1.44838, 1.18346), (1.00066, -1.47918, -2.73633), (0.99948, -1.51023, 2.46454), (-2.16051, -1.49938, -1.04273), (2.66764, -1.53071, -0.78505), (-1.31160, -1.56230, 2.14541), (-0.54056, -1.55125, -2.85475), (2.10005, -1.58312, 1.58917), (-3.02195, -1.57187, 0.26684), (1.87226, -1.60401, -2.02242), (-0.03481, -1.63641, 3.16530), (-1.91083, -1.62498, -2.15738), (3.28089, -1.65765, 0.36258), (-2.44073, -1.69059, 1.76391), (0.56369, -1.67896, -2.65591), (1.58074, -1.71218, 2.71825), (-2.70816, -1.74565, -0.86214), (2.98564, -1.73383, -1.36083), (-1.17749, -1.76758, 2.72951), (-1.10415, -1.75556, -3.23845), (2.71702, -1.78958, 1.50677), (-0.00581, -0.00089, 0.02435), (-0.01212, -0.00231, -0.02210), (0.02410, -0.00412, 0.00834), (-0.02403, -0.00619, 0.01023), (0.01116, -0.00742, -0.02418), (0.00830, -0.00977, 0.02651), (-0.02453, -0.01079, -0.01442), (0.02962, -0.01341, -0.00614), (-0.01829, -0.01630, 0.02506), (-0.00353, -0.01713, -0.03338), (0.02564, -0.02029, 0.02292), (-0.03779, -0.02371, 0.00024), (0.02844, -0.02435, -0.02608), (-0.00362, -0.02805, 0.03892), (-0.02619, -0.03200, -0.03496), (0.04321, -0.03245, 0.00840), (-0.04253, -0.03668, 0.02572), (0.01429, -0.03693, -0.04773), (0.02440, -0.04144, 0.05118), (-0.05231, -0.04621, -0.02150), (0.06089, -0.04626, -0.02194), (-0.03018, -0.05131, 0.05671), (-0.01803, -0.05661, -0.07159), (0.06069, -0.05648, 0.04047), (-0.07057, -0.06206, 0.01050), (0.05247, -0.06790, -0.06393), (0.00392, -0.06758, 0.08048), (-0.06611, -0.07369, -0.06623), (0.09074, -0.07316, 0.00458), (-0.08175, -0.07956, 0.06684), (0.01523, -0.08621, -0.10108), (0.06574, -0.08549, 0.09897), (-0.11121, -0.09242, -0.02823), (0.11777, -0.09960, -0.06241), (-0.04375, -0.09870, 0.12074), (-0.04634, -0.10616, -0.11331), (0.12929, -0.11388, 0.06193), (-0.13078, -0.11279, 0.03891), (0.08283, -0.12079, -0.13638), (0.02866, -0.11949, 0.14895), (-0.14153, -0.12776, -0.10645), (0.16750, -0.13629, -0.01529), (-0.13273, -0.13481, 0.14422), (0.00150, -0.14362, -0.18601), (0.14391, -0.15268, 0.16152), (-0.20401, -0.15101, -0.02194), (0.15568, -0.16035, -0.11321), (-0.04622, -0.15847, 0.22099), (-0.10701, -0.16809, -0.18277), (0.23636, -0.17797, 0.07448), (-0.21126, -0.17590, 0.09704), (0.10675, -0.18606, -0.24947), (0.08288, -0.19647, 0.24076), (-0.25966, -0.19421, -0.14300), (0.27076, -0.20490, -0.06410), (-0.18310, -0.21586, 0.26623), (-0.04035, -0.21340, -0.30070), (0.21517, -0.22463, 0.18180), (-0.32994, -0.22198, 0.01133), (0.22019, -0.23348, -0.21359), (-0.02319, -0.24525, 0.35774), (-0.20734, -0.24240, -0.26110), (0.38333, -0.25444, 0.06336), (-0.30409, -0.26674, 0.19579), (0.10922, -0.26370, -0.40585), (0.17838, -0.27628, 0.34859), (-0.42440, -0.28912, -0.16069), (0.39396, -0.28589, -0.15458), (-0.17358, -0.29900, 0.34946), (-0.12391, -0.29557, -0.43944), (0.35713, -0.30896, 0.22395), (-0.48418, -0.32261, 0.08599), (0.27843, -0.31899, -0.35938), (0.04052, -0.33291, 0.52722), (-0.35539, -0.34710, -0.33659), (0.56755, -0.34329, 0.01269), (-0.39784, -0.35775, 0.34438), (0.07371, -0.35373, -0.60407), (0.32559, -0.36847, 0.46147), (-0.50561, -0.38347, -0.11333), (0.52666, -0.37926, -0.29831), (-0.17475, -0.39453, 0.52809), (-0.26194, -0.41006, -0.59243), (0.54477, -0.40567, 0.24239), (-0.65772, -0.42148, 0.21594), (0.31585, -0.43755, -0.55460), (0.15991, -0.43296, 0.72132), (-0.55651, -0.44931, -0.39460), (0.78194, -0.44452, -0.09356), (-0.47791, -0.46114, 0.54949), (-0.01333, -0.47802, -0.66559), (0.53254, -0.47304, 0.56494), (-0.70885, -0.49019, -0.05615), (0.65466, -0.50761, -0.50476), (-0.13439, -0.50244, 0.74651), (-0.46531, -0.52013, -0.74590), (0.77723, -0.53808, 0.22113)],
                12: [(0.83691, -0.72350, 0.66989), (-1.24799, -0.74497, 0.07605), (0.79396, -0.76671, -0.81215), (-0.05043, -0.75969, 1.31936), (-0.77221, -0.78170, -0.92117), (1.37984, -0.80397, 0.19061), (-1.04986, -0.79677, 0.71608), (0.34378, -0.81932, -1.42739), (0.64292, -0.84212, 1.17819), (-1.45999, -0.83473, -0.50893), (1.30415, -0.85781, -0.55208), (-0.53945, -0.85022, 1.16248), (-0.44314, -0.87357, -1.42557), (1.16593, -0.89719, 0.68871), (-1.54019, -0.88940, 0.31593), (0.84514, -0.91330, -1.15279), (0.17051, -0.93745, 1.64561), (-1.12155, -0.92947, -1.00711), (1.73939, -0.95390, -0.00727), (-1.17271, -0.97859, 1.07087), (0.17313, -0.97043, -1.81903), (0.99958, -0.99539, 1.33981), (-1.48253, -0.98702, -0.29121), (1.50611, -1.01226, -0.90671), (-0.46008, -1.03776, 1.52488), (-0.79155, -1.02920, -1.66905), (1.55021, -1.05498, 0.64103), (-1.82597, -1.08101, 0.65366), (0.83254, -1.07226, -1.55648), (0.49292, -1.09858, 1.97403), (-1.54174, -1.12515, -1.03281), (2.11029, -1.11621, -0.30951), (-1.23972, -1.14306, 1.50421), (-0.08192, -1.13391, -1.75818), (1.44229, -1.16104, 1.45089), (-1.84926, -1.18842, -0.09719), (1.66368, -1.17909, -1.35461), (-0.29392, -1.20675, 1.92423), (-1.24009, -1.23467, -1.87520), (1.98045, -1.22515, 0.50705), (-2.08234, -1.25334, 1.09794), (0.73502, -1.24361, -2.01537), (0.92769, -1.27208, 2.28180), (-2.02652, -1.30082, -0.97588), (1.94634, -1.29090, -0.57463), (-1.22739, -1.31991, 2.01160), (-0.39838, -1.34917, -2.09386), (1.96850, -1.33907, 1.48692), (-2.22779, -1.36861, 0.19867), (1.75154, -1.39841, -1.89533), (-0.02374, -1.38812, 2.34494), (-1.79051, -1.41820, -2.01800), (2.44214, -1.40769, 0.26773), (-2.28279, -1.43805, 1.65280), (0.53175, -1.46866, -2.51623), (1.16750, -1.45797, 2.00360), (-2.56415, -1.48886, -0.81383), (2.21187, -1.52001, -1.01048), (-1.11161, -1.50913, 2.58298), (-0.82435, -1.54056, -2.41089), (2.56999, -1.57225, 1.42230), (-2.59702, -1.56118, 0.60916), (1.74271, -1.59314, -2.52268), (0.36542, -1.58186, 2.76650), (-2.43886, -1.61410, -2.06930), (2.91553, -1.64660, -0.09408), (-1.89073, -1.63513, 1.82650), (0.20343, -1.66791, -3.04031), (1.70751, -1.70094, 2.15946), (-3.13710, -1.68929, -0.52521), (2.42521, -1.72260, -1.55443), (-0.86887, -1.71074, 3.20227), (-1.36646, -1.74433, -2.68399), (3.23237, -1.77817, 1.23152), (-2.93160, -1.76612, 1.14329), (-0.01501, -0.00011, -0.01999), (0.02464, -0.00174, 0.00477), (-0.02167, -0.00313, 0.01313), (0.00739, -0.00504, -0.02476), (0.01135, -0.00721, 0.02375), (-0.02531, -0.00841, -0.01038), (0.02635, -0.01085, -0.00952), (-0.01392, -0.01185, 0.02620), (-0.00747, -0.01457, -0.02953), (0.02734, -0.01755, 0.01820), (-0.03333, -0.01835, 0.00499), (0.02340, -0.02161, -0.02856), (0.00187, -0.02513, 0.03773), (-0.02712, -0.02574, -0.02712), (0.04270, -0.02953, 0.00212), (-0.03341, -0.03359, 0.02737), (0.00721, -0.03401, -0.04812), (0.02710, -0.03834, 0.04072), (-0.05386, -0.03856, -0.01362), (0.04906, -0.04317, -0.02605), (-0.02157, -0.04803, 0.05970), (-0.02396, -0.04806, -0.05844), (0.05614, -0.05320, 0.02683), (-0.06879, -0.05860, 0.02053), (0.03649, -0.05844, -0.06020), (0.01546, -0.06412, 0.08000), (-0.06365, -0.06376, -0.04778), (0.09189, -0.06971, -0.00847), (-0.06077, -0.07592, 0.06614), (0.00075, -0.07537, -0.10424), (0.06736, -0.08185, 0.07546), (-0.11674, -0.08860, -0.01245), (0.09184, -0.08786, -0.06691), (-0.02218, -0.09488, 0.10651), (-0.06441, -0.10216, -0.10979), (0.11605, -0.10123, 0.03646), (-0.12916, -0.10879, 0.05947), (0.05326, -0.10766, -0.12477), (0.05168, -0.11549, 0.14971), (-0.13224, -0.12359, -0.07268), (0.17113, -0.12226, -0.04067), (-0.09475, -0.13063, 0.13802), (-0.02608, -0.13926, -0.19304), (0.14160, -0.13775, 0.11943), (-0.17412, -0.14665, 0.00613), (0.14662, -0.15582, -0.14247), (-0.01227, -0.15411, 0.19183), (-0.14010, -0.16356, -0.17612), (0.20877, -0.16165, 0.03432), (-0.20765, -0.17136, 0.13396), (0.06017, -0.18134, -0.22438), (0.12351, -0.17924, 0.24085), (-0.23809, -0.18950, -0.08991), (0.27526, -0.20001, -0.10828), (-0.12353, -0.19772, 0.24924), (-0.07042, -0.20851, -0.24890), (0.25718, -0.21956, 0.16096), (-0.27791, -0.21708, 0.04961), (0.20200, -0.22841, -0.26120), (0.02383, -0.22572, 0.30655), (-0.26060, -0.23733, -0.24638), (0.33413, -0.24919, 0.00718), (-0.29369, -0.24631, 0.25468), (0.04360, -0.25845, -0.35993), (0.24276, -0.27085, 0.34344), (-0.38315, -0.26779, -0.08553), (0.31507, -0.28046, -0.17882), (-0.13295, -0.27719, 0.40294), (-0.15885, -0.29014, -0.35843), (0.41842, -0.30335, 0.18574), (-0.40228, -0.29989, 0.13246), (0.24365, -0.31338, -0.42868), (0.09925, -0.32712, 0.44584), (-0.43280, -0.32348, -0.30631), (0.48823, -0.33750, -0.05885), (-0.37321, -0.35178, 0.42987), (-0.01104, -0.34794, -0.52850), (0.33313, -0.36250, 0.35278), (-0.56561, -0.35846, -0.04431), (0.41282, -0.37329, -0.31886), (-0.10720, -0.38838, 0.59848), (-0.29676, -0.38415, -0.47479), (0.62597, -0.39952, 0.17750), (-0.53784, -0.41515, 0.26617), (0.25492, -0.41073, -0.64691), (0.22654, -0.42663, 0.60098), (-0.66010, -0.44280, -0.33901), (0.66311, -0.43819, -0.17741), (-0.34055, -0.45463, 0.52722), (-0.11842, -0.44981, -0.72302), (0.52500, -0.46653, 0.41814), (-0.77943, -0.48350, 0.04939), (0.49980, -0.47850, -0.51373), (-0.02975, -0.49575, 0.83095), (-0.49248, -0.51326, -0.58461), (0.87614, -0.50807, 0.11888), (-0.67153, -0.52586, 0.46041), (0.21768, -0.52046, -0.91352), (0.41674, -0.53852, 0.75935), (-0.74632, -0.55685, -0.25814), (0.84672, -0.55126, -0.36085), (-0.35210, -0.56986, 0.76357), (-0.29224, -0.58872, -0.93217), (0.77101, -0.58294, 0.45292), (-1.01410, -0.60207, 0.21056), (0.55974, -0.62147, -0.76737), (0.11569, -0.61550, 1.09080), (-0.75144, -0.63517, -0.67150), (1.16051, -0.62900, -0.00765), (-0.78695, -0.64895, 0.72211), (0.08972, -0.66915, -0.96742), (0.67834, -0.66279, 0.90468), (-1.01196, -0.68327, -0.19624), (1.02307, -0.70402, -0.61928), (-0.31303, -0.69746, 1.04664), (-0.54419, -0.71848, -1.14036), (1.06981, -0.73976, 0.43936)],
                14: [(1.02320, -0.95346, 1.02751), (-1.68650, -0.97826, -0.08716), (1.18532, -1.00332, -0.96684), (-0.26657, -0.99492, 1.75540), (-0.89034, -1.02026, -1.34378), (1.80732, -1.04586, 0.46105), (-1.50057, -1.03727, 0.79286), (0.66920, -1.06315, -1.83990), (0.67380, -1.08928, 1.65318), (-1.85087, -1.08050, -0.88931), (1.79898, -1.10691, -0.53283), (-0.88085, -1.09793, 1.44649), (-0.36993, -1.12462, -1.93516), (1.42353, -1.15156, 1.07332), (-2.05888, -1.14239, 0.18542), (1.27137, -1.16961, -1.37815), (-0.02005, -1.19709, 2.16720), (-1.30890, -1.18773, -1.47261), (2.25719, -1.21549, 0.24546), (-1.67440, -1.24351, 1.21453), (0.48941, -1.23396, -2.32593), (1.09408, -1.26225, 1.87386), (-1.86586, -1.25249, -0.59041), (2.06792, -1.28106, -0.94690), (-0.81128, -1.30989, 1.88966), (-0.77267, -1.29995, -2.25334), (1.88992, -1.32905, 1.04378), (-2.42674, -1.35841, 0.57145), (1.28560, -1.34828, -1.86446), (0.34369, -1.37792, 2.58464), (-1.81131, -1.40782, -1.53413), (2.72350, -1.39750, -0.09026), (-1.78642, -1.42767, 1.72875), (0.14764, -1.41714, -2.23574), (1.61534, -1.44760, 2.03924), (-2.31875, -1.47831, -0.38612), (2.28909, -1.46759, -1.47000), (-0.64317, -1.49858, 2.37864), (-1.29200, -1.52983, -2.53226), (2.41249, -1.51892, 0.91674), (-2.76483, -1.55044, 1.08103), (1.20444, -1.53933, -2.41754), (0.83722, -1.57113, 2.98272), (-2.39119, -1.60319, -1.50344), (2.50576, -1.59189, -0.44196), (-1.81053, -1.62422, 2.33115), (-0.20110, -1.65682, -2.65806), (2.23540, -1.64532, 2.12218), (-2.78960, -1.67820, -0.06573), (2.43447, -1.71133, -2.10228), (-0.35700, -1.69965, 2.89670), (-1.93055, -1.73305, -2.74323), (2.97579, -1.72117, 0.67074), (-3.04399, -1.75485, 1.71938), (1.00449, -1.78879, -3.02341), (1.15689, -1.77672, 2.62506), (-0.01935, -0.00089, 0.01588), (0.00371, -0.00262, -0.02493), (0.01421, -0.00398, 0.02131), (-0.02526, -0.00599, -0.00636), (0.02379, -0.00825, -0.01266), (-0.00936, -0.00943, 0.02596), (-0.01107, -0.01197, -0.02693), (0.02699, -0.01294, 0.01287), (-0.03078, -0.01576, 0.00922), (0.01709, -0.01883, -0.02825), (0.00643, -0.01961, 0.03309), (-0.02959, -0.02296, -0.02217), (0.03745, -0.02658, -0.00348), (-0.02827, -0.02717, 0.03082), (0.00027, -0.03106, -0.04236), (0.03174, -0.03144, 0.03550), (-0.04772, -0.03560, -0.00505), (0.04394, -0.04003, -0.03207), (-0.01107, -0.04022, 0.05340), (-0.03153, -0.04492, -0.05363), (0.05922, -0.04989, 0.01855), (-0.05566, -0.04989, 0.02568), (0.02766, -0.05513, -0.06496), (0.02271, -0.06062, 0.06560), (-0.07034, -0.06044, -0.03858), (0.07641, -0.06621, -0.01823), (-0.05141, -0.06582, 0.07503), (-0.01196, -0.07187, -0.08793), (0.07868, -0.07818, 0.06624), (-0.09997, -0.07760, 0.00361), (0.08308, -0.08418, -0.08088), (-0.00708, -0.09103, 0.11224), (-0.06728, -0.09026, -0.08442), (0.12444, -0.09738, 0.02035), (-0.10144, -0.10476, 0.06557), (0.03640, -0.10380, -0.13619), (0.06162, -0.11146, 0.11989), (-0.14705, -0.11029, -0.05538), (0.13958, -0.11823, -0.05505), (-0.07741, -0.12642, 0.15653), (-0.04548, -0.12506, -0.16022), (0.13324, -0.13353, 0.08323), (-0.18149, -0.14226, 0.03256), (0.10622, -0.14072, -0.13760), (0.01596, -0.14972, 0.20297), (-0.13953, -0.14797, -0.13168), (0.22417, -0.15725, 0.00462), (-0.15947, -0.16679, 0.13853), (0.02941, -0.16485, -0.24454), (0.13409, -0.17467, 0.18936), (-0.26346, -0.18474, -0.05857), (0.22102, -0.18262, -0.12570), (-0.07401, -0.19297, 0.22497), (-0.11286, -0.20358, -0.25405), (0.23688, -0.20126, 0.10490), (-0.28797, -0.21215, 0.09510), (0.13952, -0.20963, -0.24598), (0.07201, -0.22079, 0.32217), (-0.25159, -0.23222, -0.17773), (0.35601, -0.22950, -0.04323), (-0.21932, -0.24120, 0.25305), (-0.00846, -0.25316, -0.38871), (0.24967, -0.25026, 0.26393), (-0.33460, -0.26250, -0.02592), (0.31115, -0.27499, -0.24077), (-0.06384, -0.27190, 0.35821), (-0.22571, -0.28467, -0.36042), (0.37891, -0.28138, 0.10709), (-0.41107, -0.29442, 0.20388), (0.15560, -0.30773, -0.39588), (0.17474, -0.30424, 0.46233), (-0.40823, -0.31783, -0.20921), (0.51333, -0.33167, -0.13782), (-0.26760, -0.32799, 0.41507), (-0.07370, -0.34211, -0.44754), (0.41553, -0.35649, 0.33036), (-0.48732, -0.35263, 0.03130), (0.39693, -0.36728, -0.40871), (-0.01833, -0.36321, 0.52458), (-0.39377, -0.37814, -0.46660), (0.55830, -0.39333, 0.07526), (-0.53854, -0.38907, 0.36992), (0.13943, -0.40454, -0.58740), (0.33644, -0.42027, 0.61177), (-0.61076, -0.41582, -0.21065), (0.54339, -0.43182, -0.23214), (-0.28857, -0.42717, 0.62723), (-0.18978, -0.44344, -0.60350), (0.63566, -0.45998, 0.37267), (-0.66213, -0.45514, 0.13809), (0.46228, -0.47195, -0.63492), (0.07679, -0.48903, 0.71808), (-0.62391, -0.48399, -0.55655), (0.77004, -0.50134, -0.00575), (-0.65447, -0.51895, 0.60160), (0.07502, -0.51373, -0.81665), (0.44909, -0.53162, 0.59785), (-0.85650, -0.52619, -0.16532), (0.68142, -0.54435, -0.41329), (-0.26478, -0.56277, 0.88813), (-0.36604, -0.55715, -0.76533), (0.91009, -0.57585, 0.37284), (-0.84820, -0.59481, 0.30679), (0.48871, -0.58900, -0.92093), (0.23511, -0.60823, 0.92857), (-0.91925, -0.62773, -0.61143), (1.00483, -0.62173, -0.15075), (-0.58547, -0.64150, 0.71516), (-0.05364, -0.63530, -1.07531), (0.69420, -0.65534, 0.69377), (-1.13825, -0.67565, -0.05607), (0.80508, -0.66926, -0.65993), (-0.17805, -0.68984, 1.19185), (-0.61140, -0.71068, -0.91796), (1.23427, -0.70410, 0.31169), (-1.03079, -0.72522, 0.54783), (0.45618, -0.71843, -1.26369), (0.46858, -0.73982, 1.14179), (-1.01121, -0.76148, -0.48287), (1.24905, -0.75450, -0.37323), (-0.61453, -0.77643, 1.01466), (-0.26155, -0.79862, -1.35052), (1.00345, -0.79145, 0.75280), (-1.44408, -0.81392, 0.13356), (0.89621, -0.83664, -0.97620), (-0.01045, -0.82929, 1.52752), (-0.93165, -0.85229, -1.04309), (1.59858, -0.84473, 0.16994), (-1.19157, -0.86800, 0.86871), (0.27212, -0.89154, -1.30892), (0.78646, -0.88379, 1.33956), (-1.34679, -0.90760, -0.42259), (1.48480, -0.93168, -0.68423), (-0.58406, -0.92374, 1.36951), (-0.56156, -0.94809, -1.62488), (1.37521, -0.97269, 0.75518)],
                16: [(1.17256, -1.21467, 1.47761), (-2.16462, -1.24280, -0.35852), (1.66776, -1.27119, -1.07305), (-0.59818, -1.26140, 2.21995), (-0.94833, -1.29007, -1.85468), (2.25110, -1.31900, 0.85317), (-2.03533, -1.30902, 0.79785), (1.12126, -1.33823, -2.25550), (0.62143, -1.36769, 2.20654), (-2.23076, -1.35753, -1.39985), (2.36499, -1.38726, -0.41925), (-1.32587, -1.37690, 1.71020), (-0.19189, -1.40691, -2.50731), (1.64860, -1.43718, 1.56237), (-2.63007, -1.42663, -0.05967), (1.80143, -1.45718, -1.55837), (-0.33402, -1.48799, 2.72987), (-1.43821, -1.47724, -2.03986), (2.80337, -1.50833, 0.62931), (-2.27419, -1.53967, 1.28719), (0.94324, -1.52874, -2.84735), (1.10472, -1.56036, 2.50078), (-2.24882, -1.54922, -1.00146), (2.71578, -1.58111, -0.89066), (-1.27759, -1.61327, 2.24159), (-0.64528, -1.60194, -2.91522), (2.20360, -1.63437, 1.56353), (-3.09506, -1.66706, 0.36933), (1.85609, -1.65555, -2.13268), (0.06405, -1.68851, 3.25122), (-2.02700, -1.72174, -2.15172), (3.37966, -1.71003, 0.26881), (-2.44657, -1.74354, 1.88508), (0.49340, -1.73162, -2.73565), (1.70584, -1.76540, 2.73649), (-2.79837, -1.79944, -0.79714), (0.00014, -0.00014, -0.02500), (0.01674, -0.00171, 0.01869), (-0.02527, -0.00353, -0.00265), (0.02082, -0.00487, -0.01523), (-0.00537, -0.00697, 0.02604), (-0.01381, -0.00810, -0.02344), (0.02728, -0.01048, 0.00852), (-0.02666, -0.01312, 0.01233), (0.01176, -0.01406, -0.02767), (0.01061, -0.01697, 0.03056), (-0.02901, -0.02015, -0.01588), (0.03518, -0.02090, -0.00843), (-0.02082, -0.02435, 0.03044), (-0.00555, -0.02806, -0.04052), (0.03178, -0.02862, 0.02671), (-0.04654, -0.03261, 0.00172), (0.03368, -0.03296, -0.03284), (-0.00330, -0.03723, 0.05313), (-0.03338, -0.04175, -0.04181), (0.05257, -0.04192, 0.00855), (-0.05115, -0.04671, 0.03312), (0.01553, -0.05177, -0.05832), (0.03178, -0.05175, 0.06170), (-0.06405, -0.05708, -0.02406), (0.07341, -0.06268, -0.02902), (-0.03429, -0.06247, 0.06949), (-0.02454, -0.06834, -0.08616), (0.07436, -0.06792, 0.04636), (-0.09980, -0.07406, 0.01800), (0.06034, -0.08047, -0.07831), (0.00756, -0.07986, 0.09508), (-0.08098, -0.08654, -0.07629), (0.10703, -0.09349, 0.00211), (-0.09418, -0.09269, 0.08196), (0.01421, -0.09991, -0.11902), (0.08083, -0.09891, 0.11392), (-0.13070, -0.10640, -0.02894), (0.13537, -0.11415, -0.07715), (-0.04647, -0.11296, 0.14168), (-0.07049, -0.12099, -0.15830), (0.15149, -0.12928, 0.06693), (-0.14865, -0.12790, 0.04923), (0.09037, -0.13646, -0.15965), (0.03796, -0.14529, 0.16913), (-0.16563, -0.14372, -0.11679), (0.18998, -0.15282, -0.02324), (-0.14610, -0.15104, 0.16887), (-0.00477, -0.16042, -0.21076), (0.16879, -0.17006, 0.17812), (-0.23096, -0.16809, -0.01769), (0.21261, -0.17801, -0.16481), (-0.04433, -0.18818, 0.25001), (-0.12599, -0.18602, -0.20079), (0.26729, -0.19647, 0.07529), (-0.23224, -0.20718, 0.11544), (0.11060, -0.20484, -0.28211), (0.10034, -0.21582, 0.26477), (-0.29375, -0.21327, -0.15022), (0.29785, -0.22453, -0.08024), (-0.19399, -0.23605, 0.30147), (-0.05479, -0.23332, -0.33088), (0.24294, -0.24511, 0.19281), (-0.36315, -0.25717, 0.02365), (0.23451, -0.25424, -0.24189), (-0.01342, -0.26657, 0.39389), (-0.23582, -0.26344, -0.27894), (0.42228, -0.27605, 0.05655), (-0.32563, -0.28891, 0.22409), (0.10579, -0.28559, -0.44741), (0.20610, -0.29874, 0.37399), (-0.46833, -0.31214, -0.16107), (0.42332, -0.30863, -0.18128), (-0.17654, -0.32231, 0.38462), (-0.14914, -0.33625, -0.47282), (0.39386, -0.33254, 0.23045), (-0.52159, -0.34676, 0.10925), (0.28880, -0.34285, -0.39737), (0.06131, -0.35734, 0.56864), (-0.39430, -0.37210, -0.35112), (0.61288, -0.36800, -0.00511), (-0.41681, -0.38303, 0.38380), (0.05943, -0.39831, -0.65315), (0.36508, -0.39403, 0.48512), (-0.54550, -0.40959, -0.10480), (0.55519, -0.42541, -0.33739), (-0.16963, -0.42094, 0.57079), (-0.30008, -0.43704, -0.62600), (0.59004, -0.43236, 0.24112), (-0.69643, -0.44873, 0.25258), (0.31887, -0.46537, -0.60215), (0.19446, -0.46050, 0.76522), (-0.60598, -0.47741, -0.40231), (0.83102, -0.49458, -0.12542), (-0.49071, -0.48952, 0.60047), (-0.03585, -0.50696, -0.70623), (0.58457, -0.52467, 0.58319), (-0.75360, -0.51942, -0.03647), (0.67868, -0.53740, -0.55731), (-0.11809, -0.53195, 0.79524), (-0.51781, -0.55021, -0.77597), (0.82975, -0.56873, 0.20877), (-0.87366, -0.56308, 0.46530), (0.30806, -0.58188, -0.85573), (0.39918, -0.60093, 0.97025), (-0.87176, -0.59510, -0.41535), (0.84135, -0.61443, -0.25221), (-0.52978, -0.60839, 0.87645), (-0.17829, -0.62800, -0.91635), (0.86846, -0.64786, 0.65034), (-0.98674, -0.64163, 0.09213), (0.77579, -0.66178, -0.84652), (-0.00627, -0.68218, 1.05086), (-0.80946, -0.67576, -0.90469), (1.10699, -0.69644, 0.11670), (-1.03542, -0.71737, 0.75625), (0.23874, -0.71077, -1.15338), (0.54216, -0.73198, 0.92160), (-1.18824, -0.72517, -0.37170), (1.02838, -0.74666, -0.47499), (-0.51470, -0.76841, 1.20982), (-0.39256, -0.76141, -1.13268), (1.21640, -0.78343, 0.66660), (-1.23262, -0.80572, 0.29453), (0.82599, -0.79853, -1.20636), (0.18078, -0.82109, 1.32616), (-1.17816, -0.84391, -0.99124), (1.41123, -0.83653, -0.05141), (-0.91690, -0.85962, 0.89315), (0.09320, -0.85204, -1.48564), (0.84320, -0.87541, 1.05731), (-1.54722, -0.89904, -0.25243), (1.19851, -0.89127, -0.77523), (-0.42533, -0.91518, 1.59378), (-0.68843, -0.93935, -1.33842), (1.62316, -0.93138, 0.61070), (-1.47479, -0.95583, 0.58223), (0.80703, -0.94765, -1.63328), (0.45627, -0.97238, 1.60523), (-1.28162, -0.99736, -0.79994), (1.72722, -0.98900, -0.31050), (-0.97267, -1.01425, 1.26089), (-0.14514, -1.03977, -1.83818), (1.21998, -1.03122, 1.15059), (-1.93543, -1.05701, -0.03924), (1.33157, -1.08306, -1.15753), (-0.24177, -1.07433, 2.01629), (-1.07237, -1.10065, -1.51321), (2.07809, -1.09171, 0.46123), (-1.69291, -1.11831, 0.96358), (0.54996, -1.14518, -1.67368), (0.83054, -1.13604, 1.86790), (-1.69476, -1.16318, -0.74982), (2.03522, -1.19058, -0.67291), (-0.96036, -1.18126, 1.69450), (-0.49070, -1.20894, -2.19178), (1.67089, -1.23687, 1.17951)],
                18: [(1.26118, -1.50713, 2.01925), (-2.66122, -1.53858, -0.75556), (2.23769, -1.57030, -1.10651), (-1.06084, -1.55913, 2.68949), (-0.92169, -1.59113, -2.44750), (2.68545, -1.62338, 1.38028), (-2.64494, -1.61203, 0.70670), (1.71068, -1.64456, -2.64646), (0.46194, -1.67734, 2.82614), (-2.57018, -1.66580, -2.04845), (2.98718, -1.69886, -0.18830), (-1.87828, -1.68711, 1.92938), (0.11288, -1.72045, -3.12412), (1.81591, -1.75406, 2.15703), (-3.23308, -1.74211, -0.43975), (2.43375, -1.77599, -1.66745), (-0.78995, -1.81013, 3.31028), (-0.02501, -0.00089, 0.00095), (0.01806, -0.00255, -0.01764), (-0.00157, -0.00447, 0.02553), (-0.01640, -0.00578, -0.02050), (0.02649, -0.00798, 0.00428), (-0.02300, -0.00909, 0.01492), (0.00740, -0.01156, -0.02789), (0.01356, -0.01430, 0.02627), (-0.02968, -0.01521, -0.01112), (0.03017, -0.01822, -0.01196), (-0.01563, -0.02149, 0.03174), (-0.00993, -0.02222, -0.03475), (0.03394, -0.02577, 0.02112), (-0.04002, -0.02957, 0.00725), (0.02775, -0.03011, -0.03608), (0.00369, -0.03419, 0.04595), (-0.03369, -0.03452, -0.03169), (0.05245, -0.03888, 0.00099), (-0.03947, -0.04350, 0.03440), (0.00704, -0.04364, -0.05938), (0.03440, -0.04854, 0.04840), (-0.06657, -0.05369, -0.01468), (0.05851, -0.05364, -0.03341), (-0.02413, -0.05907, 0.07378), (-0.03113, -0.05882, -0.06976), (0.08070, -0.06452, 0.03557), (-0.08206, -0.07049, 0.02726), (0.04126, -0.07005, -0.07304), (0.02147, -0.07629, 0.09526), (-0.07723, -0.08279, -0.05436), (0.10917, -0.08216, -0.01345), (-0.06935, -0.08894, 0.08030), (-0.00290, -0.09597, -0.12351), (0.08185, -0.09515, 0.08623), (-0.13794, -0.10247, -0.01044), (0.10494, -0.10144, -0.08150), (-0.02683, -0.10903, 0.15208), (-0.07882, -0.11688, -0.12538), (0.13526, -0.11566, 0.03797), (-0.14733, -0.12379, 0.07339), (0.05681, -0.13217, -0.14527), (0.06479, -0.13077, 0.17054), (-0.15388, -0.13943, -0.07852), (0.19466, -0.14835, -0.05262), (-0.10313, -0.14675, 0.16057), (-0.03650, -0.15595, -0.21926), (0.16483, -0.15415, 0.13058), (-0.24386, -0.16362, 0.01609), (0.16074, -0.17336, -0.16609), (-0.00717, -0.17136, 0.21609), (-0.16380, -0.18137, -0.19341), (0.23507, -0.19164, 0.03127), (-0.22827, -0.18946, 0.15739), (0.05949, -0.20001, -0.25260), (0.14630, -0.19762, 0.26493), (-0.26805, -0.20844, -0.09193), (0.30288, -0.21952, -0.13002), (-0.12857, -0.21695, 0.28074), (-0.10805, -0.22831, -0.34154), (0.28995, -0.23992, 0.16931), (-0.30453, -0.23716, 0.06406), (0.21396, -0.24905, -0.29494), (0.03653, -0.26120, 0.33607), (-0.29498, -0.25825, -0.26221), (0.36651, -0.27068, -0.00337), (-0.31364, -0.26752, 0.28931), (0.03560, -0.28022, -0.39506), (0.27721, -0.29319, 0.36769), (-0.42089, -0.28984, -0.08048), (0.42372, -0.30308, -0.25800), (-0.13126, -0.31658, 0.44308), (-0.18431, -0.31304, -0.38364), (0.46072, -0.32682, 0.18780), (-0.43126, -0.34085, 0.15684), (0.24986, -0.33713, -0.47283), (0.12208, -0.35144, 0.47864), (-0.47844, -0.34750, -0.31703), (0.52485, -0.36209, -0.07968), (-0.38878, -0.37694, 0.47659), (-0.02938, -0.37282, -0.56889), (0.36942, -0.38794, 0.36791), (-0.60968, -0.40333, -0.02897), (0.43219, -0.39901, -0.35553), (-0.09536, -0.41467, 0.64606), (-0.33337, -0.41015, -0.49864), (0.67684, -0.42609, 0.16967), (-0.56635, -0.44229, 0.30227), (0.25159, -0.43758, -0.70078), (0.26160, -0.45405, 0.63429), (-0.71664, -0.47078, -0.34067), (0.70132, -0.46589, -0.21089), (-0.34501, -0.48289, 0.57190), (-0.14977, -0.50016, -0.76616), (0.57141, -0.49507, 0.42712), (-0.82747, -0.51262, 0.07799), (0.51366, -0.50733, -0.56147), (-0.00450, -0.52515, 0.88380), (-0.54110, -0.54323, -0.60370), (0.93364, -0.53774, 0.09761), (-0.69615, -0.55610, 0.50938), (0.20102, -0.57471, -0.97544), (0.46552, -0.56904, 0.78975), (-0.79604, -0.58794, -0.24825), (0.88312, -0.60709, -0.40883), (-0.34656, -0.60123, 0.81656), (-0.33876, -0.62065, -0.97471), (0.82696, -0.61459, 0.45224), (-1.06287, -0.63429, 0.25495), (0.56442, -0.65425, -0.82588), (0.15721, -0.64800, 1.14582), (-0.81207, -0.66824, -0.68202), (1.22171, -0.68874, -0.04557), (-0.80377, -0.68229, 0.78431), (0.06294, -0.70307, -1.01742), (0.74154, -0.72410, 0.92818), (-1.06684, -0.71747, -0.17310), (1.05362, -0.73878, -0.68282), (-0.29418, -0.73194, 1.10620), (-0.60735, -0.75352, -1.17826), (1.13380, -0.77537, 0.42546), (-1.30010, -0.76834, 0.51457), (0.56597, -0.79046, -1.14794), (0.40411, -0.81285, 1.41701), (-1.14698, -0.80563, -0.71452), (1.20510, -0.82829, -0.21772), (-0.86966, -0.82086, 1.12939), (-0.10304, -0.84380, -1.29063), (1.09372, -0.86699, 1.02971), (-1.36722, -0.85938, -0.02653), (1.19277, -0.88285, -1.03870), (-0.17053, -0.90658, 1.43276), (-0.96325, -0.89878, -1.35672), (1.48513, -0.92278, 0.32826), (-1.51922, -0.94705, 0.86648), (0.49872, -0.93906, -1.52222), (0.59017, -0.96360, 1.32419), (-1.54196, -0.95540, -0.68061), (1.45135, -0.98022, -0.48127), (-0.87237, -1.00529, 1.54237), (-0.35337, -0.99691, -1.57194), (1.52160, -1.02226, 1.07213), (-1.68349, -1.04787, 0.20650), (1.27776, -1.03930, -1.47795), (0.04100, -1.06519, 1.78346), (-1.40991, -1.09134, -1.48684), (1.86925, -1.08257, 0.14250), (-1.33921, -1.10900, 1.03889), (0.34301, -1.10003, -1.93827), (0.94867, -1.12673, 1.51077), (-1.98796, -1.15369, -0.55923), (1.67953, -1.14453, -0.83556), (-0.78951, -1.17176, 2.01583), (-0.69903, -1.19926, -1.84273), (2.01951, -1.18991, 1.03185), (-1.99748, -1.21768, 0.53887), (1.28390, -1.20813, -1.99677), (0.35522, -1.23618, 2.14074), (-1.53592, -1.26449, -1.21808), (2.26943, -1.25474, -0.14856), (-1.43304, -1.28333, 1.47915), (0.08026, -1.31217, -2.38040), (1.39624, -1.30224, 1.65042), (-2.47052, -1.33136, -0.32996), (1.86731, -1.36074, -1.28599), (-0.59888, -1.35061, 2.53671), (-1.14751, -1.38027, -2.08055), (2.57600, -1.36994, 0.88496), (-2.28679, -1.39987, 0.98022), (0.93626, -1.43007, -2.04159), (0.78396, -1.41955, 2.48249), (-2.03381, -1.45001, -1.18904), (2.66401, -1.48074, -0.55896), (-1.45086, -1.47003, 1.99780), (-0.30586, -1.50104, -2.82762), (1.93154, -1.53230, 1.71880)],
                20: [(0.02574, -0.00469, 0.00046), (-0.01996, -0.00673, 0.01743), (0.00316, -0.00903, -0.02687), (0.01645, -0.01010, 0.02311), (-0.02840, -0.01268, -0.00623), (0.02695, -0.01551, -0.01542), (-0.00987, -0.01640, 0.03028), (-0.01413, -0.01950, -0.03159), (0.03242, -0.02287, 0.01426), (-0.03706, -0.02357, 0.01235), (0.01956, -0.02721, -0.03470), (0.00889, -0.02771, 0.03928), (-0.03694, -0.03163, -0.02595), (0.04507, -0.03581, -0.00559), (-0.03356, -0.03611, 0.03893), (-0.00125, -0.04057, -0.05143), (0.04041, -0.04528, 0.04250), (-0.05823, -0.04540, -0.00436), (0.05282, -0.05039, -0.04109), (-0.01146, -0.05564, 0.06531), (-0.04066, -0.05556, -0.06454), (0.07247, -0.06109, 0.02028), (-0.06575, -0.06081, 0.03282), (0.03098, -0.06661, -0.07944), (0.02953, -0.07268, 0.07751), (-0.08590, -0.07221, -0.04374), (0.09021, -0.07855, -0.02447), (-0.05865, -0.08514, 0.09150), (-0.01735, -0.08448, -0.10364), (0.09584, -0.09136, 0.07579), (-0.11759, -0.09849, 0.00786), (0.09514, -0.09765, -0.09848), (-0.00426, -0.10506, 0.13174), (-0.08120, -0.10400, -0.09572), (0.14575, -0.11169, 0.01926), (-0.11503, -0.11964, 0.07945), (0.03735, -0.11839, -0.15918), (0.07520, -0.12661, 0.13589), (-0.17158, -0.13510, -0.05867), (0.15807, -0.13366, -0.06802), (-0.08334, -0.14242, 0.18240), (-0.05753, -0.14078, -0.18128), (0.19109, -0.14982, 0.11136), (-0.20513, -0.15911, 0.04334), (0.11527, -0.15728, -0.15920), (0.02511, -0.16685, 0.22917), (-0.16166, -0.17668, -0.14345), (0.25287, -0.17467, -0.00255), (-0.17415, -0.18477, 0.16092), (0.02459, -0.19514, -0.27565), (0.15643, -0.19293, 0.20711), (-0.29683, -0.20357, -0.05649), (0.24200, -0.20116, -0.14764), (-0.09322, -0.21208, 0.31569), (-0.13403, -0.22326, -0.27836), (0.26560, -0.22065, 0.10800), (-0.31567, -0.23211, 0.11511), (0.14558, -0.24382, -0.27607), (0.09044, -0.24103, 0.35331), (-0.28280, -0.25302, -0.18704), (0.39055, -0.26527, -0.05964), (-0.23214, -0.26229, 0.28508), (-0.02240, -0.27482, -0.42660), (0.28217, -0.27163, 0.28052), (-0.46056, -0.28443, -0.02148), (0.33172, -0.29749, -0.27337), (-0.05751, -0.29412, 0.39200), (-0.25798, -0.30745, -0.38515), (0.41512, -0.32105, 0.10368), (-0.44011, -0.31749, 0.23538), (0.15549, -0.33136, -0.43429), (0.20499, -0.32759, 0.49579), (-0.44860, -0.34174, -0.21277), (0.55125, -0.35615, -0.16629), (-0.27521, -0.35219, 0.45710), (-0.11890, -0.36687, -0.60546), (0.45885, -0.38182, 0.34236), (-0.52277, -0.37767, 0.04973), (0.41364, -0.39289, -0.45293), (-0.00238, -0.40837, 0.56358), (-0.43843, -0.40403, -0.48830), (0.60074, -0.41979, 0.06227), (-0.56548, -0.41524, 0.41453), (0.12990, -0.43127, -0.63311), (0.38046, -0.44757, 0.64415), (-0.65952, -0.44283, -0.20505), (0.72316, -0.45940, -0.33554), (-0.28737, -0.47623, 0.67875), (-0.22172, -0.47131, -0.63616), (0.68960, -0.48841, 0.37634), (-0.69942, -0.50578, 0.16842), (0.47127, -0.50066, -0.69087), (0.10496, -0.51830, 0.76002), (-0.68140, -0.51298, -0.57127), (0.81660, -0.53090, -0.03118), (-0.67530, -0.54908, 0.66010), (0.05292, -0.54357, -0.86774), (0.49411, -0.56202, 0.61737), (-0.91194, -0.58073, -0.14715), (0.70621, -0.57504, -0.45855), (-0.25114, -0.59402, 0.94770), (-0.41100, -0.58812, -0.79563), (0.97347, -0.60739, 0.36433), (-0.88420, -0.62691, 0.35085), (0.48592, -0.62082, -0.98774), (0.27766, -0.64062, 0.97040), (-0.98902, -0.66068, -0.61492), (1.05257, -0.65439, -0.19111), (-0.59170, -0.67473, 0.76981), (-0.09113, -0.69533, -1.12896), (0.75076, -0.68885, 0.70559), (-1.19773, -0.70973, -0.02219), (0.82291, -0.70305, -0.71788), (-0.14850, -0.72420, 1.25700), (-0.67017, -0.74560, -0.94219), (1.30486, -0.73874, 0.28723), (-1.06174, -0.76042, 0.60678), (0.43753, -0.78237, -1.33941), (0.52703, -0.77531, 1.17975), (-1.07144, -0.79753, -0.47181), (1.29422, -0.82001, -0.43042), (-0.60886, -0.81276, 1.07867), (-0.31669, -0.83552, -1.40305), (1.07082, -0.82807, 0.75311), (-1.50402, -0.85110, 0.18582), (0.90310, -0.87439, -1.04643), (0.03805, -0.86675, 1.59483), (-1.00417, -0.89032, -1.05711), (1.67314, -0.91414, 0.12608), (-1.21322, -0.90631, 0.94285), (0.24107, -0.93042, -1.36920), (0.86149, -0.95478, 1.36929), (-1.41277, -0.94676, -0.39610), (1.52299, -0.97140, -0.75934), (-0.56290, -0.96318, 1.44094), (-0.63587, -0.98809, -1.67185), (1.45172, -1.01327, 0.74014), (-1.81322, -1.00485, 0.49086), (0.92620, -1.03030, -1.44324), (0.32437, -1.05601, 1.94435), (-1.41374, -1.04741, -1.11918), (1.62614, -1.07340, -0.10787), (-1.31691, -1.06459, 1.36165), (0.05634, -1.09085, -1.71534), (1.28560, -1.11737, 1.51695), (-1.79004, -1.10837, -0.23748), (1.71666, -1.13517, -1.18445), (-0.43453, -1.16223, 1.84775), (-1.05734, -1.15304, -1.91313), (1.88601, -1.18038, 0.64608), (-2.10330, -1.20797, 0.90374), (0.87043, -1.19859, -1.90242), (0.57049, -1.22646, 1.80105), (-1.89476, -1.21688, -1.10553), (1.94317, -1.24503, -0.40948), (-1.34900, -1.27343, 1.86094), (-0.22609, -1.26366, -2.07324), (1.79910, -1.29234, 1.59813), (-2.18826, -1.32128, 0.02090), (1.84995, -1.31132, -1.70763), (-0.20511, -1.34054, 2.28518), (-1.58524, -1.37002, -2.10117), (2.36099, -1.35987, 0.45060), (-1.85220, -1.38962, 1.12867), (0.71383, -1.37926, -2.41275), (0.98637, -1.40929, 2.05131), (-2.43760, -1.43958, -0.99266), (2.24256, -1.42904, -0.81641), (-1.28455, -1.45960, 2.43289), (-0.61875, -1.49043, -2.42249), (2.39617, -1.47969, 1.58659), (-2.58755, -1.51079, 0.39373), (1.89548, -1.49985, -2.32523), (0.14212, -1.53123, 2.73412), (-1.75013, -1.56287, -1.74175), (2.85856, -1.55174, 0.13484), (-1.99755, -1.58365, 1.64439), (0.43547, -1.61582, -2.95728), (1.50638, -1.60450, 2.25147), (-3.02676, -1.63695, -0.75763), (2.49976, -1.66966, -1.33525), (-1.09871, -1.65815, 3.06365), (-1.13054, -1.69114, -2.73847), (3.06480, -1.67942, 1.45563), (-2.96345, -1.71268, 0.89226), (1.44028, -1.74620, -2.38930), (0.62088, -1.73430, 3.17047), (-2.33905, -1.76810, -1.74715), (3.35521, -1.80215, -0.31740), (0.00896, -0.00018, 0.02334), (-0.02241, -0.00176, -0.01134), (0.02448, -0.00360, -0.00670)],
                22: [(0.06359, -0.05215, 0.00835), (-0.06093, -0.05752, 0.04216), (0.01651, -0.06314, -0.07064), (0.04075, -0.06283, 0.07349), (-0.07757, -0.06873, -0.02645), (0.08732, -0.07489, -0.03767), (-0.03834, -0.07440, 0.08411), (-0.03255, -0.08083, -0.10227), (0.08992, -0.08753, 0.05230), (-0.11814, -0.08684, 0.02507), (0.06839, -0.09382, -0.09463), (0.01226, -0.09292, 0.11099), (-0.09783, -0.10017, -0.08665), (0.12475, -0.10768, -0.00137), (-0.10705, -0.10660, 0.09909), (0.01224, -0.11438, -0.13849), (0.09795, -0.12243, 0.12946), (-0.15184, -0.12115, -0.02876), (0.15371, -0.12947, -0.09396), (-0.04838, -0.13805, 0.16436), (-0.08664, -0.13659, -0.17954), (0.17556, -0.14545, 0.07121), (-0.16722, -0.14378, 0.06114), (0.09729, -0.15291, -0.18490), (0.04885, -0.16231, 0.19014), (-0.19182, -0.16045, -0.12662), (0.21344, -0.17012, -0.03278), (-0.15909, -0.18005, 0.19571), (-0.01263, -0.17800, -0.23665), (0.19597, -0.18820, 0.19449), (-0.25920, -0.19867, -0.01186), (0.23254, -0.19643, -0.19198), (-0.04090, -0.20717, 0.28049), (-0.14681, -0.20473, -0.21876), (0.29985, -0.21575, 0.07461), (-0.25330, -0.22702, 0.13576), (0.11302, -0.22439, -0.31655), (0.11979, -0.23594, 0.28902), (-0.32982, -0.24775, -0.15608), (0.32534, -0.24494, -0.09845), (-0.20362, -0.25702, 0.33887), (-0.07134, -0.25400, -0.36162), (0.34288, -0.26636, 0.25537), (-0.39712, -0.27898, 0.03813), (0.24794, -0.27577, -0.27197), (-0.00144, -0.28867, 0.43101), (-0.26625, -0.30183, -0.29601), (0.46242, -0.29843, 0.04753), (-0.34653, -0.31186, 0.25449), (0.10017, -0.32555, -0.49038), (0.23606, -0.32196, 0.39888), (-0.51390, -0.33593, -0.15928), (0.45234, -0.33213, -0.21036), (-0.22467, -0.34638, 0.53194), (-0.17687, -0.36089, -0.50605), (0.43203, -0.35690, 0.23529), (-0.55907, -0.37168, 0.13514), (0.29755, -0.38672, -0.43702), (0.08483, -0.38255, 0.61034), (-0.43507, -0.39787, -0.36411), (0.65873, -0.41344, -0.02572), (-0.43433, -0.40908, 0.42530), (0.04226, -0.42493, -0.70303), (0.40687, -0.42036, 0.50745), (-0.74195, -0.43649, -0.11906), (0.58255, -0.45288, -0.37898), (-0.16221, -0.44812, 0.61428), (-0.34093, -0.46478, -0.65858), (0.63636, -0.48171, 0.23753), (-0.73436, -0.47676, 0.29214), (0.31955, -0.49396, -0.65099), (0.23212, -0.48880, 0.80857), (-0.65703, -0.50628, -0.40771), (0.87981, -0.52402, -0.16054), (-0.50125, -0.51867, 0.65331), (-0.07723, -0.53669, -0.94655), (0.63874, -0.55496, 0.59926), (-0.79827, -0.54942, -0.01410), (0.70063, -0.56797, -0.61229), (-0.09898, -0.58678, 0.84414), (-0.57302, -0.58106, -0.80411), (0.88273, -0.60014, 0.19350), (-0.90827, -0.59421, 0.52013), (0.29721, -0.61358, -0.91254), (0.45293, -0.63320, 1.01151), (-0.93210, -0.62708, -0.40948), (1.11213, -0.64697, -0.37094), (-0.52947, -0.66713, 0.93994), (-0.21688, -0.66082, -0.95698), (0.93464, -0.68126, 0.65612), (-1.03294, -0.70195, 0.12853), (0.78816, -0.69545, -0.91486), (0.02727, -0.71642, 1.10263), (-0.87937, -0.70971, -0.92412), (1.16426, -0.73096, 0.08671), (-1.06232, -0.75246, 0.82707), (0.21300, -0.74557, -1.21597), (0.59635, -0.76735, 0.94603), (-1.25593, -0.78939, -0.35094), (1.05919, -0.78231, -0.52925), (-0.49963, -0.80463, 1.28227), (-0.44622, -0.79734, -1.17015), (1.29321, -0.81993, 0.65791), (-1.27693, -0.84278, 0.34687), (0.82437, -0.83530, -1.28702), (0.23103, -0.85843, 1.37744), (-1.26208, -0.88182, -0.99733), (1.46951, -0.87415, -0.09877), (-0.92538, -0.89782, 0.95849), (0.04958, -0.92174, -1.55090), (0.91061, -0.91388, 1.07258), (-1.61931, -0.93809, -0.21340), (1.22105, -0.93002, -0.84407), (-0.39177, -0.95450, 1.67247), (-0.75798, -0.97923, -1.36866), (1.70812, -0.97098, 0.58348), (-1.51309, -0.99600, 0.65171), (0.78702, -1.02127, -1.72408), (0.52483, -1.01283, 1.65188), (-1.35336, -1.03837, -0.78806), (1.78244, -1.06418, -0.37723), (-0.96737, -1.05555, 1.33693), (-0.20910, -1.08163, -1.90207), (1.29979, -1.07280, 1.15258), (-2.00800, -1.09916, 0.02093), (1.34150, -1.12578, -1.24047), (-0.18642, -1.11675, 2.09746), (-1.15771, -1.14365, -1.53172), (2.16766, -1.17080, 0.41175), (-1.72057, -1.16159, 1.05052), (0.51477, -1.18902, -1.74549), (0.91815, -1.21671, 1.90519), (-1.77315, -1.20731, -0.72028), (2.08255, -1.23527, -0.76022), (-0.93738, -1.22566, 1.77912), (-0.57664, -1.25391, -2.24946), (1.76126, -1.28241, 1.16399), (-2.40265, -1.27261, 0.36774), (1.39770, -1.30139, -1.71765), (0.13419, -1.33043, 2.53877), (-1.64655, -1.32044, -1.63581), (2.09140, -1.34975, 0.09682), (-1.87532, -1.33956, 1.54652), (0.31833, -1.36915, -2.17493), (1.41639, -1.39900, 2.11298), (-2.23726, -1.38862, -0.55794), (2.34531, -1.41874, -1.25537), (-0.81385, -1.44913, 2.27558), (-1.06304, -1.43856, -2.56862), (2.28718, -1.46922, 1.08386), (-2.77907, -1.50014, 0.83939), (1.36540, -1.48938, -2.26956), (0.46092, -1.52058, 2.34282), (-2.22042, -1.50961, -1.65553), (2.49176, -1.54109, -0.23791), (-1.95095, -1.57282, 2.13775), (0.01017, -1.56166, -2.62184), (2.01985, -1.59367, 2.24803), (-2.72953, -1.62594, -0.28200), (2.54285, -1.61460, -1.86541), (-0.57580, -1.64714, 2.81139), (-1.67352, -1.67995, -2.83122), (2.86407, -1.66841, 0.88937), (-2.45083, -1.70149, 1.13821), (1.22002, -1.68975, -2.88438), (0.93198, -1.72311, 2.67107), (-2.86936, -1.75673, -1.56464), (2.87685, -1.74480, -0.69378), (-1.91969, -1.77869, 2.81631), (-0.42421, -1.81284, -3.06405), (0.02297, -0.00093, -0.00997), (-0.01041, -0.00261, 0.02298), (-0.00785, -0.00391, -0.02444), (0.02264, -0.00587, 0.01309), (-0.02608, -0.00809, 0.00560), (0.01625, -0.00920, -0.02260), (0.00320, -0.01169, 0.02833), (-0.02275, -0.01444, -0.02005), (0.03110, -0.01537, -0.00042), (-0.02465, -0.01839, 0.02293), (0.00295, -0.02168, -0.03435), (0.02294, -0.02242, 0.03016), (-0.03802, -0.02598, -0.00711), (0.03670, -0.02651, -0.02255), (-0.01226, -0.03035, 0.04202), (-0.01926, -0.03445, -0.03967), (0.04619, -0.03479, 0.01861), (-0.04683, -0.03916, 0.01725), (0.02633, -0.04380, -0.05033), (0.01422, -0.04395, 0.05481), (-0.05419, -0.04886, -0.03558), (0.06354, -0.05403, -0.00992)],
                24: [(0.15597, -0.13086, 0.03866), (-0.16617, -0.13955, 0.08924), (0.05960, -0.14851, -0.16739), (0.07985, -0.14681, 0.19219), (-0.17722, -0.15604, -0.08368), (0.21917, -0.16553, -0.06653), (-0.11092, -0.16365, 0.18495), (-0.04888, -0.17341, -0.24664), (0.18999, -0.18344, 0.14124), (-0.27407, -0.18137, 0.02655), (0.17451, -0.19167, -0.19176), (-0.00060, -0.18939, 0.24138), (-0.18965, -0.19996, -0.21048), (0.26255, -0.21080, 0.02675), (-0.24882, -0.20833, 0.18307), (0.05738, -0.21945, -0.28215), (0.17143, -0.23082, 0.28909), (-0.29952, -0.22816, -0.09255), (0.33077, -0.23981, -0.15418), (-0.13226, -0.25172, 0.31391), (-0.13080, -0.24887, -0.37320), (0.32457, -0.26106, 0.17640), (-0.33149, -0.25800, 0.08043), (0.22475, -0.27047, -0.33071), (0.05121, -0.28319, 0.36611), (-0.33156, -0.27994, -0.27698), (0.39958, -0.29294, -0.01595), (-0.33265, -0.30620, 0.32631), (0.02554, -0.30277, -0.43108), (0.31420, -0.31630, 0.39118), (-0.45972, -0.33009, -0.07336), (0.45186, -0.32647, -0.29452), (-0.12750, -0.34054, 0.48454), (-0.21185, -0.33671, -0.40836), (0.50456, -0.35106, 0.18783), (-0.45990, -0.36566, 0.18342), (0.25408, -0.36164, -0.51876), (0.14725, -0.37652, 0.51128), (-0.52611, -0.39166, -0.32583), (0.56151, -0.38746, -0.10296), (-0.40253, -0.40287, 0.52559), (-0.05027, -0.39846, -0.60954), (0.51621, -0.41416, 0.48345), (-0.65424, -0.43011, -0.01098), (0.45020, -0.42551, -0.39412), (-0.08081, -0.44174, 0.69439), (-0.37213, -0.45822, -0.52124), (0.72873, -0.45343, 0.15908), (-0.59375, -0.47020, 0.34071), (0.24549, -0.48722, -0.75597), (0.29922, -0.48224, 0.66667), (-0.77478, -0.49954, -0.33957), (0.73878, -0.49436, -0.24713), (-0.44066, -0.51193, 0.78387), (-0.18403, -0.52977, -0.80877), (0.61926, -0.52439, 0.43392), (-0.87523, -0.54250, 0.10968), (0.52539, -0.56087, -0.61092), (0.02398, -0.55531, 0.93664), (-0.59171, -0.57396, -0.62073), (0.99144, -0.59286, 0.07297), (-0.71881, -0.58711, 0.56064), (0.18089, -0.60630, -1.03798), (0.51686, -0.60034, 0.81835), (-1.07462, -0.61980, -0.29927), (0.91789, -0.63952, -0.45964), (-0.33821, -0.63337, 0.87023), (-0.38839, -0.65336, -1.01583), (0.88389, -0.67362, 0.44870), (-1.11046, -0.66728, 0.30269), (0.56623, -0.68781, -0.88571), (0.20233, -0.68127, 1.19992), (-0.87433, -0.70208, -0.68969), (1.28230, -0.72314, -0.08731), (-0.81777, -0.71641, 0.84851), (0.04215, -0.73775, -1.35557), (0.80709, -0.75935, 0.94897), (-1.12140, -0.75243, -0.14679), (1.08159, -0.77431, -0.74905), (-0.27200, -0.79645, 1.16576), (-0.67357, -0.78934, -1.21373), (1.19812, -0.81175, 0.40810), (-1.34336, -0.80444, 0.57999), (0.55412, -0.82713, -1.21669), (0.46790, -0.85008, 1.46826), (-1.21976, -0.84257, -0.70884), (1.58610, -0.86580, -0.33713), (-0.87081, -0.88928, 1.20570), (-0.14850, -0.88159, -1.34008), (1.17299, -0.90535, 1.03831), (-1.42329, -0.92937, 0.01608), (1.20939, -0.92149, -1.12027), (-0.13159, -0.94578, 1.49539), (-1.04636, -0.93769, -1.38188), (1.55419, -0.96227, 0.29381), (-1.55339, -0.98710, 0.95030), (0.46960, -0.97882, -1.59747), (0.65413, -1.00393, 1.35432), (-1.62308, -1.02930, -0.65767), (1.48913, -1.02083, -0.54507), (-0.85643, -1.04648, 1.62892), (-0.41618, -1.03780, -1.61764), (1.61305, -1.06372, 1.06402), (-1.73730, -1.08990, 0.26745), (1.27825, -1.08104, -1.57365), (0.09916, -1.10750, 1.84547), (-1.50912, -1.13421, -1.49666), (1.93948, -1.12516, 0.08809), (-1.35069, -1.15215, 1.11585), (0.29336, -1.17941, -2.01661), (1.02782, -1.17017, 1.53042), (-2.07420, -1.19769, -0.51535), (1.70788, -1.18825, -0.91609), (-0.75243, -1.21605, 2.10965), (-0.78008, -1.24411, -1.88024), (2.12044, -1.23448, 1.00258), (-2.04454, -1.26282, 0.61948), (1.26345, -1.29142, -2.10425), (0.43435, -1.28159, 2.19764), (-1.62043, -1.31047, -1.20598), (2.33636, -1.33960, -0.22513), (-1.42891, -1.32959, 1.56847), (0.00739, -1.35900, -2.45744), (1.48969, -1.34878, 1.65507), (-2.55762, -1.37847, -0.26198), (1.88150, -1.40841, -1.38277), (-0.53701, -1.39800, 2.63369), (-1.24671, -1.42823, -2.10496), (2.68255, -1.45871, 0.83044), (-2.32204, -1.44811, 1.08086), (0.89726, -1.47887, -2.12648), (0.88492, -1.50989, 2.52910), (-2.12620, -1.49910, -1.15700), (2.72240, -1.53040, -0.65905), (-1.42684, -1.51940, 2.09720), (-0.40381, -1.55097, -2.89809), (2.03734, -1.58280, 1.70384), (-3.05228, -1.57162, 0.12025), (1.98469, -1.60373, -1.94477), (-0.19012, -1.63609, 3.18109), (-1.81796, -1.62472, -2.26581), (2.58349, -1.65736, 0.41364), (-2.54330, -1.64578, 1.65578), (0.69872, -1.67870, -2.64968), (1.45748, -1.71188, 2.81305), (-2.68693, -1.70011, -1.00187), (3.07074, -1.73357, -1.22281), (-1.32038, -1.76728, 2.69225), (-0.95197, -1.75532, -3.31187), (2.66283, -1.78932, 1.65110), (-0.00698, -0.00024, 0.02401), (-0.01099, -0.00172, -0.02258), (0.02353, -0.00349, 0.00945), (-0.02428, -0.00477, 0.00897), (0.01220, -0.00682, -0.02337), (0.00691, -0.00914, 0.02652), (-0.02348, -0.01022, -0.01539), (0.02938, -0.01281, -0.00461), (-0.01918, -0.01566, 0.02375), (-0.00186, -0.01656, -0.03288), (0.02405, -0.01968, 0.02372), (-0.03699, -0.02307, -0.00157), (0.02913, -0.02378, -0.02421), (-0.00542, -0.02744, 0.03804), (-0.02399, -0.02794, -0.03550), (0.04203, -0.03187, 0.01031), (-0.04290, -0.03607, 0.02318), (0.01632, -0.03638, -0.04619), (0.02148, -0.04086, 0.05134), (-0.05036, -0.04559, -0.02363), (0.06079, -0.04571, -0.01862), (-0.03239, -0.05072, 0.05431), (-0.01428, -0.05064, -0.07116), (0.05777, -0.05592, 0.04273), (-0.07008, -0.06147, 0.00696), (0.05473, -0.06119, -0.06044), (-0.00001, -0.06701, 0.07960), (-0.06197, -0.07309, -0.06844), (0.08937, -0.07263, 0.00889), (-0.08384, -0.07899, 0.06200), (0.01991, -0.08560, -0.09915), (0.06013, -0.08495, 0.10085), (-0.10860, -0.09185, -0.03327), (0.11934, -0.09099, -0.05598), (-0.04911, -0.09816, 0.11736), (-0.04047, -0.10559, -0.11457), (0.12502, -0.10454, 0.06755), (-0.13160, -0.11224, 0.03227), (0.08864, -0.12021, -0.13111), (0.02124, -0.11897, 0.14920), (-0.13515, -0.12721, -0.11235), (0.16704, -0.13571, -0.00707)],
                26: [(0.29569, -0.24082, 0.10978), (-0.34362, -0.25284, 0.13739), (0.15037, -0.26512, -0.30770), (0.11121, -0.26204, 0.38487), (-0.31571, -0.27460, -0.19515), (0.42572, -0.28742, -0.07845), (-0.24385, -0.28415, 0.31897), (-0.03878, -0.29724, -0.46532), (0.31671, -0.31059, 0.29610), (-0.50275, -0.30714, -0.00800), (0.35141, -0.32077, -0.30818), (-0.04927, -0.31710, 0.42659), (-0.29264, -0.33101, -0.40915), (0.45232, -0.34517, 0.09832), (-0.46859, -0.34132, 0.26943), (0.15344, -0.35576, -0.47391), (0.23792, -0.37046, 0.52887), (-0.49040, -0.36642, -0.21442), (0.58900, -0.38140, -0.19760), (-0.28094, -0.39663, 0.50079), (-0.14802, -0.39240, -0.64791), (0.50407, -0.40791, 0.35255), (-0.55824, -0.40348, 0.07045), (0.42862, -0.41927, -0.49928), (0.01596, -0.43531, 0.60280), (-0.48547, -0.43069, -0.50840), (0.64362, -0.44701, 0.04681), (-0.59096, -0.46360, 0.46175), (0.11781, -0.45878, -0.67952), (0.42731, -0.47564, 0.67525), (-0.70924, -0.49276, -0.19685), (0.76005, -0.48776, -0.38143), (-0.28356, -0.50515, 0.73151), (-0.25603, -0.49994, -0.66790), (0.74507, -0.51761, 0.37741), (-0.73599, -0.53555, 0.20131), (0.47769, -0.53015, -0.74865), (0.13586, -0.54835, 0.80146), (-0.74103, -0.56682, -0.58349), (0.86290, -0.56123, -0.05951), (-0.69372, -0.57998, 0.72106), (0.02777, -0.57418, -0.91882), (0.68766, -0.59320, 0.80712), (-0.96767, -0.61248, -0.12581), (0.72915, -0.60649, -0.50592), (-0.23423, -0.62605, 1.00786), (-0.45834, -0.64587, -0.82420), (1.03778, -0.63969, 0.35248), (-0.91865, -0.65978, 0.39757), (0.47975, -0.68013, -1.05583), (0.32312, -0.67377, 1.01088), (-1.06045, -0.69440, -0.61502), (1.09919, -0.68783, -0.23463), (-0.75706, -0.70873, 1.05014), (-0.13200, -0.72990, -1.18174), (0.80883, -0.72314, 0.71471), (-1.25664, -0.74458, 0.01529), (0.83809, -0.76628, -0.77768), (-0.11517, -0.75933, 1.32193), (-0.73114, -0.78130, -0.96384), (1.37559, -0.80354, 0.25881), (-1.09024, -0.79640, 0.66828), (0.41481, -0.81891, -1.41564), (0.58835, -0.81157, 1.21542), (-1.44011, -0.83436, -0.58207), (1.33731, -0.85740, -0.49082), (-0.59984, -0.84987, 1.14331), (-0.37536, -0.87319, -1.45373), (1.13919, -0.89677, 0.75002), (-1.56239, -0.88905, 0.24192), (0.90656, -0.91291, -1.11805), (0.09069, -0.90498, 1.66091), (-1.07847, -0.92912, -1.06770), (1.74684, -0.95351, 0.07782), (-1.23150, -0.94540, 1.01919), (0.26281, -0.97007, -1.81773), (0.93914, -0.99500, 1.39575), (-1.47826, -0.98669, -0.36592), (1.55807, -1.01190, -0.83749), (-0.53787, -1.03736, 1.51223), (-0.71365, -1.02887, -1.71590), (1.52849, -1.05461, 0.72107), (-1.86652, -1.04591, 0.56732), (0.91388, -1.07193, -1.52507), (0.39851, -1.09821, 2.00709), (-1.50010, -1.08932, -1.11440), (2.13467, -1.11587, -0.20757), (-1.32041, -1.14268, 1.45191), (0.00379, -1.13360, -1.77481), (1.37903, -1.16069, 1.52944), (-1.85727, -1.18804, -0.18861), (1.73877, -1.17877, -1.28022), (-0.39028, -1.20640, 1.92262), (-1.15453, -1.19692, -1.94545), (1.96830, -1.22483, 0.60745), (-2.14632, -1.25299, 1.00134), (0.83840, -1.24332, -1.99182), (0.64492, -1.27176, 1.83804), (-1.99081, -1.30046, -1.08108), (1.98921, -1.29060, -0.48339), (-1.33309, -1.31958, 1.96308), (-0.29848, -1.30952, -2.12861), (1.90663, -1.33877, 1.59170), (-2.25312, -1.36828, 0.09073), (1.85387, -1.35803, -1.81975), (-0.13896, -1.38781, 2.35961), (-1.70102, -1.41786, -2.11627), (2.44493, -1.40742, 0.38927), (-1.86781, -1.43774, 1.21833), (0.65850, -1.46832, -2.50600), (1.07823, -1.45770, 2.07664), (-2.53986, -1.48855, -0.94451), (2.27819, -1.47772, -0.90951), (-1.24477, -1.50885, 2.54370), (-0.71200, -1.54024, -2.46893), (2.51492, -1.52922, 1.55636), (-2.64519, -1.56089, 0.48599), (1.87594, -1.59282, -2.45119), (0.23216, -1.58161, 2.80323), (-1.84888, -1.61381, -1.73038), (2.93930, -1.64628, 0.04832), (-1.99577, -1.63488, 1.74840), (0.35383, -1.66762, -3.04965), (1.61479, -1.65601, 2.26019), (-3.13063, -1.68903, -0.68226), (2.51982, -1.72230, -1.44706), (-1.03102, -1.71051, 3.17873), (-1.24466, -1.74406, -2.77061), (3.19063, -1.77787, 1.39705), (-3.00834, -1.76588, 1.00746), (1.39814, -1.79997, -2.48912), (0.02432, -0.00108, 0.00594), (-0.02218, -0.00254, 0.01200), (0.00852, -0.00441, -0.02418), (0.01009, -0.00566, 0.02405), (-0.02446, -0.00781, -0.01145), (0.02644, -0.01022, -0.00812), (-0.01493, -0.01128, 0.02508), (-0.00592, -0.01396, -0.02939), (0.02592, -0.01691, 0.01914), (-0.03293, -0.01778, 0.00330), (0.02265, -0.02100, -0.02506), (0.00003, -0.02167, 0.03706), (-0.02532, -0.02517, -0.02792), (0.04172, -0.02892, 0.00411), (-0.03410, -0.02940, 0.02526), (0.00936, -0.03343, -0.04679), (0.02465, -0.03772, 0.04126), (-0.05213, -0.03801, -0.01592), (0.04943, -0.04258, -0.02324), (-0.02401, -0.04741, 0.05751), (-0.02075, -0.04751, -0.05857), (0.05399, -0.05261, 0.02911), (-0.06863, -0.05250, 0.01689), (0.03885, -0.05788, -0.05758), (0.01138, -0.06352, 0.07948), (-0.06047, -0.06323, -0.05018), (0.09092, -0.06914, -0.00393), (-0.06315, -0.07532, 0.06236), (0.00575, -0.07483, -0.10273), (0.06289, -0.08128, 0.07777), (-0.11459, -0.08800, -0.01790), (0.09399, -0.08732, -0.06170), (-0.02711, -0.09431, 0.10440), (-0.05841, -0.09343, -0.11169), (0.11323, -0.10069, 0.04173), (-0.13070, -0.10821, 0.05262), (0.05883, -0.10714, -0.12112), (0.04396, -0.11494, 0.15075), (-0.12767, -0.12300, -0.07849), (0.17153, -0.12174, -0.03204), (-0.10071, -0.13008, 0.13240), (-0.01652, -0.12861, -0.19264), (0.13482, -0.13722, 0.12544), (-0.17348, -0.14610, -0.00234), (0.15254, -0.14444, -0.13443), (-0.02151, -0.15359, 0.19027), (-0.13069, -0.16300, -0.18180), (0.20612, -0.16115, 0.04429), (-0.21291, -0.17083, 0.12310), (0.07080, -0.18078, -0.22048), (0.11115, -0.17874, 0.24550), (-0.23275, -0.18896, -0.10110), (0.27907, -0.18672, -0.09437), (-0.13516, -0.19722, 0.24229), (-0.05816, -0.20797, -0.25177), (0.24843, -0.20554, 0.17286), (-0.27976, -0.21657, 0.03599), (0.21400, -0.22787, -0.25050), (0.00887, -0.22525, 0.30713), (-0.24779, -0.23681, -0.25824), (0.33319, -0.24864, 0.02342)],
                28: [(0.47150, -0.38203, 0.23832), (-0.59639, -0.39738, 0.16368), (0.30453, -0.41299, -0.47819), (0.11113, -0.40852, 0.65212), (-0.47760, -0.42441, -0.37539), (0.70491, -0.44055, -0.04923), (-0.45023, -0.43590, 0.46879), (0.02212, -0.45232, -0.75350), (0.45088, -0.46900, 0.52827), (-0.79653, -0.46416, -0.10285), (0.60854, -0.48112, -0.42302), (-0.15241, -0.47607, 0.65839), (-0.38447, -0.49330, -0.68995), (0.68353, -0.51079, 0.23149), (-0.77127, -0.50556, 0.33459), (0.31777, -0.52333, -0.70098), (0.27287, -0.54136, 0.85114), (-0.70949, -0.53593, -0.41065), (0.92806, -0.55423, -0.19895), (-0.50936, -0.57280, 0.70785), (-0.11263, -0.56718, -1.00047), (0.69491, -0.58602, 0.61296), (-0.84265, -0.58020, 0.01099), (0.72032, -0.59932, -0.66957), (-0.07701, -0.61869, 0.89302), (-0.63085, -0.61268, -0.83013), (0.93595, -0.63233, 0.17525), (-0.94090, -0.65225, 0.57787), (0.28328, -0.64605, -0.96991), (0.50990, -0.66623, 1.05101), (-0.99331, -0.68668, -0.40047), (1.15865, -0.68029, -0.42640), (-0.52597, -0.70102, 1.00464), (-0.25818, -0.69442, -0.99630), (1.00239, -0.71542, 0.65870), (-1.07807, -0.73668, 0.16789), (0.79737, -0.72990, -0.98515), (0.06400, -0.75143, 1.15358), (-0.95160, -0.77323, -0.94046), (1.22099, -0.76625, 0.05332), (-1.08626, -0.78833, 0.90058), (0.18369, -0.78115, -1.27835), (0.83108, -0.80349, 1.23282), (-1.32374, -0.82610, -0.32644), (1.08769, -0.81873, -0.58587), (-0.48069, -0.84162, 1.35523), (-0.50258, -0.86476, -1.20544), (1.37092, -0.85720, 0.64527), (-1.31926, -0.88062, 0.40224), (0.81874, -0.90430, -1.36901), (0.28462, -0.89655, 1.42697), (-1.34777, -0.92051, -0.99941), (1.52633, -0.91255, -0.14976), (-1.18533, -0.93678, 1.30567), (0.00204, -0.96128, -1.61500), (0.97967, -0.95313, 1.08462), (-1.69060, -0.97790, -0.17019), (1.24041, -1.00293, -0.91496), (-0.35380, -0.99459, 1.75076), (-0.83000, -1.01990, -1.39582), (1.79312, -1.04546, 0.55167), (-1.54845, -1.03694, 0.72406), (0.76226, -1.06278, -1.81537), (0.59667, -1.05405, 1.69579), (-1.81535, -1.08016, -0.98375), (1.83514, -1.10654, -0.44765), (-0.95815, -1.09762, 1.41360), (-0.27711, -1.12427, -1.96373), (1.38067, -1.15118, 1.15057), (-2.07869, -1.14208, 0.08552), (1.34742, -1.16926, -1.32493), (-0.12630, -1.15995, 2.17713), (-1.24506, -1.18741, -1.54624), (2.25616, -1.21514, 0.35720), (-1.74429, -1.20563, 1.13993), (0.60560, -1.23363, -2.31292), (1.00874, -1.26189, 1.93867), (-1.85090, -1.25220, -0.68647), (2.12625, -1.28074, -0.85100), (-0.90992, -1.30953, 1.86353), (-0.66655, -1.29965, -2.30375), (1.85190, -1.32872, 1.14382), (-2.46780, -1.31863, 0.45562), (1.38575, -1.34798, -1.81395), (0.21886, -1.37759, 2.61493), (-1.74785, -1.36731, -1.63296), (2.74165, -1.39719, 0.04268), (-1.88243, -1.42733, 1.65201), (0.25860, -1.41687, -2.24600), (1.52517, -1.44729, 2.13083), (-2.31730, -1.47796, -0.50290), (2.37460, -1.46731, -1.36642), (-0.76462, -1.49826, 2.36440), (-1.17523, -1.48740, -2.60997), (2.38447, -1.51863, 1.04159), (-2.83300, -1.55012, 0.95149), (1.33124, -1.53908, -2.37486), (0.54649, -1.57084, 2.38822), (-2.33314, -1.60287, -1.63061), (2.54778, -1.59163, -0.32243), (-1.93636, -1.62393, 2.25716), (-0.07212, -1.61248, -2.68872), (2.14507, -1.64506, 2.24482), (-2.80742, -1.67790, -0.20320), (2.55200, -1.66627, -1.99543), (-0.50180, -1.69938, 2.90029), (-1.80720, -1.73275, -2.85364), (2.96383, -1.72093, 0.82151), (-2.47207, -1.75458, 1.24168), (1.15967, -1.78849, -2.99471), (1.03754, -1.77648, 2.70380), (-0.02008, -0.00026, 0.01490), (0.00490, -0.00167, -0.02463), (0.01306, -0.00339, 0.02182), (-0.02471, -0.00536, -0.00752), (0.02409, -0.00658, -0.01135), (-0.01048, -0.00883, 0.02516), (-0.00959, -0.01133, -0.02700), (0.02593, -0.01237, 0.01395), (-0.02925, -0.01515, 0.00723), (0.01812, -0.01819, -0.02690), (0.00473, -0.01903, 0.03281), (-0.02793, -0.02235, -0.02313), (0.03692, -0.02299, -0.00163), (-0.02915, -0.02659, 0.02883), (0.00229, -0.03044, -0.04154), (0.02938, -0.03089, 0.03627), (-0.04657, -0.03502, -0.00723), (0.04457, -0.03941, -0.02931), (-0.01342, -0.03967, 0.05188), (-0.02475, -0.04434, -0.04722), (0.05728, -0.04926, 0.02105), (-0.05601, -0.04933, 0.02261), (0.03030, -0.05453, -0.06253), (0.01922, -0.05440, 0.06571), (-0.06734, -0.05988, -0.04132), (0.07619, -0.06561, -0.01430), (-0.05422, -0.06529, 0.07141), (-0.00757, -0.07130, -0.08731), (0.07435, -0.07758, 0.06905), (-0.09886, -0.07706, -0.00125), (0.07146, -0.08361, -0.06309), (-0.01240, -0.08289, 0.11055), (-0.06252, -0.08972, -0.08681), (0.12205, -0.09680, 0.02611), (-0.10363, -0.09589, 0.06004), (0.04257, -0.10325, -0.13298), (0.05527, -0.11088, 0.12179), (-0.14289, -0.10978, -0.06192), (0.14106, -0.11767, -0.04784), (-0.08423, -0.12583, 0.15131), (-0.03737, -0.12454, -0.16115), (0.12839, -0.13298, 0.08917), (-0.18171, -0.13148, 0.02354), (0.11227, -0.14019, -0.13166), (0.00602, -0.14916, 0.20232), (-0.13239, -0.14748, -0.13774), (0.22246, -0.15672, 0.01544), (-0.16538, -0.16623, 0.13010), (0.04107, -0.16436, -0.24159), (0.12427, -0.17414, 0.19496), (-0.25908, -0.18418, -0.07099), (0.22613, -0.18211, -0.11442), (-0.08474, -0.19243, 0.22075), (-0.10006, -0.19016, -0.25847), (0.23118, -0.20076, 0.11615), (-0.29145, -0.21161, 0.08075), (0.15115, -0.20915, -0.23861), (0.05610, -0.22028, 0.32448), (-0.24239, -0.23167, -0.18957), (0.35686, -0.22902, -0.02579), (-0.23117, -0.24069, 0.24186), (0.01045, -0.23783, -0.38784), (0.23635, -0.24978, 0.27557), (-0.33323, -0.26198, -0.04221), (0.32230, -0.25893, -0.22520), (-0.08128, -0.27141, 0.35500), (-0.20779, -0.28415, -0.37078), (0.37361, -0.28092, 0.12553), (-0.42033, -0.29393, 0.18355), (0.17487, -0.30720, -0.38823), (0.15198, -0.30378, 0.47014), (-0.39798, -0.31733, -0.22907), (0.51932, -0.31370, -0.11264), (-0.28780, -0.32753, 0.40200), (-0.05197, -0.34161, -0.45181), (0.39940, -0.33779, 0.35059), (-0.48955, -0.35216, 0.00757), (0.41683, -0.36677, -0.38935), (-0.04395, -0.36277, 0.52443), (-0.37102, -0.37767, -0.48579), (0.55540, -0.39282, 0.10261)],
                30: [(0.66841, -0.55449, 0.43840), (-0.92249, -0.57316, 0.14449), (0.53483, -0.59210, -0.66196), (0.05575, -0.58625, 0.98926), (-0.64418, -0.60547, -0.63553), (1.04931, -0.62494, 0.04491), (-0.73934, -0.61890, 0.61406), (0.15721, -0.63865, -1.10092), (0.57066, -0.65866, 0.84493), (-1.14237, -0.65243, -0.28066), (0.95079, -0.67272, -0.51320), (-0.32697, -0.66628, 0.92439), (-0.44105, -0.68685, -1.05528), (0.94162, -0.70767, 0.44220), (-1.15661, -0.70104, 0.35375), (0.56503, -0.72214, -0.94665), (0.25103, -0.74350, 1.25286), (-0.93807, -0.73669, -0.69434), (1.34202, -0.75832, -0.13286), (-0.82879, -0.78021, 0.91454), (0.00056, -0.77321, -1.42202), (0.87482, -0.79538, 0.96684), (-1.17543, -0.78817, -0.11730), (1.10675, -0.81062, -0.81785), (-0.24646, -0.83332, 1.22509), (-0.74272, -0.82593, -1.24656), (1.26254, -0.84891, 0.38723), (-1.38416, -0.87215, 0.64871), (0.53863, -0.86456, -1.28591), (0.53535, -0.88808, 1.51728), (-1.29340, -0.91185, -0.69944), (1.64351, -0.90408, -0.40242), (-0.86818, -0.92813, 1.28328), (-0.19708, -0.92015, -1.38787), (1.25395, -0.94448, 1.04312), (-1.47795, -0.96907, 0.06210), (1.22226, -0.96090, -1.20396), (-0.08896, -0.98576, 1.55692), (-1.13204, -1.01089, -1.40337), (1.62249, -1.00253, 0.25542), (-1.58401, -1.02793, 1.03716), (0.43632, -1.01936, -1.67235), (0.91852, -1.04504, 1.76152), (-1.70423, -1.07097, -0.63038), (1.52412, -1.06222, -0.61155), (-0.83601, -1.08843, 1.71595), (-0.48207, -1.11490, -1.66072), (1.70545, -1.10596, 1.05131), (-1.78872, -1.13271, 0.33186), (1.27408, -1.15971, -1.67080), (0.16115, -1.15058, 1.90538), (-1.61030, -1.17786, -1.50183), (2.00793, -1.16853, 0.02951), (-1.73178, -1.19609, 1.52248), (0.23920, -1.22390, -2.09355), (1.10882, -1.21438, 1.54628), (-2.15946, -1.24247, -0.46667), (1.73250, -1.27083, -0.99895), (-0.71028, -1.26111, 2.20294), (-0.86392, -1.28974, -1.91415), (2.22136, -1.31863, 0.96803), (-2.08817, -1.30872, 0.70336), (1.23755, -1.33789, -2.21226), (0.51724, -1.32778, 2.25135), (-2.17337, -1.35722, -1.51612), (2.40039, -1.38692, -0.30591), (-1.42026, -1.37662, 1.65848), (-0.07012, -1.40660, -2.53191), (1.58434, -1.43684, 1.65512), (-2.64255, -1.42635, -0.18895), (1.89105, -1.45686, -1.48129), (-0.46971, -1.44617, 2.72897), (-1.34821, -1.47696, -2.12478), (2.78790, -1.50801, 0.77013), (-2.35279, -1.49712, 1.18434), (1.08774, -1.52845, -2.81625), (0.98930, -1.56004, 2.57138), (-2.21787, -1.54896, -1.12007), (2.77668, -1.58082, -0.76312), (-1.39769, -1.61294, 2.19639), (-0.50629, -1.60168, -2.96474), (2.14347, -1.63408, 1.68354), (-3.13154, -1.62261, 0.21979), (1.97432, -1.65528, -2.05712), (-0.09494, -1.68821, 3.27304), (-1.93569, -1.67655, -2.26636), (3.38529, -1.70977, 0.43593), (-2.55573, -1.74323, 1.77788), (0.63195, -1.73139, -2.73427), (1.58284, -1.76513, 2.83820), (-2.78178, -1.79914, -0.94104), (3.10937, -1.78710, -1.35017), (0.01578, -0.00107, 0.01944), (-0.02497, -0.00246, -0.00386), (0.02138, -0.00427, -0.01409), (-0.00656, -0.00633, 0.02546), (-0.01250, -0.00753, -0.02380), (0.02579, -0.00987, 0.00945), (-0.02681, -0.01248, 0.01085), (0.01290, -0.01348, -0.02667), (0.00895, -0.01636, 0.03049), (-0.02774, -0.01716, -0.01699), (0.03486, -0.02032, -0.00657), (-0.02188, -0.02374, 0.02887), (-0.00350, -0.02435, -0.03993), (0.02989, -0.02804, 0.02772), (-0.04563, -0.03199, -0.00054), (0.03460, -0.03241, -0.03060), (-0.00512, -0.03664, 0.04604), (-0.03075, -0.04113, -0.04261), (0.05127, -0.04136, 0.01092), (-0.05180, -0.04612, 0.03007), (0.01807, -0.04615, -0.05663), (0.02826, -0.05119, 0.06213), (-0.06189, -0.05649, -0.02676), (0.07357, -0.05632, -0.02502), (-0.03712, -0.06190, 0.06681), (-0.02002, -0.06773, -0.08597), (0.07108, -0.06738, 0.04928), (-0.08317, -0.07349, 0.01085), (0.06331, -0.07986, -0.07437), (0.00289, -0.07932, 0.09436), (-0.07629, -0.08597, -0.07923), (0.10579, -0.08522, 0.00725), (-0.09701, -0.09214, 0.07645), (0.01981, -0.09933, -0.11714), (0.07444, -0.09839, 0.11655), (-0.12807, -0.10585, -0.03497), (0.13768, -0.11357, -0.06981), (-0.05290, -0.11244, 0.13818), (-0.05076, -0.12044, -0.13078), (0.14699, -0.12869, 0.07369), (-0.15005, -0.12738, 0.04171), (0.09738, -0.13591, -0.15403), (0.02953, -0.13438, 0.16992), (-0.15876, -0.14319, -0.12394), (0.19001, -0.15226, -0.01390), (-0.15326, -0.15055, 0.16063), (0.00547, -0.15989, -0.20985), (0.15906, -0.16949, 0.18513), (-0.22893, -0.16759, -0.02880), (0.17671, -0.17747, -0.12370), (-0.05625, -0.17536, 0.24667), (-0.11584, -0.18552, -0.20628), (0.26243, -0.19593, 0.08792), (-0.23717, -0.19364, 0.10382), (0.12382, -0.20433, -0.27555), (0.08719, -0.21528, 0.26893), (-0.28529, -0.21279, -0.16388), (0.30100, -0.22402, -0.06556), (-0.20789, -0.23550, 0.29091), (-0.03857, -0.23283, -0.33275), (0.23337, -0.24459, 0.20449), (-0.36348, -0.24171, 0.00593), (0.24613, -0.25375, -0.23031), (-0.03254, -0.26605, 0.39242), (-0.22209, -0.26298, -0.29027), (0.41870, -0.27555, 0.07697), (-0.33638, -0.28839, 0.20811), (0.12736, -0.28513, -0.44143), (0.18779, -0.29824, 0.38385), (-0.45968, -0.31161, -0.18357), (0.43197, -0.30816, -0.16058), (-0.19552, -0.32180, 0.37646), (-0.12605, -0.31815, -0.47991), (0.38308, -0.33207, 0.24993), (-0.52674, -0.34625, 0.08380), (0.30852, -0.34241, -0.38374), (0.03359, -0.35687, 0.57146), (-0.37762, -0.37158, -0.37075), (0.61297, -0.36755, 0.02475), (-0.43599, -0.38255, 0.36389), (0.09124, -0.37831, -0.65011), (0.34180, -0.39358, 0.50345), (-0.54183, -0.40911, -0.13173), (0.57223, -0.40468, -0.31066), (-0.19795, -0.42048, 0.56397), (-0.26984, -0.43655, -0.64129), (0.57973, -0.43193, 0.27054), (-0.70945, -0.44827, 0.21886), (0.34904, -0.46487, -0.58801), (0.15732, -0.46007, 0.77545), (-0.58773, -0.47694, -0.43283), (0.83793, -0.47193, -0.08500), (-0.52113, -0.48909, 0.57784), (-0.00144, -0.50650, -0.71066), (0.55735, -0.50130, 0.61299), (-0.75457, -0.51899, -0.07346), (0.70731, -0.53693, -0.52532), (-0.15740, -0.53154, 0.79225), (-0.48095, -0.54977, -0.80281), (0.82235, -0.56825, 0.25005)],
                32: [(0.86825, -0.75819, 0.72099), (-1.31475, -0.78020, 0.05639), (0.85045, -0.80247, -0.83918), (-0.07800, -0.79523, 1.38637), (-0.79415, -0.81777, -0.98274), (1.44620, -0.84058, 0.22638), (-1.11610, -0.83315, 0.73217), (0.38792, -0.85623, -1.49214), (0.65244, -0.87957, 1.24858), (-1.52215, -0.87195, -0.56152), (1.37807, -0.89557, -0.55434), (-0.58740, -0.88775, 1.20835), (-0.43751, -0.91164, -1.50232), (1.20834, -0.93579, 0.74341), (-1.61895, -0.92778, 0.30182), (0.90644, -0.95221, -1.19084), (0.14745, -0.97689, 1.72549), (-1.15436, -0.96869, -1.07472), (1.81940, -0.99366, 0.02515), (-1.24623, -1.01888, 1.09754), (0.21520, -1.01049, -1.89812), (1.01924, -1.03599, 1.41875), (-1.54300, -1.02740, -0.33204), (1.58981, -1.05317, -0.91853), (-0.50892, -1.07920, 1.58314), (-0.79475, -1.07042, -1.75680), (1.60528, -1.09673, 0.69789), (-1.91690, -1.12330, 0.64753), (0.89732, -1.11433, -1.60734), (0.47682, -1.14117, 2.06718), (-1.58736, -1.16828, -1.10527), (2.20461, -1.15912, -0.28291), (-1.31951, -1.18650, 1.54356), (-0.05235, -1.17713, -1.83228), (1.47434, -1.20479, 1.53752), (-1.92280, -1.23270, -0.13580), (1.75653, -1.22315, -1.37839), (-0.34178, -1.25134, 1.99616), (-1.25465, -1.27979, -1.97352), (2.04967, -1.27005, 0.56428), (-2.18525, -1.29878, 1.10239), (0.80157, -1.28883, -2.08074), (0.92125, -1.31783, 2.38829), (-2.08687, -1.34710, -1.05163), (2.03200, -1.33696, -0.56036), (-1.31202, -1.36650, 2.06574), (-0.37440, -1.39630, -2.18094), (2.01524, -1.38597, 1.57999), (-2.31524, -1.41604, 0.16453), (1.85247, -1.44638, -1.93353), (-0.06841, -1.43586, 2.43162), (-1.81906, -1.46647, -2.12605), (2.52683, -1.45575, 0.32314), (-2.39707, -1.48664, 1.67062), (0.59800, -1.51778, -2.59767), (1.17222, -1.50687, 2.09762), (-2.64102, -1.53829, -0.89086), (2.30956, -1.56998, -1.00527), (-1.19921, -1.55887, 2.65395), (-0.80848, -1.59083, -2.51126), (2.63370, -1.62305, 1.52011), (-2.69893, -1.61176, 0.58202), (1.85021, -1.64426, -2.57779), (0.32650, -1.63276, 2.86873), (-2.48408, -1.66553, -2.18578), (3.01677, -1.69856, -0.04301), (-1.98883, -1.68687, 1.85323), (0.26688, -1.72018, -3.13917), (1.72461, -1.75375, 2.26367), (-3.23212, -1.74187, -0.60111), (2.53463, -1.77572, -1.56092), (-0.95714, -1.76363, 3.29196), (-0.02500, -0.00029, -0.00027), (0.01881, -0.00192, -0.01667), (-0.00279, -0.00327, 0.02526), (-0.01523, -0.00518, -0.02106), (0.02596, -0.00734, 0.00551), (-0.02343, -0.00851, 0.01363), (0.00862, -0.01095, -0.02709), (0.01209, -0.01365, 0.02651), (-0.02859, -0.01463, -0.01233), (0.03021, -0.01761, -0.01030), (-0.01682, -0.01838, 0.03035), (-0.00808, -0.02164, -0.03457), (0.03221, -0.02515, 0.02229), (-0.03959, -0.02573, 0.00520), (0.02887, -0.02952, -0.03398), (0.00142, -0.03357, 0.04522), (-0.03158, -0.03397, -0.03274), (0.05138, -0.03829, 0.00348), (-0.04043, -0.04287, 0.03192), (0.00974, -0.04308, -0.05793), (0.03151, -0.04794, 0.04924), (-0.06467, -0.04794, -0.01760), (0.05917, -0.05308, -0.03007), (-0.02725, -0.05847, 0.07135), (-0.02731, -0.05828, -0.07018), (0.06573, -0.06395, 0.03288), (-0.08217, -0.06989, 0.02292), (0.04426, -0.06951, -0.07014), (0.01659, -0.07572, 0.09498), (-0.07370, -0.07513, -0.05744), (0.10840, -0.08161, -0.00802), (-0.07244, -0.08836, 0.07606), (0.00308, -0.08758, -0.12214), (0.07684, -0.09460, 0.08927), (-0.13585, -0.10188, -0.01697), (0.10784, -0.10092, -0.07563), (-0.02776, -0.10848, 0.12225), (-0.07204, -0.11629, -0.12802), (0.13241, -0.11514, 0.04423), (-0.14959, -0.12323, 0.06564), (0.06344, -0.12187, -0.14151), (0.05602, -0.13024, 0.17227), (-0.14907, -0.13887, -0.08545), (0.19570, -0.13732, -0.04280), (-0.11027, -0.14622, 0.15459), (-0.02563, -0.15539, -0.21943), (0.15755, -0.15365, 0.13781), (-0.19608, -0.16309, 0.00337), (0.16792, -0.17279, -0.15740), (-0.01764, -0.17086, 0.21493), (-0.15359, -0.18083, -0.20037), (0.23272, -0.17870, 0.04257), (-0.23481, -0.18895, 0.14556), (0.07157, -0.19946, -0.24888), (0.13279, -0.19714, 0.27083), (-0.26276, -0.20793, -0.10467), (0.30790, -0.21898, -0.11477), (-0.14184, -0.21647, 0.27368), (-0.07287, -0.22779, -0.27647), (0.28094, -0.23937, 0.18295), (-0.30732, -0.23667, 0.04917), (0.22776, -0.24853, -0.28380), (0.02013, -0.24562, 0.33752), (-0.28153, -0.25776, -0.27593), (0.36634, -0.27015, 0.01447), (-0.32700, -0.26706, 0.27341), (0.05480, -0.27973, -0.39300), (0.25874, -0.29266, 0.38040), (-0.41665, -0.28937, -0.10091), (0.34689, -0.30258, -0.18872), (-0.15274, -0.29909, 0.43639), (-0.16576, -0.31257, -0.39297), (0.45128, -0.32631, 0.21012), (-0.43928, -0.32263, 0.13593), (0.27275, -0.33665, -0.46039), (0.09883, -0.35093, 0.48500), (-0.46275, -0.34706, -0.34017), (0.52917, -0.36161, -0.05414), (-0.41181, -0.37643, 0.45742), (-0.00165, -0.37237, -0.57079), (0.35234, -0.38746, 0.38685), (-0.60876, -0.38319, -0.05873), (0.45057, -0.39856, -0.33525), (-0.12695, -0.41419, 0.64192), (-0.30977, -0.40973, -0.51605), (0.66909, -0.42563, 0.20281), (-0.58235, -0.44179, 0.27527), (0.28596, -0.43715, -0.68905), (0.23118, -0.45359, 0.64841), (-0.70056, -0.47029, -0.37588), (0.71305, -0.46545, -0.17708), (-0.37423, -0.48243, 0.55709), (-0.11265, -0.47739, -0.77499), (0.55251, -0.49464, 0.45655), (-0.83286, -0.51215, 0.03774), (0.54284, -0.50692, -0.53824), (-0.04766, -0.52471, 0.88521), (-0.51333, -0.54275, -0.63211), (0.93054, -0.53733, 0.14336), (-0.72322, -0.55566, 0.47694), (0.24898, -0.55003, -0.96731), (0.42832, -0.56863, 0.81488), (-0.78753, -0.58749, -0.28836), (0.90567, -0.58167, -0.36685), (-0.38805, -0.60081, 0.80319), (-0.29208, -0.62020, -0.99400), (0.80832, -0.61420, 0.49463), (-1.07820, -0.63387, 0.20370), (0.60713, -0.65380, -0.80163), (0.10164, -0.64761, 1.15649), (-0.78189, -0.66781, -0.72443), (1.22701, -0.66141, 0.01400), (-0.84517, -0.68189, 0.74796), (0.11312, -0.70264, -1.01977), (0.69885, -0.69605, 0.96784), (-1.06384, -0.71707, -0.22624), (1.09073, -0.73834, -0.63369), (-0.34981, -0.73157, 1.09726), (-0.55180, -0.75312, -1.21196), (1.11836, -0.77493, 0.48300)],
                34: [(1.05019, -0.99315, 1.09328), (-1.76083, -1.01849, -0.12282), (1.25643, -1.04408, -0.98772), (-0.31142, -1.03546, 1.82837), (-0.90430, -1.06133, -1.41970), (1.87785, -1.08746, 0.51521), (-1.58066, -1.07865, 0.79913), (0.73268, -1.10506, -1.90687), (0.67165, -1.13172, 1.73671), (-1.91312, -1.12273, -0.96198), (1.88508, -1.14967, -0.52162), (-0.94494, -1.14047, 1.49066), (-0.34909, -1.16768, -2.02291), (1.46236, -1.19516, 1.14446), (-2.14722, -1.18577, 0.15447), (1.34918, -1.21352, -1.41069), (-0.06147, -1.24154, 2.25502), (-1.33417, -1.23195, -1.55658), (2.34329, -1.26024, 0.29759), (-1.76390, -1.28879, 1.23162), (0.55237, -1.27902, -2.40907), (1.10211, -1.30785, 1.96813), (-1.92774, -1.29787, -0.64839), (2.16609, -1.32697, -0.94507), (-0.87794, -1.35633, 1.94746), (-0.76025, -1.34616, -2.35440), (1.94252, -1.37580, 1.11892), (-2.52958, -1.40570, 0.54781), (1.36891, -1.39534, -1.91074), (0.30831, -1.42552, 2.68806), (-1.85016, -1.45595, -1.62513), (2.82621, -1.44540, -0.04276), (-1.88449, -1.47611, 1.75909), (0.19476, -1.46536, -2.31475), (1.63612, -1.49635, 2.14364), (-2.39540, -1.52759, -0.44334), (2.39892, -1.51665, -1.48023), (-0.71051, -1.54817, 2.45170), (-1.29078, -1.57995, -2.64649), (2.48072, -1.56882, 0.99413), (-2.88230, -1.60088, 1.06756), (1.29161, -1.58954, -2.47964), (0.81081, -1.62188, 3.10217), (-2.44591, -1.65447, -1.59998), (2.60009, -1.64294, -0.41048), (-1.91589, -1.67581, 2.37722), (-0.15846, -1.70894, -2.75218), (2.27158, -1.69723, 2.23563), (-2.88222, -1.73063, -0.11984), (2.55513, -1.76429, -2.12741), (-0.42277, -1.75239, 2.98649), (-1.94351, -1.78633, -2.87006), (3.06135, -1.77422, 0.74817), (0.00081, -0.00106, 0.02504), (-0.01755, -0.00279, -0.01816), (0.02551, -0.00412, 0.00170), (-0.02057, -0.00612, 0.01627), (0.00442, -0.00838, -0.02639), (0.01509, -0.00953, 0.02354), (-0.02766, -0.01206, -0.00750), (0.02719, -0.01486, -0.01385), (-0.01115, -0.01581, 0.02927), (-0.01233, -0.01889, -0.03162), (0.03112, -0.01963, 0.01553), (-0.03685, -0.02299, 0.01031), (0.02083, -0.02659, -0.03307), (0.00685, -0.02715, 0.03900), (-0.03496, -0.03104, -0.02720), (0.04453, -0.03518, -0.00333), (-0.03476, -0.03555, 0.03656), (0.00123, -0.03997, -0.05057), (0.03760, -0.04013, 0.04361), (-0.05701, -0.04483, -0.00707), (0.05380, -0.04979, -0.03780), (-0.01440, -0.04976, 0.06368), (-0.03685, -0.05500, -0.06535), (0.07035, -0.06049, 0.02343), (-0.06642, -0.06027, 0.02921), (0.03433, -0.06604, -0.07676), (0.02542, -0.07207, 0.07792), (-0.08258, -0.07166, -0.04724), (0.09027, -0.07797, -0.01983), (-0.06226, -0.07736, 0.08745), (-0.01215, -0.08394, -0.10327), (0.09098, -0.09078, 0.07944), (-0.11668, -0.08998, 0.00211), (0.09875, -0.09710, -0.09273), (-0.01057, -0.10447, 0.13018), (-0.07589, -0.10348, -0.09883), (0.14341, -0.11113, 0.02611), (-0.11796, -0.11905, 0.07326), (0.04469, -0.11787, -0.15593), (0.06806, -0.12606, 0.13852), (-0.16727, -0.12467, -0.06646), (0.16026, -0.13313, -0.05990), (-0.09149, -0.14186, 0.17690), (-0.04837, -0.14028, -0.18288), (0.14898, -0.14928, 0.09683), (-0.20597, -0.15854, 0.03314), (0.12249, -0.15678, -0.15290), (0.01386, -0.16632, 0.22906), (-0.15403, -0.16435, -0.15070), (0.25163, -0.17416, 0.00972), (-0.18129, -0.18423, 0.15185), (0.03783, -0.18207, -0.27305), (0.14581, -0.19242, 0.21396), (-0.29266, -0.20303, -0.07061), (0.24835, -0.20068, -0.13539), (-0.08658, -0.21156, 0.24806), (-0.12008, -0.22271, -0.28399), (0.25993, -0.22017, 0.12075), (-0.32032, -0.23159, 0.09943), (0.15880, -0.22884, -0.26859), (0.07302, -0.24054, 0.35671), (-0.27332, -0.25250, -0.20056), (0.39241, -0.24956, -0.04050), (-0.24573, -0.26180, 0.27343), (-0.00161, -0.27429, -0.42662), (0.26819, -0.27116, 0.29394), (-0.36519, -0.28393, -0.03491), (0.34468, -0.29696, -0.25693), (-0.07666, -0.29365, 0.38940), (-0.23898, -0.30695, -0.39734), (0.41029, -0.30343, 0.12397), (-0.45118, -0.31701, 0.21374), (0.17675, -0.33085, -0.42695), (0.18067, -0.32714, 0.50535), (-0.43847, -0.34126, -0.23477), (0.55892, -0.35563, -0.13932), (-0.29766, -0.35174, 0.44394), (-0.07094, -0.36639, -0.48504), (0.44241, -0.38130, 0.36493), (-0.52630, -0.37721, 0.02431), (0.43595, -0.39240, -0.43301), (-0.02991, -0.38811, 0.56461), (-0.41487, -0.40357, -0.50995), (0.59888, -0.41930, 0.09173), (-0.58600, -0.41482, 0.38718), (0.16106, -0.43081, -0.62798), (0.34925, -0.44707, 0.66305), (-0.65073, -0.44240, -0.23763), (0.58643, -0.45894, -0.23814), (-0.32102, -0.45406, 0.66594), (-0.19135, -0.47087, -0.64911), (0.67242, -0.48794, 0.41066), (-0.70989, -0.48288, 0.13476), (0.50578, -0.50022, -0.66902), (0.06813, -0.51783, 0.76749), (-0.65462, -0.51258, -0.60546), (0.82055, -0.53046, 0.00865), (-0.70858, -0.54860, 0.62818), (0.09548, -0.54316, -0.86763), (0.46609, -0.56157, 0.64430), (-0.90727, -0.55592, -0.19212), (0.73167, -0.57462, -0.42594), (-0.29812, -0.59357, 0.93795), (-0.37375, -0.58773, -0.81901), (0.95817, -0.60696, 0.41283), (-0.90487, -0.62645, 0.30898), (0.53538, -0.62043, -0.96645), (0.23124, -0.64019, 0.98769), (-0.96135, -0.66022, -0.66471), (1.06579, -0.65400, -0.14033), (-0.63252, -0.67430, 0.74486), (-0.03623, -0.66788, -1.13742), (0.71999, -0.68846, 0.74592), (-1.20074, -0.70929, -0.08084), (0.86206, -0.70268, -0.68107), (-0.21045, -0.72379, 1.25389), (-0.62718, -0.74517, -0.97940), (1.29498, -0.73836, 0.35194), (-1.09623, -0.76001, 0.55754), (0.50435, -0.75301, -1.32214), (0.47157, -0.77493, 1.21066), (-1.05463, -0.79712, -0.52712), (1.32070, -0.78992, -0.36888), (-0.66518, -0.81238, 1.05495), (-0.24931, -0.83510, -1.42421), (1.03977, -0.82772, 0.80970), (-1.51897, -0.85071, 0.11296), (0.95912, -0.87397, -1.00770), (-0.03982, -0.86639, 1.60269), (-0.95748, -0.88993, -1.11166), (1.67306, -0.88214, 0.20837), (-1.26533, -0.90595, 0.88805), (0.30978, -0.93002, -1.36620), (0.79851, -0.92205, 1.41793), (-1.40211, -0.94640, -0.46783), (1.56711, -0.97100, -0.68824), (-0.63691, -0.96284, 1.42195), (-0.55684, -0.98772, -1.71033), (1.42380, -1.01286, 0.81556)],
                36: [(1.19145, -1.25936, 1.55821), (-2.24345, -1.28802, -0.41319), (1.75323, -1.31695, -1.08393), (-0.66305, -1.30694, 2.29541), (-0.95038, -1.33614, -1.94426), (2.32195, -1.36560, 0.92815), (-2.12815, -1.35540, 0.79035), (1.20612, -1.38514, -2.32047), (0.60371, -1.41513, 2.30161), (-2.28859, -1.40475, -1.49422), (2.46123, -1.43502, -0.39076), (-1.40701, -1.42443, 1.74892), (-0.15218, -1.45498, -2.60353), (1.67993, -1.48578, 1.65045), (-2.72502, -1.47500, -0.11093), (1.89584, -1.50609, -1.58128), (-0.39700, -1.53743, 2.82221), (-1.45175, -1.52646, -2.13983), (2.89173, -1.55808, 0.70405), (-2.37884, -1.58996, 1.29044), (1.02961, -1.57880, -2.93030), (1.09687, -1.61095, 2.60908), (-2.30851, -1.59959, -1.07824), (2.82658, -1.63202, -0.87097), (-1.36336, -1.66471, 2.29505), (-0.61314, -1.65316, -3.02727), (2.24963, -1.68612, 1.65786), (-3.20701, -1.71935, 0.32426), (1.95839, -1.70761, -2.17009), (0.00571, -1.74111, 3.36161), (-2.05464, -1.77487, -2.26125), (3.48698, -1.76294, 0.34061), (-2.56244, -1.79698, 1.90185), (-0.01975, -0.00031, -0.01533), (0.02506, -0.00187, -0.00190), (-0.01748, -0.00370, 0.01842), (0.00061, -0.00500, -0.02593), (0.01728, -0.00710, 0.02001), (-0.02731, -0.00946, -0.00336), (0.02307, -0.01057, -0.01624), (-0.00658, -0.01321, 0.02919), (-0.01512, -0.01412, -0.02676), (0.03150, -0.01703, 0.01046), (-0.03117, -0.02020, 0.01374), (0.01415, -0.02092, -0.03171), (0.01189, -0.02436, 0.03636), (-0.03373, -0.02807, -0.01926), (0.04232, -0.02860, -0.00933), (-0.02537, -0.03258, 0.03570), (-0.00581, -0.03683, -0.04903), (0.03742, -0.03717, 0.03262), (-0.05640, -0.04169, 0.00107), (0.04110, -0.04182, -0.03866), (-0.00516, -0.04662, 0.06427), (-0.03914, -0.05167, -0.05087), (0.06224, -0.05162, 0.01127), (-0.06195, -0.05695, 0.03855), (0.01967, -0.06254, -0.06884), (0.03660, -0.06229, 0.07431), (-0.07525, -0.06816, -0.02982), (0.08785, -0.07428, -0.03292), (-0.04190, -0.07385, 0.08119), (-0.02719, -0.08025, -0.10242), (0.08631, -0.07961, 0.05599), (-0.11780, -0.08629, 0.01906), (0.07217, -0.09323, -0.09025), (0.00679, -0.09240, 0.11053), (-0.09260, -0.09962, -0.09044), (0.12370, -0.10709, 0.00467), (-0.11075, -0.10607, 0.09293), (0.01883, -0.11382, -0.13675), (0.09078, -0.11260, 0.13296), (-0.14926, -0.12063, -0.03588), (0.15688, -0.12891, -0.08570), (-0.05597, -0.12750, 0.16081), (-0.07724, -0.13606, -0.18222), (0.17090, -0.14488, 0.07921), (-0.16932, -0.14328, 0.05272), (0.10562, -0.15238, -0.17899), (0.03939, -0.16173, 0.19160), (-0.18451, -0.15994, -0.13514), (0.21407, -0.16958, -0.02228), (-0.16766, -0.16758, 0.18688), (-0.00110, -0.17749, -0.23626), (0.18549, -0.18766, 0.20294), (-0.25760, -0.18547, -0.02440), (0.24066, -0.19592, -0.17972), (-0.05437, -0.20662, 0.27746), (-0.13586, -0.20425, -0.22544), (0.29518, -0.21523, 0.08891), (-0.25942, -0.22647, 0.12318), (0.12803, -0.22390, -0.31002), (0.10552, -0.23542, 0.29434), (-0.32121, -0.23265, -0.17162), (0.32960, -0.24444, -0.08246), (-0.21949, -0.25650, 0.32798), (-0.05364, -0.25354, -0.36454), (0.26250, -0.26586, 0.21614), (-0.39841, -0.27845, 0.01875), (0.26125, -0.27530, -0.25994), (-0.02242, -0.28817, 0.43037), (-0.25187, -0.28481, -0.30905), (0.45953, -0.29795, 0.06998), (-0.35901, -0.31135, 0.23766), (0.12392, -0.30781, -0.48494), (0.21668, -0.32149, 0.41049), (-0.50559, -0.33542, -0.18413), (0.46271, -0.33169, -0.18837), (-0.19871, -0.34590, 0.41313), (-0.15225, -0.36037, -0.51481), (0.42134, -0.35645, 0.25681), (-0.56582, -0.37120, 0.10792), (0.31942, -0.36707, -0.42327), (0.05510, -0.38209, 0.61466), (-0.41805, -0.39738, -0.38598), (0.66019, -0.39306, 0.00638), (-0.45583, -0.40862, 0.40482), (0.07654, -0.42444, -0.70119), (0.38276, -0.41993, 0.52815), (-0.58326, -0.43603, -0.12298), (0.60198, -0.45238, -0.35114), (-0.19275, -0.44768, 0.60828), (-0.30931, -0.46432, -0.67624), (0.62667, -0.45941, 0.26935), (-0.74971, -0.47632, 0.25673), (0.35230, -0.49349, -0.63727), (0.19299, -0.48840, 0.82107), (-0.63894, -0.50584, -0.44096), (0.88888, -0.52354, -0.11783), (-0.53453, -0.51826, 0.63058), (-0.02464, -0.53624, -0.75275), (0.61112, -0.55448, 0.63203), (-0.80088, -0.54901, -0.05322), (0.73231, -0.56752, -0.57960), (-0.14068, -0.56185, 0.84266), (-0.53513, -0.58064, -0.83406), (0.87665, -0.59969, 0.23743), (-0.93581, -0.59382, 0.47698), (0.34295, -0.61315, -0.90138), (0.40455, -0.63274, 1.03593), (-0.91539, -0.62668, -0.45653), (0.89530, -0.64655, -0.25091), (-0.57725, -0.64028, 0.91727), (-0.17108, -0.66042, -0.97233), (0.90565, -0.68082, 0.70399), (-1.04415, -0.67437, 0.07856), (0.83540, -0.69505, -0.87925), (-0.02659, -0.71598, 1.10902), (-0.83691, -0.70934, -0.96996), (1.16516, -0.73055, 0.14408), (-1.10591, -0.75202, 0.77761), (0.27342, -0.74519, -1.21073), (0.55346, -0.76694, 0.98078), (-1.24391, -0.75991, -0.41384), (1.09107, -0.78193, -0.48031), (-0.56435, -0.80421, 1.26290), (-0.39130, -0.79699, -1.19833), (1.26596, -0.81954, 0.72369), (-1.30056, -0.84236, 0.28613), (0.89036, -0.83495, -1.25144), (0.16472, -0.85804, 1.39566), (-1.21780, -0.88140, -1.06261), (1.48145, -0.87379, -0.02728), (-0.97831, -0.89742, 0.91924), (0.12575, -0.88962, -1.55570), (0.86362, -0.91352, 1.12384), (-1.61615, -0.93769, -0.29363), (1.26967, -0.92969, -0.78921), (-0.47533, -0.95413, 1.66056), (-0.69523, -0.97883, -1.41363), (1.68673, -0.97065, 0.66952), (-1.55336, -0.99562, 0.58115), (0.87457, -0.98723, -1.69256), (0.44669, -1.01248, 1.68637), (-1.32399, -1.03800, -0.85988), (1.81006, -1.02941, -0.29186), (-1.03935, -1.05520, 1.29832), (-0.11698, -1.08125, -1.92172), (1.25155, -1.07248, 1.22367), (-2.01863, -1.09881, -0.07729), (1.41057, -1.12539, -1.18232), (-0.28997, -1.11643, 2.09803), (-1.08949, -1.14329, -1.59756), (2.15719, -1.13413, 0.51970), (-1.78190, -1.16126, 0.97220), (0.60419, -1.18866, -1.73291), (0.82987, -1.17930, 1.96071), (-1.75022, -1.20698, -0.81234), (2.13091, -1.23491, -0.66224), (-1.03100, -1.22536, 1.74514), (-0.46943, -1.25357, -2.28931), (1.71564, -1.28204, 1.25796)],
                38: [(1.26810, -1.55682, 2.11409), (-2.74075, -1.58881, -0.83173), (2.33649, -1.62106, -1.10348), (-1.14785, -1.60967, 2.76329), (-0.90796, -1.64220, -2.54926), (2.75216, -1.67498, 1.47779), (-2.74853, -1.66341, 0.68162), (1.81818, -1.69647, -2.70471), (0.42497, -1.72979, 2.93034), (-2.61863, -1.71802, -2.16527), (3.09067, -1.75162, -0.13903), (-1.97664, -1.73965, 1.95861), (0.17472, -1.77352, -3.22550), (1.83557, -1.80765, 2.26180), (-0.01449, -0.00105, 0.02043), (-0.00299, -0.00271, -0.02506), (0.01938, -0.00463, 0.01686), (-0.02614, -0.00591, 0.00052), (0.01973, -0.00810, -0.01859), (-0.00220, -0.01056, 0.02769), (-0.01791, -0.01165, -0.02324), (0.02968, -0.01438, 0.00535), (-0.02618, -0.01526, 0.01633), (0.00914, -0.01827, -0.03209), (0.01508, -0.02154, 0.03055), (-0.03480, -0.02223, -0.01376), (0.03565, -0.02578, -0.01340), (-0.01941, -0.02958, 0.03769), (-0.01105, -0.03008, -0.04150), (0.04055, -0.03416, 0.02626), (-0.04806, -0.03850, 0.00782), (0.03445, -0.03882, -0.04316), (0.00344, -0.04343, 0.05527), (-0.03938, -0.04354, -0.03839), (0.06301, -0.04843, 0.00232), (-0.04769, -0.05358, 0.04009), (0.00973, -0.05350, -0.07110), (0.03985, -0.05893, 0.05826), (-0.07930, -0.06461, -0.01899), (0.07008, -0.06434, -0.03836), (-0.03032, -0.07031, 0.08735), (-0.03530, -0.06983, -0.08307), (0.09489, -0.07607, 0.04388), (-0.09711, -0.08257, 0.03033), (0.04971, -0.08190, -0.08441), (0.02313, -0.08868, 0.11201), (-0.08869, -0.09571, -0.06484), (0.12751, -0.09486, -0.01338), (-0.08199, -0.10217, 0.09156), (-0.00079, -0.10974, -0.14331), (0.09261, -0.10870, 0.10115), (-0.15901, -0.11654, -0.01492), (0.12220, -0.11529, -0.09142), (-0.03397, -0.12342, 0.17417), (-0.08755, -0.13180, -0.14499), (0.15317, -0.13036, 0.04599), (-0.16928, -0.13902, 0.08056), (0.06738, -0.14794, -0.16357), (0.07001, -0.14631, 0.19474), (-0.17224, -0.15550, -0.09184), (0.22098, -0.16496, -0.05549), (-0.11934, -0.16314, 0.17867), (-0.03664, -0.17287, -0.24752), (0.18227, -0.17084, 0.14981), (-0.27379, -0.18085, 0.01312), (0.18306, -0.19112, -0.18246), (-0.01233, -0.18890, 0.24071), (-0.17867, -0.19945, -0.21884), (0.26061, -0.21025, 0.03945), (-0.25676, -0.20785, 0.17029), (0.07097, -0.21892, -0.27873), (0.15678, -0.21632, 0.29638), (-0.29438, -0.22767, -0.10692), (0.33714, -0.23928, -0.13759), (-0.14727, -0.23649, 0.30686), (-0.11226, -0.24838, -0.37837), (0.31539, -0.26053, 0.19186), (-0.33534, -0.25754, 0.06426), (0.24045, -0.26996, -0.31921), (0.03336, -0.28265, 0.36855), (-0.31755, -0.27947, -0.29267), (0.40031, -0.29244, 0.00352), (-0.34803, -0.28905, 0.30963), (0.04654, -0.30229, -0.42981), (0.29472, -0.31579, 0.40592), (-0.45613, -0.31222, -0.09576), (0.46560, -0.32599, -0.27214), (-0.15111, -0.34002, 0.47832), (-0.19225, -0.33626, -0.41935), (0.49541, -0.35057, 0.21242), (-0.46956, -0.36514, 0.16125), (0.27937, -0.36119, -0.50639), (0.12252, -0.37604, 0.51923), (-0.51026, -0.37188, -0.35149), (0.56735, -0.38700, -0.07571), (-0.42817, -0.40238, 0.50601), (-0.02059, -0.39804, -0.61286), (0.39001, -0.41369, 0.40265), (-0.65460, -0.42961, -0.04292), (0.47078, -0.42508, -0.37327), (-0.11480, -0.44127, 0.69137), (-0.34771, -0.43653, -0.54090), (0.72191, -0.45300, 0.19484), (-0.61202, -0.46973, 0.31262), (0.28268, -0.46480, -0.74494), (0.26743, -0.48180, 0.68304), (-0.75916, -0.49907, -0.37779), (0.75273, -0.49395, -0.21166), (-0.37895, -0.51149, 0.60333), (-0.14497, -0.52929, -0.81975), (0.60051, -0.52398, 0.46595), (-0.88266, -0.54206, 0.06719), (0.55730, -0.53654, -0.58757), (-0.02171, -0.55489, 0.93996), (-0.56353, -0.57351, -0.65197), (0.99006, -0.56780, 0.12156), (-0.74880, -0.58669, 0.52748), (0.23197, -0.60584, -1.03136), (0.47862, -0.59995, 0.84644), (-0.83887, -0.61937, -0.27827), (0.94340, -0.63905, -0.41628), (-0.38246, -0.63297, 0.85789), (-0.33997, -0.65293, -1.03806), (0.86604, -0.64664, 0.49407), (-1.12868, -0.66688, 0.24934), (0.61213, -0.68738, -0.86196), (0.14428, -0.68090, 1.21338), (-0.84436, -0.70167, -0.73546), (1.29025, -0.72270, -0.02489), (-0.86270, -0.71604, 0.81203), (0.08566, -0.73734, -1.07135), (0.76390, -0.75891, 0.99227), (-1.12042, -0.75205, -0.20255), (1.12242, -0.77390, -0.69904), (-0.33057, -0.76684, 1.15865), (-0.61671, -0.78896, -1.25122), (1.18427, -0.81133, 0.46888), (-1.37657, -0.80408, 0.51638), (0.61645, -0.82674, -1.19557), (0.39773, -0.84965, 1.49625), (-1.19087, -0.84221, -0.77195), (1.26891, -0.86540, -0.20574), (-0.93384, -0.85776, 1.16861), (-0.08370, -0.88123, -1.35555), (1.12737, -0.90495, 1.10033), (-1.43244, -0.89712, -0.05360), (1.26940, -0.92112, -1.06587), (-0.20563, -0.94538, 1.49741), (-0.98306, -0.93736, -1.43880), (1.54828, -0.96190, 0.37157), (-1.60609, -0.98669, 0.87809), (0.55033, -0.97848, -1.58288), (0.59215, -1.00356, 1.39568), (-1.59911, -0.99514, -0.74051), (1.52567, -1.02049, -0.47561), (-0.94041, -1.04610, 1.59497), (-0.33949, -1.03749, -1.64831), (1.56859, -1.06337, 1.14804), (-1.76103, -1.08952, 0.18390), (1.36114, -1.08072, -1.51827), (0.00928, -1.10714, 1.86121), (-1.44254, -1.13383, -1.57716), (1.94619, -1.12484, 0.18365), (-1.41526, -1.15180, 1.05764), (0.39379, -1.14260, -2.01331), (0.95989, -1.16984, 1.59155), (-2.05996, -1.19733, -0.61971), (1.76432, -1.18795, -0.83847), (-0.85962, -1.21572, 2.08361), (-0.69291, -1.24375, -1.93072), (2.08185, -1.23418, 1.11140), (-2.08773, -1.26248, 0.52310), (1.37255, -1.25270, -2.05248), (0.32923, -1.28129, 2.23224), (-1.57354, -1.31013, -1.29473), (2.36105, -1.30016, -0.11192), (-1.51638, -1.32928, 1.50982), (0.12787, -1.35865, -2.47096), (1.41899, -1.34850, 1.73988), (-2.55875, -1.37815, -0.38874), (1.96218, -1.40806, -1.29989), (-0.66888, -1.39772, 2.62130), (-1.15167, -1.42791, -2.17998), (2.65559, -1.41736, 0.96608), (-2.38982, -1.44782, 0.97385), (1.00881, -1.47855, -2.09923), (0.76635, -1.46781, 2.58805), (-2.08560, -1.49881, -1.27023), (2.77090, -1.53007, -0.52950), (-1.54030, -1.51914, 2.04259), (-0.26408, -1.55068, -2.93456), (1.96819, -1.58247, 1.81593)],
                40: [(0.02796, -0.01019, 0.00101), (-0.02265, -0.01276, 0.01907), (0.00408, -0.01559, -0.03005), (0.01847, -0.01644, 0.02695), (-0.03251, -0.01955, -0.00775), (0.03209, -0.02291, -0.01761), (-0.01221, -0.02358, 0.03528), (-0.01624, -0.02722, -0.03813), (0.03821, -0.03112, 0.01763), (-0.04508, -0.03159, 0.01412), (0.02419, -0.03577, -0.04115), (0.00970, -0.03604, 0.04678), (-0.04388, -0.04049, -0.03202), (0.05379, -0.04521, -0.00569), (-0.04126, -0.04529, 0.04615), (-0.00039, -0.05028, -0.06133), (0.04767, -0.05552, 0.05198), (-0.06926, -0.05542, -0.00644), (0.06420, -0.06094, -0.04812), (-0.01502, -0.06672, 0.07735), (-0.04714, -0.06643, -0.07791), (0.08537, -0.07249, 0.02555), (-0.07788, -0.07198, 0.03714), (0.03821, -0.07832, -0.09299), (0.03291, -0.08492, 0.09131), (-0.09987, -0.08422, -0.05314), (0.10563, -0.09110, -0.02662), (-0.07041, -0.09823, 0.10561), (-0.01796, -0.09735, -0.12063), (0.10977, -0.10476, 0.09006), (-0.13602, -0.11242, 0.00664), (0.11206, -0.11135, -0.11189), (-0.00762, -0.11930, 0.15145), (-0.09094, -0.11802, -0.11119), (0.16652, -0.12624, 0.02506), (-0.13274, -0.13472, 0.08820), (0.04586, -0.13325, -0.18077), (0.08260, -0.14201, 0.15583), (-0.19366, -0.15102, -0.07014), (0.18020, -0.14937, -0.07372), (-0.09798, -0.15866, 0.20463), (-0.06116, -0.15680, -0.20548), (0.21307, -0.16636, 0.12936), (-0.23125, -0.17619, 0.04453), (0.13223, -0.17414, -0.17586), (0.02349, -0.18424, 0.25700), (-0.17750, -0.19461, -0.16331), (0.28215, -0.19237, 0.00223), (-0.19695, -0.20301, 0.17553), (0.03287, -0.21391, -0.30604), (0.16937, -0.21148, 0.23284), (-0.32796, -0.22265, -0.06855), (0.27059, -0.22002, -0.15848), (-0.10934, -0.23147, 0.34714), (-0.14231, -0.24318, -0.30970), (0.29016, -0.24035, 0.12412), (-0.34957, -0.25234, 0.12039), (0.16528, -0.26459, -0.30020), (0.09227, -0.26157, 0.38951), (-0.30605, -0.27410, -0.21043), (0.42874, -0.28688, -0.05759), (-0.25928, -0.28368, 0.30696), (-0.01608, -0.29673, -0.46639), (0.30217, -0.29333, 0.31142), (-0.50152, -0.30666, -0.03245), (0.36631, -0.32025, -0.29096), (-0.07015, -0.31666, 0.42473), (-0.27263, -0.33053, -0.42329), (0.44809, -0.34466, 0.12052), (-0.48160, -0.34087, 0.24653), (0.17675, -0.35528, -0.46701), (0.21210, -0.35128, 0.54035), (-0.48053, -0.36596, -0.23860), (0.59852, -0.38091, -0.16886), (-0.30571, -0.37672, 0.48766), (-0.11643, -0.39194, -0.65502), (0.48745, -0.40742, 0.37755), (-0.56320, -0.40305, 0.04336), (0.45346, -0.41880, -0.47893), (-0.01345, -0.43481, 0.60516), (-0.46120, -0.43025, -0.53263), (0.64297, -0.44654, 0.07837), (-0.61411, -0.44178, 0.43341), (0.15129, -0.45834, -0.67543), (0.39481, -0.47517, 0.69679), (-0.70130, -0.47021, -0.23196), (0.77942, -0.48731, -0.34474), (-0.31994, -0.50467, 0.71933), (-0.22434, -0.49953, -0.68300), (0.72828, -0.51717, 0.41464), (-0.74856, -0.53506, 0.16605), (0.51527, -0.52973, -0.72691), (0.09715, -0.54790, 0.81096), (-0.71406, -0.54236, -0.62087), (0.86877, -0.56081, -0.01752), (-0.73031, -0.57952, 0.68862), (0.07279, -0.57379, -0.92050), (0.51254, -0.59277, 0.66457), (-0.96461, -0.61202, -0.17352), (0.75738, -0.60610, -0.47261), (-0.28422, -0.62562, 0.99951), (-0.42008, -0.61949, -0.85040), (1.02363, -0.63929, 0.40425), (-0.94213, -0.65935, 0.35435), (0.53272, -0.65303, -1.03540), (0.27501, -0.67337, 1.03096), (-1.03332, -0.69396, -0.66855), (1.11514, -0.68746, -0.18180), (-0.63907, -0.70832, 0.80117), (-0.07470, -0.72945, -1.19283), (0.77823, -0.72276, 0.75824), (-1.26214, -0.74416, -0.04612), (0.88059, -0.73726, -0.74071), (-0.18024, -0.75895, 1.32112), (-0.68763, -0.78089, -1.00452), (1.36778, -0.77380, 0.32699), (-1.12828, -0.79601, 0.61814), (0.48544, -0.81849, -1.40017), (0.53160, -0.81121, 1.24993), (-1.11663, -0.83396, -0.51590), (1.36739, -0.85698, -0.42757), (-0.65953, -0.84951, 1.12082), (-0.30585, -0.87280, -1.47845), (1.10906, -0.86512, 0.81023), (-1.58081, -0.88869, 0.16648), (0.96644, -0.91251, -1.07990), (0.00979, -0.90465, 1.67210), (-1.03199, -0.92875, -1.12632), (1.74990, -0.95311, 0.16359), (-1.28785, -0.94506, 0.96417), (0.27806, -0.96969, -1.42823), (0.87550, -0.99459, 1.44877), (-1.46999, -0.98635, -0.44083), (1.60665, -1.01152, -0.76526), (-0.61542, -1.00307, 1.49539), (-0.63298, -1.02852, -1.75889), (1.50243, -1.05423, 0.80039), (-1.90275, -1.04559, 0.47851), (0.99400, -1.07158, -1.48921), (0.30201, -1.09782, 2.03538), (-1.45397, -1.08899, -1.19422), (1.69801, -1.11551, -0.08197), (-1.39876, -1.10648, 1.39514), (0.09091, -1.13328, -1.78699), (1.31137, -1.16033, 1.60506), (-1.86049, -1.15111, -0.28099), (1.81034, -1.17844, -1.20157), (-0.48711, -1.20603, 1.91593), (-1.06494, -1.19662, -2.01157), (1.95081, -1.22449, 0.70776), (-2.20557, -1.25262, 0.90101), (0.94111, -1.24302, -1.96273), (0.55957, -1.27142, 1.88368), (-1.94941, -1.26162, -1.18496), (2.02751, -1.29030, -0.38928), (-1.43679, -1.31923, 1.90879), (-0.19612, -1.30924, -2.15829), (1.83901, -1.33845, 1.69378), (-2.27292, -1.36793, -0.01920), (1.95278, -1.35775, -1.73851), (-0.25562, -1.38750, 2.36831), (-1.60602, -1.41751, -2.21036), (2.44137, -1.40713, 0.51165), (-1.94243, -1.43742, 1.13622), (0.78541, -1.42684, -2.48910), (0.98448, -1.45740, 2.14543), (-2.50863, -1.48823, -1.07463), (2.33961, -1.47746, -0.80436), (-1.37659, -1.50856, 2.49729), (-0.59589, -1.53991, -2.52141), (2.45262, -1.52896, 1.68824), (-2.68718, -1.56059, 0.35953), (2.00613, -1.54943, -2.37245), (0.09618, -1.58134, 2.83321), (-1.77900, -1.61351, -1.83538), (2.95577, -1.60216, 0.19279), (-2.09740, -1.63460, 1.66417), (0.50557, -1.66731, -3.05121), (1.51610, -1.65576, 2.35670), (-3.11597, -1.68875, -0.83984), (2.60940, -1.72199, -1.33401), (-1.19283, -1.71026, 3.14666), (-1.11753, -1.74377, -2.85140), (3.14012, -1.73184, 1.56128), (-3.07845, -1.76563, 0.86677), (1.53224, -1.79968, -2.44136), (0.02397, -0.00035, 0.00711), (-0.02265, -0.00193, 0.01087), (0.00962, -0.00376, -0.02357), (0.00883, -0.00508, 0.02431), (-0.02359, -0.00719, -0.01248), (0.02647, -0.00957, -0.00674)],
                42: [(0.07484, -0.06265, 0.01120), (-0.07318, -0.06854, 0.04872), (0.02092, -0.07470, -0.08275), (0.04658, -0.07417, 0.08769), (-0.09038, -0.08060, -0.03265), (0.10347, -0.08730, -0.04244), (-0.04653, -0.08658, 0.09740), (-0.03593, -0.09355, -0.12034), (0.10344, -0.10077, 0.06268), (-0.13805, -0.09987, 0.02671), (0.08113, -0.10737, -0.10809), (0.01181, -0.10626, 0.12795), (-0.11092, -0.11404, -0.10187), (0.14299, -0.12208, 0.00101), (-0.12483, -0.12077, 0.11145), (0.01681, -0.12909, -0.15784), (0.10921, -0.13767, 0.14986), (-0.17207, -0.13618, -0.03581), (0.17673, -0.14503, -0.10371), (-0.05815, -0.15414, 0.18518), (-0.09447, -0.15246, -0.20511), (0.19666, -0.16185, 0.08392), (-0.18924, -0.15996, 0.06536), (0.11314, -0.16962, -0.20593), (0.05090, -0.17955, 0.21405), (-0.21237, -0.17747, -0.14575), (0.23907, -0.18767, -0.03233), (-0.18159, -0.19813, 0.21536), (-0.00932, -0.19586, -0.26376), (0.21425, -0.20660, 0.22042), (-0.28752, -0.21759, -0.01835), (0.26189, -0.21514, -0.20839), (-0.05087, -0.22641, 0.30969), (-0.15776, -0.22375, -0.24448), (0.32953, -0.23530, 0.08832), (-0.28168, -0.24710, 0.14450), (0.13071, -0.24425, -0.34628), (0.12590, -0.25634, 0.31991), (-0.35912, -0.26868, -0.17793), (0.35854, -0.26564, -0.10149), (-0.22976, -0.27826, 0.36722), (-0.07090, -0.27501, -0.39685), (0.36973, -0.28791, 0.28586), (-0.43405, -0.30106, 0.03380), (0.27540, -0.29763, -0.29137), (-0.01002, -0.31106, 0.46926), (-0.28362, -0.32475, -0.32698), (0.50152, -0.32113, 0.06069), (-0.38093, -0.33509, 0.26933), (0.11820, -0.34932, -0.52983), (0.24785, -0.34551, 0.43655), (-0.55314, -0.36001, -0.18242), (0.49305, -0.35599, -0.21859), (-0.25308, -0.37077, 0.57036), (-0.18103, -0.38581, -0.54950), (0.46103, -0.38160, 0.26195), (-0.60489, -0.39691, 0.13474), (0.32862, -0.41249, -0.46446), (0.07942, -0.40809, 0.65810), (-0.46037, -0.42394, -0.39959), (0.70791, -0.44005, -0.01489), (-0.47414, -0.43546, 0.44786), (0.05889, -0.45185, -0.75304), (0.42606, -0.44706, 0.55144), (-0.79215, -0.46372, -0.14178), (0.63048, -0.48064, -0.39419), (-0.18517, -0.47566, 0.65336), (-0.35156, -0.49286, -0.71013), (0.67464, -0.51031, 0.26574), (-0.78913, -0.50514, 0.29759), (0.35313, -0.52288, -0.68783), (0.23183, -0.51750, 0.86608), (-0.69174, -0.53551, -0.44669), (0.93948, -0.55378, -0.15401), (-0.54558, -0.54821, 0.68519), (-0.06399, -0.56676, -1.00775), (0.66707, -0.58556, 0.64880), (-0.84708, -0.57981, -0.03022), (0.75517, -0.59889, -0.63634), (-0.12107, -0.61823, 0.89322), (-0.59207, -0.61228, -0.86332), (0.93138, -0.63190, 0.22181), (-0.97172, -0.62575, 0.53347), (0.33191, -0.64564, -0.96004), (0.45989, -0.66580, 1.07871), (-0.97766, -0.65946, -0.45066), (1.18245, -0.67989, -0.37088), (-0.57713, -0.70058, 0.98275), (-0.21075, -0.69404, -1.01431), (0.97386, -0.71501, 0.71016), (-1.09187, -0.73623, 0.11595), (0.84838, -0.72952, -0.94965), (0.00782, -0.75102, 1.16246), (-0.90888, -0.74409, -0.99022), (1.22423, -0.76587, 0.11337), (-1.13389, -0.78791, 0.85045), (0.24712, -0.78079, -1.27526), (0.60917, -0.80310, 1.00606), (-1.31366, -0.82568, -0.39270), (1.12293, -0.81837, -0.53606), (-0.54909, -0.84122, 1.33752), (-0.44639, -0.83371, -1.23703), (1.34503, -0.85684, 0.71503), (-1.34630, -0.88022, 0.33982), (0.88900, -0.87252, -1.33442), (0.21623, -0.89618, 1.44855), (-1.30409, -0.92010, -1.06921), (1.54154, -0.91221, -0.07577), (-0.98721, -0.93641, 0.98637), (0.08115, -0.96087, -1.62294), (0.93285, -0.95279, 1.13974), (-1.69039, -0.97752, -0.25380), (1.29306, -0.96924, -0.85986), (-0.44116, -0.99425, 1.74156), (-0.76658, -1.01952, -1.44494), (1.77414, -1.01104, 0.64192), (-1.59296, -1.03659, 0.65237), (0.85442, -1.06239, -1.78592), (0.51691, -1.05373, 1.73455), (-1.39768, -1.07981, -0.84792), (1.86702, -1.10615, -0.36015), (-1.03417, -1.09730, 1.37640), (-0.18236, -1.12391, -1.98758), (1.33346, -1.11485, 1.22600), (-2.09339, -1.14175, -0.01586), (1.42110, -1.16890, -1.26739), (-0.23354, -1.15965, 2.18159), (-1.17698, -1.18708, -1.61691), (2.24933, -1.21477, 0.46936), (-1.81065, -1.20533, 1.06126), (0.56836, -1.23330, -1.80670), (0.91957, -1.26152, 1.99936), (-1.83074, -1.25189, -0.78235), (2.17986, -1.28039, -0.75156), (-1.00779, -1.27056, 1.83201), (-0.55728, -1.29934, -2.34889), (1.80837, -1.32837, 1.24246), (-2.50304, -1.31835, 0.33711), (1.48382, -1.34766, -1.75788), (0.09189, -1.37723, 2.63889), (-1.67884, -1.36702, -1.72903), (2.16884, -1.39687, 0.13957), (-1.97496, -1.38646, 1.56982), (0.37087, -1.41658, -2.25044), (1.42974, -1.44696, 2.21821), (-2.30967, -1.43636, -0.62036), (2.45516, -1.46702, -1.25786), (-0.88609, -1.49794, 2.34367), (-1.05384, -1.48714, -2.68202), (2.34972, -1.51834, 1.16574), (-2.89481, -1.54979, 0.81779), (1.45656, -1.53881, -2.32529), (0.43363, -1.57054, 2.43465), (-2.26811, -1.55935, -1.75548), (2.58375, -1.59135, -0.19984), (-2.05903, -1.62362, 2.17619), (0.05936, -1.61224, -2.71277), (2.04787, -1.64479, 2.36344), (-2.81812, -1.67759, -0.34252), (2.66462, -1.66602, -1.88192), (-0.64772, -1.69910, 2.89629), (-1.67750, -1.73244, -2.95824), (2.94390, -1.72068, 0.97259), (-2.55395, -1.75429, 1.13067), (1.31430, -1.74233, -2.95773), (0.91315, -1.77622, 2.77679), (-2.93481, -1.81037, -1.66956), (0.00608, -0.00110, -0.02430), (0.01192, -0.00277, 0.02230), (-0.02413, -0.00471, -0.00865), (0.02435, -0.00600, -0.01005), (-0.01155, -0.00821, 0.02433), (-0.00814, -0.00929, -0.02702), (0.02483, -0.01178, 0.01496), (-0.02913, -0.01453, 0.00571), (0.01906, -0.01542, -0.02552), (0.00307, -0.01844, 0.03246), (-0.02626, -0.02173, -0.02400), (0.03631, -0.02243, 0.00017), (-0.02991, -0.02599, 0.02683), (0.00423, -0.02981, -0.04063), (0.02703, -0.03032, 0.03690), (-0.04533, -0.03442, -0.00932), (0.04504, -0.03473, -0.02658), (-0.01565, -0.03910, 0.05026), (-0.02207, -0.04373, -0.04762), (0.05523, -0.04385, 0.02341), (-0.05619, -0.04876, 0.01956), (0.03277, -0.05392, -0.05998), (0.01577, -0.05385, 0.06561), (-0.06424, -0.05930, -0.04386), (0.07576, -0.06500, -0.01043)],
                44: [(0.17539, -0.14635, 0.04685), (-0.18957, -0.15558, 0.09746), (0.07048, -0.16506, -0.18721), (0.08600, -0.16315, 0.21797), (-0.19713, -0.17291, -0.09746), (0.24719, -0.18293, -0.07020), (-0.12775, -0.18083, 0.20457), (-0.04968, -0.19113, -0.27670), (0.20894, -0.20168, 0.16125), (-0.30590, -0.19939, 0.02409), (0.19776, -0.21022, -0.20960), (-0.00548, -0.20772, 0.26749), (-0.20593, -0.21883, -0.23699), (0.28964, -0.23020, 0.03479), (-0.27855, -0.22751, 0.19732), (0.06885, -0.23916, -0.30989), (0.18316, -0.25106, 0.32195), (-0.32750, -0.24818, -0.10769), (0.36657, -0.26036, -0.16290), (-0.15127, -0.27280, 0.34170), (-0.13603, -0.26974, -0.41172), (0.35169, -0.28245, 0.19942), (-0.36364, -0.27918, 0.08133), (0.25189, -0.29217, -0.35667), (0.04863, -0.30543, 0.40003), (-0.35579, -0.30196, -0.30827), (0.43493, -0.31549, -0.00953), (-0.36805, -0.32928, 0.34825), (0.03614, -0.32563, -0.46746), (0.33328, -0.33969, 0.43058), (-0.49667, -0.35402, -0.08845), (0.49509, -0.35018, -0.31014), (-0.14733, -0.36478, 0.52156), (-0.22087, -0.36073, -0.44516), (0.54108, -0.37560, 0.21259), (-0.49944, -0.39074, 0.18884), (0.28391, -0.38650, -0.55418), (0.14861, -0.40192, 0.55324), (-0.55980, -0.41759, -0.36080), (0.60551, -0.41316, -0.09980), (-0.44262, -0.42911, 0.55688), (-0.04217, -0.42448, -0.65513), (0.54442, -0.44070, 0.52859), (-0.70090, -0.45719, -0.02439), (0.48955, -0.45237, -0.41325), (-0.09985, -0.46913, 0.74155), (-0.38781, -0.48614, -0.56442), (0.77574, -0.48113, 0.18403), (-0.64051, -0.49843, 0.35236), (0.27654, -0.51599, -0.80214), (0.30628, -0.51079, 0.71666), (-0.81938, -0.52862, -0.37683), (0.79160, -0.52321, -0.24905), (-0.48418, -0.54132, 0.82612), (-0.18029, -0.55969, -0.86393), (0.64996, -0.55409, 0.47309), (-0.93214, -0.57274, 0.09981), (0.56954, -0.59164, -0.63864), (0.00756, -0.58585, 0.99467), (-0.61576, -0.60503, -0.66970), (1.04986, -0.62447, 0.09630), (-0.77235, -0.61850, 0.58034), (0.21140, -0.63821, -1.09602), (0.53152, -0.63204, 0.87610), (-1.13144, -0.65203, -0.33715), (0.97943, -0.67228, -0.46860), (-0.37398, -0.66591, 0.91326), (-0.39102, -0.68644, -1.08063), (0.92474, -0.70722, 0.49057), (-1.17790, -0.70066, 0.29841), (0.61416, -0.72173, -0.92361), (0.19061, -0.71496, 1.26931), (-0.90849, -0.73630, -0.74354), (1.35284, -0.75790, -0.06767), (-0.87732, -0.75095, 0.87811), (0.07007, -0.77282, -1.42641), (0.83132, -0.79496, 1.01389), (-1.17666, -0.78781, -0.17561), (1.15144, -0.81023, -0.76714), (-0.30791, -0.83289, 1.22001), (-0.68474, -0.82556, -1.28797), (1.25050, -0.84851, 0.45122), (-1.42134, -0.84097, 0.58353), (0.60448, -0.86420, -1.26633), (0.46316, -0.88768, 1.54922), (-1.26574, -0.87995, -0.76636), (1.66921, -0.90371, -0.32350), (-0.93530, -0.92773, 1.24708), (-0.13028, -0.91981, -1.40651), (1.20883, -0.94410, 1.10947), (-1.49020, -0.96866, -0.00999), (1.28680, -0.96055, -1.14964), (-0.16583, -0.98538, 1.56190), (-1.06836, -0.97707, -1.46500), (1.61935, -1.00218, 0.33643), (-1.64155, -1.02754, 0.96407), (0.52071, -1.01904, -1.66029), (0.65775, -1.04468, 1.42682), (-1.68252, -1.07058, -0.71727), (1.56467, -1.06190, -0.54099), (-0.92441, -1.08807, 1.68391), (-0.40381, -1.07918, -1.69544), (1.66251, -1.10563, 1.14011), (-1.81649, -1.13234, 0.24626), (1.36208, -1.12326, -1.61651), (0.06871, -1.15025, 1.92509), (-1.54431, -1.17750, -1.58771), (2.01848, -1.16822, 0.12812), (-1.42732, -1.19575, 1.13656), (0.34320, -1.22353, -2.09391), (1.04101, -1.21407, 1.61201), (-2.14863, -1.24213, -0.57510), (1.79372, -1.23246, -0.92096), (-0.82204, -1.26080, 2.18000), (-0.77587, -1.28940, -1.96953), (2.18550, -1.27954, 1.08189), (-2.13635, -1.30841, 0.60553), (1.35214, -1.33754, -2.16279), (0.41009, -1.32749, 2.29095), (-1.66022, -1.35690, -1.28267), (2.43004, -1.38657, -0.19008), (-1.51254, -1.37633, 1.60139), (0.05358, -1.40628, -2.55029), (1.51474, -1.39584, 1.74507), (-2.64837, -1.42606, -0.31954), (1.97718, -1.45654, -1.39899), (-0.60603, -1.44590, 2.72101), (-1.25319, -1.47666, -2.20550), (2.76506, -1.50768, 0.91083), (-2.42646, -1.49685, 1.07676), (0.96926, -1.52815, -2.18637), (0.86951, -1.55970, 2.63635), (-2.18040, -1.54869, -1.23787), (2.83128, -1.58052, -0.63168), (-1.51621, -1.56930, 2.14452), (-0.36397, -1.60140, -3.00730), (2.07661, -1.63377, 1.80118), (-3.16044, -1.62236, 0.06757), (2.08934, -1.65500, -1.97486), (-0.25587, -1.68790, 3.28674), (-1.83779, -1.67630, -2.37693), (2.66334, -1.70948, 0.47574), (-2.65994, -1.69768, 1.66432), (0.77145, -1.73113, -2.72552), (1.45382, -1.76484, 2.93410), (-2.75746, -1.75285, -1.08509), (3.19494, -1.78684, -1.20610), (0.01479, -0.00043, 0.02016), (-0.02464, -0.00188, -0.00504), (0.02190, -0.00365, -0.01295), (-0.00772, -0.00568, 0.02486), (-0.01120, -0.00694, -0.02411), (0.02501, -0.00925, 0.01057), (-0.02690, -0.01031, 0.00939), (0.01397, -0.01289, -0.02563), (0.00732, -0.01574, 0.03035), (-0.02644, -0.01660, -0.01802), (0.03446, -0.01973, -0.00478), (-0.02285, -0.02311, 0.02728), (-0.00152, -0.02378, -0.03924), (0.02798, -0.02744, 0.02860), (-0.04462, -0.03136, -0.00270), (0.03538, -0.03184, -0.02835), (-0.00724, -0.03604, 0.04498), (-0.02812, -0.03632, -0.04326), (0.04986, -0.04079, 0.01319), (-0.05226, -0.04551, 0.02703), (0.02049, -0.04561, -0.05482), (0.02478, -0.05061, 0.06237), (-0.05962, -0.05587, -0.02930), (0.07350, -0.05578, -0.02107), (-0.03976, -0.06132, 0.06401), (-0.01557, -0.06101, -0.08553), (0.06769, -0.06683, 0.05198), (-0.08266, -0.07291, 0.00671), (0.06602, -0.07241, -0.07031), (-0.00169, -0.07877, 0.09340), (-0.07150, -0.08538, -0.08188), (0.10427, -0.08470, 0.01227), (-0.09952, -0.09158, 0.07086), (0.02525, -0.09873, -0.11497), (0.06797, -0.09786, 0.11881), (-0.12514, -0.10528, -0.04081), (0.13956, -0.10421, -0.06242), (-0.05909, -0.11191, 0.13435), (-0.04406, -0.11987, -0.13227), (0.14216, -0.11860, 0.08016), (-0.15103, -0.12684, 0.03416), (0.10404, -0.13533, -0.14807), (0.02111, -0.13388, 0.17025), (-0.15155, -0.14265, -0.13067), (0.18953, -0.15168, -0.00461)],
                46: [(0.32174, -0.26131, 0.12609), (-0.37899, -0.27387, 0.14368), (0.17041, -0.28668, -0.33335), (0.11393, -0.28338, 0.42267), (-0.34049, -0.29647, -0.21903), (0.46564, -0.30982, -0.07716), (-0.27165, -0.30633, 0.34238), (-0.03308, -0.31995, -0.50696), (0.33822, -0.33384, 0.32781), (-0.54565, -0.33016, -0.01851), (0.38697, -0.34432, -0.32724), (-0.06164, -0.34044, 0.46082), (-0.30869, -0.35488, -0.44844), (0.48686, -0.36957, 0.11505), (-0.51139, -0.36550, 0.28191), (0.17473, -0.38047, -0.50826), (0.24629, -0.39570, 0.57490), (-0.52400, -0.39144, -0.24044), (0.63791, -0.40695, -0.20130), (-0.31179, -0.42272, 0.53306), (-0.14656, -0.41827, -0.69925), (0.53439, -0.43431, 0.38826), (-0.60006, -0.42965, 0.06478), (0.46916, -0.44597, -0.52700), (0.00547, -0.46255, 0.64589), (-0.50993, -0.45771, -0.55363), (0.68747, -0.47456, 0.06245), (-0.64069, -0.49168, 0.48228), (0.13890, -0.48664, -0.72354), (0.44325, -0.50404, 0.72917), (-0.75280, -0.52169, -0.22361), (0.81779, -0.51646, -0.39215), (-0.31615, -0.53439, 0.77395), (-0.25976, -0.52896, -0.71591), (0.78566, -0.54716, 0.41591), (-0.78644, -0.56563, 0.19997), (0.52209, -0.56001, -0.78664), (0.12898, -0.57875, 0.85386), (-0.77566, -0.59775, -0.63370), (0.91667, -0.59194, -0.04666), (-0.74955, -0.61121, 0.75153), (0.04696, -0.60519, -0.97332), (0.71320, -0.62475, 0.86828), (-1.02220, -0.64456, -0.15165), (0.78116, -0.63835, -0.52142), (-0.26696, -0.65844, 1.06165), (-0.46883, -0.67879, -0.88000), (1.09001, -0.67239, 0.39224), (-0.97777, -0.69302, 0.40243), (0.52659, -0.71390, -1.10564), (0.32175, -0.70732, 1.07281), (-1.10696, -0.72848, -0.66891), (1.16330, -0.72169, -0.22651), (-0.81784, -0.74312, 1.09244), (-0.11664, -0.76482, -1.24734), (0.83800, -0.75784, 0.76778), (-1.32295, -0.77981, -0.00772), (0.89638, -0.80204, -0.80223), (-0.14615, -0.79487, 1.38808), (-0.75031, -0.81738, -1.02699), (1.44069, -0.84014, 0.29800), (-1.15780, -0.83279, 0.68133), (0.46235, -0.85583, -1.47872), (0.59457, -0.84827, 1.28682), (-1.50015, -0.87159, -0.63798), (1.41191, -0.89516, -0.48955), (-0.65044, -0.88741, 1.18730), (-0.36600, -0.91127, -1.53078), (1.17935, -0.93538, 0.80726), (-1.64105, -0.92744, 0.22393), (0.97022, -0.95183, -1.15350), (0.06364, -0.94368, 1.74024), (-1.10831, -0.96835, -1.13747), (1.82584, -0.99327, 0.11430), (-1.30691, -0.98494, 1.04254), (0.30895, -1.01014, -1.89533), (0.95517, -1.03560, 1.47626), (-1.53734, -1.02707, -0.41004), (1.64300, -1.05281, -0.84538), (-0.58996, -1.07881, 1.56868), (-0.71266, -1.07009, -1.80446), (1.58132, -1.09637, 0.78109), (-1.95782, -1.08745, 0.55678), (0.98167, -1.11400, -1.57325), (0.37783, -1.14081, 2.10013), (-1.54262, -1.13169, -1.18966), (2.22836, -1.15878, -0.17626), (-1.40274, -1.18613, 1.48774), (0.03722, -1.17683, -1.84821), (1.40717, -1.20445, 1.61830), (-1.92964, -1.23233, -0.23112), (1.83348, -1.22284, -1.29971), (-0.44204, -1.25100, 1.99290), (-1.16447, -1.24130, -2.04520), (2.03538, -1.26974, 0.66850), (-2.25018, -1.29843, 1.00089), (0.90867, -1.28854, -2.05454), (0.63573, -1.31751, 1.92190), (-2.04801, -1.34674, -1.16035), (2.07502, -1.33667, -0.46485), (-1.42100, -1.36617, 2.01358), (-0.27009, -1.35589, -2.21536), (1.94927, -1.38568, 1.68775), (-2.33973, -1.41572, 0.05206), (1.95740, -1.40525, -1.85339), (-0.18819, -1.43556, 2.44491), (-1.72457, -1.46614, -2.22649), (2.52768, -1.45548, 0.44924), (-1.95882, -1.48634, 1.22801), (0.72922, -1.51745, -2.58493), (1.07847, -1.50660, 2.17181), (-2.61365, -1.53799, -1.02587), (2.37657, -1.52693, -0.89953), (-1.33649, -1.55860, 2.61101), (-0.69115, -1.59053, -2.56946), (2.57441, -1.57928, 1.65799), (-2.74671, -1.61148, 0.45369), (1.98689, -1.64394, -2.50155), (0.18798, -1.63251, 2.90448), (-1.88017, -1.66525, -1.82424), (3.03894, -1.69824, 0.10470), (-2.09613, -1.68662, 1.77066), (0.42256, -1.71989, -3.14627), (1.62703, -1.70807, 2.36623), (-3.22276, -1.74161, -0.76335), (2.63058, -1.77542, -1.44834), (-1.12430, -1.76341, 3.26487), (-1.23413, -1.79749, -2.88499), (0.01954, -0.00127, -0.01568), (-0.00399, -0.00269, 0.02496), (-0.01397, -0.00456, -0.02145), (0.02540, -0.00669, 0.00669), (-0.02380, -0.00792, 0.01233), (0.00979, -0.01033, -0.02626), (0.01063, -0.01136, 0.02668), (-0.02747, -0.01404, -0.01347), (0.03017, -0.01698, -0.00868), (-0.01793, -0.01782, 0.02892), (-0.00627, -0.02104, -0.03429), (0.03045, -0.02452, 0.02334), (-0.03905, -0.02517, 0.00320), (0.02713, -0.02892, -0.02894), (-0.00076, -0.02936, 0.04438), (-0.02945, -0.03339, -0.03366), (0.05020, -0.03768, 0.00586), (-0.04124, -0.03794, 0.02942), (0.01233, -0.04250, -0.05635), (0.02861, -0.04733, 0.04990), (-0.06263, -0.04739, -0.02037), (0.05964, -0.05250, -0.02674), (-0.03018, -0.05786, 0.06879), (-0.02351, -0.05773, -0.07039), (0.06325, -0.06337, 0.03559), (-0.08205, -0.06304, 0.01863), (0.04706, -0.06895, -0.06711), (0.01180, -0.07513, 0.09444), (-0.07004, -0.07461, -0.06028), (0.10734, -0.08106, -0.00270), (-0.07527, -0.08776, 0.07169), (0.00892, -0.08706, -0.12045), (0.07170, -0.09404, 0.09201), (-0.13343, -0.10129, -0.02331), (0.11039, -0.10039, -0.06966), (-0.03344, -0.10791, 0.11989), (-0.06517, -0.10680, -0.13027), (0.12924, -0.11460, 0.05029), (-0.15141, -0.12266, 0.05782), (0.06982, -0.12136, -0.13740), (0.04722, -0.12970, 0.17352), (-0.14391, -0.13829, -0.09208), (0.19621, -0.13681, -0.03300), (-0.11704, -0.14568, 0.14825), (-0.01482, -0.14399, -0.21902), (0.14992, -0.15313, 0.14461), (-0.19540, -0.16254, -0.00616), (0.17459, -0.16066, -0.14837), (-0.02800, -0.17034, 0.21320), (-0.14305, -0.18028, -0.20674), (0.22978, -0.17821, 0.05371), (-0.24068, -0.18843, 0.13344), (0.08340, -0.19890, -0.24453), (0.11902, -0.19665, 0.27598), (-0.25681, -0.20740, -0.11709), (0.31208, -0.20494, -0.09931), (-0.15469, -0.21597, 0.26594), (-0.05931, -0.22725, -0.27961), (0.27123, -0.22460, 0.19606), (-0.30930, -0.23617, 0.03415), (0.24092, -0.24799, -0.27195), (0.00368, -0.24515, 0.33808), (-0.26739, -0.25725, -0.28890), (0.36522, -0.26961, 0.03229)],
                48: [(0.50202, -0.40752, 0.26520), (-0.64376, -0.42340, 0.16429), (0.33598, -0.43954, -0.50718), (0.10660, -0.43486, 0.70156), (-0.50446, -0.45128, -0.41140), (0.75590, -0.46795, -0.03913), (-0.49075, -0.46308, 0.49291), (0.03816, -0.48003, -0.80544), (0.47161, -0.49725, 0.57313), (-0.84878, -0.49218, -0.12517), (0.65752, -0.50967, -0.43973), (-0.17513, -0.50440, 0.69903), (-0.39653, -0.52217, -0.74274), (0.72346, -0.54019, 0.25962), (-0.82745, -0.53474, 0.34140), (0.35142, -0.55304, -0.73952), (0.27385, -0.57160, 0.91023), (-0.74595, -0.56595, -0.44987), (0.98950, -0.58479, -0.19356), (-0.55412, -0.60388, 0.74152), (-0.10039, -0.59805, -1.06359), (0.72505, -0.61742, 0.66313), (-0.89294, -0.61138, -0.00443), (0.77567, -0.63103, -0.69543), (-0.09853, -0.65093, 0.94370), (-0.65167, -0.64470, -0.89035), (0.98633, -0.66489, 0.20312), (-1.00559, -0.68533, 0.59293), (0.31770, -0.67891, -1.01923), (0.51851, -0.69963, 1.11964), (-1.04079, -0.72061, -0.44155), (1.23063, -0.71400, -0.42789), (-0.57372, -0.73526, 1.04943), (-0.25320, -0.72844, -1.05492), (1.04365, -0.74997, 0.71304), (-1.13844, -0.77176, 0.15636), (0.85811, -0.76476, -1.02201), (0.04549, -0.78683, 1.21502), (-0.98320, -0.80915, -1.00731), (1.28272, -0.80196, 0.07917), (-1.15880, -0.82456, 0.92605), (0.21716, -0.81716, -1.33955), (0.84958, -0.84004, 1.31055), (-1.38351, -0.86318, -0.36772), (1.15239, -0.85559, -0.59422), (-0.52987, -0.87901, 1.41264), (-0.50424, -0.90268, -1.27349), (1.42499, -0.89490, 0.70233), (-1.38999, -0.91885, 0.39660), (0.88354, -0.94307, -1.41875), (0.27115, -0.93510, 1.49965), (-1.39217, -0.95958, -1.07171), (1.60012, -0.95141, -0.12797), (-1.26473, -0.97617, 1.34372), (0.03254, -1.00120, -1.68898), (1.00375, -0.99283, 1.15232), (-1.76380, -1.01813, -0.20969), (1.31318, -1.04369, -0.93261), (-0.40249, -1.03514, 1.82213), (-0.84043, -1.06097, -1.47308), (1.86156, -1.08707, 0.60962), (-1.62954, -1.07832, 0.72652), (0.82941, -1.10469, -1.87977), (0.59049, -1.09575, 1.77991), (-1.87454, -1.12239, -1.05991), (1.92141, -1.14930, -0.43220), (-1.02499, -1.14016, 1.45511), (-0.25188, -1.16735, -2.05117), (1.41644, -1.19479, 1.22425), (-2.16622, -1.18546, 0.05009), (1.42751, -1.21318, -1.35402), (-0.17225, -1.20365, 2.26361), (-1.26651, -1.23164, -1.63217), (2.34037, -1.25990, 0.41384), (-1.83539, -1.25017, 1.15286), (0.67300, -1.27870, -2.39361), (1.01231, -1.30749, 2.03411), (-1.91060, -1.29758, -0.74800), (2.22511, -1.32665, -0.84443), (-0.97999, -1.35598, 1.91867), (-0.64916, -1.34587, -2.40500), (1.90137, -1.37548, 1.22219), (-2.57029, -1.36517, 0.42686), (1.47203, -1.39505, -1.85664), (0.17825, -1.42519, 2.71741), (-1.78266, -1.41469, -1.72662), (2.84280, -1.44510, 0.09546), (-1.98279, -1.47578, 1.67788), (0.31000, -1.46509, -2.32353), (1.54109, -1.49604, 2.23708), (-2.39193, -1.52725, -0.56436), (2.48579, -1.51638, -1.37145), (-0.83612, -1.54786, 2.43490), (-1.16851, -1.53678, -2.72503), (2.44959, -1.56854, 1.12296), (-2.95071, -1.60057, 0.93227), (1.42216, -1.58930, -2.43332), (0.52103, -1.62159, 2.48157), (-2.38368, -1.65415, -1.73061), (2.64155, -1.64269, -0.28609), (-2.04480, -1.67553, 2.29853), (-0.02452, -1.66386, -2.78170), (2.17608, -1.69697, 2.36092), (-2.89831, -1.73034, -0.26229), (2.67481, -1.71848, -2.01494), (-0.57250, -1.75213, 2.98773), (-1.81416, -1.78604, -2.98206), (3.04642, -1.77399, 0.90375), (-0.00041, -0.00045, 0.02500), (-0.01657, -0.00214, -0.01891), (0.02524, -0.00353, 0.00293), (-0.02113, -0.00550, 0.01510), (0.00564, -0.00669, -0.02588), (0.01374, -0.00893, 0.02391), (-0.02689, -0.01144, -0.00872), (0.02736, -0.01244, -0.01230), (-0.01235, -0.01522, 0.02822), (-0.01057, -0.01826, -0.03156), (0.02978, -0.01907, 0.01672), (-0.03393, -0.02238, 0.00774), (0.02199, -0.02596, -0.03141), (0.00486, -0.02658, 0.03862), (-0.03295, -0.03043, -0.02831), (0.04386, -0.03085, -0.00114), (-0.03580, -0.03498, 0.03416), (0.00363, -0.03936, -0.04959), (0.03478, -0.03959, 0.04455), (-0.05567, -0.04425, -0.00967), (0.05459, -0.04917, -0.03452), (-0.01721, -0.04921, 0.06191), (-0.02836, -0.05441, -0.05657), (0.06809, -0.05987, 0.02643), (-0.06688, -0.05972, 0.02561), (0.03749, -0.06545, -0.07393), (0.02133, -0.06510, 0.07810), (-0.07911, -0.07111, -0.05052), (0.09008, -0.07738, -0.01523), (-0.06561, -0.07683, 0.08326), (-0.00703, -0.08338, -0.10262), (0.08598, -0.09018, 0.08278), (-0.11547, -0.08945, -0.00354), (0.08424, -0.09653, -0.07171), (-0.01673, -0.09559, 0.12829), (-0.07045, -0.10295, -0.10163), (0.14072, -0.11056, 0.03276), (-0.12053, -0.10943, 0.06696), (0.05180, -0.11733, -0.15231), (0.06084, -0.12548, 0.14074), (-0.16258, -0.12416, -0.07395), (0.16200, -0.13259, -0.05171), (-0.09927, -0.14128, 0.17101), (-0.03919, -0.13977, -0.18397), (0.14353, -0.14874, 0.10356), (-0.20625, -0.14702, 0.02295), (0.12932, -0.15626, -0.14623), (0.00268, -0.16576, 0.22836), (-0.14604, -0.16386, -0.15751), (0.24973, -0.17364, 0.02186), (-0.18791, -0.18367, 0.14242), (0.05087, -0.18158, -0.26975), (0.13485, -0.19189, 0.22021), (-0.28775, -0.20247, -0.08445), (0.25402, -0.20018, -0.12283), (-0.09848, -0.21103, 0.24335), (-0.10588, -0.20854, -0.28885), (0.25358, -0.21967, 0.13318), (-0.32412, -0.23105, 0.08355), (0.17160, -0.22837, -0.26041), (0.05546, -0.24004, 0.35918), (-0.26314, -0.25196, -0.21354), (0.39326, -0.24909, -0.02131), (-0.25868, -0.26128, 0.26107), (0.01913, -0.25821, -0.42555), (0.25353, -0.27068, 0.30660), (-0.36358, -0.28342, -0.05272), (0.35675, -0.28015, -0.23983), (-0.09566, -0.29316, 0.38578), (-0.21936, -0.30643, -0.40851), (0.40437, -0.30298, 0.14401), (-0.46109, -0.31652, 0.19155), (0.19762, -0.33033, -0.41847), (0.15589, -0.32669, 0.51363), (-0.42718, -0.34077, -0.25622), (0.56517, -0.33692, -0.11197), (-0.31940, -0.35128, 0.42958), (-0.04739, -0.36589, -0.48944), (0.42478, -0.36186, 0.38663), (-0.52848, -0.37675, -0.00135), (0.45722, -0.39190, -0.41192), (-0.05753, -0.38767, 0.56418), (-0.39016, -0.40310, -0.53036), (0.59546, -0.41879, 0.12113)],
                50: [(0.70071, -0.58498, 0.47784), (-0.98107, -0.60419, 0.13562), (0.57941, -0.62366, -0.69131), (0.04020, -0.61759, 1.04910), (-0.66988, -0.63734, -0.68511), (1.10969, -0.65734, 0.06752), (-0.79367, -0.65108, 0.63539), (0.18718, -0.67136, -1.16104), (0.58693, -0.69190, 0.90367), (-1.20139, -0.68546, -0.31820), (1.01352, -0.70627, -0.52373), (-0.36253, -0.69962, 0.96909), (-0.44518, -0.72071, -1.12146), (0.98423, -0.74207, 0.48402), (-1.22563, -0.73522, 0.35086), (0.61309, -0.75685, -0.98639), (0.24058, -0.77874, 1.32401), (-0.97411, -0.77171, -0.74852), (1.41452, -0.79387, -0.11437), (-0.88888, -0.81630, 0.94604), (0.02750, -0.80908, -1.49498), (0.90098, -0.83178, 1.03251), (-1.23232, -0.82435, -0.14542), (1.17757, -0.84733, -0.83784), (-0.28181, -0.87056, 1.28110), (-0.75576, -0.86295, -1.32199), (1.31682, -0.88646, 0.42995), (-1.46356, -0.91023, 0.65406), (0.58877, -0.90242, -1.33755), (0.53232, -0.92647, 1.59990), (-1.34146, -0.95078, -0.75695), (1.72850, -0.94279, -0.39039), (-0.93289, -0.96737, 1.32682), (-0.18006, -0.95917, -1.45575), (1.29200, -0.98403, 1.11472), (-1.54650, -1.00915, 0.03711), (1.30036, -1.00076, -1.23557), (-0.12225, -1.02615, 1.62525), (-1.15628, -1.05181, -1.48744), (1.68964, -1.04323, 0.29725), (-1.67338, -1.06916, 1.05314), (0.48683, -1.06038, -1.73730), (0.92540, -1.08658, 1.85543), (-1.76594, -1.11305, -0.68959), (1.60081, -1.10408, -0.60910), (-0.90381, -1.13082, 1.77333), (-0.47127, -1.15783, -1.73990), (1.75740, -1.14866, 1.12748), (-1.86950, -1.17594, 0.31215), (1.35825, -1.20348, -1.71622), (0.13207, -1.19413, 1.98681), (-1.64809, -1.22194, -1.59350), (2.08896, -1.21238, 0.06832), (-1.83031, -1.24047, 1.55159), (0.28800, -1.26883, -2.17307), (1.12401, -1.25908, 1.62859), (-2.23629, -1.28770, -0.52558), (1.81932, -1.31659, -1.00582), (-0.77929, -1.30665, 2.27587), (-0.86169, -1.33582, -2.00467), (2.28914, -1.36524, 1.04699), (-2.18147, -1.35511, 0.69132), (1.32617, -1.38481, -2.27363), (0.49479, -1.37448, 2.34640), (-2.22708, -1.40445, -1.61395), (2.49606, -1.43469, -0.27254), (-1.50407, -1.42416, 1.69367), (-0.02545, -1.45467, -2.62701), (1.61172, -1.48545, 1.74557), (-2.73579, -1.47473, -0.24518), (1.98746, -1.50578, -1.49987), (-0.53762, -1.49486, 2.81899), (-1.35706, -1.52619, -2.22632), (2.87333, -1.55777, 0.84968), (-2.45852, -1.54666, 1.18259), (1.17873, -1.57852, -2.89565), (0.97616, -1.61064, 2.68022), (-2.27446, -1.59934, -1.20051), (2.88746, -1.63174, -0.73793), (-1.48688, -1.66439, 2.24624), (-0.46850, -1.65290, -3.07615), (2.18539, -1.68583, 1.78099), (-3.24219, -1.67414, 0.16898), (2.07936, -1.70735, -2.08994), (-0.15904, -1.74082, 3.38147), (-1.95829, -1.72893, -2.37820), (3.48995, -1.76268, 0.51342), (-2.67341, -1.79668, 1.78921), (0.70359, -1.78461, -2.81248), (0.02505, -0.00125, -0.00067), (-0.01826, -0.00304, 0.01745), (0.00185, -0.00441, -0.02565), (0.01613, -0.00647, 0.02063), (-0.02676, -0.00764, -0.00463), (0.02351, -0.00998, -0.01489), (-0.00786, -0.01258, 0.02835), (-0.01357, -0.01355, -0.02702), (0.02884, -0.01643, 0.01116), (-0.03123, -0.01956, 0.01199), (0.01542, -0.02035, -0.03047), (0.00992, -0.02376, 0.03619), (-0.03218, -0.02434, -0.02051), (0.04189, -0.02803, -0.00712), (-0.02660, -0.03198, 0.03382), (-0.00335, -0.03236, -0.04830), (0.03517, -0.03659, 0.03380), (-0.05531, -0.04107, -0.00165), (0.04220, -0.04127, -0.03599), (-0.00707, -0.04603, 0.05459), (-0.03602, -0.05105, -0.05186), (0.06074, -0.05106, 0.01409), (-0.06277, -0.05636, 0.03494), (0.02268, -0.05616, -0.06688), (0.03245, -0.06174, 0.07489), (-0.07277, -0.06757, -0.03302), (0.08811, -0.06718, -0.02821), (-0.04525, -0.07329, 0.07810), (-0.02188, -0.07966, -0.10227), (0.08255, -0.07908, 0.05945), (-0.09729, -0.08573, 0.01091), (0.07567, -0.09263, -0.08572), (0.00139, -0.09187, 0.10977), (-0.08722, -0.09905, -0.09391), (0.12234, -0.09808, 0.01060), (-0.11408, -0.10553, 0.08662), (0.02527, -0.11325, -0.13465), (0.08347, -0.11209, 0.13604), (-0.14631, -0.12008, -0.04280), (0.15957, -0.12833, -0.07733), (-0.06332, -0.12699, 0.15688), (-0.05507, -0.13551, -0.14984), (0.16584, -0.14430, 0.08691), (-0.17095, -0.14276, 0.04422), (0.11357, -0.15183, -0.17267), (0.02990, -0.15008, 0.19252), (-0.17680, -0.15942, -0.14322), (0.21413, -0.16902, -0.01179), (-0.17570, -0.16709, 0.17764), (0.01037, -0.17696, -0.23525), (0.17460, -0.18710, 0.21078), (-0.25533, -0.18498, -0.03680), (0.19941, -0.19539, -0.13431), (-0.06762, -0.19306, 0.27372), (-0.12458, -0.20375, -0.23152), (0.28976, -0.21469, 0.10291), (-0.26485, -0.21218, 0.11029), (0.14263, -0.22340, -0.30271), (0.09099, -0.23488, 0.29887), (-0.31181, -0.23218, -0.18666), (0.33299, -0.24393, -0.06628), (-0.23474, -0.25595, 0.31629), (-0.03581, -0.25306, -0.36651), (0.25194, -0.26535, 0.22891), (-0.39867, -0.26225, -0.00067), (0.27389, -0.27482, -0.24719), (-0.04333, -0.28765, 0.42862), (-0.23680, -0.28436, -0.32131), (0.45547, -0.29747, 0.09224), (-0.37060, -0.31083, 0.22016), (0.14735, -0.30735, -0.47825), (0.19668, -0.32099, 0.42106), (-0.49599, -0.33490, -0.20850), (0.47192, -0.33123, -0.16583), (-0.21921, -0.34540, 0.40412), (-0.12717, -0.34153, -0.52228), (0.40948, -0.35598, 0.27780), (-0.57114, -0.37070, 0.08036), (0.34058, -0.36663, -0.40835), (0.02515, -0.38162, 0.61742), (-0.39985, -0.39687, -0.40697), (0.65997, -0.39262, 0.03856), (-0.47626, -0.40814, 0.38317), (0.11073, -0.40368, -0.69756), (0.35754, -0.41949, 0.54759), (-0.57901, -0.43555, -0.15186), (0.61996, -0.43090, -0.32226), (-0.22304, -0.44724, 0.60063), (-0.27673, -0.46383, -0.69225), (0.61526, -0.45900, 0.30073), (-0.76323, -0.47587, 0.22049), (0.38439, -0.49300, -0.62178), (0.15317, -0.48797, 0.83154), (-0.61907, -0.50538, -0.47333), (0.89573, -0.50015, -0.07460), (-0.56669, -0.51784, 0.60605), (0.01210, -0.53578, -0.75703), (0.58173, -0.53036, 0.66342), (-0.80142, -0.54858, -0.09261), (0.76234, -0.56706, -0.54519), (-0.18243, -0.56145, 0.83897), (-0.49560, -0.58020, -0.86209), (0.86823, -0.59922, 0.28117)],
                52: [(0.89914, -0.79369, 0.77440), (-1.38290, -0.81623, 0.03439), (0.90927, -0.83902, -0.86547), (-0.10813, -0.83157, 1.45453), (-0.81507, -0.85464, -1.04662), (1.51345, -0.87798, 0.26490), (-1.18459, -0.87033, 0.74696), (0.43498, -0.89394, -1.55751), (0.66036, -0.91781, 1.32114), (-1.58460, -0.90998, -0.61718), (1.45405, -0.93412, -0.55471), (-0.63784, -0.92608, 1.25418), (-0.42970, -0.95051, -1.58096), (1.25043, -0.97519, 0.80069), (-1.69941, -0.96696, 0.28527), (0.97035, -0.99192, -1.22828), (0.12169, -1.01713, 1.80683), (-1.18624, -1.00872, -1.14494), (1.90061, -1.03421, 0.06050), (-1.32234, -1.05996, 1.12296), (0.26041, -1.05136, -1.97811), (1.03732, -1.07739, 1.50019), (-1.60391, -1.06857, -0.37548), (1.67592, -1.09488, -0.92845), (-0.56050, -1.12144, 1.64157), (-0.79573, -1.11244, -1.84679), (1.66022, -1.13928, 0.75759), (-2.00988, -1.16638, 0.63887), (0.96500, -1.15719, -1.65775), (0.45791, -1.18457, 2.16216), (-1.63219, -1.21220, -1.18067), (2.30049, -1.20282, -0.25322), (-1.40222, -1.23074, 1.58176), (-0.02014, -1.22115, -1.90737), (1.50490, -1.24934, 1.62702), (-1.99706, -1.27779, -0.17722), (1.85216, -1.26801, -1.40031), (-0.39262, -1.29673, 2.06851), (-1.26699, -1.32572, -2.07448), (2.11900, -1.31575, 0.62460), (-2.29062, -1.34501, 1.10429), (0.87134, -1.33484, -2.14587), (0.91191, -1.36438, 2.49703), (-2.14661, -1.39418, -1.13063), (2.11921, -1.38381, -0.54356), (-1.39993, -1.41389, 2.11890), (-0.34765, -1.44422, -2.26934), (2.06063, -1.43367, 1.67633), (-2.40373, -1.46428, 0.12738), (1.95659, -1.49514, -1.96997), (-0.11627, -1.48441, 2.51903), (-1.84544, -1.51555, -2.23718), (2.61193, -1.50460, 0.38192), (-2.51428, -1.53602, 1.68589), (0.66775, -1.56770, -2.67915), (1.17464, -1.55657, 2.19375), (-2.71755, -1.58853, -0.97150), (2.40919, -1.62074, -0.99745), (-1.29048, -1.60942, 2.72416), (-0.78972, -1.64191, -2.61332), (2.69624, -1.67466, 1.62160), (-2.80227, -1.66315, 0.55171), (1.96133, -1.69618, -2.63132), (0.28418, -1.68446, 2.97208), (-2.52726, -1.71776, -2.30579), (3.11878, -1.75132, 0.01167), (-2.08960, -1.73941, 1.87802), (0.33413, -1.77325, -3.23842), (1.73942, -1.80735, 2.37042), (-0.01545, -0.00046, 0.01967), (-0.00176, -0.00209, -0.02508), (0.01840, -0.00341, 0.01765), (-0.02591, -0.00531, -0.00075), (0.02036, -0.00748, -0.01739), (-0.00350, -0.00861, 0.02719), (-0.01649, -0.01105, -0.02370), (0.02892, -0.01375, 0.00668), (-0.02654, -0.01469, 0.01480), (0.01049, -0.01767, -0.03104), (0.01335, -0.02090, 0.03073), (-0.03343, -0.02166, -0.01514), (0.03562, -0.02517, -0.01144), (-0.02080, -0.02572, 0.03597), (-0.00886, -0.02951, -0.04123), (0.03845, -0.03355, 0.02764), (-0.04752, -0.03391, 0.00537), (0.03581, -0.03823, -0.04063), (0.00073, -0.04281, 0.05441), (-0.03689, -0.04299, -0.03965), (0.06177, -0.04784, 0.00530), (-0.04886, -0.05296, 0.03717), (0.01296, -0.05295, -0.06941), (0.03645, -0.05834, 0.05929), (-0.07710, -0.05812, -0.02248), (0.07091, -0.06379, -0.03444), (-0.03404, -0.06971, 0.08454), (-0.03082, -0.06930, -0.08363), (0.07643, -0.07551, 0.03997), (-0.09731, -0.08197, 0.02527), (0.05324, -0.08137, -0.08109), (0.01746, -0.08811, 0.11176), (-0.08465, -0.08730, -0.06845), (0.12670, -0.09432, -0.00709), (-0.08562, -0.10160, 0.08671), (0.00613, -0.10060, -0.14180), (0.08689, -0.10815, 0.10470), (-0.15667, -0.11597, -0.02244), (0.12558, -0.11478, -0.08474), (-0.03428, -0.12287, 0.13926), (-0.07984, -0.13122, -0.14806), (0.14998, -0.12984, 0.05312), (-0.17190, -0.13847, 0.07176), (0.07491, -0.13689, -0.15934), (0.06009, -0.14579, 0.19674), (-0.16685, -0.15495, -0.09968), (0.22219, -0.15318, -0.04442), (-0.12739, -0.16261, 0.17196), (-0.02442, -0.17231, -0.24773), (0.17412, -0.17035, 0.15793), (-0.21950, -0.18032, -0.00018), (0.19108, -0.19055, -0.17275), (-0.02399, -0.18841, 0.23942), (-0.16728, -0.19891, -0.22657), (0.25799, -0.19656, 0.05201), (-0.26399, -0.20734, 0.15714), (0.08434, -0.21839, -0.27458), (0.14179, -0.21584, 0.30287), (-0.28849, -0.22716, -0.12098), (0.34261, -0.23874, -0.12073), (-0.16186, -0.23601, 0.29902), (-0.07471, -0.24786, -0.30566), (0.30541, -0.25998, 0.20681), (-0.33831, -0.25706, 0.04790), (0.25552, -0.26945, -0.30690), (0.01539, -0.26632, 0.37002), (-0.30274, -0.27899, -0.30759), (0.40000, -0.29191, 0.02302), (-0.36251, -0.28860, 0.29217), (0.06747, -0.30180, -0.42741), (0.27450, -0.31526, 0.41961), (-0.45134, -0.31176, -0.11796), (0.38050, -0.32550, -0.19821), (-0.17439, -0.32178, 0.47086), (-0.17205, -0.33580, -0.42929), (0.48497, -0.35007, 0.23652), (-0.47805, -0.34617, 0.13855), (0.30400, -0.36072, -0.49271), (0.09734, -0.37553, 0.52587), (-0.49307, -0.37144, -0.37631), (0.57175, -0.38653, -0.04812), (-0.45279, -0.40187, 0.48509), (0.00928, -0.39759, -0.61460), (0.37142, -0.41322, 0.42284), (-0.65328, -0.40873, -0.07491), (0.49030, -0.42463, -0.35128), (-0.14867, -0.44079, 0.68657), (-0.32219, -0.43611, -0.55930), (0.71322, -0.45255, 0.23028), (-0.62884, -0.46924, 0.28351), (0.31933, -0.46438, -0.73196), (0.23471, -0.48135, 0.69777), (-0.74153, -0.49857, -0.41522), (0.76484, -0.49352, -0.17539), (-0.40996, -0.51103, 0.58716), (-0.10526, -0.50577, -0.82869), (0.57998, -0.52355, 0.49709), (-0.88788, -0.54159, 0.02422), (0.58806, -0.53614, -0.56245), (-0.06766, -0.55446, 0.94089), (-0.53362, -0.57304, -0.68182), (0.98615, -0.56740, 0.17015), (-0.77712, -0.58625, 0.49265), (0.28279, -0.58041, -1.02207), (0.43879, -0.59954, 0.87259), (-0.82928, -0.61893, -0.32069), (0.96671, -0.61289, -0.37147), (-0.42624, -0.63256, 0.84314), (-0.29025, -0.65248, -1.05782), (0.84572, -0.64626, 0.53867), (-1.14416, -0.66646, 0.19491), (0.65694, -0.68692, -0.83570), (0.08539, -0.68051, 1.22386), (-0.81186, -0.70125, -0.77982), (1.29498, -0.69463, 0.03809), (-0.90587, -0.71564, 0.77305), (0.13863, -0.73692, -1.07309), (0.71829, -0.73011, 1.03346), (-1.11647, -0.75166, -0.25853), (1.16078, -0.77347, -0.64673), (-0.38902, -0.76647, 1.14840), (-0.55773, -0.78856, -1.28586), (1.16716, -0.81090, 0.52920)],
                54: [(1.07614, -1.03365, 1.16143), (-1.83611, -1.05951, -0.16132), (1.32987, -1.08564, -1.00726), (-0.35930, -1.07680, 1.90199), (-0.91662, -1.10320, -1.49786), (1.94871, -1.12986, 0.57256), (-1.66288, -1.12083, 0.80345), (0.79947, -1.14777, -1.97381), (0.66727, -1.17497, 1.82221), (-1.97498, -1.16575, -1.03804), (1.97297, -1.19323, -0.50789), (-1.01171, -1.18380, 1.53421), (-0.32546, -1.21155, -2.11220), (1.50027, -1.23956, 1.21830), (-2.23684, -1.22995, 0.12049), (1.42967, -1.25823, -1.44196), (-0.10614, -1.28678, 2.34381), (-1.35785, -1.27697, -1.64317), (2.43003, -1.30580, 0.35316), (-1.85591, -1.33488, 1.24678), (0.61892, -1.32489, -2.49247), (1.10789, -1.35424, 2.06476), (-1.98953, -1.34404, -0.70928), (2.26642, -1.37368, -0.94065), (-0.94758, -1.40357, 2.00484), (-0.74494, -1.39318, -2.45739), (1.99436, -1.42335, 1.19710), (-2.63409, -1.45378, 0.52099), (1.45524, -1.44321, -1.95591), (0.26950, -1.47391, 2.79284), (-1.88753, -1.50488, -1.71911), (2.92993, -1.49411, 0.00841), (-1.98547, -1.52535, 1.78756), (0.24492, -1.51438, -2.39427), (1.65466, -1.54590, 2.25081), (-2.47222, -1.57767, -0.50374), (2.51135, -1.56651, -1.48787), (-0.78116, -1.59856, 2.52459), (-1.28662, -1.63088, -2.76311), (2.54840, -1.61953, 1.07488), (-3.00190, -1.65211, 1.05081), (1.38217, -1.64056, -2.54082), (0.78080, -1.67342, 3.22342), (-2.49930, -1.70655, -1.69991), (2.69557, -1.69480, -0.37596), (-2.02458, -1.72820, 2.42154), (-0.11255, -1.76186, -2.84713), (2.30562, -1.74993, 2.35230), (-2.97534, -1.78386, -0.17741), (2.67886, -1.81806, -2.14998), (0.02036, -0.00123, 0.01461), (-0.02515, -0.00295, 0.00287), (0.01696, -0.00425, -0.01928), (0.00038, -0.00625, 0.02641), (-0.01843, -0.00851, -0.01977), (0.02753, -0.00962, 0.00234), (-0.02319, -0.01216, 0.01767), (0.00546, -0.01495, -0.02937), (0.01683, -0.01587, 0.02732), (-0.03156, -0.01894, -0.00917), (0.03227, -0.02227, -0.01571), (-0.01366, -0.02300, 0.03402), (-0.01408, -0.02661, -0.03809), (0.03662, -0.02713, 0.01911), (-0.04479, -0.03101, 0.01167), (0.02568, -0.03516, -0.03920), (0.00729, -0.03549, 0.04643), (-0.04152, -0.03991, -0.03351), (0.05315, -0.04459, -0.00302), (-0.04271, -0.04473, 0.04333), (0.00256, -0.04969, -0.06035), (0.04434, -0.04963, 0.05334), (-0.06786, -0.05486, -0.00966), (0.06542, -0.06035, -0.04423), (-0.01851, -0.06010, 0.07548), (-0.04265, -0.06587, -0.07893), (0.08293, -0.07189, 0.02929), (-0.07872, -0.07145, 0.03294), (0.04217, -0.07775, -0.08991), (0.02814, -0.08432, 0.09185), (-0.09606, -0.08369, -0.05727), (0.10577, -0.09053, -0.02124), (-0.07466, -0.08969, 0.10097), (-0.01196, -0.09681, -0.12027), (0.10420, -0.10418, 0.09435), (-0.13504, -0.10316, 0.00001), (0.11627, -0.11081, -0.10530), (-0.01487, -0.11872, 0.14973), (-0.08491, -0.11750, -0.11480), (0.16391, -0.12569, 0.03290), (-0.13612, -0.13413, 0.08119), (0.05423, -0.13273, -0.17712), (0.07454, -0.14145, 0.15886), (-0.18882, -0.13985, -0.07899), (0.18271, -0.14884, -0.06456), (-0.10720, -0.15810, 0.19845), (-0.05086, -0.15630, -0.20731), (0.16550, -0.16584, 0.11185), (-0.23221, -0.17563, 0.03308), (0.14031, -0.17364, -0.16883), (0.01091, -0.18371, 0.25689), (-0.16899, -0.18152, -0.17140), (0.28075, -0.19187, 0.01591), (-0.20488, -0.20247, 0.16542), (0.04758, -0.20009, -0.30312), (0.15757, -0.21097, 0.24041), (-0.32330, -0.22211, -0.08419), (0.27758, -0.21954, -0.14490), (-0.10052, -0.23096, 0.27215), (-0.12690, -0.24263, -0.31585), (0.28386, -0.23987, 0.13813), (-0.35460, -0.25183, 0.10311), (0.17976, -0.24886, -0.29191), (0.07313, -0.26109, 0.39314), (-0.29558, -0.27358, -0.22518), (0.43065, -0.27042, -0.03662), (-0.27406, -0.28319, 0.29413), (0.00664, -0.29621, -0.46626), (0.28682, -0.29287, 0.32595), (-0.39704, -0.30617, -0.04518), (0.38028, -0.31973, -0.27296), (-0.09094, -0.31619, 0.42175), (-0.25188, -0.33003, -0.43637), (0.44266, -0.32629, 0.14250), (-0.49340, -0.34040, 0.22296), (0.19971, -0.35477, -0.45885), (0.18570, -0.35084, 0.55047), (-0.46936, -0.36549, -0.26228), (0.60653, -0.38040, -0.13964), (-0.32979, -0.37628, 0.47322), (-0.06703, -0.39147, -0.52406), (0.46949, -0.40691, 0.40168), (-0.56672, -0.40260, 0.01596), (0.47724, -0.41832, -0.45725), (-0.04305, -0.41381, 0.60596), (-0.43563, -0.42980, -0.55561), (0.64064, -0.44606, 0.10996), (-0.63580, -0.44136, 0.40384), (0.18462, -0.45789, -0.66955), (0.36116, -0.47468, 0.71665), (-0.69149, -0.46979, -0.26671), (0.63125, -0.48685, -0.24320), (-0.35574, -0.48176, 0.70521), (-0.19175, -0.49910, -0.69645), (0.70951, -0.51670, 0.45104), (-0.75929, -0.51142, 0.13002), (0.55177, -0.52930, -0.70318), (0.05782, -0.54743, 0.81843), (-0.68510, -0.54196, -0.65691), (0.87244, -0.56037, 0.02490), (-0.76527, -0.57905, 0.65422), (0.11801, -0.57338, -0.91981), (0.48241, -0.59233, 0.69279), (-0.95903, -0.58646, -0.22119), (0.78394, -0.60569, -0.43767), (-0.33390, -0.62517, 0.98852), (-0.38028, -0.61911, -0.87466), (1.00674, -0.63888, 0.45541), (-0.96342, -0.65890, 0.30973), (0.58476, -0.65265, -1.01217), (0.22567, -0.67295, 1.04858), (-1.00335, -0.69350, -0.72078), (1.12837, -0.68707, -0.12795), (-0.68182, -0.70790, 0.77423), (-0.01663, -0.70126, -1.20096), (0.74517, -0.72237, 0.80035), (-1.26445, -0.74374, -0.10802), (0.92132, -0.73690, -0.70132), (-0.24548, -0.75855, 1.31691), (-0.64178, -0.78045, -1.04308), (1.35640, -0.77343, 0.39498), (-1.16383, -0.79561, 0.56579), (0.55548, -0.78838, -1.38099), (0.47281, -0.81084, 1.28160), (-1.09812, -0.83356, -0.57378), (1.39427, -0.82614, -0.36251), (-0.71832, -0.84913, 1.09504), (-0.23478, -0.87239, -1.49963), (1.07560, -0.86478, 0.86915), (-1.59537, -0.88831, 0.08980), (1.02459, -0.91210, -1.03840), (-0.07198, -0.90430, 1.67914), (-0.98221, -0.92837, -1.18276), (1.74852, -0.92036, 0.24981), (-1.34156, -0.94470, 0.90596), (0.34995, -0.96930, -1.42400), (0.80881, -0.96111, 1.49869), (-1.45770, -0.98599, -0.51572), (1.65167, -1.01113, -0.69018), (-0.69251, -1.00274, 1.47436), (-0.54974, -1.02816, -1.79786), (1.47205, -1.05383, 0.87876)],
                56: [(1.20869, -1.30485, 1.64115), (-2.32265, -1.33405, -0.47115), (1.84093, -1.36350, -1.09284), (-0.73134, -1.35328, 2.37090), (-0.95017, -1.38301, -2.03591), (2.39245, -1.41300, 1.00665), (-2.22285, -1.40258, 0.78028), (1.29455, -1.43285, -2.38470), (0.58315, -1.46338, 2.39833), (-2.34526, -1.45277, -1.59215), (2.55884, -1.48358, -0.35917), (-1.49090, -1.47277, 1.78639), (-0.10913, -1.50384, -2.70082), (1.70967, -1.53518, 1.74125), (-2.82069, -1.52418, -0.16572), (1.99286, -1.55580, -1.60228), (-0.46369, -1.58767, 2.91491), (-1.46302, -1.57648, -2.24228), (2.98004, -1.60863, 0.78262), (-2.48578, -1.64104, 1.29110), (1.11991, -1.62966, -3.01278), (1.08609, -1.66235, 2.71944), (-2.36748, -1.65077, -1.15814), (2.93918, -1.68373, -0.84805), (-1.45227, -1.71695, 2.34744), (-0.57749, -1.70518, -3.14081), (2.29419, -1.73868, 1.75530), (-3.32009, -1.77243, 0.27542), (2.06372, -1.76047, -2.20565), (-0.05662, -1.79450, 3.47276), (-0.02420, -0.00056, 0.00633), (0.01378, -0.00203, -0.02107), (0.00398, -0.00385, 0.02516), (-0.02014, -0.00513, -0.01623), (0.02662, -0.00722, -0.00154), (-0.01911, -0.00958, 0.01943), (0.00119, -0.01066, -0.02861), (0.01879, -0.01329, 0.02256), (-0.03112, -0.01618, -0.00440), (0.02669, -0.01708, -0.01808), (-0.00833, -0.02024, 0.03409), (-0.01710, -0.02093, -0.03158), (0.03742, -0.02437, 0.01318), (-0.03730, -0.02808, 0.01565), (0.01733, -0.02858, -0.03704), (0.01348, -0.03255, 0.04387), (-0.03966, -0.03679, -0.02360), (0.05125, -0.03710, -0.01034), (-0.03106, -0.04162, 0.04208), (-0.00596, -0.04639, -0.05937), (0.04406, -0.04651, 0.03982), (-0.06809, -0.05156, 0.00006), (0.04996, -0.05148, -0.04533), (-0.00760, -0.05680, 0.07724), (-0.04558, -0.06239, -0.06151), (0.07330, -0.06211, 0.01465), (-0.07446, -0.06798, 0.04450), (0.02463, -0.07410, -0.08070), (0.04172, -0.07363, 0.08872), (-0.08773, -0.08003, -0.03661), (0.10416, -0.08669, -0.03691), (-0.05070, -0.08604, 0.09406), (-0.02970, -0.09297, -0.12059), (0.09932, -0.09211, 0.06700), (-0.13774, -0.09932, 0.01975), (0.08554, -0.10679, -0.10310), (0.00553, -0.10574, 0.12749), (-0.10496, -0.11349, -0.10627), (0.14186, -0.12150, 0.00792), (-0.12912, -0.12026, 0.10444), (0.02433, -0.12854, -0.15591), (0.10106, -0.12709, 0.15390), (-0.16919, -0.13565, -0.04390), (0.18036, -0.14447, -0.09435), (-0.06675, -0.14284, 0.18121), (-0.08385, -0.15193, -0.20817), (0.19144, -0.16128, 0.09295), (-0.19162, -0.15946, 0.05590), (0.12250, -0.16909, -0.19931), (0.04031, -0.17898, 0.21569), (-0.20420, -0.17697, -0.15528), (0.23977, -0.18713, -0.02060), (-0.19114, -0.18492, 0.20550), (0.00352, -0.19536, -0.26332), (0.20256, -0.20606, 0.22979), (-0.28572, -0.20365, -0.03226), (0.27086, -0.21463, -0.19478), (-0.06576, -0.22587, 0.30629), (-0.14565, -0.22327, -0.25183), (0.32432, -0.23478, 0.10409), (-0.28837, -0.24656, 0.13061), (0.14720, -0.24377, -0.33902), (0.11018, -0.25582, 0.32568), (-0.34958, -0.25283, -0.19495), (0.36311, -0.26515, -0.08393), (-0.24708, -0.27774, 0.35520), (-0.05151, -0.27456, -0.39992), (0.28243, -0.28742, 0.24121), (-0.43531, -0.30054, 0.01264), (0.28980, -0.29717, -0.27815), (-0.03286, -0.31056, 0.46839), (-0.26788, -0.30699, -0.34104), (0.49819, -0.32066, 0.08506), (-0.39433, -0.33459, 0.25095), (0.14392, -0.33083, -0.52371), (0.22674, -0.34504, 0.44895), (-0.54390, -0.35950, -0.20924), (0.50405, -0.35555, -0.19470), (-0.22263, -0.37029, 0.44229), (-0.15435, -0.38530, -0.55871), (0.44928, -0.38115, 0.28506), (-0.61188, -0.39643, 0.10533), (0.35203, -0.39208, -0.44943), (0.04738, -0.40764, 0.66242), (-0.44183, -0.42346, -0.42292), (0.70911, -0.41892, 0.01962), (-0.49698, -0.43501, 0.42562), (0.09565, -0.45136, -0.75066), (0.39997, -0.44663, 0.57333), (-0.62199, -0.46326, -0.14288), (0.65093, -0.48015, -0.36416), (-0.21776, -0.47523, 0.64656), (-0.31754, -0.49239, -0.72861), (0.66389, -0.48727, 0.29962), (-0.80507, -0.50471, 0.25959), (0.38789, -0.52241, -0.67277), (0.18995, -0.51710, 0.87889), (-0.67204, -0.53507, -0.48188), (0.94857, -0.55331, -0.10840), (-0.58070, -0.54781, 0.66056), (-0.01178, -0.56632, -0.80058), (0.63727, -0.58509, 0.68327), (-0.84933, -0.57940, -0.07181), (0.78836, -0.59844, -0.60120), (-0.16530, -0.59255, 0.89107), (-0.55147, -0.61187, -0.89455), (0.92432, -0.63145, 0.26828), (-1.00029, -0.62537, 0.48737), (0.38018, -0.64523, -0.94756), (0.40834, -0.66534, 1.10386), (-0.95931, -0.65907, -0.50019), (0.95091, -0.67946, -0.24812), (-0.62730, -0.67298, 0.95810), (-0.16215, -0.69365, -1.02987), (0.94255, -0.71458, 0.76028), (-1.10297, -0.70791, 0.06305), (0.89770, -0.72912, -0.91139), (-0.04906, -0.75059, 1.16840), (-0.86344, -0.74372, -1.03790), (1.22431, -0.76547, 0.17383), (-1.17905, -0.78747, 0.79771), (0.31064, -0.78042, -1.26882), (0.56351, -0.80270, 1.04197), (-1.30006, -0.79544, -0.45867), (1.15570, -0.81800, -0.48412), (-0.61681, -0.84081, 1.31617), (-0.38826, -0.83337, -1.26580), (1.31540, -0.85646, 0.78369), (-1.37017, -0.87981, 0.27568), (0.95771, -0.87217, -1.29607), (0.14639, -0.89580, 1.46664), (-1.25663, -0.91968, -1.13698), (1.55294, -0.91186, -0.00064), (-1.04206, -0.93602, 0.94441), (0.16101, -0.92799, -1.62677), (0.88283, -0.95243, 1.19267), (-1.68581, -0.97713, -0.33774), (1.34307, -0.96891, -0.80169), (-0.52839, -0.99389, 1.72777), (-0.70023, -1.01912, -1.49097), (1.75041, -1.01071, 0.73153), (-1.63392, -1.03622, 0.57798), (0.94539, -1.02761, -1.75158), (0.43474, -1.05339, 1.76932), (-1.36586, -1.07944, -0.92245), (1.89448, -1.07063, -0.27058), (-1.10868, -1.09696, 1.33494), (-0.08593, -1.12354, -2.00660), (1.28198, -1.11454, 1.29937), (-2.10288, -1.14140, -0.11846), (1.49215, -1.16852, -1.20564), (-0.34147, -1.15934, 2.18049), (-1.10482, -1.18673, -1.68439), (2.23666, -1.17734, 0.58163), (-1.87324, -1.20501, 0.97870), (0.66125, -1.23294, -1.79213), (0.82676, -1.22336, 2.05569), (-1.80537, -1.25157, -0.87777), (2.22856, -1.28003, -0.64884), (-1.10459, -1.27027, 1.79513), (-0.44514, -1.29901, -2.38855), (1.75939, -1.32801, 1.33939)],
                58: [(1.27274, -1.60731, 2.21110), (-2.82000, -1.63984, -0.91153), (2.43727, -1.67262, -1.09787), (-1.23855, -1.66101, 2.83642), (-0.89136, -1.69407, -2.65277), (2.81776, -1.72739, 1.57900), (-2.85361, -1.71559, 0.65339), (1.92936, -1.74918, -2.76142), (0.38460, -1.78303, 3.03572), (-2.66510, -1.77105, -2.28569), (3.19500, -1.80518, -0.08613), (0.00738, -0.00121, 0.02394), (-0.02176, -0.00287, -0.01292), (0.02513, -0.00478, -0.00509), (-0.01562, -0.00603, 0.02120), (-0.00271, -0.00822, -0.02676), (0.02090, -0.01067, 0.01886), (-0.02887, -0.01173, 0.00005), (0.02279, -0.01446, -0.02071), (-0.00307, -0.01745, 0.03147), (-0.02045, -0.01831, -0.02755), (0.03450, -0.02158, 0.00686), (-0.03071, -0.02224, 0.01839), (0.01153, -0.02578, -0.03788), (0.01711, -0.02958, 0.03629), (-0.04147, -0.03005, -0.01726), (0.04268, -0.03413, -0.01516), (-0.02425, -0.03846, 0.04509), (-0.01232, -0.03874, -0.04985), (0.04851, -0.04336, 0.03266), (-0.05776, -0.04823, 0.00833), (0.04261, -0.04832, -0.05145), (0.00293, -0.05347, 0.06629), (-0.04588, -0.05336, -0.04638), (0.07527, -0.05878, 0.00413), (-0.05733, -0.06446, 0.04646), (0.01311, -0.06416, -0.08448), (0.04582, -0.07012, 0.06965), (-0.09364, -0.07634, -0.02421), (0.08327, -0.07585, -0.04365), (-0.03763, -0.08234, 0.10244), (-0.03961, -0.08165, -0.09808), (0.11048, -0.08842, 0.05353), (-0.11392, -0.09545, 0.03334), (0.05937, -0.09456, -0.09678), (0.02452, -0.10187, 0.13054), (-0.10102, -0.10944, -0.07668), (0.14765, -0.10836, -0.01282), (-0.09614, -0.11620, 0.10355), (0.00206, -0.12431, -0.16487), (0.10393, -0.12304, 0.11769), (-0.18178, -0.13142, -0.02036), (0.14119, -0.12995, -0.10172), (-0.04231, -0.13860, 0.19787), (-0.09645, -0.14752, -0.16643), (0.17226, -0.14586, 0.05512), (-0.19311, -0.15505, 0.08767), (0.07924, -0.16450, -0.18294), (0.07493, -0.16265, 0.22086), (-0.19156, -0.17238, -0.10661), (0.24922, -0.18236, -0.05784), (-0.13717, -0.18032, 0.19756), (-0.03601, -0.19059, -0.27767), (0.20033, -0.18834, 0.17079), (-0.30557, -0.19888, 0.00914), (0.20724, -0.20968, -0.19926), (-0.01848, -0.20724, 0.26673), (-0.19374, -0.21832, -0.24622), (0.28746, -0.22965, 0.04882), (-0.28728, -0.22703, 0.18317), (0.08382, -0.23864, -0.30605), (0.16698, -0.23581, 0.32991), (-0.32178, -0.24770, -0.12347), (0.37348, -0.25984, -0.14464), (-0.16769, -0.25682, 0.33388), (-0.11567, -0.26925, -0.41727), (0.34155, -0.28193, 0.21629), (-0.36774, -0.27872, 0.06363), (0.26896, -0.29168, -0.34399), (0.02915, -0.30490, 0.40255), (-0.34040, -0.30150, -0.32526), (0.43557, -0.31499, 0.01167), (-0.38463, -0.31139, 0.32998), (0.05895, -0.32516, -0.46589), (0.31200, -0.33919, 0.44641), (-0.49257, -0.33540, -0.11270), (0.50976, -0.34970, -0.28576), (-0.17282, -0.36427, 0.51460), (-0.19957, -0.36029, -0.45684), (0.53095, -0.37513, 0.23906), (-0.50964, -0.39023, 0.16482), (0.31105, -0.38606, -0.54058), (0.12188, -0.40143, 0.56154), (-0.54245, -0.39706, -0.38825), (0.61149, -0.41271, -0.07042), (-0.46997, -0.42862, 0.53554), (-0.01026, -0.42406, -0.65835), (0.41047, -0.44025, 0.43933), (-0.70091, -0.45670, -0.05865), (0.51136, -0.45194, -0.39066), (-0.13622, -0.46867, 0.73790), (-0.36144, -0.46370, -0.58516), (0.76800, -0.48070, 0.22219), (-0.65968, -0.49797, 0.32213), (0.31612, -0.49281, -0.78989), (0.27215, -0.51035, 0.73373), (-0.80222, -0.52815, -0.41740), (0.80601, -0.52281, -0.21106), (-0.41494, -0.54088, 0.63497), (-0.13857, -0.55921, -0.87509), (0.62958, -0.55368, 0.50692), (-0.93947, -0.57229, 0.05452), (0.60313, -0.56656, -0.61340), (-0.04102, -0.58544, 0.99756), (-0.58543, -0.60459, -0.70247), (1.04772, -0.59866, 0.14782), (-0.80368, -0.61808, 0.54476), (0.26544, -0.63776, -1.08828), (0.49062, -0.63165, 0.90531), (-0.88227, -0.65161, -0.31041), (1.00581, -0.67182, -0.42236), (-0.42061, -0.66552, 0.89957), (-0.33951, -0.68601, -1.10344), (0.90523, -0.67950, 0.53825), (-1.19637, -0.70027, 0.24180), (0.66226, -0.72130, -0.89788), (0.12916, -0.71460, 1.28266), (-0.87620, -0.73590, -0.79138), (1.36029, -0.75747, -0.00175), (-0.92413, -0.75058, 0.83899), (0.11048, -0.77242, -1.12627), (0.78520, -0.79452, 1.05883), (-1.17478, -0.78744, -0.23429), (1.19364, -0.80982, -0.71390), (-0.36939, -0.80253, 1.21163), (-0.62440, -0.82519, -1.32651), (1.23503, -0.84810, 0.51488), (-1.45524, -0.84062, 0.51621), (0.66959, -0.86381, -1.24319), (0.38907, -0.88726, 1.57752), (-1.23444, -0.87960, -0.83212), (1.33414, -0.90332, -0.19174), (-1.00081, -0.89545, 1.20720), (-0.06212, -0.91945, -1.42171), (1.16005, -0.94371, 1.17374), (-1.49869, -0.93566, -0.08311), (1.34877, -0.96019, -1.09174), (-0.24335, -0.98499, 1.56285), (-1.00122, -0.97674, -1.52355), (1.61193, -1.00181, 0.41767), (-1.69551, -1.02714, 0.88772), (0.60487, -1.01871, -1.64375), (0.59232, -1.04431, 1.46905), (-1.65615, -1.03567, -0.80343), (1.60172, -1.06156, -0.46786), (-1.01154, -1.08770, 1.64711), (-0.32326, -1.07887, -1.72622), (1.61476, -1.10529, 1.22707), (-1.83989, -1.13197, 0.15872), (1.44763, -1.12295, -1.55741), (-0.02525, -1.14990, 1.94004), (-1.47360, -1.17711, -1.67053), (2.02392, -1.16791, 0.22781), (-1.49364, -1.19540, 1.07487), (0.44774, -1.18598, -2.08883), (0.96928, -1.21375, 1.67454), (-2.13209, -1.24177, -0.68349), (1.85119, -1.23217, -0.83925), (-0.93314, -1.26047, 2.15114), (-0.68437, -1.28903, -2.02060), (2.14358, -1.27924, 1.19442), (-2.17966, -1.30808, 0.50462), (1.46468, -1.29808, -2.10716), (0.30028, -1.32719, 2.32515), (-1.61003, -1.35657, -1.37409), (2.45381, -1.34638, -0.07208), (-1.60240, -1.37603, 1.53903), (0.17889, -1.40594, -2.56232), (1.43994, -1.39556, 1.83193), (-2.64743, -1.42575, -0.45110), (2.05950, -1.45619, -1.31164), (-0.74261, -1.44563, 2.70595), (-1.15336, -1.47635, -2.28170), (2.73483, -1.46557, 1.05103), (-2.49493, -1.49657, 0.96469), (1.08441, -1.52783, -2.15625), (0.74565, -1.51687, 2.69543), (-2.13643, -1.54840, -1.35450), (2.87932, -1.58019, -0.49668), (-1.63279, -1.56904, 2.08604), (-0.21868, -1.60111, -3.04269), (2.00313, -1.63344, 1.91605)],
                60: [(0.03165, -0.01648, 0.00171), (-0.02674, -0.01958, 0.02171), (0.00535, -0.02294, -0.03471), (0.02132, -0.02358, 0.03234), (-0.03810, -0.02721, -0.00982), (0.03890, -0.03111, -0.02044), (-0.01528, -0.03156, 0.04171), (-0.01880, -0.03573, -0.04645), (0.04537, -0.04016, 0.02193), (-0.05496, -0.04042, 0.01614), (0.02992, -0.04513, -0.04888), (0.01053, -0.04518, 0.05579), (-0.05198, -0.05016, -0.03939), (0.06405, -0.05541, -0.00562), (-0.05042, -0.05527, 0.05440), (0.00085, -0.06079, -0.07279), (0.05579, -0.06657, 0.06307), (-0.08182, -0.06624, -0.00909), (0.07733, -0.07230, -0.05582), (-0.01935, -0.07861, 0.09089), (-0.05409, -0.07809, -0.09315), (0.09969, -0.08469, 0.03180), (-0.09155, -0.08396, 0.04166), (0.04662, -0.09083, -0.10788), (0.03630, -0.09796, 0.10669), (-0.11506, -0.09704, -0.06390), (0.12269, -0.10445, -0.02858), (-0.08372, -0.11211, 0.12080), (-0.01818, -0.11101, -0.13926), (0.12461, -0.11895, 0.10605), (-0.15608, -0.12715, 0.00480), (0.13083, -0.12586, -0.12601), (-0.01182, -0.13433, 0.17276), (-0.10108, -0.13284, -0.12823), (0.18884, -0.14159, 0.03190), (-0.15210, -0.15060, 0.09717), (0.05562, -0.14891, -0.20379), (0.09003, -0.15820, 0.17749), (-0.21706, -0.16775, -0.08307), (0.20408, -0.16587, -0.07924), (-0.11428, -0.17569, 0.22802), (-0.06438, -0.17361, -0.23146), (0.23603, -0.18371, 0.14918), (-0.25915, -0.19407, 0.04508), (0.15075, -0.19180, -0.19316), (0.02100, -0.20244, 0.28657), (-0.19379, -0.21333, -0.18485), (0.31310, -0.21087, 0.00812), (-0.22152, -0.22204, 0.19038), (0.04247, -0.23347, -0.33801), (0.18236, -0.23082, 0.26043), (-0.36055, -0.24253, -0.08216), (0.30110, -0.23967, -0.16914), (-0.12721, -0.25166, 0.37988), (-0.15018, -0.26390, -0.34297), (0.31559, -0.26085, 0.14177), (-0.38540, -0.27337, 0.12501), (0.18666, -0.28615, -0.32505), (0.09320, -0.28292, 0.42761), (-0.32984, -0.29597, -0.23564), (0.46877, -0.30929, -0.05440), (-0.28836, -0.30586, 0.32917), (-0.00836, -0.31945, -0.50793), (0.32228, -0.31582, 0.34434), (-0.54411, -0.32969, -0.04505), (0.40298, -0.34382, -0.30842), (-0.08425, -0.34000, 0.45861), (-0.28689, -0.35440, -0.46356), (0.48207, -0.36906, 0.13901), (-0.52522, -0.36505, 0.25704), (0.19982, -0.37999, -0.50057), (0.21831, -0.37578, 0.58701), (-0.51310, -0.39099, -0.26640), (0.64785, -0.40647, -0.17025), (-0.33829, -0.40206, 0.51866), (-0.11251, -0.41781, -0.70654), (0.51625, -0.43382, 0.41493), (-0.60507, -0.42923, 0.03565), (0.49556, -0.44552, -0.50488), (-0.02608, -0.46206, 0.64807), (-0.48364, -0.45728, -0.57930), (0.68638, -0.47410, 0.09623), (-0.66510, -0.46911, 0.45168), (0.17464, -0.48621, -0.71874), (0.40826, -0.50357, 0.75177), (-0.74388, -0.49839, -0.26099), (0.83798, -0.51602, -0.35275), (-0.35478, -0.53392, 0.76049), (-0.22580, -0.52855, -0.73158), (0.76729, -0.54672, 0.45532), (-0.79935, -0.56515, 0.16228), (0.56177, -0.55959, -0.76302), (0.08770, -0.57830, 0.86343), (-0.74649, -0.57254, -0.67305), (0.92233, -0.59152, -0.00199), (-0.78793, -0.61076, 0.71660), (0.09473, -0.60481, -0.97448), (0.53030, -0.62433, 0.71381), (-1.01828, -0.64410, -0.20216), (0.81058, -0.63796, -0.48576), (-0.31975, -0.65802, 1.05210), (-0.42798, -0.65167, -0.90716), (1.07430, -0.67200, 0.44677), (-1.00197, -0.69259, 0.35641), (0.58226, -0.68605, -1.08330), (0.27066, -0.70692, 1.09331), (-1.07754, -0.72804, -0.72500), (1.17935, -0.72132, -0.17054), (-0.68871, -0.74272, 0.83221), (-0.05608, -0.76438, -1.25818), (0.80511, -0.75746, 0.81319), (-1.32782, -0.77940, -0.07247), (0.94056, -0.77228, -0.76267), (-0.21461, -0.79449, 1.38625), (-0.70392, -0.81697, -1.06912), (1.43144, -0.80966, 0.36957), (-1.19701, -0.83241, 0.62805), (0.53632, -0.85541, -1.46138), (0.53444, -0.84791, 1.32219), (-1.16191, -0.87120, -0.56242), (1.44250, -0.89474, -0.42271), (-0.71270, -0.88706, 1.16278), (-0.29272, -0.91088, -1.55562), (1.14683, -0.90298, 0.86991), (-1.65917, -0.92708, 0.14459), (1.03235, -0.95143, -1.11259), (-0.02126, -0.94335, 1.75069), (-1.05872, -0.96798, -1.19810), (1.82769, -0.99287, 0.20411), (-1.36499, -0.98460, 0.98409), (0.31756, -1.00977, -1.48782), (0.88779, -1.03520, 1.53067), (-1.52750, -1.02674, -0.48821), (1.69260, -1.05244, -0.76913), (-0.67070, -1.04377, 1.54985), (-0.62773, -1.06975, -1.84805), (1.55284, -1.09599, 0.86348), (-1.99419, -1.08713, 0.46351), (1.06468, -1.11365, -1.53454), (0.27672, -1.14043, 2.12807), (-1.49322, -1.13138, -1.27215), (1.77096, -1.15843, -0.05357), (-1.48347, -1.14918, 1.42730), (0.12819, -1.17651, -1.85948), (1.33546, -1.20409, 1.69596), (-1.93148, -1.19465, -0.32738), (1.90669, -1.22251, -1.21666), (-0.54271, -1.25064, 1.98434), (-1.07016, -1.24101, -2.11253), (2.01552, -1.26941, 0.77257), (-2.31015, -1.29807, 0.89556), (1.01498, -1.28824, -2.02259), (0.54625, -1.31718, 1.96793), (-2.00326, -1.30715, -1.26762), (2.11325, -1.33637, -0.36643), (-1.52783, -1.36584, 1.95546), (-0.16328, -1.35562, -2.24448), (1.87735, -1.38537, 1.79261), (-2.35845, -1.41537, -0.06239), (2.05869, -1.40497, -1.76742), (-0.30939, -1.43525, 2.45198), (-1.62445, -1.46579, -2.32251), (2.52193, -1.45520, 0.57611), (-2.03483, -1.48602, 1.14162), (0.86052, -1.47522, -2.56527), (0.98014, -1.50631, 2.24153), (-2.57909, -1.53767, -1.16018), (2.43843, -1.52668, -0.78955), (-1.47226, -1.55831, 2.56070), (-0.57000, -1.59020, -2.62186), (2.50767, -1.57902, 1.79350), (-2.78805, -1.61119, 0.32206), (2.12031, -1.59980, -2.41784), (0.04674, -1.63225, 2.93320), (-1.80607, -1.66495, -1.93171), (3.05352, -1.65337, 0.25444), (-2.19983, -1.68635, 1.68181), (0.57951, -1.71959, -3.14530), (1.52334, -1.70783, 2.46435), (-3.20491, -1.74134, -0.92600), (2.72124, -1.77512, -1.32996), (-1.29096, -1.76316, 3.22897), (-1.10139, -1.79721, -2.96629), (0.02025, -0.00051, -0.01469), (-0.00518, -0.00209, 0.02462), (-0.01283, -0.00392, -0.02197), (0.02480, -0.00521, 0.00785), (-0.02412, -0.00732, 0.01104), (0.01090, -0.00969, -0.02540), (0.00919, -0.01078, 0.02679), (-0.02633, -0.01343, -0.01454), (0.03006, -0.01634, -0.00708)],
                62: [(0.08748, -0.07394, 0.01470), (-0.08714, -0.08037, 0.05577), (0.02617, -0.08706, -0.09620), (0.05270, -0.08631, 0.10367), (-0.10445, -0.09327, -0.03987), (0.12148, -0.10050, -0.04729), (-0.05593, -0.09956, 0.11185), (-0.03916, -0.10706, -0.14032), (0.11800, -0.11482, 0.07444), (-0.15988, -0.11369, 0.02795), (0.09540, -0.12173, -0.12245), (0.01086, -0.12039, 0.14642), (-0.12473, -0.12871, -0.11877), (0.16272, -0.13728, 0.00408), (-0.14443, -0.13575, 0.12434), (0.02228, -0.14460, -0.17862), (0.12079, -0.15371, 0.17218), (-0.19365, -0.15200, -0.04395), (0.20173, -0.16138, -0.11355), (-0.06920, -0.17103, 0.20726), (-0.10215, -0.16912, -0.23273), (0.21890, -0.17904, 0.09810), (-0.21288, -0.17693, 0.06926), (0.13063, -0.18713, -0.22793), (0.05244, -0.19759, 0.23959), (-0.23372, -0.19529, -0.16667), (0.26631, -0.20602, -0.03114), (-0.20603, -0.21701, 0.23560), (-0.00507, -0.21453, -0.29244), (0.23290, -0.22579, 0.24840), (-0.31734, -0.23732, -0.02600), (0.29338, -0.23464, -0.22494), (-0.06220, -0.24645, 0.34027), (-0.16863, -0.24357, -0.27194), (0.36047, -0.25565, 0.10360), (-0.31184, -0.26799, 0.15294), (0.15016, -0.26491, -0.37711), (0.13148, -0.27753, 0.35258), (-0.38934, -0.29041, -0.20171), (0.39350, -0.28714, -0.10378), (-0.25798, -0.30030, 0.39628), (-0.06947, -0.29683, -0.43380), (0.39706, -0.31026, 0.31856), (-0.47263, -0.32394, 0.02826), (0.30467, -0.32029, -0.31094), (-0.02004, -0.33425, 0.50905), (-0.30095, -0.34847, -0.35985), (0.54204, -0.34463, 0.07551), (-0.41727, -0.35913, 0.28391), (0.13810, -0.37389, -0.57054), (0.25914, -0.36985, 0.47618), (-0.59344, -0.38489, -0.20763), (0.53572, -0.38064, -0.22606), (-0.28374, -0.39596, 0.60961), (-0.18417, -0.41153, -0.59488), (0.49050, -0.40710, 0.29050), (-0.65258, -0.42295, 0.13308), (0.36169, -0.43905, -0.49217), (0.07250, -0.43443, 0.70761), (-0.48571, -0.45082, -0.43715), (0.75870, -0.46746, -0.00230), (-0.51610, -0.46265, 0.47020), (0.07750, -0.47957, -0.80450), (0.44478, -0.47455, 0.59760), (-0.84361, -0.49175, -0.16672), (0.68058, -0.50920, -0.40866), (-0.21003, -0.50400, 0.69324), (-0.36117, -0.52173, -0.76383), (0.71352, -0.53972, 0.29601), (-0.84598, -0.53433, 0.30175), (0.38889, -0.55259, -0.72506), (0.22999, -0.54699, 0.92557), (-0.72660, -0.56554, -0.48795), (1.00102, -0.58434, -0.14564), (-0.59228, -0.57855, 0.71696), (-0.04866, -0.59763, -1.07064), (0.69501, -0.61697, 0.70076), (-0.89707, -0.61099, -0.04818), (0.81213, -0.63060, -0.65971), (-0.14519, -0.65048, 0.94329), (-0.61015, -0.64431, -0.92493), (0.98082, -0.66446, 0.25232), (-1.03754, -0.65808, 0.54554), (0.36897, -0.67851, -1.00809), (0.46527, -0.69920, 1.14818), (-1.02352, -0.69263, -0.49433), (1.25493, -0.71360, -0.36894), (-0.62738, -0.73482, 1.02558), (-0.20291, -0.72807, -1.07321), (1.01282, -0.74957, 0.76686), (-1.15221, -0.77132, 0.10142), (0.91131, -0.76438, -0.98386), (-0.01379, -0.78642, 1.22352), (-0.93748, -0.77927, -1.05903), (1.28522, -0.80158, 0.14239), (-1.20813, -0.82415, 0.87261), (0.28379, -0.81681, -1.33533), (0.62075, -0.83966, 1.06812), (-1.37190, -0.86276, -0.43716), (1.18863, -0.85524, -0.54137), (-0.60138, -0.87862, 1.39299), (-0.44480, -0.87089, -1.30576), (1.39675, -0.89454, 0.77509), (-1.41737, -0.91846, 0.33074), (0.95664, -0.91054, -1.38140), (0.19915, -0.93473, 1.52119), (-1.34532, -0.95919, -1.14412), (1.61488, -0.95108, -0.05026), (-1.05141, -0.97581, 1.01336), (0.11544, -1.00079, -1.69603), (0.95390, -0.99249, 1.20922), (-1.76225, -1.01776, -0.29711), (1.36733, -1.00925, -0.87418), (-0.49364, -1.03480, 1.81111), (-0.77338, -1.06060, -1.52339), (1.84030, -1.05190, 0.70357), (-1.67486, -1.07798, 0.65096), (0.92512, -1.10431, -1.84754), (0.50664, -1.09543, 1.81907), (-1.44154, -1.12204, -0.91041), (1.95324, -1.14892, -0.34044), (-1.10365, -1.13984, 1.41509), (-0.15273, -1.16699, -2.07449), (1.36602, -1.15771, 1.30208), (-2.17988, -1.18514, -0.05576), (1.50330, -1.21282, -1.29288), (-0.28398, -1.20335, 2.26649), (-1.19448, -1.23131, -1.70462), (2.33142, -1.25953, 0.53045), (-1.90313, -1.24988, 1.06991), (0.62479, -1.27837, -1.86794), (0.91857, -1.30713, 2.09575), (-1.88805, -1.29728, -0.84735), (2.27919, -1.32631, -0.74019), (-1.08118, -1.31626, 1.88429), (-0.53489, -1.34557, -2.45007), (1.85452, -1.37514, 1.32392), (-2.60491, -1.36489, 0.30320), (1.57291, -1.39474, -1.79679), (0.04606, -1.42484, 2.74017), (-1.70944, -1.41441, -1.82516), (2.24690, -1.44479, 0.18525), (-2.07739, -1.43415, 1.59108), (0.42651, -1.46481, -2.32625), (1.44068, -1.49572, 2.32607), (-2.38204, -1.48490, -0.68600), (2.56746, -1.51609, -1.25758), (-0.96164, -1.54754, 2.41137), (-1.04153, -1.53652, -2.79762), (2.41149, -1.56825, 1.25096), (-3.01246, -1.60024, 0.79276), (1.55108, -1.58903, -2.37987), (0.40341, -1.62130, 2.52772), (-2.31425, -1.60988, -1.85875), (2.67669, -1.64242, -0.15862), (-2.17035, -1.67522, 2.21267), (0.11189, -1.66362, -2.80434), (2.07354, -1.69670, 2.48195), (-2.90699, -1.73003, -0.40654), (2.78931, -1.71824, -1.89567), (-0.72326, -1.75185, 2.98110), (-1.67833, -1.78572, -3.08795), (3.02324, -1.77375, 1.05953), (-2.65897, -1.80789, 1.12037), (-0.01558, -0.00126, -0.01964), (0.02494, -0.00293, 0.00413), (-0.02166, -0.00486, 0.01394), (0.00682, -0.00612, -0.02532), (0.01239, -0.00833, 0.02423), (-0.02608, -0.01079, -0.00988), (0.02746, -0.01186, -0.01077), (-0.01349, -0.01461, 0.02714), (-0.00885, -0.01547, -0.03142), (0.02841, -0.01849, 0.01782), (-0.03369, -0.02177, 0.00597), (0.02305, -0.02244, -0.02973), (0.00292, -0.02599, 0.03813), (-0.03092, -0.02981, -0.02930), (0.04310, -0.03029, 0.00098), (-0.03670, -0.03438, 0.03175), (0.00593, -0.03874, -0.04850), (0.03195, -0.03903, 0.04532), (-0.05420, -0.04366, -0.01216), (0.05519, -0.04374, -0.03124), (-0.01988, -0.04865, 0.06001), (-0.02522, -0.05381, -0.05707), (0.06569, -0.05371, 0.02925), (-0.06714, -0.05915, 0.02202), (0.04044, -0.06485, -0.07097), (0.01728, -0.06456, 0.07804), (-0.07550, -0.07053, -0.05356), (0.08964, -0.07677, -0.01070)],
                64: [(0.19599, -0.16265, 0.05615), (-0.21485, -0.17241, 0.10561), (0.08266, -0.18242, -0.20811), (0.09185, -0.18029, 0.24566), (-0.21798, -0.19058, -0.11269), (0.27713, -0.20113, -0.07334), (-0.14619, -0.19881, 0.22499), (-0.04970, -0.20964, -0.30866), (0.22850, -0.22073, 0.18300), (-0.33959, -0.21821, 0.02060), (0.22288, -0.22958, -0.22786), (-0.01136, -0.22686, 0.29499), (-0.22242, -0.23850, -0.26547), (0.31804, -0.25040, 0.04402), (-0.31032, -0.24749, 0.21154), (0.08170, -0.25967, -0.33881), (0.19462, -0.27210, 0.35688), (-0.35654, -0.26900, -0.12439), (0.40448, -0.28172, -0.17109), (-0.17201, -0.29469, 0.37039), (-0.14047, -0.29140, -0.45233), (0.37954, -0.30465, 0.22433), (-0.39739, -0.30116, 0.08140), (0.28104, -0.31468, -0.38313), (0.04500, -0.32847, 0.43549), (-0.38030, -0.32478, -0.34168), (0.47174, -0.33884, -0.00184), (-0.40566, -0.35316, 0.37023), (0.04822, -0.34929, -0.50519), (0.35213, -0.36389, 0.47226), (-0.53484, -0.37874, -0.10521), (0.54063, -0.37468, -0.32527), (-0.16901, -0.38981, 0.55962), (-0.22926, -0.38554, -0.48377), (0.57846, -0.40095, 0.23938), (-0.54076, -0.41662, 0.19342), (0.31592, -0.41216, -0.59025), (0.14888, -0.42811, 0.59693), (-0.59389, -0.44431, -0.39808), (0.65117, -0.43967, -0.09532), (-0.48514, -0.45615, 0.58831), (-0.03253, -0.45129, -0.70227), (0.57248, -0.46805, 0.57621), (-0.74897, -0.48507, -0.03957), (0.53089, -0.48002, -0.43202), (-0.12088, -0.49732, 0.78993), (-0.40290, -0.51487, -0.60961), (0.82378, -0.50964, 0.21115), (-0.68927, -0.52746, 0.36318), (0.30994, -0.54555, -0.84912), (0.31224, -0.54013, 0.76862), (-0.86453, -0.55849, -0.41661), (0.84631, -0.55287, -0.24961), (-0.53034, -0.57151, 0.86865), (-0.17494, -0.59041, -0.92085), (0.68063, -0.58459, 0.51441), (-0.99069, -0.60377, 0.08807), (0.61590, -0.62320, -0.66610), (-0.01096, -0.61720, 1.05416), (-0.63929, -0.63691, -0.72091), (1.10954, -0.65688, 0.12195), (-0.82812, -0.65069, 0.59923), (0.24443, -0.67093, -1.15508), (0.54510, -0.66453, 0.93607), (-1.18903, -0.68506, -0.37774), (1.04311, -0.70584, -0.47620), (-0.41201, -0.69925, 0.95664), (-0.39200, -0.72031, -1.14748), (0.96572, -0.74163, 0.53480), (-1.24726, -0.73485, 0.29220), (0.66452, -0.75644, -0.96137), (0.17668, -0.74946, 1.34044), (-0.94222, -0.77133, -0.79989), (1.42492, -0.79346, -0.04559), (-0.93940, -0.78629, 0.90698), (0.10068, -0.80869, -1.49854), (0.85453, -0.83136, 1.08132), (-1.23271, -0.82400, -0.20673), (1.22374, -0.84694, -0.78388), (-0.34627, -0.87014, 1.27482), (-0.69426, -0.86259, -1.36457), (1.30319, -0.88607, 0.49692), (-1.50155, -0.87831, 0.58511), (0.65752, -0.90206, -1.31599), (0.45614, -0.92608, 1.63226), (-1.31143, -0.91813, -0.82665), (1.75419, -0.94242, -0.30732), (-1.00260, -0.96697, 1.28785), (-0.10983, -0.95883, -1.47422), (1.24373, -0.98366, 1.18345), (-1.55817, -1.00874, -0.03850), (1.36700, -1.00042, -1.17773), (-0.20269, -1.02578, 1.62923), (-1.08874, -1.01725, -1.55083), (1.68506, -1.04289, 0.38184), (-1.73231, -1.06878, 0.97587), (0.57476, -1.06006, -1.72335), (0.65955, -1.08624, 1.50124), (-1.74187, -1.11267, -0.77992), (1.64198, -1.10376, -0.53483), (-0.99550, -1.13047, 1.73848), (-0.38910, -1.12135, -1.77483), (1.71119, -1.14834, 1.21935), (-1.89705, -1.17558, 0.22249), (1.44905, -1.16628, -1.65821), (0.03546, -1.19380, 2.00582), (-1.57797, -1.22158, -1.68185), (2.09833, -1.21208, 0.17116), (-1.50630, -1.24014, 1.15577), (0.39622, -1.26846, -2.17173), (1.05239, -1.25877, 1.69585), (-2.22324, -1.28737, -0.63816), (1.88168, -1.27748, -0.92371), (-0.89509, -1.30635, 2.25018), (-0.76926, -1.33548, -2.06076), (2.25000, -1.32540, 1.16470), (-2.22988, -1.35480, 0.58890), (1.44436, -1.38447, -2.22035), (0.38288, -1.37420, 2.38573), (-1.69893, -1.40414, -1.36210), (2.52491, -1.43434, -0.15183), (-1.59887, -1.42388, 1.63289), (0.10319, -1.45436, -2.64401), (1.53803, -1.44369, 1.83770), (-2.73963, -1.47445, -0.38070), (2.07536, -1.50546, -1.41310), (-0.67878, -1.49460, 2.80846), (-1.25723, -1.52589, -2.30837), (2.84729, -1.55744, 0.99508), (-2.53302, -1.54640, 1.06990), (1.04432, -1.57822, -2.24570), (0.85102, -1.61031, 2.74547), (-2.23367, -1.59907, -1.32183), (2.94174, -1.63144, -0.60096), (-1.60866, -1.62000, 2.19055), (-0.32052, -1.65263, -3.11777), (2.11422, -1.68553, 1.90155), (-3.26950, -1.67390, 0.01104), (2.19691, -1.70707, -2.00291), (-0.32567, -1.74051, 3.39289), (-1.85520, -1.72869, -2.49084), (2.74324, -1.76240, 0.54114), (-2.77917, -1.75037, 1.67008), (0.84757, -1.78436, -2.80106), (0.02501, -0.00061, 0.00054), (-0.01901, -0.00203, 0.01648), (0.00308, -0.00380, -0.02534), (0.01498, -0.00583, 0.02120), (-0.02618, -0.00706, -0.00585), (0.02390, -0.00937, -0.01355), (-0.00908, -0.01193, 0.02748), (-0.01205, -0.01297, -0.02720), (0.02783, -0.01581, 0.01236), (-0.03120, -0.01664, 0.01026), (0.01660, -0.01976, -0.02918), (0.00799, -0.02314, 0.03592), (-0.03060, -0.02378, -0.02167), (0.04136, -0.02744, -0.00497), (-0.02771, -0.03135, 0.03190), (-0.00098, -0.03181, -0.04745), (0.03288, -0.03600, 0.03484), (-0.05410, -0.04044, -0.00425), (0.04314, -0.04071, -0.03331), (-0.00957, -0.04543, 0.05336), (-0.03289, -0.04549, -0.05265), (0.05911, -0.05050, 0.01678), (-0.06337, -0.05576, 0.03134), (0.02555, -0.05563, -0.06479), (0.02833, -0.06116, 0.07522), (-0.07014, -0.06696, -0.03605), (0.08811, -0.06664, -0.02355), (-0.04839, -0.07271, 0.07487), (-0.01665, -0.07219, -0.10183), (0.07863, -0.07854, 0.06266), (-0.09676, -0.08515, 0.00610), (0.07889, -0.08443, -0.08104), (-0.00392, -0.09132, 0.10871), (-0.08171, -0.09846, -0.09705), (0.12065, -0.09756, 0.01640), (-0.11704, -0.10498, 0.08019), (0.03154, -0.11266, -0.13222), (0.07607, -0.11157, 0.13870), (-0.14301, -0.11952, -0.04951), (0.16179, -0.11822, -0.06890), (-0.07040, -0.12646, 0.15257), (-0.04747, -0.13495, -0.15158), (0.16040, -0.13346, 0.09428), (-0.17210, -0.14223, 0.03569), (0.12112, -0.15126, -0.16596), (0.02041, -0.14958, 0.19293), (-0.16869, -0.15888, -0.15083), (0.21361, -0.16845, -0.00135)],
                66: [(0.34867, -0.28261, 0.14393), (-0.41630, -0.29569, 0.14931), (0.19213, -0.30904, -0.35971), (0.11575, -0.30552, 0.46239), (-0.36580, -0.31914, -0.24473), (0.50741, -0.33302, -0.07473), (-0.30138, -0.32931, 0.36612), (-0.02597, -0.34347, -0.55036), (0.35984, -0.35788, 0.36155), (-0.59019, -0.35398, -0.03067), (0.42463, -0.36868, -0.34617), (-0.07549, -0.36457, 0.49621), (-0.32437, -0.37954, -0.48986), (0.52242, -0.39477, 0.13342), (-0.55633, -0.39048, 0.29376), (0.19783, -0.40598, -0.54346), (0.25374, -0.42175, 0.62305), (-0.55827, -0.41726, -0.26842), (0.68888, -0.43330, -0.20383), (-0.34474, -0.44961, 0.56577), (-0.14365, -0.44493, -0.75257), (0.56492, -0.46151, 0.42619), (-0.64333, -0.45663, 0.05776), (0.51198, -0.47348, -0.55468), (-0.00658, -0.49060, 0.69032), (-0.53408, -0.48553, -0.60121), (0.73250, -0.50292, 0.07986), (-0.69278, -0.52056, 0.50222), (0.16194, -0.51531, -0.76858), (0.45832, -0.53323, 0.78546), (-0.79719, -0.55142, -0.25249), (0.87785, -0.54597, -0.40168), (-0.35102, -0.56443, 0.81698), (-0.26232, -0.55877, -0.76568), (0.82660, -0.57751, 0.45681), (-0.83857, -0.59651, 0.19722), (0.56900, -0.59067, -0.82471), (0.12046, -0.60994, 0.90782), (-0.81007, -0.62947, -0.68649), (0.97186, -0.62344, -0.03194), (-0.80801, -0.64325, 0.78149), (0.06824, -0.63701, -1.02907), (0.73791, -0.65709, 0.93208), (-1.07776, -0.67744, -0.17978), (0.83521, -0.67101, -0.53603), (-0.30215, -0.69163, 1.11623), (-0.47815, -0.71251, -0.93779), (1.14277, -0.70589, 0.43461), (-1.03883, -0.72705, 0.40585), (0.57618, -0.74847, -1.15571), (0.31869, -0.74166, 1.13657), (-1.15342, -0.76335, -0.72564), (1.22910, -0.75634, -0.21644), (-0.88153, -0.77831, 1.13437), (-0.09908, -0.80054, -1.31444), (0.86661, -0.79334, 0.82317), (-1.39054, -0.81584, -0.03315), (0.95698, -0.83860, -0.82594), (-0.17976, -0.83121, 1.45529), (-0.76834, -0.85425, -1.09242), (1.50657, -0.87755, 0.34001), (-1.22758, -0.86997, 0.69295), (0.51287, -0.89355, -1.54227), (0.59907, -0.88576, 1.36035), (-1.56034, -0.90961, -0.69701), (1.48850, -0.93373, -0.48627), (-0.70356, -0.92575, 1.23114), (-0.35435, -0.95014, -1.60965), (1.21907, -0.97479, 0.86708), (-1.72130, -0.96662, 0.20340), (1.03649, -0.99154, -1.18819), (0.03378, -0.98317, 1.82093), (-1.13708, -1.00837, -1.20982), (1.90592, -1.03383, 0.15379), (-1.38487, -1.02527, 1.06451), (0.35831, -1.05101, -1.97369), (0.96948, -1.07700, 1.55922), (-1.59675, -1.06825, -0.45683), (1.73025, -1.09453, -0.85124), (-0.64483, -1.12106, 1.62518), (-0.70933, -1.11212, -1.89518), (1.63388, -1.13893, 0.84397), (-2.05107, -1.12978, 0.54359), (1.05236, -1.15686, -1.62084), (0.35421, -1.18421, 2.19487), (-1.58420, -1.17487, -1.26785), (2.32348, -1.20249, -0.14175), (-1.48797, -1.23037, 1.52228), (0.07335, -1.22085, -1.92247), (1.43367, -1.24900, 1.70998), (-2.00260, -1.27742, -0.27650), (1.93090, -1.26771, -1.31720), (-0.49682, -1.29640, 2.06347), (-1.17205, -1.28648, -2.14751), (2.10242, -1.31545, 0.73270), (-2.35641, -1.34467, 0.99773), (0.98217, -1.33456, -2.11688), (0.62417, -1.36407, 2.00743), (-2.10445, -1.39383, -1.24289), (2.16228, -1.38353, -0.44369), (-1.51218, -1.41357, 2.06293), (-0.23882, -1.40307, -2.30331), (1.99037, -1.43338, 1.78702), (-2.42726, -1.46396, 0.01031), (2.06407, -1.45326, -1.88510), (-0.24070, -1.48411, 2.53080), (-1.74581, -1.51522, -2.33971), (2.61069, -1.50434, 0.51263), (-2.05205, -1.53573, 1.23557), (0.80348, -1.56737, -2.66374), (1.07627, -1.55631, 2.26902), (-2.68692, -1.58823, -1.11084), (2.47678, -1.57695, -0.88684), (-1.43186, -1.60915, 2.67739), (-0.66730, -1.64161, -2.67158), (2.63255, -1.63014, 1.76327), (-2.84952, -1.66287, 0.41814), (2.10142, -1.69587, -2.55012), (0.14031, -1.68421, 3.00670), (-1.90971, -1.71748, -1.92084), (3.13919, -1.75101, 0.16477), (-2.19912, -1.73917, 1.79083), (0.49515, -1.77297, -3.24310), (1.63682, -1.76092, 2.47474), (-3.31469, -1.79500, -0.84841), (-0.00054, -0.00145, -0.02506), (0.01741, -0.00284, 0.01841), (-0.02564, -0.00471, -0.00199), (0.02093, -0.00683, -0.01619), (-0.00476, -0.00803, 0.02666), (-0.01469, -0.01044, -0.02347), (0.02811, -0.01310, 0.00795), (-0.02682, -0.01411, 0.01329), (0.01178, -0.01705, -0.02994), (0.01164, -0.01786, 0.03081), (-0.03202, -0.02107, -0.01642), (0.03549, -0.02455, -0.00952), (-0.02207, -0.02516, 0.03421), (-0.00672, -0.02891, -0.04085), (0.03631, -0.03292, 0.02889), (-0.04686, -0.03335, 0.00300), (0.03280, -0.03764, -0.03376), (-0.00188, -0.03786, 0.05341), (-0.03437, -0.04242, -0.04074), (0.06038, -0.04724, 0.00816), (-0.04985, -0.04728, 0.03422), (0.01606, -0.05237, -0.06757), (0.03304, -0.05773, 0.06012), (-0.07473, -0.05758, -0.02580), (0.07151, -0.06321, -0.03053), (-0.03755, -0.06910, 0.08156), (-0.02637, -0.06876, -0.08394), (0.07359, -0.07493, 0.04317), (-0.09724, -0.07438, 0.02025), (0.05654, -0.08082, -0.07761), (0.01186, -0.08753, 0.11120), (-0.08044, -0.08679, -0.07180), (0.12555, -0.09377, -0.00090), (-0.08894, -0.10101, 0.08171), (0.01289, -0.10008, -0.13993), (0.08101, -0.10760, 0.10791), (-0.15396, -0.11537, -0.02976), (0.12856, -0.11425, -0.07792), (-0.04077, -0.12231, 0.13662), (-0.07202, -0.12098, -0.15069), (0.14642, -0.12931, 0.06003), (-0.17402, -0.13790, 0.06289), (0.08216, -0.13639, -0.15473), (0.05013, -0.14525, 0.19820), (-0.16105, -0.15438, -0.10719), (0.22279, -0.15267, -0.03336), (-0.13503, -0.16207, 0.16485), (-0.01227, -0.16016, -0.24729), (0.16557, -0.16984, 0.16556), (-0.21874, -0.17978, -0.01084), (0.19854, -0.17768, -0.16266), (-0.03554, -0.18789, 0.23749), (-0.15554, -0.19836, -0.23366), (0.25470, -0.19608, 0.06439), (-0.27050, -0.20682, 0.14366), (0.09745, -0.21783, -0.26972), (0.12652, -0.21535, 0.30854), (-0.28187, -0.22664, -0.13469), (0.34717, -0.22395, -0.10364), (-0.17601, -0.23552, 0.29043), (-0.05976, -0.24734, -0.30905), (0.29466, -0.24446, 0.22119), (-0.34040, -0.25656, 0.03139), (0.26990, -0.26892, -0.29382), (-0.00264, -0.26585, 0.37053), (-0.28717, -0.27849, -0.32170), (0.39865, -0.29138, 0.04249)],
                68: [(0.53302, -0.43381, 0.29397), (-0.69300, -0.45023, 0.16362), (0.36942, -0.46690, -0.53645), (0.10056, -0.46200, 0.75277), (-0.53137, -0.47895, -0.44951), (0.80853, -0.49616, -0.02728), (-0.53342, -0.49106, 0.51682), (0.05620, -0.50855, -0.85886), (0.49187, -0.52629, 0.62019), (-0.90230, -0.52101, -0.14970), (0.70870, -0.53903, -0.45571), (-0.19975, -0.53354, 0.74049), (-0.40759, -0.55184, -0.79769), (0.76400, -0.57039, 0.28980), (-0.88575, -0.56471, 0.34693), (0.38726, -0.58355, -0.77847), (0.27327, -0.60264, 0.97134), (-0.78259, -0.59677, -0.49139), (1.05282, -0.61614, -0.18634), (-0.60125, -0.63577, 0.77510), (-0.08605, -0.62971, -1.12844), (0.75481, -0.64962, 0.71572), (-0.94444, -0.64335, -0.02169), (0.83347, -0.66353, -0.72061), (-0.12207, -0.68397, 0.99541), (-0.67153, -0.67752, -0.95301), (1.03752, -0.69824, 0.23321), (-1.07266, -0.71921, 0.60673), (0.35450, -0.71257, -1.06913), (0.52555, -0.73382, 1.19058), (-1.08859, -0.75534, -0.48514), (1.30478, -0.74850, -0.42752), (-0.62408, -0.77029, 1.09429), (-0.24651, -0.76325, -1.11513), (1.08468, -0.78532, 0.77007), (-1.20026, -0.80764, 0.14289), (0.92158, -0.80042, -1.05833), (0.02482, -0.82302, 1.27772), (-1.01392, -0.84588, -1.07689), (1.34551, -0.83846, 0.10739), (-1.23406, -0.86160, 0.95030), (0.25318, -0.85397, -1.40156), (0.86652, -0.87739, 1.39092), (-1.44383, -0.90106, -0.41172), (1.21908, -0.89325, -0.60108), (-0.58190, -0.91720, 1.47030), (-0.50415, -0.94140, -1.34341), (1.47901, -0.93340, 0.76234), (-1.46246, -0.95789, 0.38896), (0.95137, -0.98263, -1.46809), (0.25540, -0.97444, 1.57388), (-1.43583, -0.99946, -1.14705), (1.67524, -0.99106, -0.10367), (-1.34718, -1.01636, 1.38066), (0.06576, -1.04192, -1.76406), (1.02667, -1.03333, 1.22237), (-1.83782, -1.05916, -0.25212), (1.38824, -1.08525, -0.94880), (-0.45427, -1.07648, 1.89401), (-0.84910, -1.10285, -1.55255), (1.93019, -1.12947, 0.67079), (-1.71269, -1.12051, 0.72693), (0.89989, -1.14741, -1.94399), (0.58196, -1.13824, 1.86592), (-1.93318, -1.16542, -1.13946), (2.00936, -1.19286, -0.41414), (-1.09451, -1.18350, 1.49588), (-0.22378, -1.21122, -2.14003), (1.45115, -1.23919, 1.30061), (-2.25490, -1.22964, 0.01154), (1.51023, -1.25790, -1.38170), (-0.22152, -1.24814, 2.35092), (-1.28623, -1.27667, -1.72066), (2.42508, -1.30546, 0.47398), (-1.92891, -1.29551, 1.16372), (0.74402, -1.32457, -2.47441), (1.01348, -1.35390, 2.13183), (-1.97006, -1.34376, -0.81247), (2.32604, -1.37336, -0.83515), (-1.05307, -1.40322, 1.97324), (-0.62878, -1.39290, -2.50807), (1.94992, -1.42303, 1.30359), (-2.67431, -1.41250, 0.39481), (1.56131, -1.44292, -1.89805), (0.13411, -1.47359, 2.82110), (-1.81582, -1.46287, -1.82322), (2.94481, -1.49382, 0.15199), (-2.08599, -1.52502, 1.70174), (0.36450, -1.51411, -2.40142), (1.55463, -1.54560, 2.34602), (-2.46659, -1.57734, -0.62904), (2.59949, -1.56624, -1.37374), (-0.91094, -1.59826, 2.50507), (-1.15871, -1.58696, -2.84234), (2.51399, -1.61925, 1.20771), (-3.07040, -1.65181, 0.90964), (1.51648, -1.64032, -2.49067), (0.49266, -1.67315, 2.57621), (-2.43271, -1.70624, -1.83397), (2.73633, -1.69456, -0.24662), (-2.15653, -1.72792, 2.33799), (0.02641, -1.71603, -2.87536), (2.20477, -1.74968, 2.48018), (-2.98953, -1.78358, -0.32489), (2.80060, -1.77150, -2.03173), (0.01959, -0.00062, 0.01556), (-0.02514, -0.00231, 0.00163), (0.01776, -0.00368, -0.01831), (-0.00089, -0.00564, 0.02588), (-0.01724, -0.00786, -0.02041), (0.02706, -0.00904, 0.00363), (-0.02365, -0.01154, 0.01627), (0.00678, -0.01251, -0.02863), (0.01520, -0.01528, 0.02761), (-0.03055, -0.01832, -0.01052), (0.03235, -0.01910, -0.01384), (-0.01503, -0.02241, 0.03271), (-0.01196, -0.02598, -0.03794), (0.03499, -0.02657, 0.02048), (-0.04009, -0.03042, 0.00839), (0.02705, -0.03453, -0.03719), (0.00494, -0.03493, 0.04596), (-0.03911, -0.03931, -0.03484), (0.05237, -0.03950, -0.00042), (-0.04398, -0.04416, 0.04047), (0.00540, -0.04908, -0.05921), (0.04099, -0.04909, 0.05450), (-0.06631, -0.05429, -0.01276), (0.06642, -0.05974, -0.04034), (-0.02185, -0.05956, 0.07343), (-0.03230, -0.06529, -0.06742), (0.08032, -0.07128, 0.03285), (-0.07932, -0.07091, 0.02874), (0.04592, -0.07717, -0.08665), (0.02338, -0.07659, 0.09212), (-0.09206, -0.08314, -0.06115), (0.10562, -0.08994, -0.01591), (-0.07861, -0.08917, 0.09614), (-0.00604, -0.09625, -0.11959), (0.09846, -0.10359, 0.09828), (-0.13371, -0.10263, -0.00651), (0.09851, -0.11025, -0.08085), (-0.02196, -0.10908, 0.14762), (-0.07873, -0.11697, -0.11805), (0.16090, -0.12512, 0.04053), (-0.13909, -0.12377, 0.07403), (0.06235, -0.13220, -0.17305), (0.06636, -0.14088, 0.16142), (-0.18354, -0.13934, -0.08751), (0.18471, -0.14830, -0.05531), (-0.11602, -0.15753, 0.19182), (-0.04052, -0.15580, -0.20857), (0.15939, -0.16529, 0.11943), (-0.23255, -0.16336, 0.02165), (0.14797, -0.17313, -0.16137), (-0.00160, -0.18316, 0.25610), (-0.16006, -0.18104, -0.17900), (0.27862, -0.19135, 0.02945), (-0.21223, -0.20192, 0.15492), (0.06207, -0.19960, -0.29944), (0.14540, -0.21045, 0.24732), (-0.31782, -0.22155, -0.09952), (0.28381, -0.21905, -0.13099), (-0.11364, -0.23043, 0.26692), (-0.11120, -0.22772, -0.32115), (0.27681, -0.23938, 0.15179), (-0.35871, -0.25130, 0.08561), (0.19378, -0.24840, -0.28286), (0.05384, -0.26059, 0.39574), (-0.28434, -0.27304, -0.23936), (0.43145, -0.26995, -0.01560), (-0.28814, -0.28268, 0.28053), (0.02930, -0.27939, -0.46494), (0.27072, -0.29239, 0.33966), (-0.39515, -0.30566, -0.06458), (0.39329, -0.30217, -0.25424), (-0.11158, -0.31571, 0.41765), (-0.23045, -0.32952, -0.44834), (0.43606, -0.32584, 0.16420), (-0.50395, -0.33992, 0.19879), (0.22224, -0.35426, -0.44947), (0.15878, -0.35039, 0.55919), (-0.45693, -0.36501, -0.28537), (0.61301, -0.36094, -0.11002), (-0.35312, -0.37583, 0.45750), (-0.04159, -0.39097, -0.52856), (0.45026, -0.38672, 0.42488), (-0.56878, -0.40214, -0.01169), (0.49989, -0.41783, -0.43432), (-0.07274, -0.41338, 0.60519), (-0.40885, -0.42934, -0.57726), (0.63662, -0.44556, 0.14148)],
                70: [(0.73300, -0.61627, 0.51943), (-1.04131, -0.63602, 0.12489), (0.62622, -0.65602, -0.72040), (0.02254, -0.64973, 1.11043), (-0.69506, -0.67000, -0.73694), (1.17135, -0.69054, 0.09246), (-0.85026, -0.68406, 0.65594), (0.21968, -0.70488, -1.22223), (0.60213, -0.72595, 0.96465), (-1.26121, -0.71928, -0.35845), (1.07842, -0.74063, -0.53289), (-0.40035, -0.73375, 1.01418), (-0.44766, -0.75538, -1.18973), (1.02699, -0.77727, 0.52822), (-1.29660, -0.77020, 0.34606), (0.66361, -0.79236, -1.02600), (0.22794, -0.81478, 1.39695), (-1.00974, -0.80753, -0.80522), (1.48859, -0.83023, -0.09342), (-0.95150, -0.85318, 0.97685), (0.05713, -0.84574, -1.56927), (0.92612, -0.86897, 1.10071), (-1.29003, -0.86132, -0.17582), (1.25087, -0.88483, -0.85651), (-0.31961, -0.90860, 1.33771), (-0.76716, -0.90076, -1.39982), (1.37143, -0.92481, 0.47527), (-1.54524, -0.94912, 0.65745), (0.64162, -0.94109, -1.38924), (0.52703, -0.96567, 1.68464), (-1.38928, -0.99051, -0.81724), (1.81540, -0.98229, -0.37581), (-1.00042, -1.00741, 1.36979), (-0.16080, -0.99898, -1.52495), (1.32915, -1.02438, 1.18917), (-1.61615, -1.05003, 0.00968), (1.38127, -1.04142, -1.26593), (-0.15817, -1.06735, 1.69443), (-1.17893, -1.09354, -1.57425), (1.75736, -1.08473, 0.34189), (-1.76540, -1.11120, 1.06717), (0.54029, -1.10219, -1.80254), (0.92999, -1.12893, 1.95182), (-1.82761, -1.15593, -0.75185), (1.67931, -1.14673, -0.60460), (-0.97475, -1.17401, 1.83033), (-0.45814, -1.20155, -1.82070), (1.80860, -1.19216, 1.20683), (-1.95170, -1.21997, 0.28987), (1.44560, -1.24805, -1.76052), (0.10018, -1.23847, 2.06940), (-1.68439, -1.26682, -1.68830), (2.17087, -1.25704, 0.11015), (-1.93188, -1.28566, 1.57882), (0.33999, -1.31455, -2.25316), (1.13742, -1.30457, 1.71319), (-2.31336, -1.33374, -0.58782), (1.90829, -1.36315, -1.01059), (-0.85175, -1.35299, 2.34867), (-0.85706, -1.38269, -2.09717), (2.35641, -1.41265, 1.12948), (-2.27653, -1.40230, 0.67661), (1.41835, -1.43253, -2.33409), (0.46939, -1.42197, 2.44297), (-2.27946, -1.45248, -1.71532), (2.59298, -1.48325, -0.23598), (-1.59062, -1.47250, 1.72748), (0.02263, -1.50355, -2.72303), (1.63738, -1.53485, 1.83868), (-2.82959, -1.52392, -0.30502), (2.08640, -1.55550, -1.51639), (-0.60928, -1.54436, 2.90921), (-1.36350, -1.57621, -2.33025), (2.95853, -1.60833, 0.93310), (-2.56643, -1.59700, 1.17810), (1.27366, -1.62939, -2.97439), (0.95998, -1.66204, 2.79101), (-2.33018, -1.65052, -1.28406), (2.99989, -1.68345, -0.70940), (-1.57918, -1.71664, 2.29485), (-0.42710, -1.70493, -3.18889), (2.22568, -1.73839, 1.88150), (-3.35381, -1.72648, 0.11431), (2.18738, -1.76022, -2.12075), (-0.22719, -1.79422, 3.49046), (-1.97850, -1.78211, -2.49287), (0.01473, -0.00142, -0.02030), (0.00273, -0.00321, 0.02518), (-0.01918, -0.00454, -0.01706), (0.02638, -0.00661, -0.00024), (-0.01981, -0.00893, 0.01826), (0.00254, -0.01007, -0.02810), (0.01741, -0.01267, 0.02311), (-0.03033, -0.01361, -0.00581), (0.02707, -0.01649, -0.01647), (-0.00978, -0.01962, 0.03299), (-0.01526, -0.02037, -0.03179), (0.03321, -0.02378, 0.01355), (-0.03730, -0.02745, 0.01355), (0.01879, -0.02801, -0.03553), (0.01111, -0.03196, 0.04362), (-0.03781, -0.03231, -0.02507), (0.05072, -0.03653, -0.00769), (-0.03252, -0.04101, 0.03984), (-0.00300, -0.04118, -0.05851), (0.04139, -0.04594, 0.04125), (-0.06684, -0.05096, -0.00319), (0.05131, -0.05093, -0.04218), (-0.00955, -0.05623, 0.06456), (-0.04191, -0.06178, -0.06273), (0.07159, -0.06157, 0.01797), (-0.07547, -0.06740, 0.04025), (0.02819, -0.06698, -0.07846), (0.03687, -0.07308, 0.08946), (-0.08489, -0.07945, -0.04038), (0.10454, -0.07884, -0.03141), (-0.05465, -0.08548, 0.09053), (-0.02352, -0.09238, -0.12050), (0.09501, -0.09159, 0.07106), (-0.11293, -0.09876, 0.01061), (0.08963, -0.10620, -0.09792), (-0.00068, -0.10521, 0.12668), (-0.09882, -0.11293, -0.11031), (0.14036, -0.11174, 0.01471), (-0.13299, -0.11972, 0.09726), (0.03169, -0.12797, -0.15357), (0.09276, -0.12659, 0.15747), (-0.16588, -0.13512, -0.05178), (0.18347, -0.14390, -0.08488), (-0.07509, -0.14233, 0.17679), (-0.05921, -0.15139, -0.17051), (0.18576, -0.16071, 0.10166), (-0.19348, -0.15895, 0.04635), (0.13144, -0.16855, -0.19222), (0.02968, -0.16658, 0.21675), (-0.19556, -0.17645, -0.16434), (0.23984, -0.18658, -0.00888), (-0.20013, -0.18443, 0.19518), (0.01629, -0.19484, -0.26219), (0.19044, -0.20550, 0.23851), (-0.28317, -0.20316, -0.04603), (0.22380, -0.21410, -0.14495), (-0.08043, -0.21156, 0.30211), (-0.13316, -0.22278, -0.25851), (0.31828, -0.23425, 0.11953), (-0.29430, -0.23152, 0.11639), (0.16326, -0.24327, -0.33090), (0.09418, -0.25529, 0.33059), (-0.33917, -0.25236, -0.21142), (0.36673, -0.26465, -0.06615), (-0.26372, -0.27720, 0.34229), (-0.03198, -0.27408, -0.40196), (0.27080, -0.28691, 0.25509), (-0.43545, -0.28359, -0.00857), (0.30350, -0.29669, -0.26415), (-0.05563, -0.31005, 0.46631), (-0.25138, -0.30654, -0.35427), (0.49358, -0.32018, 0.10924), (-0.40676, -0.33408, 0.23184), (0.16929, -0.33038, -0.51624), (0.20496, -0.34455, 0.46022), (-0.53326, -0.35898, -0.23555), (0.51380, -0.35509, -0.17022), (-0.24469, -0.36980, 0.43234), (-0.12719, -0.36571, -0.56652), (0.43627, -0.38069, 0.30758), (-0.61732, -0.39594, 0.07555), (0.37466, -0.39165, -0.43312), (0.01510, -0.40718, 0.66506), (-0.42202, -0.42296, -0.44529), (0.70850, -0.41848, 0.05421), (-0.51868, -0.43454, 0.40214), (0.13229, -0.42986, -0.74636), (0.37269, -0.44619, 0.59388), (-0.61709, -0.46279, -0.17378), (0.66983, -0.45792, -0.33301), (-0.25008, -0.47479, 0.63801), (-0.28250, -0.49192, -0.74532), (0.65131, -0.48686, 0.33300), (-0.81904, -0.50426, 0.22072), (0.42194, -0.52193, -0.65583), (0.14735, -0.51668, 0.88954), (-0.65043, -0.53462, -0.51612), (0.95530, -0.52917, -0.06227), (-0.61460, -0.54738, 0.63403), (0.02735, -0.56586, -0.80464), (0.60560, -0.56022, 0.71625), (-0.84936, -0.57897, -0.11368), (0.81978, -0.59798, -0.56424), (-0.20956, -0.59215, 0.88657), (-0.50915, -0.61144, -0.92374), (0.91478, -0.63099, 0.31454)],
                72: [(0.92948, -0.82998, 0.83013), (-1.45237, -0.85305, 0.00997), (0.97041, -0.87638, -0.89094), (-0.14090, -0.86871, 1.52378), (-0.83488, -0.89231, -1.11280), (1.58152, -0.91618, 0.30625), (-1.25533, -0.90831, 0.76034), (0.48505, -0.93246, -1.62340), (0.66658, -0.95686, 1.39585), (-1.64725, -0.94880, -0.67598), (1.53204, -0.97348, -0.55309), (-0.69081, -0.96522, 1.29989), (-0.41961, -0.99017, -1.66145), (1.29210, -1.01539, 0.86055), (-1.78150, -1.00694, 0.26618), (1.03688, -1.03243, -1.26500), (0.09313, -1.05818, 1.88956), (-1.21708, -1.04954, -1.21778), (1.98294, -1.07556, 0.09888), (-1.40102, -1.10185, 1.14702), (0.30884, -1.09302, -2.05891), (1.05372, -1.11958, 1.58412), (-1.66519, -1.11055, -0.42158), (1.76440, -1.13739, -0.93636), (-0.61486, -1.16448, 1.70008), (-0.79439, -1.15526, -1.93899), (1.71492, -1.18263, 0.82016), (-2.10487, -1.21027, 0.62759), (1.03561, -1.20085, -1.70759), (0.43607, -1.22876, 2.25890), (-1.67611, -1.25693, -1.25901), (2.39785, -1.24733, -0.22033), (-1.48786, -1.27577, 1.61871), (0.01476, -1.26596, -1.98336), (1.53384, -1.29469, 1.71939), (-2.07195, -1.32367, -0.22152), (1.95055, -1.31367, -1.42025), (-0.44649, -1.34293, 2.14120), (-1.27700, -1.37244, -2.17806), (2.18833, -1.36226, 0.68809), (-2.39841, -1.39205, 1.10350), (0.94434, -1.38166, -2.21065), (0.89956, -1.41173, 2.60795), (-2.20564, -1.44205, -1.21293), (2.20791, -1.43147, -0.52415), (-1.49114, -1.46208, 2.17096), (-0.31804, -1.49294, -2.35899), (2.10452, -1.48217, 1.77593), (-2.49319, -1.51331, 0.08716), (2.06390, -1.54471, -2.00453), (-0.16741, -1.53375, 2.60710), (-1.86954, -1.56543, -2.35136), (2.69733, -1.55426, 0.44414), (-2.63436, -1.58621, 1.69848), (0.74106, -1.61843, -2.76056), (1.17465, -1.60707, 2.29198), (-2.79362, -1.63956, -1.05578), (2.51070, -1.67231, -0.98692), (-1.38544, -1.66076, 2.79351), (-0.76796, -1.69378, -2.71703), (2.75749, -1.72707, 1.72677), (-2.90696, -1.71533, 0.51816), (2.07609, -1.74889, -2.68311), (0.23837, -1.73695, 3.07647), (-2.56828, -1.77079, -2.42935), (3.22147, -1.80489, 0.07006), (0.00620, -0.00063, 0.02424), (-0.02100, -0.00225, -0.01390), (0.02518, -0.00413, -0.00384), (-0.01647, -0.00545, 0.02022), (-0.00139, -0.00760, -0.02657), (0.01968, -0.00871, 0.01957), (-0.02843, -0.01114, -0.00133), (0.02336, -0.01384, -0.01924), (-0.00452, -0.01475, 0.03076), (-0.01872, -0.01772, -0.02796), (0.03350, -0.02095, 0.00838), (-0.03104, -0.02168, 0.01659), (0.01310, -0.02518, -0.03656), (0.01505, -0.02895, 0.03644), (-0.03979, -0.02948, -0.01889), (0.04261, -0.03353, -0.01284), (-0.02591, -0.03386, 0.04301), (-0.00971, -0.03817, -0.04953), (0.04599, -0.04275, 0.03433), (-0.05714, -0.04289, 0.00542), (0.04426, -0.04775, -0.04844), (-0.00029, -0.05286, 0.06530), (-0.04297, -0.05281, -0.04788), (0.07384, -0.05820, 0.00768), (-0.05875, -0.06385, 0.04304), (0.01696, -0.06361, -0.08254), (0.04186, -0.06954, 0.07091), (-0.09111, -0.06909, -0.02835), (0.08430, -0.07529, -0.03909), (-0.04204, -0.08176, 0.09922), (-0.03441, -0.08112, -0.09880), (0.08821, -0.08786, 0.04817), (-0.11423, -0.09486, 0.02747), (0.06348, -0.09403, -0.09300), (0.01796, -0.10131, 0.13033), (-0.09641, -0.10028, -0.08088), (0.14678, -0.10783, -0.00556), (-0.10035, -0.11564, 0.09803), (0.01000, -0.11442, -0.16322), (0.09743, -0.12251, 0.12180), (-0.17918, -0.13085, -0.02896), (0.14508, -0.12944, -0.09414), (-0.04179, -0.13806, 0.15752), (-0.08773, -0.14694, -0.16995), (0.16869, -0.14535, 0.06319), (-0.19610, -0.15450, 0.07775), (0.08773, -0.15270, -0.17821), (0.06378, -0.16214, 0.22314), (-0.18552, -0.17183, -0.11542), (0.25059, -0.16984, -0.04543), (-0.14617, -0.17981, 0.19006), (-0.02235, -0.19003, -0.27790), (0.19124, -0.18785, 0.17983), (-0.24434, -0.19836, -0.00459), (0.21614, -0.20912, -0.18845), (-0.03141, -0.20675, 0.26526), (-0.18110, -0.21779, -0.25476), (0.28452, -0.21522, 0.06271), (-0.29522, -0.22653, 0.16861), (0.09855, -0.23811, -0.30141), (0.15043, -0.23534, 0.33699), (-0.31523, -0.24720, -0.13891), (0.37941, -0.25931, -0.12606), (-0.18367, -0.25635, 0.32519), (-0.07585, -0.26874, -0.33646), (0.33052, -0.28139, 0.23259), (-0.37088, -0.27824, 0.04572), (0.28533, -0.29117, -0.33043), (0.00953, -0.28782, 0.40403), (-0.32413, -0.30102, -0.34141), (0.43508, -0.31448, 0.03291), (-0.40023, -0.31094, 0.31087), (0.08167, -0.32467, -0.46311), (0.28992, -0.33867, 0.46109), (-0.48718, -0.33494, -0.13673), (0.41591, -0.34921, -0.20722), (-0.19794, -0.34528, 0.50629), (-0.17762, -0.35983, -0.46739), (0.51943, -0.37463, 0.26500), (-0.51856, -0.37051, 0.14023), (0.33748, -0.38559, -0.52556), (0.09467, -0.40094, 0.56842), (-0.52367, -0.39662, -0.41479), (0.61592, -0.41224, -0.04069), (-0.49620, -0.42812, 0.51278), (0.02185, -0.42362, -0.65989), (0.39029, -0.43978, 0.46078), (-0.69912, -0.43507, -0.09295), (0.53201, -0.45150, -0.36686), (-0.17243, -0.46819, 0.73234), (-0.33390, -0.46329, -0.60455), (0.75826, -0.48026, 0.25999), (-0.67729, -0.49749, 0.29080), (0.35511, -0.49240, -0.77556), (0.23704, -0.50990, 0.74904), (-0.78294, -0.52766, -0.45711), (0.81844, -0.52239, -0.17223), (-0.44777, -0.54043, 0.61734), (-0.09616, -0.53495, -0.88408), (0.60732, -0.55326, 0.53978), (-0.94444, -0.57183, 0.00876), (0.63549, -0.56616, -0.58628), (-0.08985, -0.58501, 0.99792), (-0.55326, -0.60412, -0.73375), (1.04290, -0.59826, 0.19934), (-0.83323, -0.61765, 0.50743), (0.31918, -0.61158, -1.07773), (0.44806, -0.63125, 0.93246), (-0.87152, -0.65117, -0.35519), (1.02984, -0.64491, -0.37460), (-0.46671, -0.66511, 0.88334), (-0.28666, -0.68557, -1.12361), (0.88310, -0.67912, 0.58509), (-1.21193, -0.69986, 0.18407), (0.70919, -0.72085, -0.86950), (0.06685, -0.71422, 1.29284), (-0.84126, -0.73549, -0.83769), (1.36435, -0.72865, 0.06473), (-0.96905, -0.75019, 0.79727), (0.16632, -0.77200, -1.12730), (0.73655, -0.76497, 1.10152), (-1.16977, -0.78705, -0.29315), (1.23321, -0.80939, -0.65828), (-0.43071, -0.80217, 1.19997), (-0.56186, -0.82479, -1.36203), (1.21612, -0.84767, 0.57801)],
                74: [(1.10095, -1.07494, 1.23197), (-1.91225, -1.10134, -0.20276), (1.40563, -1.12800, -1.02536), (-0.41028, -1.11893, 1.97617), (-0.92719, -1.14587, -1.57827), (2.01979, -1.17306, 0.63316), (-1.74721, -1.16381, 0.80573), (0.86961, -1.19128, -2.04063), (0.66055, -1.21901, 1.90964), (-2.03633, -1.20957, -1.11751), (2.06258, -1.23758, -0.49155), (-1.08119, -1.22793, 1.57705), (-0.29896, -1.25622, -2.20297), (1.53714, -1.28476, 1.29484), (-2.32766, -1.27492, 0.08340), (1.51282, -1.30374, -1.47187), (-0.15413, -1.33282, 2.43348), (-1.37983, -1.32280, -1.73234), (2.51730, -1.35215, 0.41224), (-1.95039, -1.38176, 1.25990), (0.68912, -1.37155, -2.57604), (1.11129, -1.40144, 2.16371), (-2.05112, -1.39102, -0.77312), (2.36887, -1.42119, -0.93355), (-1.02025, -1.45161, 2.06169), (-0.72663, -1.44100, -2.56227), (2.04532, -1.47170, 1.27832), (-2.74020, -1.50267, 0.49090), (1.54461, -1.49187, -1.99983), (0.22715, -1.52311, 2.89889), (-1.92329, -1.55460, -1.81607), (3.03456, -1.54362, 0.06334), (-2.08933, -1.57539, 1.81406), (0.29818, -1.56419, -2.47419), (1.67086, -1.59624, 2.36073), (-2.54912, -1.62855, -0.56738), (2.62634, -1.61717, -1.49280), (-0.85515, -1.64976, 2.59720), (-1.27940, -1.68260, -2.88204), (2.61542, -1.67103, 1.15903), (-3.12354, -1.70415, 1.03066), (1.47616, -1.69237, -2.60096), (0.74709, -1.72577, 3.34639), (-2.55124, -1.75943, -1.80325), (2.79212, -1.74746, -0.33832), (-2.13660, -1.78139, 2.46401), (-0.06332, -1.81559, -2.94284), (0.02401, -0.00140, -0.00726), (-0.01304, -0.00311, 0.02169), (-0.00499, -0.00509, -0.02532), (0.02109, -0.00638, 0.01571), (-0.02720, -0.00863, 0.00260), (0.01888, -0.00971, -0.02070), (-0.00011, -0.01224, 0.02967), (-0.02039, -0.01503, -0.02268), (0.03104, -0.01592, 0.00320), (-0.02726, -0.01899, 0.02001), (0.00692, -0.02231, -0.03383), (0.01934, -0.02301, 0.03270), (-0.03691, -0.02661, -0.01145), (0.03907, -0.03048, -0.01815), (-0.01699, -0.03099, 0.04019), (-0.01620, -0.03513, -0.04638), (0.04347, -0.03543, 0.02369), (-0.05462, -0.03984, 0.01319), (0.03172, -0.04452, -0.04656), (0.00768, -0.04463, 0.05539), (-0.04919, -0.04958, -0.04119), (0.06333, -0.05479, -0.00246), (-0.05218, -0.05472, 0.05107), (0.00433, -0.06020, -0.07168), (0.05188, -0.05992, 0.06474), (-0.08024, -0.06569, -0.01290), (0.07884, -0.07171, -0.05126), (-0.02346, -0.07124, 0.08875), (-0.04885, -0.07754, -0.09442), (0.09691, -0.08409, 0.03620), (-0.09259, -0.08343, 0.03680), (0.05126, -0.09027, -0.10437), (0.03079, -0.09736, 0.10738), (-0.11071, -0.09651, -0.06874), (0.12292, -0.10388, -0.02239), (-0.08867, -0.10283, 0.11550), (-0.01130, -0.11047, -0.13892), (0.11827, -0.11838, 0.11102), (-0.15503, -0.11714, -0.00278), (0.13570, -0.12532, -0.11853), (-0.02008, -0.13376, 0.17085), (-0.09426, -0.13233, -0.13236), (0.18592, -0.14104, 0.04081), (-0.15595, -0.15002, 0.08925), (0.06510, -0.14840, -0.19970), (0.08095, -0.15765, 0.18092), (-0.21164, -0.15582, -0.09304), (0.20692, -0.16535, -0.06895), (-0.12463, -0.17514, 0.22110), (-0.05285, -0.17312, -0.23352), (0.18273, -0.18319, 0.12835), (-0.26021, -0.19351, 0.03231), (0.15974, -0.19131, -0.18531), (0.00701, -0.20191, 0.28643), (-0.18432, -0.19950, -0.19381), (0.31150, -0.21037, 0.02329), (-0.23027, -0.22151, 0.17917), (0.05873, -0.21891, -0.33473), (0.16930, -0.23032, 0.26874), (-0.35533, -0.24199, -0.09940), (0.30872, -0.23920, -0.15415), (-0.11590, -0.25115, 0.29721), (-0.13322, -0.26336, -0.34964), (0.30860, -0.26038, 0.15710), (-0.39080, -0.27286, 0.10605), (0.20245, -0.26968, -0.31588), (0.07224, -0.28244, 0.43144), (-0.31830, -0.29546, -0.25167), (0.47069, -0.29208, -0.03151), (-0.30436, -0.30538, 0.31508), (0.01637, -0.31893, -0.50761), (0.30547, -0.31537, 0.36001), (-0.43011, -0.32920, -0.05680), (0.41798, -0.34329, -0.28876), (-0.10676, -0.33954, 0.45519), (-0.26429, -0.35391, -0.47752), (0.47599, -0.34995, 0.16274), (-0.53774, -0.36459, 0.23144), (0.22454, -0.37950, -0.49153), (0.18970, -0.37535, 0.59766), (-0.50081, -0.39053, -0.29181), (0.65616, -0.40597, -0.13868), (-0.36406, -0.40163, 0.50285), (-0.06191, -0.41734, -0.56458), (0.49667, -0.43332, 0.44066), (-0.60854, -0.42879, 0.00618), (0.52083, -0.44504, -0.48134), (-0.05782, -0.44031, 0.64858), (-0.45597, -0.45683, -0.60362), (0.68350, -0.47362, 0.13003), (-0.68794, -0.46870, 0.41977), (0.21020, -0.48576, -0.71205), (0.37206, -0.50308, 0.77257), (-0.73296, -0.49797, -0.29797), (0.67785, -0.51557, -0.24723), (-0.39277, -0.51025, 0.74497), (-0.19089, -0.52813, -0.74549), (0.74681, -0.54626, 0.49385), (-0.81030, -0.54076, 0.12379), (0.60028, -0.55917, -0.73728), (0.04579, -0.57784, 0.87085), (-0.71523, -0.57214, -0.71095), (0.92564, -0.59109, 0.04311), (-0.82456, -0.61029, 0.67961), (0.14270, -0.60441, -0.97313), (0.49797, -0.62389, 0.74331), (-1.01170, -0.61780, -0.25260), (0.83821, -0.63756, -0.44837), (-0.37218, -0.65758, 1.03975), (-0.38552, -0.65129, -0.93226), (1.05570, -0.67159, 0.50063), (-1.02383, -0.69214, 0.30893), (0.63690, -0.68567, -1.05799), (0.21830, -0.70650, 1.11119), (-1.04514, -0.72759, -0.77970), (1.19252, -0.72093, -0.11353), (-0.73339, -0.74230, 0.80316), (0.00526, -0.73543, -1.26588), (0.76964, -0.75708, 0.85706), (-1.32932, -0.77898, -0.13771), (0.98285, -0.77192, -0.72059), (-0.28320, -0.79410, 1.38083), (-0.65511, -0.81654, -1.10899), (1.41843, -0.80929, 0.44089), (-1.23358, -0.83201, 0.57248), (0.60961, -0.82456, -1.44015), (0.47221, -0.84755, 1.35456), (-1.14158, -0.87080, -0.62291), (1.46971, -0.86316, -0.35401), (-0.77399, -0.88668, 1.13482), (-0.21785, -0.91047, -1.57673), (1.11083, -0.90264, 0.93116), (-1.67323, -0.92670, 0.06400), (1.09263, -0.95102, -1.06820), (-0.10701, -0.94301, 1.75677), (-1.00571, -0.96760, -1.25641), (1.82488, -0.95938, 0.29433), (-1.42027, -0.98425, 0.92233), (0.39269, -1.00939, -1.48226), (0.81726, -1.00097, 1.58181), (-1.51345, -1.02638, -0.56630), (1.73844, -1.05205, -0.68996), (-0.75089, -1.04345, 1.52664), (-0.54018, -1.06939, -1.88741), (1.51985, -1.09560, 0.94481)],
                76: [(1.22417, -1.35115, 1.72641), (-2.40215, -1.38087, -0.53247), (1.93082, -1.41086, -1.09969), (-0.80310, -1.40041, 2.44631), (-0.94760, -1.43068, -2.12960), (2.46249, -1.46120, 1.08869), (-2.31937, -1.45056, 0.76756), (1.38657, -1.48136, -2.44806), (0.55966, -1.51242, 2.49662), (-2.40065, -1.50160, -1.69367), (2.65775, -1.53293, -0.32439), (-1.57757, -1.52190, 1.82252), (-0.06267, -1.55351, -2.79910), (1.73772, -1.58538, 1.83474), (-2.91700, -1.57416, -0.22413), (2.09247, -1.60631, -1.62123), (-0.53415, -1.63871, 3.00786), (-1.47191, -1.62730, -2.34716), (3.06819, -1.65999, 0.86510), (-2.59496, -1.69293, 1.28904), (1.21418, -1.68133, -3.09467), (1.07228, -1.71455, 2.83180), (-2.42564, -1.70274, -1.24119), (3.05350, -1.73624, -0.82180), (-1.54432, -1.76999, 2.39863), (-0.53823, -1.75800, -3.25576), (2.33719, -1.79203, 1.85583), (-0.00972, -0.00075, 0.02305), (-0.00832, -0.00219, -0.02376), (0.02246, -0.00401, 0.01222), (-0.02528, -0.00608, 0.00613), (0.01513, -0.00734, -0.02226), (0.00381, -0.00969, 0.02732), (-0.02165, -0.01074, -0.01810), (0.02991, -0.01337, -0.00119), (-0.02189, -0.01626, 0.02146), (0.00197, -0.01712, -0.03305), (0.02120, -0.02028, 0.02641), (-0.03668, -0.02371, -0.00586), (0.03174, -0.02438, -0.02067), (-0.01073, -0.02808, 0.04072), (-0.01968, -0.02854, -0.03795), (0.04502, -0.03252, 0.01677), (-0.04508, -0.03676, 0.01796), (0.02137, -0.03703, -0.04361), (0.01528, -0.04155, 0.05310), (-0.04676, -0.04632, -0.02898), (0.06196, -0.04640, -0.01134), (-0.03795, -0.05145, 0.04952), (-0.00588, -0.05676, -0.07152), (0.05163, -0.05666, 0.04838), (-0.08161, -0.06224, -0.00139), (0.06033, -0.06193, -0.05278), (-0.01073, -0.06779, 0.09201), (-0.05264, -0.07391, -0.07378), (0.08574, -0.07341, 0.01874), (-0.08869, -0.07981, 0.05086), (0.03051, -0.08646, -0.09388), (0.04707, -0.08578, 0.10494), (-0.10144, -0.09271, -0.04449), (0.12236, -0.09990, -0.04089), (-0.06078, -0.09902, 0.10805), (-0.03197, -0.10649, -0.14068), (0.11332, -0.10541, 0.07945), (-0.15960, -0.11315, 0.01996), (0.10049, -0.12115, -0.11678), (0.00370, -0.11988, 0.14595), (-0.11798, -0.12816, -0.12383), (0.16149, -0.13670, 0.01193), (-0.14934, -0.13524, 0.11641), (0.03080, -0.14406, -0.17647), (0.11159, -0.14239, 0.17678), (-0.19043, -0.15148, -0.05309), (0.20587, -0.16083, -0.10302), (-0.07889, -0.15897, 0.20282), (-0.09023, -0.16860, -0.23619), (0.21306, -0.17849, 0.10823), (-0.21555, -0.17644, 0.05869), (0.14107, -0.18661, -0.22054), (0.04064, -0.19703, 0.24141), (-0.22461, -0.19479, -0.17728), (0.26707, -0.20549, -0.01811), (-0.21661, -0.20305, 0.22463), (0.00916, -0.21403, -0.29192), (0.21993, -0.22526, 0.25874), (-0.31529, -0.22263, -0.04136), (0.30322, -0.23414, -0.20987), (-0.07860, -0.24591, 0.33646), (-0.15527, -0.24309, -0.27996), (0.35465, -0.25514, 0.12091), (-0.31909, -0.26744, 0.13766), (0.16820, -0.26444, -0.36904), (0.11423, -0.27702, 0.35880), (-0.37879, -0.27380, -0.22026), (0.39836, -0.28666, -0.08456), (-0.27679, -0.29978, 0.38302), (-0.04830, -0.29638, -0.43700), (0.30264, -0.30977, 0.26804), (-0.47383, -0.32342, 0.00522), (0.32021, -0.31983, -0.29645), (-0.04484, -0.33376, 0.50790), (-0.28375, -0.32996, -0.37496), (0.53820, -0.34417, 0.10190), (-0.43160, -0.35863, 0.26388), (0.16586, -0.35465, -0.56366), (0.23620, -0.36939, 0.48937), (-0.58318, -0.38439, -0.23649), (0.54734, -0.38021, -0.20017), (-0.24835, -0.39549, 0.47204), (-0.15535, -0.41102, -0.60451), (0.47760, -0.40666, 0.31523), (-0.65976, -0.42247, 0.10138), (0.38666, -0.41790, -0.47575), (0.03805, -0.43399, 0.71187), (-0.46554, -0.45034, -0.46196), (0.75957, -0.44558, 0.03471), (-0.54029, -0.46220, 0.44610), (0.11682, -0.47909, -0.80151), (0.41661, -0.47414, 0.62070), (-0.66163, -0.49130, -0.16458), (0.70205, -0.50872, -0.37633), (-0.24473, -0.50358, 0.68557), (-0.32464, -0.52127, -0.78310), (0.70163, -0.51593, 0.33198), (-0.86247, -0.53390, 0.26106), (0.42570, -0.55213, -0.70856), (0.18525, -0.54660, 0.93865), (-0.70518, -0.56511, -0.52512), (1.01006, -0.58387, -0.09705), (-0.62924, -0.57815, 0.69032), (0.00279, -0.59719, -0.84968), (0.66292, -0.61650, 0.73692), (-0.89887, -0.61058, -0.09232), (0.84682, -0.63016, -0.62200), (-0.19202, -0.62404, 0.94039), (-0.56671, -0.64390, -0.95744), (0.97269, -0.66402, 0.30141), (-1.06711, -0.65771, 0.49636), (0.41983, -0.67810, -0.99421), (0.41042, -0.69875, 1.17402), (-1.00342, -0.69225, -0.54638), (1.00816, -0.71318, -0.24376), (-0.67996, -0.70648, 0.99883), (-0.15142, -0.72768, -1.08891), (0.97906, -0.74914, 0.81925), (-1.16312, -0.74225, 0.04550), (0.96269, -0.76399, -0.94281), (-0.07378, -0.78599, 1.22892), (-0.88893, -0.77891, -1.10854), (1.28440, -0.80118, 0.20601), (-1.25483, -0.82372, 0.81644), (0.35048, -0.81645, -1.32760), (0.57222, -0.83926, 1.10517), (-1.35660, -0.83178, -0.50626), (1.22225, -0.85487, -0.48632), (-0.67214, -0.87821, 1.36954), (-0.38335, -0.87055, -1.33505), (1.36460, -0.89417, 0.84665), (-1.44140, -0.91805, 0.26311), (1.02806, -0.91020, -1.34012), (0.12568, -0.93436, 1.53904), (-1.29455, -0.95877, -1.21436), (1.62562, -0.95073, 0.02859), (-1.10816, -0.97542, 0.96856), (0.19907, -0.96717, -1.69878), (0.90074, -0.99214, 1.26381), (-1.75612, -1.01737, -0.38482), (1.41869, -1.00893, -0.81255), (-0.58459, -1.03444, 1.79531), (-0.70333, -1.06021, -1.57042), (1.81406, -1.05158, 0.79679), (-1.71643, -1.07762, 0.57263), (1.01954, -1.06878, -1.81023), (0.42031, -1.09510, 1.85403), (-1.40712, -1.12168, -0.98766), (1.98042, -1.11265, -0.24657), (-1.18066, -1.13951, 1.37065), (-0.05190, -1.16662, -2.09274), (1.31118, -1.15741, 1.37771), (-2.18809, -1.18480, -0.16281), (1.57630, -1.21245, -1.22740), (-0.39635, -1.20304, 2.26358), (-1.11825, -1.23097, -1.77368), (2.31639, -1.22136, 0.64709), (-1.96689, -1.24956, 0.98297), (0.72118, -1.27802, -1.85126), (0.82112, -1.26822, 2.15280), (-1.86009, -1.29696, -0.94614), (2.32811, -1.32596, -0.63260), (-1.18117, -1.31597, 1.84435), (-0.41772, -1.34525, -2.48943), (1.80202, -1.37478, 1.42380)],
                78: [(1.27501, -1.65861, 2.31024), (-2.89886, -1.69166, -0.99499), (2.53999, -1.72498, -1.08958), (-1.33297, -1.71314, 2.90873), (-0.87179, -1.74674, -2.75798), (2.88213, -1.78059, 1.68395), (-2.96010, -1.76857, 0.62192), (2.04422, -1.80269, -2.81645), (0.02351, -0.00160, 0.00874), (-0.02356, -0.00302, 0.00941), (0.01132, -0.00493, -0.02314), (0.00727, -0.00614, 0.02518), (-0.02312, -0.00833, -0.01430), (0.02735, -0.01078, -0.00503), (-0.01785, -0.01181, 0.02334), (-0.00249, -0.01453, -0.03002), (0.02367, -0.01752, 0.02214), (-0.03320, -0.01835, -0.00054), (0.02731, -0.02161, -0.02394), (-0.00427, -0.02513, 0.03686), (-0.02393, -0.02578, -0.03348), (0.04091, -0.02957, 0.00891), (-0.03661, -0.03001, 0.02104), (0.01466, -0.03409, -0.04523), (0.01956, -0.03842, 0.04351), (-0.04963, -0.03867, -0.02172), (0.05127, -0.04328, -0.01718), (-0.03025, -0.04815, 0.05389), (-0.01365, -0.04821, -0.05984), (0.05775, -0.05335, 0.04041), (-0.06913, -0.05876, 0.00871), (0.05230, -0.05863, -0.06089), (0.00207, -0.06431, 0.07899), (-0.05315, -0.06397, -0.05569), (0.08919, -0.06993, 0.00651), (-0.06843, -0.07615, 0.05344), (0.01728, -0.07562, -0.09949), (0.05224, -0.08211, 0.08260), (-0.10955, -0.08887, -0.03044), (0.09811, -0.08815, -0.04920), (-0.04617, -0.09518, 0.11901), (-0.04398, -0.09426, -0.11481), (0.12743, -0.10157, 0.06459), (-0.13249, -0.10913, 0.03620), (0.07029, -0.10802, -0.11010), (0.02553, -0.11586, 0.15086), (-0.11416, -0.12396, -0.08994), (0.16956, -0.12266, -0.01165), (-0.11184, -0.13104, 0.11619), (0.00574, -0.13967, -0.18818), (0.11573, -0.13819, 0.13591), (-0.20623, -0.14710, -0.02687), (0.16195, -0.14540, -0.11230), (-0.05193, -0.15459, 0.22317), (-0.10543, -0.16404, -0.18971), (0.19250, -0.16216, 0.06544), (-0.21883, -0.17188, 0.09463), (0.09246, -0.18186, -0.20334), (0.07948, -0.17979, 0.24890), (-0.21177, -0.19005, -0.12290), (0.27939, -0.20057, -0.05956), (-0.15666, -0.19831, 0.21718), (-0.03451, -0.20911, -0.30971), (0.21893, -0.20664, 0.19356), (-0.33917, -0.21771, 0.00403), (0.23333, -0.22904, -0.21639), (-0.02570, -0.22638, 0.29410), (-0.20893, -0.23799, -0.27559), (0.31557, -0.24986, 0.05946), (-0.31985, -0.24701, 0.19593), (0.09812, -0.25916, -0.33452), (0.17682, -0.25610, 0.36552), (-0.35017, -0.26852, -0.14165), (0.41192, -0.28120, -0.15105), (-0.18991, -0.27796, 0.36172), (-0.11819, -0.29092, -0.45823), (0.36834, -0.30413, 0.24265), (-0.40171, -0.30070, 0.06209), (0.29952, -0.31419, -0.36919), (0.02380, -0.32794, 0.43807), (-0.36343, -0.32432, -0.36000), (0.47225, -0.33835, 0.02117), (-0.42347, -0.33452, 0.35027), (0.07291, -0.34883, -0.50328), (0.32895, -0.36339, 0.48918), (-0.53016, -0.35938, -0.13139), (0.55622, -0.37421, -0.29878), (-0.19645, -0.38931, 0.55184), (-0.20618, -0.38511, -0.49613), (0.56726, -0.40048, 0.26779), (-0.55147, -0.41612, 0.16745), (0.34497, -0.41172, -0.57531), (0.12006, -0.42763, 0.60555), (-0.57494, -0.42303, -0.42736), (0.65724, -0.43922, -0.06373), (-0.51420, -0.45567, 0.56510), (0.00170, -0.45088, -0.70534), (0.43073, -0.46760, 0.47797), (-0.74856, -0.48458, -0.07622), (0.55393, -0.47960, -0.40761), (-0.15969, -0.49686, 0.78558), (-0.37448, -0.49168, -0.63142), (0.81504, -0.50921, 0.25178), (-0.70932, -0.52701, 0.33069), (0.35197, -0.52163, -0.83554), (0.27567, -0.53970, 0.78635), (-0.84573, -0.55803, -0.45956), (0.86112, -0.55247, -0.20901), (-0.45303, -0.57108, 0.66673), (-0.13045, -0.58994, -0.93215), (0.65853, -0.58419, 0.55006), (-0.99784, -0.60333, 0.03991), (0.65119, -0.59737, -0.63885), (-0.06251, -0.61679, 1.05654), (-0.60668, -0.63647, -0.75521), (1.10655, -0.63032, 0.17649), (-0.86078, -0.65027, 0.56113), (0.30150, -0.67049, -1.14613), (0.50142, -0.66415, 0.96637), (-0.92618, -0.68464, -0.34471), (1.07032, -0.70539, -0.42695), (-0.46105, -0.69886, 0.94151), (-0.33729, -0.71989, -1.17080), (0.94443, -0.71316, 0.58482), (-1.26590, -0.73446, 0.23222), (0.71485, -0.75602, -0.93353), (0.11173, -0.74910, 1.35359), (-0.90749, -0.77094, -0.84979), (1.43178, -0.79303, 0.02393), (-0.98806, -0.78592, 0.86511), (0.13748, -0.80829, -1.18211), (0.80534, -0.83093, 1.12787), (-1.22984, -0.82363, -0.26838), (1.26727, -0.84654, -0.72730), (-0.41071, -0.83903, 1.26508), (-0.63031, -0.86222, -1.40410), (1.28596, -0.88566, 0.56350), (-1.53608, -0.87797, 0.51395), (0.72546, -0.90169, -1.29071), (0.37803, -0.92567, 1.66077), (-1.27760, -0.91778, -0.89508), (1.40075, -0.94204, -0.17564), (-1.07058, -0.93395, 1.24505), (-0.03823, -0.95848, -1.48905), (1.19166, -0.98327, 1.24994), (-1.56590, -0.97500, -0.11514), (1.43089, -1.00006, -1.11618), (-0.28377, -1.02539, 1.62898), (-1.01763, -1.01692, -1.61096), (1.67601, -1.04253, 0.46662), (-1.78745, -1.06839, 0.89524), (0.66239, -1.05973, -1.70472), (0.59056, -1.08587, 1.54427), (-1.71296, -1.07701, -0.86942), (1.67946, -1.10343, -0.45792), (-1.08579, -1.13010, 1.69868), (-0.30460, -1.12105, -1.80562), (1.66000, -1.14800, 1.30924), (-1.92002, -1.17521, 0.13086), (1.53723, -1.16597, -1.59524), (-0.06267, -1.19346, 2.01986), (-1.50298, -1.22120, -1.76694), (2.10236, -1.21177, 0.27504), (-1.57432, -1.23980, 1.09046), (0.50492, -1.23016, -2.16472), (0.97673, -1.25846, 1.75973), (-2.20425, -1.28702, -0.75063), (1.94009, -1.27719, -0.83779), (-1.01011, -1.30603, 2.21834), (-0.67331, -1.33512, -2.11232), (2.20456, -1.32511, 1.28093), (-2.27320, -1.35448, 0.48334), (1.56032, -1.34426, -2.16070), (0.26828, -1.37390, 2.41942), (-1.64529, -1.40381, -1.45618), (2.54760, -1.39340, -0.02896), (-1.69108, -1.42358, 1.56667), (0.23340, -1.45402, -2.65439), (1.45898, -1.44342, 1.92654), (-2.73644, -1.47414, -0.51712), (2.15925, -1.50512, -1.32115), (-0.82011, -1.49433, 2.79054), (-1.15248, -1.52559, -2.38567), (2.81361, -1.51459, 1.13984), (-2.60206, -1.54612, 0.95264), (1.16309, -1.57791, -2.21255), (0.72176, -1.56673, 2.80456), (-2.18617, -1.59879, -1.44185), (2.98919, -1.63112, -0.46039), (-1.72833, -1.61975, 2.12805), (-0.16958, -1.65235, -3.15193), (2.03624, -1.68521, 2.01915)],
                80: [(0.03682, -0.02357, 0.00266), (-0.03228, -0.02721, 0.02526), (0.00706, -0.03110, -0.04084), (0.02492, -0.03151, 0.03932), (-0.04513, -0.03568, -0.01250), (0.04742, -0.04011, -0.02383), (-0.01917, -0.04034, 0.04953), (-0.02173, -0.04504, -0.05658), (0.05385, -0.05001, 0.02724), (-0.06673, -0.05004, 0.01829), (0.03685, -0.05528, -0.05783), (0.01128, -0.05511, 0.06631), (-0.06118, -0.06063, -0.04811), (0.07585, -0.06641, -0.00528), (-0.06110, -0.06604, 0.06359), (0.00254, -0.07210, -0.08580), (0.06469, -0.07841, 0.07583), (-0.09591, -0.07786, -0.01241), (0.09226, -0.08445, -0.06410), (-0.02454, -0.09130, 0.10589), (-0.06142, -0.09056, -0.11029), (0.11541, -0.09768, 0.03912), (-0.10677, -0.09674, 0.04629), (0.05628, -0.10414, -0.12406), (0.03962, -0.11180, 0.12369), (-0.13142, -0.11066, -0.07611), (0.14138, -0.11860, -0.03027), (-0.09864, -0.12680, 0.13700), (-0.01792, -0.12547, -0.15954), (0.14029, -0.13395, 0.12381), (-0.17777, -0.14268, 0.00227), (0.15152, -0.14116, -0.14076), (-0.01693, -0.15017, 0.19564), (-0.11154, -0.14845, -0.14685), (0.21264, -0.15774, 0.03988), (-0.17313, -0.16728, 0.10626), (0.06672, -0.16537, -0.22821), (0.09739, -0.17519, 0.20088), (-0.24172, -0.18527, -0.09753), (0.22973, -0.18317, -0.08447), (-0.13229, -0.19353, 0.25252), (-0.06710, -0.19123, -0.25922), (0.25992, -0.20186, 0.17090), (-0.28880, -0.21275, 0.04489), (0.17088, -0.21026, -0.21100), (0.01755, -0.22143, 0.31785), (-0.21045, -0.23285, -0.20810), (0.34568, -0.23017, 0.01519), (-0.24791, -0.24187, 0.20542), (0.05349, -0.25384, -0.37151), (0.19531, -0.25097, 0.28989), (-0.39453, -0.26321, -0.09741), (0.33353, -0.26013, -0.17953), (-0.14692, -0.27264, 0.41386), (-0.15755, -0.28542, -0.37819), (0.34184, -0.28215, 0.16101), (-0.42315, -0.29520, 0.12889), (0.20978, -0.30852, -0.35054), (0.09313, -0.30506, 0.46760), (-0.35408, -0.31865, -0.26271), (0.51061, -0.33249, -0.04996), (-0.31940, -0.32885, 0.35163), (0.00085, -0.34297, -0.55119), (0.34241, -0.33912, 0.37930), (-0.58826, -0.35352, -0.05938), (0.44175, -0.36818, -0.32566), (-0.09989, -0.36414, 0.49360), (-0.30067, -0.37907, -0.50595), (0.51700, -0.39427, 0.15921), (-0.57097, -0.39004, 0.26680), (0.22477, -0.40551, -0.53490), (0.22350, -0.40107, 0.63578), (-0.54625, -0.41682, -0.29621), (0.69920, -0.43283, -0.17035), (-0.37302, -0.42820, 0.55002), (-0.10703, -0.44448, -0.75999), (0.54515, -0.46103, 0.45455), (-0.64835, -0.45621, 0.02650), (0.53998, -0.47303, -0.53067), (-0.04035, -0.49011, 0.69226), (-0.50565, -0.48510, -0.62832), (0.73092, -0.50246, 0.11593), (-0.71846, -0.49725, 0.46924), (0.20001, -0.51488, -0.76301), (0.42071, -0.53277, 0.80910), (-0.78719, -0.52737, -0.29220), (0.89883, -0.54554, -0.35946), (-0.39194, -0.56396, 0.80214), (-0.22599, -0.55837, -0.78189), (0.80654, -0.57708, 0.49846), (-0.85177, -0.59604, 0.15702), (0.61080, -0.59026, -0.79909), (0.07653, -0.60950, 0.91741), (-0.77860, -0.60351, -0.72782), (0.97723, -0.62303, 0.01548), (-0.84818, -0.64280, 0.74394), (0.11884, -0.63663, -1.02962), (0.54732, -0.65668, 0.76511), (-1.07289, -0.67699, -0.23314), (0.86580, -0.67063, -0.49789), (-0.35780, -0.69121, 1.10537), (-0.43461, -0.68464, -0.96589), (1.12539, -0.70551, 0.49196), (-1.06369, -0.72663, 0.35693), (0.63457, -0.71987, -1.13131), (0.26451, -0.74127, 1.15742), (-1.12158, -0.76293, -0.78432), (1.24517, -0.75598, -0.15723), (-0.74062, -0.77791, 0.86284), (-0.03517, -0.80011, -1.32494), (0.83131, -0.79297, 0.87045), (-1.39468, -0.81544, -0.10133), (1.00283, -0.80810, -0.78367), (-0.25169, -0.83084, 1.45231), (-0.71897, -0.85385, -1.13597), (1.49575, -0.84632, 0.41503), (-1.26791, -0.86960, 0.63642), (0.59022, -0.89314, -1.52293), (0.53545, -0.88542, 1.39652), (-1.20720, -0.90923, -0.61140), (1.51952, -0.93331, -0.41574), (-0.76841, -0.92540, 1.20447), (-0.27720, -0.94975, -1.63451), (1.18403, -0.94164, 0.93217), (-1.73902, -0.96627, 0.12005), (1.10086, -0.99116, -1.14440), (-0.05520, -0.98285, 1.83051), (-1.08426, -1.00802, -1.27244), (1.90642, -1.03344, 0.24771), (-1.44463, -1.02495, 1.00250), (0.35963, -1.05065, -1.54790), (0.89823, -1.07661, 1.61498), (-1.58522, -1.06792, -0.53829), (1.78080, -1.09416, -0.77084), (-0.72879, -1.08527, 1.60422), (-0.62002, -1.11178, -1.93928), (1.60283, -1.13855, 0.92944), (-2.08748, -1.12948, 0.44575), (1.13826, -1.15652, -1.57914), (0.24839, -1.18383, 2.22235), (-1.53138, -1.17456, -1.35298), (1.84492, -1.20215, -0.02258), (-1.57104, -1.19267, 1.45802), (0.16824, -1.22053, -1.93271), (1.35775, -1.24865, 1.78963), (-2.00293, -1.23899, -0.37669), (2.00569, -1.26739, -1.22960), (-0.60138, -1.29604, 2.05290), (-1.07288, -1.28619, -2.21595), (2.08005, -1.31512, 0.84055), (-2.41699, -1.34431, 0.88728), (1.09210, -1.33427, -2.08191), (0.53045, -1.36374, 2.05376), (-2.05619, -1.35349, -1.35355), (2.20033, -1.38323, -0.34086), (-1.62210, -1.41324, 2.00082), (-0.12749, -1.40280, -2.33175), (1.91400, -1.43308, 1.89462), (-2.44476, -1.46362, -0.10874), (2.16768, -1.45299, -1.79423), (-0.36649, -1.48381, 2.53610), (-1.64039, -1.51488, -2.43757), (2.60259, -1.50407, 0.64403), (-2.12936, -1.53542, 1.14476), (0.93919, -1.52440, -2.64115), (0.97323, -1.55602, 2.33959), (-2.64886, -1.58791, -1.24937), (2.53898, -1.57670, -0.77190), (-1.57157, -1.60886, 2.62301), (-0.54100, -1.64129, -2.72376), (2.56118, -1.62989, 1.90238), (-2.89006, -1.66259, 0.28123), (2.23802, -1.65098, -2.46126), (-0.00627, -1.68395, 3.03400), (-1.83126, -1.71719, -2.03071), (3.15171, -1.70539, 0.31984), (-2.30480, -1.73890, 1.69722), (0.65735, -1.77267, -3.23942), (1.52800, -1.76069, 2.57436), (-3.29347, -1.79474, -1.01616), (0.00068, -0.00079, -0.02501), (0.01641, -0.00225, 0.01914), (-0.02533, -0.00408, -0.00322), (0.02147, -0.00533, -0.01499), (-0.00598, -0.00744, 0.02609), (-0.01337, -0.00981, -0.02387), (0.02727, -0.01087, 0.00917), (-0.02703, -0.01351, 0.01179), (0.01298, -0.01642, -0.02881), (0.00995, -0.01729, 0.03082), (-0.03058, -0.02047, -0.01761), (0.03527, -0.02391, -0.00764)],
                82: [(0.10147, -0.08603, 0.01894), (-0.10282, -0.09299, 0.06324), (0.03233, -0.10022, -0.11095), (0.05902, -0.09924, 0.12148), (-0.11973, -0.10674, -0.04819), (0.14137, -0.11450, -0.05212), (-0.06661, -0.11334, 0.12741), (-0.04214, -0.12137, -0.16221), (0.13353, -0.12967, 0.08764), (-0.18365, -0.12831, 0.02871), (0.11126, -0.13688, -0.13763), (0.00933, -0.13533, 0.16638), (-0.13919, -0.14417, -0.13739), (0.18391, -0.15328, 0.00792), (-0.16587, -0.15153, 0.13768), (0.02873, -0.16091, -0.20081), (0.13259, -0.17055, 0.19644), (-0.21654, -0.16862, -0.05326), (0.22876, -0.17854, -0.12340), (-0.08162, -0.18871, 0.23055), (-0.10959, -0.18659, -0.26240), (0.24220, -0.19704, 0.11383), (-0.23815, -0.19471, 0.07277), (0.14982, -0.20544, -0.25085), (0.05337, -0.21643, 0.26675), (-0.25580, -0.21391, -0.18945), (0.29514, -0.22517, -0.02914), (-0.23245, -0.23670, 0.25636), (0.00021, -0.23399, -0.32266), (0.25183, -0.24579, 0.27848), (-0.34860, -0.25785, -0.03488), (0.32704, -0.25495, -0.24154), (-0.07498, -0.26729, 0.37219), (-0.17932, -0.26418, -0.30115), (0.39260, -0.27680, 0.12053), (-0.34377, -0.28967, 0.16100), (0.17144, -0.28637, -0.40897), (0.13644, -0.29952, 0.38704), (-0.42039, -0.31293, -0.22749), (0.43022, -0.30945, -0.10521), (-0.28835, -0.32313, 0.42596), (-0.06696, -0.31944, -0.47246), (0.42476, -0.33340, 0.35354), (-0.51283, -0.34762, 0.02141), (0.33581, -0.34374, -0.33060), (-0.03160, -0.35824, 0.55034), (-0.31816, -0.37300, -0.39464), (0.58392, -0.36893, 0.09209), (-0.45557, -0.38396, 0.29811), (0.15996, -0.39925, -0.61243), (0.26981, -0.39500, 0.51779), (-0.63473, -0.41056, -0.23498), (0.58034, -0.40610, -0.23268), (-0.31672, -0.42195, 0.64963), (-0.18621, -0.43805, -0.64216), (0.52037, -0.43340, 0.32098), (-0.70208, -0.44978, 0.13006), (0.39680, -0.46642, -0.52005), (0.06397, -0.46157, 0.75883), (-0.51099, -0.47849, -0.47683), (0.81106, -0.49567, 0.01214), (-0.56022, -0.49063, 0.49224), (0.09820, -0.50809, -0.85736), (0.46293, -0.50285, 0.64595), (-0.89626, -0.52058, -0.19394), (0.73287, -0.53856, -0.42230), (-0.23684, -0.53314, 0.73387), (-0.36967, -0.55140, -0.81967), (0.75295, -0.56992, 0.32837), (-0.90491, -0.56431, 0.30453), (0.42688, -0.58311, -0.76259), (0.22648, -0.57729, 0.98704), (-0.76152, -0.59636, -0.53154), (1.06438, -0.61570, -0.13535), (-0.64136, -0.60969, 0.74853), (-0.03113, -0.62930, -1.13519), (0.72247, -0.64917, 0.75516), (-0.94819, -0.64297, -0.06806), (0.87155, -0.66312, -0.68231), (-0.17142, -0.68352, 0.99430), (-0.62714, -0.67713, -0.98897), (1.03099, -0.69782, 0.28511), (-1.10572, -0.69122, 0.55621), (0.40844, -0.71218, -1.05663), (0.46896, -0.73340, 1.21991), (-1.06960, -0.72661, -0.54054), (1.32953, -0.74811, -0.36500), (-0.68027, -0.76986, 1.06835), (-0.19327, -0.76289, -1.13364), (1.05140, -0.78492, 0.82627), (-1.21392, -0.80721, 0.08486), (0.97697, -0.80005, -1.01739), (-0.03765, -0.82261, 1.28576), (-0.96507, -0.81524, -1.13057), (1.34716, -0.83809, 0.17385), (-1.28504, -0.86119, 0.89341), (0.32308, -0.85363, -1.39611), (0.63102, -0.87701, 1.13222), (-1.43057, -0.90065, -0.48438), (1.25627, -0.89290, -0.54509), (-0.65656, -0.91681, 1.44859), (-0.44135, -0.90886, -1.37631), (1.44827, -0.93305, 0.83813), (-1.49010, -0.95750, 0.31955), (1.02731, -0.94936, -1.42784), (0.17971, -0.97408, 1.59529), (-1.38565, -0.99907, -1.22208), (1.68945, -0.99074, -0.02215), (-1.11797, -1.01600, 1.03936), (0.15253, -1.04152, -1.77011), (0.97366, -1.03300, 1.28104), (-1.83479, -1.05880, -0.34341), (1.44386, -1.05007, -0.88690), (-0.54925, -1.07614, 1.88104), (-0.77831, -1.10248, -1.60397), (1.90648, -1.09356, 0.76848), (-1.75874, -1.12017, 0.64737), (0.99918, -1.14704, -1.90882), (0.49390, -1.13793, 1.90539), (-1.48482, -1.16508, -0.97558), (2.04103, -1.19248, -0.31800), (-1.17580, -1.18319, 1.45290), (-0.12014, -1.21087, -2.16269), (1.39738, -1.20137, 1.38082), (-2.26738, -1.22933, -0.09887), (1.58810, -1.25754, -1.31684), (-0.33781, -1.24785, 2.35208), (-1.21012, -1.27635, -1.79482), (2.41384, -1.30510, 0.59509), (-1.99797, -1.29522, 1.07637), (0.68410, -1.32425, -1.92913), (0.91505, -1.35354, 2.19432), (-1.94499, -1.34347, -0.91531), (2.38048, -1.37303, -0.72598), (-1.15757, -1.36276, 1.93586), (-0.50939, -1.39260, -2.55296), (1.89959, -1.42270, 1.40840), (-2.70816, -1.41223, 0.26591), (1.66498, -1.44261, -1.83427), (-0.00339, -1.47325, 2.84249), (-1.73824, -1.46259, -1.92418), (2.32549, -1.49351, 0.23394), (-2.18259, -1.48265, 1.61016), (0.48529, -1.51384, -2.40228), (1.44908, -1.54528, 2.43655), (-2.45429, -1.53424, -0.75490), (2.68216, -1.56596, -1.25441), (-1.04054, -1.59794, 2.47857), (-1.02601, -1.58671, -2.91535), (2.47238, -1.61897, 1.33957), (-3.13194, -1.65149, 0.76420), (1.64898, -1.64006, -2.43318), (0.37018, -1.67285, 2.62196), (-2.35871, -1.66122, -1.96534), (2.77051, -1.69429, -0.11418), (-2.28489, -1.72763, 2.24707), (0.16783, -1.71580, -2.89644), (2.09671, -1.74941, 2.60353), (-2.99605, -1.78328, -0.47412), (2.91687, -1.77127, -1.90653), (-0.80248, -1.80541, 3.06571), (-0.02509, -0.00165, 0.00040), (0.01851, -0.00308, -0.01731), (-0.00213, -0.00501, 0.02561), (-0.01605, -0.00623, -0.02099), (0.02654, -0.00844, 0.00489), (-0.02405, -0.01091, 0.01487), (0.00805, -0.01194, -0.02786), (0.01360, -0.01468, 0.02781), (-0.02950, -0.01768, -0.01179), (0.03235, -0.01853, -0.01201), (-0.01630, -0.02180, 0.03136), (-0.00989, -0.02244, -0.03769), (0.03331, -0.02599, 0.02175), (-0.03977, -0.02981, 0.00632), (0.02828, -0.03026, -0.03515), (0.00265, -0.03435, 0.04537), (-0.03667, -0.03870, -0.03602), (0.05147, -0.03895, 0.00209), (-0.04507, -0.04358, 0.03759), (0.00815, -0.04846, -0.05794), (0.03763, -0.04854, 0.05545), (-0.06460, -0.05370, -0.01573), (0.06718, -0.05356, -0.03645), (-0.02502, -0.05900, 0.07123), (-0.02862, -0.06469, -0.06806), (0.07755, -0.06437, 0.03622), (-0.07968, -0.07034, 0.02456), (0.04943, -0.07657, -0.08322), (0.01866, -0.07606, 0.09212), (-0.08789, -0.08257, -0.06477), (0.10517, -0.08934, -0.01064)],
                84: [(0.21773, -0.17974, 0.06664), (-0.24202, -0.19003, 0.11360), (0.09619, -0.20058, -0.23003), (0.09731, -0.19822, 0.27528), (-0.23972, -0.20905, -0.12945), (0.30899, -0.22014, -0.07585), (-0.16630, -0.21759, 0.24613), (-0.04885, -0.22895, -0.34250), (0.24860, -0.24057, 0.20655), (-0.37510, -0.23784, 0.01598), (0.24990, -0.24973, -0.24646), (-0.01831, -0.24679, 0.32384), (-0.23902, -0.25897, -0.29594), (0.34770, -0.27140, 0.05452), (-0.34416, -0.26827, 0.22564), (0.09601, -0.28098, -0.36889), (0.20570, -0.29395, 0.39392), (-0.38658, -0.29063, -0.14273), (0.44448, -0.30387, -0.17866), (-0.19454, -0.31738, 0.39992), (-0.14401, -0.31387, -0.49501), (0.40802, -0.32765, 0.25119), (-0.43272, -0.32393, 0.08055), (0.31227, -0.33799, -0.41001), (0.04024, -0.35231, 0.47248), (-0.40500, -0.34840, -0.37727), (0.50998, -0.36300, 0.00719), (-0.44552, -0.37785, 0.39215), (0.06185, -0.37375, -0.54423), (0.37065, -0.38888, 0.51624), (-0.57416, -0.40427, -0.12372), (0.58848, -0.39999, -0.33978), (-0.19263, -0.41565, 0.59867), (-0.23695, -0.41116, -0.52417), (0.61661, -0.42710, 0.26827), (-0.58386, -0.44330, 0.19705), (0.35018, -0.43862, -0.62686), (0.14798, -0.45510, 0.64234), (-0.62828, -0.47184, -0.43773), (0.69845, -0.46697, -0.08943), (-0.53011, -0.48398, 0.61978), (-0.02125, -0.47891, -0.75091), (0.60029, -0.49620, 0.62636), (-0.79839, -0.51375, -0.05661), (0.57424, -0.50848, -0.45037), (-0.14398, -0.52631, 0.83950), (-0.41731, -0.54439, -0.65682), (0.87279, -0.53894, 0.24054), (-0.74002, -0.55730, 0.37306), (0.34577, -0.57592, -0.89682), (0.31701, -0.57028, 0.82251), (-0.91015, -0.58917, -0.45896), (0.90287, -0.58332, -0.24872), (-0.57918, -0.60250, 0.91136), (-0.16788, -0.62193, -0.97953), (0.71121, -0.61589, 0.55792), (-1.05083, -0.63560, 0.07438), (0.66450, -0.65557, -0.69319), (-0.03168, -0.64934, 1.11505), (-0.66219, -0.66958, -0.77437), (1.17041, -0.69009, 0.15000), (-0.88614, -0.68367, 0.61723), (0.28007, -0.70445, -1.21509), (0.55749, -0.69783, 0.99824), (-1.24728, -0.71889, -0.42111), (1.10894, -0.74020, -0.48232), (-0.45234, -0.73339, 1.00032), (-0.39123, -0.75498, -1.21636), (1.00673, -0.77683, 0.58143), (-1.31850, -0.76983, 0.28395), (0.71737, -0.79196, -0.99889), (0.16046, -0.78475, 1.41326), (-0.97542, -0.80716, -0.85876), (1.49847, -0.82982, -0.02095), (-1.00399, -0.82242, 0.93503), (0.13407, -0.84536, -1.57189), (0.87659, -0.86856, 1.15124), (-1.28950, -0.86098, -0.24019), (1.29849, -0.88445, -0.79916), (-0.38713, -0.90819, 1.33012), (-0.70200, -0.90041, -1.44352), (1.35610, -0.92442, 0.54525), (-1.58396, -0.91644, 0.58461), (0.71330, -0.94073, -1.36558), (0.44675, -0.96528, 1.71732), (-1.35674, -0.95711, -0.88973), (1.84097, -0.98193, -0.28848), (-1.07273, -1.00701, 1.32791), (-0.08707, -0.99866, -1.54314), (1.27758, -1.02401, 1.26025), (-1.62714, -1.04963, -0.06953), (1.44997, -1.04108, -1.20444), (-0.24225, -1.06698, 1.69729), (-1.10738, -1.05822, -1.63935), (1.75122, -1.08440, 0.43012), (-1.82564, -1.11083, 0.98558), (0.63179, -1.10188, -1.78656), (0.65946, -1.12859, 1.57753), (-1.80105, -1.15556, -0.84565), (1.72102, -1.14642, -0.52651), (-1.06973, -1.17367, 1.79251), (-0.37196, -1.16433, -1.85575), (1.75898, -1.19185, 1.30177), (-1.97891, -1.21962, 0.19605), (1.53917, -1.21010, -1.69864), (-0.00067, -1.23815, 2.08760), (-1.60997, -1.26646, -1.77908), (2.17892, -1.25675, 0.21728), (-1.58762, -1.28534, 1.17338), (0.45248, -1.31419, -2.24997), (1.06186, -1.30428, 1.78191), (-2.29792, -1.33341, -0.70461), (1.97172, -1.32329, -0.92424), (-0.97161, -1.35270, 2.32005), (-0.76013, -1.38236, -2.15388), (2.31380, -1.37205, 1.25104), (-2.32508, -1.40199, 0.56948), (1.54011, -1.43219, -2.27681), (0.35262, -1.42170, 2.48191), (-1.73644, -1.45217, -1.44428), (2.62088, -1.48291, -0.11030), (-1.68790, -1.47223, 1.66286), (0.15628, -1.50324, -2.73849), (1.55944, -1.49235, 1.93294), (-2.83129, -1.52363, -0.44552), (2.17602, -1.55518, -1.42500), (-0.75534, -1.54410, 2.89591), (-1.25872, -1.57593, -2.41353), (2.92911, -1.60801, 1.08322), (-2.64166, -1.59674, 1.06017), (1.12248, -1.62910, -2.30436), (0.82937, -1.66172, 2.85642), (-2.28592, -1.65026, -1.40891), (3.05372, -1.68315, -0.56677), (-1.70420, -1.67149, 2.23517), (-0.27336, -1.70466, -3.22942), (2.15005, -1.73809, 2.00494), (-3.37935, -1.72624, -0.04942), (2.30738, -1.75995, -2.02880), (-0.39958, -1.79391, 3.49943), (-1.87007, -1.78187, -2.60749), (0.01567, -0.00080, -0.01951), (0.00149, -0.00218, 0.02516), (-0.01821, -0.00395, -0.01785), (0.02610, -0.00597, 0.00104), (-0.02045, -0.00717, 0.01709), (0.00385, -0.00947, -0.02755), (0.01604, -0.01204, 0.02359), (-0.02949, -0.01304, -0.00715), (0.02738, -0.01588, -0.01489), (-0.01115, -0.01898, 0.03184), (-0.01345, -0.01980, -0.03190), (0.03197, -0.02317, 0.01490), (-0.03719, -0.02378, 0.01150), (0.02014, -0.02743, -0.03398), (0.00880, -0.03134, 0.04326), (-0.03591, -0.03176, -0.02642), (0.05006, -0.03595, -0.00511), (-0.03384, -0.04040, 0.03756), (-0.00015, -0.04063, -0.05750), (0.03869, -0.04535, 0.04250), (-0.06542, -0.05033, -0.00633), (0.05246, -0.05038, -0.03901), (-0.01251, -0.05563, 0.06315), (-0.03823, -0.05547, -0.06372), (0.06972, -0.06101, 0.02115), (-0.07625, -0.06680, 0.03601), (0.03159, -0.06645, -0.07606), (0.03204, -0.07252, 0.08993), (-0.08187, -0.07885, -0.04395), (0.10462, -0.07831, -0.02595), (-0.05835, -0.08491, 0.08681), (-0.01742, -0.08416, -0.12007), (0.09051, -0.09105, 0.07484), (-0.11238, -0.09819, 0.00506), (0.09340, -0.09725, -0.09256), (-0.00679, -0.10467, 0.12553), (-0.09251, -0.11235, -0.11398), (0.13849, -0.11122, 0.02137), (-0.13644, -0.11917, 0.08992), (0.03887, -0.12739, -0.15085), (0.08434, -0.12607, 0.16056), (-0.16217, -0.13456, -0.05943), (0.18605, -0.13304, -0.07530), (-0.08313, -0.14181, 0.17195), (-0.05064, -0.15083, -0.17251), (0.17965, -0.14912, 0.11000), (-0.19480, -0.15842, 0.03675), (0.13996, -0.16798, -0.18469), (0.01903, -0.16608, 0.21722), (-0.18649, -0.17592, -0.17288), (0.23927, -0.18602, 0.00280)],
                86: [(0.37641, -0.30470, 0.16338), (-0.45555, -0.31832, 0.15419), (0.21559, -0.33220, -0.38673), (0.11657, -0.32845, 0.50400), (-0.39158, -0.34261, -0.27231), (0.55100, -0.35702, -0.07104), (-0.33308, -0.35309, 0.39011), (-0.01737, -0.36778, -0.59548), (0.38148, -0.38273, 0.39735), (-0.63632, -0.37861, -0.04456), (0.46441, -0.39383, -0.36488), (-0.09088, -0.38951, 0.53271), (-0.33957, -0.40501, -0.53342), (0.55894, -0.42077, 0.15352), (-0.60342, -0.41625, 0.30486), (0.22282, -0.43229, -0.57944), (0.26019, -0.44859, 0.67332), (-0.59311, -0.44388, -0.29844), (0.74190, -0.46046, -0.20507), (-0.37985, -0.47729, 0.59885), (-0.13918, -0.47240, -0.80784), (0.59557, -0.48951, 0.46636), (-0.68803, -0.48440, 0.04931), (0.55714, -0.50179, -0.58222), (-0.02027, -0.51944, 0.73604), (-0.55781, -0.51415, -0.65117), (0.77868, -0.53207, 0.09911), (-0.74727, -0.55025, 0.52146), (0.18701, -0.54477, -0.81458), (0.47238, -0.56323, 0.84411), (-0.84233, -0.58194, -0.28357), (0.94022, -0.57627, -0.40991), (-0.38822, -0.59527, 0.86053), (-0.26362, -0.58939, -0.81718), (0.86780, -0.60866, 0.50018), (-0.89234, -0.62819, 0.19299), (0.61847, -0.62213, -0.86277), (0.11022, -0.64193, 0.96330), (-0.84418, -0.66200, -0.74191), (1.02841, -0.65574, -0.01528), (-0.86912, -0.67608, 0.81084), (0.09167, -0.66962, -1.08599), (0.76169, -0.69024, 0.99853), (-1.13429, -0.71112, -0.21026), (0.89131, -0.70447, -0.54964), (-0.33987, -0.72562, 1.17154), (-0.48621, -0.74703, -0.99758), (1.19599, -0.74020, 0.47967), (-1.10180, -0.76188, 0.40774), (0.62857, -0.78383, -1.20593), (0.31384, -0.77681, 1.20210), (-1.19972, -0.79903, -0.78526), (1.29653, -0.79180, -0.20432), (-0.94815, -0.81430, 1.17580), (-0.07924, -0.83706, -1.38299), (0.89455, -0.82963, 0.88088), (-1.45936, -0.85267, -0.06108), (1.01990, -0.87597, -0.84870), (-0.21609, -0.86836, 1.52347), (-0.78514, -0.89193, -1.16013), (1.57313, -0.91576, 0.38492), (-1.29956, -0.90796, 0.70304), (0.56643, -0.93207, -1.60620), (0.60175, -0.92406, 1.43597), (-1.62059, -0.94844, -0.75920), (1.56703, -0.97309, -0.48089), (-0.75923, -0.96489, 1.27473), (-0.34033, -0.98981, -1.69027), (1.25825, -1.01499, 0.92950), (-1.80310, -1.00660, 0.18022), (1.10537, -1.03206, -1.22204), (0.00105, -1.02347, 1.90289), (-1.16469, -1.04920, -1.28477), (1.98699, -1.07519, 0.19639), (-1.46536, -1.06641, 1.08499), (0.41095, -1.09268, -2.05272), (0.98198, -1.11921, 1.64462), (-1.65640, -1.11024, -0.50632), (1.81980, -1.13704, -0.85497), (-0.70251, -1.16410, 1.68162), (-0.70355, -1.15494, -1.98802), (1.68607, -1.18228, 0.90974), (-2.14622, -1.17292, 0.52765), (1.12599, -1.20053, -1.66773), (0.32757, -1.22841, 2.29126), (-1.62473, -1.21885, -1.34897), (2.41994, -1.24700, -0.10396), (-1.57609, -1.27542, 1.55542), (0.11225, -1.26567, -1.99753), (1.45840, -1.29436, 1.80448), (-2.07608, -1.32330, -0.32483), (2.03101, -1.31337, -1.33257), (-0.55468, -1.34259, 2.13424), (-1.17716, -1.33245, -2.25235), (2.16931, -1.36195, 0.80008), (-2.46496, -1.39171, 0.99175), (1.05892, -1.38138, -2.17871), (0.61014, -1.41142, 2.09457), (-2.16001, -1.44171, -1.32871), (2.25092, -1.43120, -0.41980), (-1.60664, -1.46177, 2.11103), (-0.20461, -1.45104, -2.39239), (2.02982, -1.48189, 1.88952), (-2.51561, -1.51300, -0.03460), (2.17386, -1.50208, -1.91476), (-0.29653, -1.53347, 2.61720), (-1.76459, -1.56511, -2.45590), (2.69384, -1.55401, 0.57950), (-2.14745, -1.58592, 1.24091), (0.88134, -1.61810, -2.74232), (1.07155, -1.60681, 2.36822), (-2.75956, -1.63926, -1.19948), (2.57877, -1.62777, -0.87131), (-1.53091, -1.66050, 2.74272), (-0.64034, -1.69349, -2.77520), (2.68921, -1.68180, 1.87220), (-2.95355, -1.71507, 0.37923), (2.21954, -1.74859, -2.59678), (0.08906, -1.73672, 3.10980), (-1.93740, -1.77052, -2.02014), (3.23994, -1.80458, 0.22859), (0.00501, -0.00004, 0.02449), (-0.02023, -0.00162, -0.01485), (0.02520, -0.00298, -0.00259), (-0.01728, -0.00485, 0.01922), (-0.00009, -0.00697, -0.02634), (0.01845, -0.00814, 0.02023), (-0.02794, -0.01054, -0.00268), (0.02385, -0.01320, -0.01777), (-0.00591, -0.01418, 0.03000), (-0.01611, -0.01711, -0.02680), (0.03245, -0.02031, 0.00981), (-0.03127, -0.02110, 0.01481), (0.01458, -0.02457, -0.03518), (0.01303, -0.02515, 0.03647), (-0.03806, -0.02890, -0.02039), (0.04242, -0.03291, -0.01056), (-0.02743, -0.03330, 0.04089), (-0.00716, -0.03759, -0.04907), (0.04342, -0.04213, 0.03584), (-0.05636, -0.04234, 0.00259), (0.03973, -0.04715, -0.03944), (-0.00342, -0.04715, 0.06414), (-0.04001, -0.05225, -0.04921), (0.07224, -0.05760, 0.01109), (-0.05995, -0.05742, 0.03959), (0.02065, -0.06305, -0.08042), (0.03787, -0.06894, 0.07193), (-0.08838, -0.06856, -0.03230), (0.08507, -0.07473, -0.03452), (-0.04621, -0.08115, 0.09579), (-0.02922, -0.08058, -0.09923), (0.08496, -0.08729, 0.05192), (-0.11422, -0.08651, 0.02165), (0.06734, -0.09349, -0.08902), (0.01148, -0.10073, 0.12976), (-0.09162, -0.09977, -0.08478), (0.14553, -0.10728, 0.00157), (-0.10421, -0.11506, 0.09234), (0.01778, -0.11390, -0.16114), (0.09075, -0.12195, 0.12552), (-0.17613, -0.13026, -0.03735), (0.14852, -0.12892, -0.08641), (-0.04918, -0.13751, 0.15457), (-0.07888, -0.13596, -0.17297), (0.16470, -0.14482, 0.07102), (-0.19853, -0.15394, 0.06773), (0.09592, -0.15221, -0.17304), (0.05257, -0.16161, 0.22480), (-0.17903, -0.17126, -0.12386), (0.25129, -0.16934, -0.03302), (-0.15473, -0.17927, 0.18211), (-0.00876, -0.17714, -0.27741), (0.18170, -0.18735, 0.18835), (-0.24349, -0.19782, -0.01646), (0.22443, -0.19550, -0.17721), (-0.04423, -0.20624, 0.26310), (-0.16805, -0.21725, -0.26259), (0.28083, -0.21474, 0.07641), (-0.30237, -0.22602, 0.15368), (0.11301, -0.23756, -0.29600), (0.13356, -0.23486, 0.34317), (-0.30786, -0.24668, -0.15398), (0.38434, -0.24377, -0.10723), (-0.19916, -0.25587, 0.31567), (-0.05944, -0.26822, -0.34009), (0.31865, -0.26512, 0.24828), (-0.37306, -0.27775, 0.02764), (0.30096, -0.29064, -0.31602), (-0.01016, -0.28736, 0.40446), (-0.30704, -0.30052, -0.35667), (0.43345, -0.31395, 0.05411)],
                88: [(0.56443, -0.46091, 0.32467), (-0.74408, -0.47785, 0.16160), (0.40491, -0.49506, -0.56590), (0.09290, -0.48993, 0.80571), (-0.55823, -0.50742, -0.48974), (0.86275, -0.52516, -0.01357), (-0.57827, -0.51984, 0.54044), (0.07633, -0.53786, -0.91370), (0.51159, -0.55614, 0.66945), (-0.95704, -0.55063, -0.17654), (0.76208, -0.56919, -0.47087), (-0.22633, -0.56347, 0.78272), (-0.41755, -0.58230, -0.85481), (0.80510, -0.60139, 0.32208), (-0.94614, -0.59549, 0.35108), (0.42533, -0.61486, -0.81774), (0.27103, -0.63448, 1.03445), (-0.81930, -0.62839, -0.53524), (1.11800, -0.64829, -0.17719), (-0.65079, -0.66846, 0.80849), (-0.06952, -0.66218, -1.19496), (0.78410, -0.68261, 0.77077), (-0.99709, -0.67613, -0.04086), (0.89374, -0.69684, -0.74504), (-0.14773, -0.71782, 1.04807), (-0.69033, -0.71114, -1.01812), (1.08946, -0.73239, 0.26557), (-1.14212, -0.75390, 0.61916), (0.39372, -0.74703, -1.11955), (0.53090, -0.76882, 1.26381), (-1.13664, -0.79086, -0.53127), (1.38110, -0.78381, -0.42515), (-0.67710, -0.80613, 1.13910), (-0.23803, -0.79887, -1.17690), (1.12536, -0.82147, 0.82981), (-1.26348, -0.84433, 0.12740), (0.98781, -0.83688, -1.09398), (0.00191, -0.86001, 1.34164), (-1.04365, -0.88340, -1.14923), (1.40928, -0.87576, 0.13805), (-1.31202, -0.89943, 0.97323), (0.29182, -0.89159, -1.46431), (0.88180, -0.91553, 1.47391), (-1.50461, -0.93974, -0.45849), (1.28774, -0.93171, -0.60637), (-0.63683, -0.95619, 1.52813), (-0.50221, -0.98093, -1.41518), (1.53286, -0.97270, 0.82534), (-1.53662, -0.99772, 0.37920), (1.02225, -1.02300, -1.51693), (0.23730, -1.01459, 1.64961), (-1.47862, -1.04014, -1.22548), (1.75165, -1.03152, -0.07678), (-1.43270, -1.05735, 1.41638), (0.10180, -1.08344, -1.84016), (1.04833, -1.07463, 1.29478), (-1.91257, -1.10099, -0.29754), (1.46559, -1.12762, -0.96342), (-0.50921, -1.11862, 1.96631), (-0.85590, -1.14552, -1.63419), (1.99889, -1.17268, 0.73525), (-1.79787, -1.16350, 0.72518), (0.97374, -1.19093, -2.00791), (0.57098, -1.18154, 1.95378), (-1.99114, -1.20925, -1.22244), (2.09893, -1.23722, -0.39335), (-1.16673, -1.22764, 1.53580), (-0.19270, -1.25589, -2.23026), (1.48469, -1.28440, 1.37966), (-2.34464, -1.27463, -0.03020), (1.59559, -1.30341, -1.40789), (-0.27419, -1.29343, 2.43897), (-1.30412, -1.32250, -1.81168), (2.51015, -1.35181, 0.53769), (-2.02484, -1.34165, 1.17241), (0.81875, -1.37124, -2.55520), (1.01215, -1.40110, 2.23177), (-2.02920, -1.39074, -0.87991), (2.42899, -1.42088, -0.82307), (-1.12918, -1.45127, 2.02714), (-0.60529, -1.44072, -2.61289), (1.99745, -1.47139, 1.38802), (-2.77978, -1.46064, 0.35938), (1.65360, -1.49158, -1.93807), (0.08635, -1.52279, 2.92591), (-1.84722, -1.51185, -1.92276), (3.04756, -1.54333, 0.21235), (-2.19201, -1.57507, 1.72346), (0.42215, -1.56394, -2.47958), (1.56567, -1.59595, 2.45763), (-2.54117, -1.62823, -0.69701), (2.71563, -1.61691, -1.37317), (-0.98912, -1.64946, 2.57480), (-1.14570, -1.63794, -2.96185), (2.57757, -1.67076, 1.29586), (-3.19199, -1.70385, 0.88349), (1.61420, -1.69214, -2.54681), (0.46130, -1.72550, 2.67207), (-2.48011, -1.75912, -1.94069), (2.83203, -1.74722, -0.20393), (-2.27153, -1.78112, 2.37541), (0.08075, -1.76901, -2.96963), (0.02428, -0.00080, -0.00607), (-0.01402, -0.00248, 0.02093), (-0.00372, -0.00381, -0.02533), (0.02011, -0.00577, 0.01657), (-0.02694, -0.00799, 0.00126), (0.01960, -0.00914, -0.01949), (-0.00148, -0.01163, 0.02823), (-0.01895, -0.01439, -0.02326), (0.03037, -0.01534, 0.00463), (-0.02768, -0.01838, 0.01831), (0.00841, -0.01912, -0.03288), (0.01738, -0.02243, 0.03294), (-0.03567, -0.02600, -0.01300), (0.03911, -0.02656, -0.01591), (-0.01858, -0.03040, 0.03860), (-0.01364, -0.03451, -0.04618), (0.04151, -0.03487, 0.02532), (-0.04777, -0.03925, 0.00910), (0.03335, -0.04389, -0.04417), (0.00490, -0.04407, 0.05485), (-0.04633, -0.04899, -0.04280), (0.06244, -0.04896, 0.00062), (-0.05373, -0.05415, 0.04769), (0.00770, -0.05961, -0.07038), (0.04793, -0.05939, 0.06617), (-0.07846, -0.06512, -0.01657), (0.08008, -0.07111, -0.04669), (-0.02741, -0.07070, 0.08641), (-0.03647, -0.07696, -0.07980), (0.09392, -0.08349, 0.04040), (-0.09335, -0.08289, 0.03194), (0.05567, -0.08969, -0.10063), (0.02530, -0.08889, 0.10776), (-0.10613, -0.09597, -0.07329), (0.12281, -0.10330, -0.01624), (-0.09328, -0.10231, 0.10998), (-0.00449, -0.10992, -0.13820), (0.11172, -0.11779, 0.11560), (-0.15357, -0.11662, -0.01025), (0.11432, -0.12476, -0.09043), (-0.02818, -0.12338, 0.16851), (-0.08726, -0.13180, -0.13609), (0.18254, -0.14048, 0.04949), (-0.15936, -0.13891, 0.08117), (0.07430, -0.14787, -0.19513), (0.07174, -0.15709, 0.18385), (-0.20571, -0.15532, -0.10267), (0.20919, -0.16482, -0.05856), (-0.13455, -0.17457, 0.21367), (-0.04127, -0.17262, -0.23494), (0.17592, -0.18265, 0.13682), (-0.26059, -0.18049, 0.01954), (0.16827, -0.19080, -0.17701), (-0.00692, -0.20137, 0.28553), (-0.17440, -0.19902, -0.20223), (0.30911, -0.20986, 0.03831), (-0.23839, -0.22096, 0.16752), (0.07476, -0.21843, -0.33060), (0.15583, -0.22980, 0.27633), (-0.34922, -0.24144, -0.11629), (0.31553, -0.23872, -0.13880), (-0.13031, -0.25063, 0.29139), (-0.11594, -0.24770, -0.35538), (0.30078, -0.25989, 0.17205), (-0.39519, -0.27234, 0.08683), (0.21775, -0.26922, -0.30587), (0.05112, -0.28194, 0.43416), (-0.30591, -0.29493, -0.26707), (0.47141, -0.29162, -0.00855), (-0.31960, -0.30488, 0.30014), (0.04104, -0.30136, -0.50598), (0.28784, -0.31490, 0.37478), (-0.42789, -0.32870, -0.07786), (0.43194, -0.32499, -0.26832), (-0.12910, -0.33907, 0.45055), (-0.24096, -0.35340, -0.49028), (0.46863, -0.34950, 0.18617), (-0.54891, -0.36411, 0.20519), (0.24879, -0.37898, -0.48116), (0.16055, -0.37490, 0.60680), (-0.48716, -0.39004, -0.31659), (0.66282, -0.38575, -0.10669), (-0.38901, -0.40117, 0.48567), (-0.03449, -0.41686, -0.56914), (0.47573, -0.41238, 0.46539), (-0.61044, -0.42833, -0.02354), (0.54488, -0.44455, -0.45645), (-0.08966, -0.43988, 0.64740), (-0.42700, -0.45637, -0.62650), (0.67882, -0.47313, 0.16373)],
                90: [(0.76520, -0.64837, 0.56321), (-1.10316, -0.66864, 0.11221), (0.67527, -0.68918, -0.74916), (0.00269, -0.68266, 1.17320), (-0.71963, -0.70347, -0.79105), (1.23424, -0.72454, 0.11982), (-0.90912, -0.71784, 0.67559), (0.25480, -0.73919, -1.28438), (0.61616, -0.76080, 1.02786), (-1.32173, -0.75390, -0.40150), (1.14547, -0.77579, -0.54060), (-0.44048, -0.76869, 1.05958), (-0.44839, -0.79085, -1.26004), (1.06981, -0.81327, 0.57482), (-1.36948, -0.80598, 0.33922), (0.71662, -0.82867, -1.06540), (0.21301, -0.85163, 1.47161), (-1.04487, -0.84415, -0.86445), (1.56417, -0.86738, -0.06993), (-1.01668, -0.89087, 1.00685), (0.08955, -0.88321, -1.64483), (0.95015, -0.90697, 1.17143), (-1.34852, -0.89910, -0.20858), (1.32664, -0.92314, -0.87374), (-0.35992, -0.94744, 1.39484), (-0.77681, -0.93938, -1.48003), (1.42630, -0.96396, 0.52322), (-1.62916, -0.98880, 0.65878), (0.69722, -0.98055, -1.44090), (0.51937, -1.00566, 1.77144), (-1.43675, -1.03104, -0.88035), (1.90416, -1.02260, -0.35857), (-1.07080, -1.04825, 1.41208), (-0.13925, -1.03960, -1.59540), (1.36528, -1.06553, 1.26648), (-1.68683, -1.09171, -0.02026), (1.46501, -1.08288, -1.29494), (-0.19679, -1.10934, 1.76439), (-1.19986, -1.13606, -1.66380), (1.82559, -1.12704, 0.38939), (-1.86002, -1.15404, 1.07915), (0.59674, -1.14480, -1.86797), (0.93218, -1.17208, 2.05067), (-1.88914, -1.19961, -0.81723), (1.75956, -1.19019, -0.59794), (-1.04887, -1.21800, 1.88684), (-0.44261, -1.24607, -1.90307), (1.85895, -1.23646, 1.28938), (-2.03524, -1.26481, 0.26493), (1.53614, -1.29341, -1.80358), (0.06542, -1.28362, 2.15308), (-1.71907, -1.31250, -1.78624), (2.25358, -1.30249, 0.15505), (-2.03648, -1.33165, 1.60405), (0.39523, -1.36107, -2.33372), (1.14895, -1.35087, 1.80004), (-2.39055, -1.38057, -0.65346), (1.99938, -1.41052, -1.01318), (-0.92770, -1.40014, 2.42122), (-0.84995, -1.43037, -2.19160), (2.42303, -1.46085, 1.21552), (-2.37331, -1.45028, 0.65912), (1.51410, -1.48105, -2.39350), (0.44096, -1.47027, 2.54100), (-2.33037, -1.50131, -1.82024), (2.69106, -1.53261, -0.19614), (-1.67990, -1.52164, 1.75980), (0.07421, -1.55322, -2.81988), (1.66120, -1.58506, 1.93444), (-2.92386, -1.57390, -0.36853), (2.18787, -1.60601, -1.53072), (-0.68477, -1.59465, 2.99949), (-1.36742, -1.62704, -2.43652), (3.04338, -1.65969, 1.02044), (-2.67648, -1.64814, 1.17076), (1.37257, -1.68106, -3.05234), (0.94063, -1.71424, 2.90368), (-2.38492, -1.70250, -1.37076), (3.11390, -1.73596, -0.67742), (-1.67461, -1.76968, 2.34210), (-0.38198, -1.75775, -3.30288), (2.26424, -1.79175, 1.98506), (-0.01082, -0.00007, 0.02254), (-0.00713, -0.00159, -0.02406), (0.02170, -0.00337, 0.01321), (-0.02534, -0.00468, 0.00485), (0.01601, -0.00673, -0.02124), (0.00245, -0.00905, 0.02712), (-0.02048, -0.01017, -0.01889), (0.02945, -0.01276, 0.00027), (-0.02256, -0.01561, 0.02006), (0.00351, -0.01654, -0.03231), (0.01955, -0.01967, 0.02694), (-0.03564, -0.02039, -0.00749), (0.03211, -0.02380, -0.01876), (-0.01244, -0.02746, 0.03934), (-0.01748, -0.02799, -0.03815), (0.03887, -0.03193, 0.01668), (-0.04506, -0.03613, 0.01546), (0.02309, -0.03648, -0.04182), (0.01245, -0.04095, 0.05282), (-0.04457, -0.04109, -0.03072), (0.06136, -0.04584, -0.00817), (-0.03970, -0.05085, 0.04689), (-0.00235, -0.05080, -0.07054), (0.04850, -0.05609, 0.05010), (-0.08018, -0.06164, -0.00528), (0.06196, -0.06140, -0.04910), (-0.01263, -0.06722, 0.07594), (-0.04836, -0.07331, -0.07527), (0.08380, -0.07287, 0.02264), (-0.08995, -0.07923, 0.04592), (0.03469, -0.07860, -0.09133), (0.04142, -0.08523, 0.10589), (-0.09820, -0.09213, -0.04890), (0.12288, -0.09130, -0.03452), (-0.06538, -0.09847, 0.10403), (-0.02484, -0.10591, -0.14065), (0.10841, -0.10489, 0.08416), (-0.13007, -0.11260, 0.00987), (0.10523, -0.12057, -0.11089), (-0.00339, -0.11936, 0.14508), (-0.11100, -0.12760, -0.12849), (0.15982, -0.12619, 0.01967), (-0.15378, -0.13471, 0.10827), (0.03916, -0.14349, -0.17387), (0.10220, -0.14189, 0.18086), (-0.18673, -0.15095, -0.06200), (0.20941, -0.16026, -0.09233), (-0.08828, -0.15847, 0.19787), (-0.06308, -0.16807, -0.19280), (0.20670, -0.17792, 0.11800), (-0.21763, -0.17594, 0.04802), (0.15108, -0.18606, -0.21262), (0.02878, -0.18388, 0.24259), (-0.21498, -0.19428, -0.18736), (0.26712, -0.20495, -0.00508), (-0.22657, -0.20257, 0.21314), (0.02332, -0.21351, -0.29063), (0.20647, -0.22471, 0.26835), (-0.31243, -0.22215, -0.05657), (0.24992, -0.23362, -0.15555), (-0.09476, -0.23085, 0.33178), (-0.14149, -0.24260, -0.28726), (0.34793, -0.25461, 0.13786), (-0.32552, -0.25165, 0.12201), (0.18576, -0.26394, -0.36004), (0.09667, -0.27649, 0.36408), (-0.36727, -0.27334, -0.23822), (0.40220, -0.28616, -0.06510), (-0.29487, -0.29925, 0.36880), (-0.02699, -0.29591, -0.43907), (0.28986, -0.30927, 0.28307), (-0.47381, -0.30572, -0.01786), (0.33498, -0.31936, -0.28112), (-0.06955, -0.33325, 0.50544), (-0.26573, -0.32952, -0.38915), (0.53297, -0.34369, 0.12806), (-0.44488, -0.35812, 0.24307), (0.19325, -0.35420, -0.55533), (0.21254, -0.36891, 0.50134), (-0.57143, -0.38387, -0.26480), (0.55760, -0.37976, -0.17366), (-0.27203, -0.39500, 0.46108), (-0.12600, -0.39069, -0.61262), (0.46335, -0.40620, 0.33932), (-0.66527, -0.42198, 0.06929), (0.41080, -0.41748, -0.45797), (0.00336, -0.43353, 0.71433), (-0.44403, -0.44984, -0.48573), (0.75851, -0.44515, 0.07179), (-0.56325, -0.46174, 0.42069), (0.15601, -0.45684, -0.79646), (0.38717, -0.47370, 0.64234), (-0.65601, -0.49083, -0.19755), (0.72185, -0.48574, -0.34281), (-0.27912, -0.50314, 0.67603), (-0.28704, -0.52080, -0.80049), (0.68778, -0.51552, 0.36742), (-0.87685, -0.53346, 0.21945), (0.46174, -0.55166, -0.69007), (0.13976, -0.54619, 0.94942), (-0.68173, -0.56466, -0.56125), (1.01659, -0.55898, -0.04791), (-0.66491, -0.57773, 0.66166), (0.04440, -0.59674, -0.85346), (0.62885, -0.59088, 0.77149), (-0.89834, -0.61016, -0.13673), (0.87962, -0.62971, -0.58238), (-0.23886, -0.62365, 0.93500), (-0.52147, -0.64348, -0.98775), (0.96193, -0.66356, 0.35024)],
                92: [(0.95918, -0.86707, 0.88821), (-1.52310, -0.89068, -0.01696), (1.03390, -0.91454, -0.91549), (-0.17639, -0.90664, 1.59404), (-0.85347, -0.93078, -1.18129), (1.65032, -0.95518, 0.35050), (-1.32831, -0.94709, 0.77221), (0.53817, -0.97177, -1.68970), (0.67099, -0.99670, 1.47269), (-1.70998, -0.98843, -0.73795), (1.61201, -1.01364, -0.54937), (-0.74635, -1.00515, 1.34538), (-0.40715, -1.03064, -1.74373), (1.33327, -1.05639, 0.92304), (-1.86518, -1.04771, 0.24445), (1.10604, -1.07374, -1.30090), (0.06169, -1.10002, 1.97363), (-1.24678, -1.09116, -1.29324), (2.06630, -1.11772, 0.14036), (-1.48226, -1.14454, 1.16961), (0.36057, -1.13549, -2.14043), (1.06833, -1.16258, 1.67052), (-1.72675, -1.15332, -0.47039), (1.85521, -1.18069, -0.94216), (-0.67205, -1.20832, 1.75858), (-0.79062, -1.19888, -2.03336), (1.76930, -1.22678, 0.88564), (-2.20181, -1.25495, 0.61356), (1.10917, -1.24531, -1.75678), (0.41120, -1.27376, 2.35734), (-1.71903, -1.30246, -1.34031), (2.49662, -1.29263, -0.18416), (-1.57643, -1.32161, 1.65429), (0.05242, -1.31158, -2.06020), (1.56105, -1.34084, 1.81462), (-2.14740, -1.37035, -0.26876), (2.05168, -1.36013, -1.43810), (-0.50345, -1.38992, 2.21414), (-1.28456, -1.41997, -2.28421), (2.25757, -1.40956, 0.75477), (-2.50857, -1.43989, 1.09992), (1.02063, -1.42927, -2.27499), (0.88407, -1.45987, 2.72099), (-2.26385, -1.49073, -1.29855), (2.29805, -1.47993, -0.50203), (-1.58567, -1.51107, 2.22181), (-0.28549, -1.54246, -2.44981), (2.14680, -1.53147, 1.87880), (-2.58353, -1.56314, 0.04378), (2.17438, -1.59508, -2.03708), (-0.22189, -1.58389, 2.69573), (-1.89123, -1.61610, -2.46858), (2.78294, -1.60472, 0.50985), (-2.75728, -1.63720, 1.70827), (0.81798, -1.66995, -2.84181), (1.17215, -1.65837, 2.39224), (-2.86912, -1.69139, -1.14374), (2.61404, -1.72467, -0.97360), (-1.48411, -1.71290, 2.86187), (-0.74313, -1.74646, -2.82230), (2.81731, -1.78028, 1.83564), (-3.01293, -1.76832, 0.48126), (2.19449, -1.80241, -2.73303), (0.02301, -0.00080, 0.00985), (-0.02386, -0.00241, 0.00821), (0.01234, -0.00429, -0.02240), (0.00598, -0.00557, 0.02529), (-0.02213, -0.00773, -0.01522), (0.02722, -0.01014, -0.00365), (-0.01867, -0.01123, 0.02209), (-0.00101, -0.01392, -0.02965), (0.02215, -0.01480, 0.02285), (-0.03257, -0.01777, -0.00212), (0.02788, -0.02100, -0.02214), (-0.00595, -0.02169, 0.03594), (-0.02181, -0.02519, -0.03389), (0.03967, -0.02895, 0.01068), (-0.03696, -0.02946, 0.01891), (0.01652, -0.03350, -0.04363), (0.01713, -0.03779, 0.04366), (-0.04762, -0.03811, -0.02366), (0.05119, -0.04268, -0.01443), (-0.03226, -0.04279, 0.05143), (-0.01056, -0.04764, -0.05948), (0.05477, -0.05275, 0.04244), (-0.06843, -0.05267, 0.00525), (0.05431, -0.05806, -0.05733), (-0.00175, -0.06370, 0.07787), (-0.04976, -0.06343, -0.05750), (0.08758, -0.06936, 0.01070), (-0.07014, -0.07554, 0.04947), (0.02182, -0.07508, -0.09729), (0.04764, -0.08154, 0.08413), (-0.10666, -0.08087, -0.03531), (0.09938, -0.08760, -0.04392), (-0.05133, -0.09460, 0.11533), (-0.03798, -0.09374, -0.11572), (0.10100, -0.10101, 0.05754), (-0.13292, -0.10854, 0.02945), (0.07505, -0.10750, -0.10581), (0.01801, -0.11530, 0.15068), (-0.10894, -0.11405, -0.09477), (0.16864, -0.12214, -0.00335), (-0.11667, -0.13048, 0.10995), (0.01479, -0.12904, -0.18635), (0.10838, -0.13766, 0.14060), (-0.20333, -0.14653, -0.03663), (0.16637, -0.14490, -0.10376), (-0.05038, -0.15406, 0.17699), (-0.09562, -0.16347, -0.19370), (0.18851, -0.16165, 0.07451), (-0.22221, -0.17134, 0.08351), (0.10197, -0.16932, -0.19805), (0.06700, -0.17928, 0.25145), (-0.20502, -0.18951, -0.13273), (0.28090, -0.18730, -0.04572), (-0.16667, -0.19780, 0.20882), (-0.01932, -0.20856, -0.30994), (0.20882, -0.20616, 0.20357), (-0.27058, -0.21719, -0.00996), (0.24314, -0.22849, -0.20440), (-0.03998, -0.22590, 0.29243), (-0.19495, -0.23747, -0.28496), (0.31226, -0.23467, 0.07474), (-0.32852, -0.24652, 0.17986), (0.11429, -0.25863, -0.32934), (0.15860, -0.25564, 0.37320), (-0.34289, -0.26803, -0.15854), (0.41829, -0.28067, -0.13067), (-0.20733, -0.27750, 0.35212), (-0.07620, -0.29042, -0.36886), (0.35619, -0.30360, 0.26036), (-0.40500, -0.30023, 0.04254), (0.31724, -0.31369, -0.35429), (0.00245, -0.31012, 0.43952), (-0.34561, -0.32385, -0.37741), (0.47152, -0.33784, 0.04421), (-0.44022, -0.33408, 0.32939), (0.09750, -0.34835, -0.50005), (0.30490, -0.36288, 0.50486), (-0.52409, -0.35893, -0.15732), (0.45311, -0.37373, -0.21567), (-0.22349, -0.36957, 0.54262), (-0.18240, -0.38466, -0.50728), (0.55456, -0.39999, 0.29563), (-0.56081, -0.39565, 0.14087), (0.37324, -0.41127, -0.55885), (0.09073, -0.42714, 0.61265), (-0.55446, -0.42261, -0.45566), (0.66165, -0.43876, -0.03176), (-0.54207, -0.45517, 0.54037), (0.03614, -0.45045, -0.70660), (0.40886, -0.46713, 0.50071), (-0.74622, -0.46220, -0.11291), (0.57572, -0.47917, -0.38190), (-0.19833, -0.49639, 0.77919), (-0.34483, -0.49127, -0.65178), (0.80416, -0.50877, 0.29200), (-0.72770, -0.52653, 0.29704), (0.39334, -0.52122, -0.81976), (0.23806, -0.53926, 0.80219), (-0.82467, -0.55755, -0.50159), (0.87384, -0.55206, -0.16753), (-0.48770, -0.57063, 0.64754), (-0.08526, -0.56492, -0.94114), (0.63444, -0.58377, 0.58466), (-1.00249, -0.60288, -0.00874), (0.68515, -0.59699, -0.60963), (-0.11430, -0.61637, 1.05625), (-0.57215, -0.63601, -0.78791), (1.10071, -0.62993, 0.23100), (-0.89154, -0.64985, 0.52118), (0.35823, -0.64356, -1.13419), (0.45601, -0.66375, 0.99448), (-0.91417, -0.68421, -0.39190), (1.09502, -0.67773, -0.37613), (-0.50950, -0.69846, 0.92369), (-0.28120, -0.71945, -1.19133), (0.92039, -0.71279, 0.63392), (-1.28146, -0.73405, 0.17109), (0.76392, -0.75558, -0.90291), (0.04591, -0.74872, 1.36340), (-0.86999, -0.77053, -0.89806), (1.43504, -0.76346, 0.09400), (-1.03471, -0.78554, 0.82052), (0.19624, -0.80788, -1.18236), (0.75353, -0.80063, 1.17203), (-1.22368, -0.82324, -0.33018), (1.30800, -0.84612, -0.66824), (-0.47495, -0.83868, 1.25188), (-0.56408, -0.86183, -1.44044), (1.26514, -0.88524, 0.62947)],
                94: [(1.12453, -1.11703, 1.30488), (-1.98917, -1.14396, -0.24719), (1.48371, -1.17116, -1.04192), (-0.46443, -1.16187, 2.05082), (-0.93593, -1.18934, -1.66088), (2.09100, -1.21707, 0.69705), (-1.83360, -1.20759, 0.80587), (0.94315, -1.23560, -2.10720), (0.65141, -1.26386, 1.99895), (-2.09706, -1.25420, -1.20045), (2.15386, -1.28274, -0.47250), (-1.15339, -1.27287, 1.61909), (-0.26949, -1.30168, -2.29515), (1.57288, -1.33076, 1.37410), (-2.41959, -1.32070, 0.04311), (1.59864, -1.35005, -1.50031), (-0.20553, -1.37966, 2.52395), (-1.40000, -1.36942, -1.82409), (2.60501, -1.39930, 0.47490), (-2.04732, -1.42945, 1.27088), (0.76304, -1.41901, -2.65966), (1.11223, -1.44944, 2.26493), (-2.11243, -1.43880, -0.83996), (2.47338, -1.46949, -0.92366), (-1.09597, -1.50045, 2.11792), (-0.70524, -1.48962, -2.66894), (2.09530, -1.52086, 1.36261), (-2.84782, -1.55235, 0.45744), (1.63703, -1.54133, -2.04241), (0.18118, -1.57310, 3.00613), (-1.95732, -1.60513, -1.91602), (3.14000, -1.59392, 0.12212), (-2.19606, -1.62623, 1.83846), (0.35461, -1.61481, -2.55443), (1.68459, -1.64739, 2.47335), (-2.62599, -1.68024, -0.63430), (2.74384, -1.66863, -1.49489), (-0.93251, -1.70175, 2.66943), (-1.26900, -1.73513, -3.00324), (2.68168, -1.72333, 1.24662), (-3.24715, -1.75699, 1.00702), (1.57359, -1.74499, -2.65993), (0.70957, -1.77892, 3.47100), (-0.02225, -0.00011, 0.01141), (0.00887, -0.00155, -0.02347), (0.00929, -0.00327, 0.02362), (-0.02307, -0.00525, -0.01144), (0.02550, -0.00650, -0.00721), (-0.01437, -0.00875, 0.02296), (-0.00499, -0.01126, -0.02798), (0.02306, -0.01232, 0.01784), (-0.03107, -0.01511, 0.00241), (0.02199, -0.01596, -0.02325), (-0.00075, -0.01903, 0.03479), (-0.02337, -0.02235, -0.02695), (0.03603, -0.02302, 0.00437), (-0.03284, -0.02662, 0.02320), (0.00888, -0.03048, -0.03975), (0.02253, -0.03095, 0.03971), (-0.04370, -0.03509, -0.01443), (0.04761, -0.03948, -0.02109), (-0.02119, -0.03977, 0.04773), (-0.01860, -0.04444, -0.05652), (0.05161, -0.04453, 0.02934), (-0.06636, -0.04947, 0.01476), (0.03901, -0.05468, -0.05510), (0.00793, -0.05457, 0.06588), (-0.05790, -0.06006, -0.05028), (0.07505, -0.06580, -0.00156), (-0.06324, -0.06550, 0.05970), (0.00663, -0.07152, -0.08455), (0.06012, -0.07102, 0.07786), (-0.09412, -0.07731, -0.01687), (0.09410, -0.08387, -0.05880), (-0.02936, -0.08318, 0.10347), (-0.05533, -0.09001, -0.11185), (0.11225, -0.09710, 0.04425), (-0.10803, -0.09622, 0.04071), (0.06168, -0.10358, -0.12007), (0.03330, -0.11121, 0.12455), (-0.12647, -0.11014, -0.08172), (0.14171, -0.11804, -0.02319), (-0.10435, -0.11676, 0.13098), (-0.01007, -0.12494, -0.15920), (0.13310, -0.13338, 0.12952), (-0.17662, -0.13192, -0.00635), (0.15709, -0.14063, -0.13230), (-0.02629, -0.14960, 0.19352), (-0.10387, -0.14795, -0.15154), (0.20938, -0.15720, 0.04993), (-0.17749, -0.16671, 0.09738), (0.07738, -0.16486, -0.22363), (0.08722, -0.17465, 0.20474), (-0.23565, -0.17260, -0.10871), (0.23290, -0.18266, -0.07298), (-0.14384, -0.19298, 0.24479), (-0.05426, -0.19074, -0.26150), (0.20063, -0.20134, 0.14639), (-0.28996, -0.21220, 0.03071), (0.18082, -0.20977, -0.20229), (0.00205, -0.22091, 0.31765), (-0.19996, -0.21827, -0.21797), (0.34386, -0.22968, 0.03194), (-0.25750, -0.24135, 0.19302), (0.07138, -0.23853, -0.36782), (0.18091, -0.25047, 0.29896), (-0.38870, -0.26268, -0.11631), (0.34180, -0.25966, -0.16305), (-0.13278, -0.27215, 0.32318), (-0.13894, -0.28489, -0.38537), (0.33409, -0.28168, 0.17772), (-0.42892, -0.29470, 0.10814), (0.22693, -0.29129, -0.34043), (0.07027, -0.30459, 0.47161), (-0.34139, -0.31814, -0.28006), (0.51250, -0.31454, -0.02505), (-0.33665, -0.32837, 0.33618), (0.02768, -0.34246, -0.55060), (0.32404, -0.33867, 0.39613), (-0.46436, -0.35304, -0.06985), (0.45779, -0.36766, -0.30424), (-0.12418, -0.36369, 0.48967), (-0.27611, -0.37859, -0.52080), (0.51019, -0.37440, 0.18475), (-0.58420, -0.38958, 0.23906), (0.25130, -0.40502, -0.52489), (0.19259, -0.40065, 0.64692), (-0.53275, -0.41636, -0.32340), (0.70778, -0.43233, -0.13633), (-0.40051, -0.42777, 0.53274), (-0.05548, -0.44402, -0.60656), (0.52386, -0.46053, 0.48191), (-0.65171, -0.45578, -0.00512), (0.56674, -0.47256, -0.50516), (-0.07432, -0.46760, 0.69242), (-0.47577, -0.48467, -0.65397), (0.72741, -0.50198, 0.15199), (-0.74244, -0.49684, 0.43488), (0.23787, -0.51444, -0.75541), (0.38184, -0.53229, 0.83081), (-0.77508, -0.52696, -0.33147), (0.72621, -0.54509, -0.25015), (-0.43218, -0.53955, 0.78512), (-0.18867, -0.55796, -0.79621), (0.78425, -0.57662, 0.53914), (-0.86288, -0.57089, 0.11597), (0.65135, -0.58984, -0.77123), (0.03194, -0.60904, 0.92470), (-0.74490, -0.60312, -0.76760), (0.98012, -0.62260, 0.06334), (-0.88647, -0.64234, 0.70423), (0.16962, -0.63623, -1.02750), (0.51267, -0.65625, 0.79588), (-1.06520, -0.64994, -0.28642), (0.89449, -0.67023, -0.45797), (-0.41304, -0.69078, 1.09157), (-0.38939, -0.68427, -0.99179), (1.10496, -0.70510, 0.54857), (-1.08607, -0.72619, 0.30649), (0.69185, -0.71950, -1.10381), (0.20903, -0.74086, 1.17551), (-1.08661, -0.76248, -0.84150), (1.25819, -0.75560, -0.09696), (-0.78725, -0.77750, 0.83158), (0.02952, -0.77041, -1.33212), (0.79333, -0.79259, 0.91608), (-1.39527, -0.81502, -0.16997), (1.04665, -0.80774, -0.73878), (-0.32370, -0.83046, 1.44558), (-0.66707, -0.85343, -1.17711), (1.48099, -0.84596, 0.48973), (-1.30545, -0.86921, 0.57751), (0.66682, -0.86153, -1.49952), (0.46966, -0.88506, 1.42951), (-1.18494, -0.90884, -0.67452), (1.54697, -0.90098, -0.34328), (-0.83221, -0.92504, 1.17421), (-0.19843, -0.94935, -1.65545), (1.14536, -0.94130, 0.99575), (-1.75247, -0.96590, 0.03545), (1.16324, -0.99075, -1.09699), (-0.14501, -0.98251, 1.83551), (-1.02788, -1.00764, -1.33258), (1.90204, -0.99920, 0.34201), (-1.50143, -1.02460, 0.93705), (0.43805, -1.05027, -1.54088), (0.82373, -1.04163, 1.66727), (-1.56929, -1.06758, -0.61961), (1.82738, -1.09378, -0.68745), (-0.81211, -1.08495, 1.57870), (-0.52803, -1.11143, -1.97893), (1.56711, -1.13817, 1.01374)],
                96: [(1.23780, -1.39824, 1.81397), (-2.48183, -1.42850, -0.59719), (2.02287, -1.45902, -1.10438), (-0.87838, -1.44835, 2.52153), (-0.94255, -1.47915, -2.22526), (2.53194, -1.51020, 1.17432), (-2.41765, -1.49934, 0.75208), (1.48220, -1.53068, -2.51043), (0.53314, -1.56227, 2.59643), (-2.45462, -1.55122, -1.79878), (2.75788, -1.58309, -0.28633), (-1.66700, -1.57183, 1.85720), (-0.01271, -1.60398, -2.89826), (1.76397, -1.63638, 1.93091), (-3.01383, -1.62494, -0.28622), (2.19465, -1.65762, -1.63804), (-0.60845, -1.69056, 3.10094), (-1.47832, -1.67893, -2.45445), (3.15606, -1.71214, 0.95152), (-2.70632, -1.74562, 1.28416), (1.31247, -1.73379, -3.17583), (1.05533, -1.76755, 2.94610), (-2.48287, -1.75552, -1.32739), (3.16947, -1.78955, -0.79212), (0.01237, -0.00093, 0.02176), (-0.02396, -0.00234, -0.00789), (0.02334, -0.00416, -0.01037), (-0.01061, -0.00623, 0.02394), (-0.00838, -0.00745, -0.02539), (0.02430, -0.00980, 0.01379), (-0.02798, -0.01241, 0.00625), (0.01762, -0.01345, -0.02493), (0.00378, -0.01633, 0.03115), (-0.02424, -0.01716, -0.02101), (0.03491, -0.02032, -0.00076), (-0.02587, -0.02374, 0.02446), (0.00304, -0.02438, -0.03922), (0.02444, -0.02808, 0.03159), (-0.04397, -0.03203, -0.00784), (0.03826, -0.03248, -0.02395), (-0.01387, -0.03672, 0.04904), (-0.02276, -0.03696, -0.04591), (0.05424, -0.04147, 0.02133), (-0.05454, -0.04624, 0.02060), (0.02634, -0.04629, -0.05138), (0.01720, -0.05134, 0.06409), (-0.05497, -0.05664, -0.03545), (0.07446, -0.05651, -0.01225), (-0.04610, -0.06209, 0.05796), (-0.00548, -0.06792, -0.08548), (0.06007, -0.06760, 0.05835), (-0.09694, -0.07372, -0.00340), (0.07224, -0.07319, -0.06094), (-0.01465, -0.07958, 0.10854), (-0.06023, -0.08623, -0.08772), (0.09952, -0.08551, 0.02364), (-0.10470, -0.09244, 0.05756), (0.03738, -0.09963, -0.10832), (0.05253, -0.09872, 0.12302), (-0.11632, -0.10618, -0.05354), (0.14245, -0.11391, -0.04477), (-0.07220, -0.11281, 0.12311), (-0.03391, -0.12081, -0.16270), (0.12824, -0.11951, 0.09340), (-0.18338, -0.12778, 0.01958), (0.11709, -0.13632, -0.13122), (0.00122, -0.13482, 0.16589), (-0.13156, -0.14364, -0.14317), (0.18255, -0.15271, 0.01680), (-0.17144, -0.15102, 0.12875), (0.03833, -0.16037, -0.19841), (0.12226, -0.15848, 0.20164), (-0.21295, -0.16811, -0.06352), (0.23340, -0.17799, -0.11159), (-0.09245, -0.17591, 0.22558), (-0.09627, -0.18607, -0.26627), (0.23569, -0.19649, 0.12511), (-0.24110, -0.19422, 0.06101), (0.16142, -0.20492, -0.24261), (0.04028, -0.21587, 0.26875), (-0.24567, -0.21342, -0.20118), (0.29594, -0.22465, -0.01472), (-0.24411, -0.22199, 0.24419), (0.01591, -0.23349, -0.32202), (0.23749, -0.24526, 0.28981), (-0.34627, -0.24241, -0.05178), (0.33778, -0.25445, -0.22491), (-0.09296, -0.26675, 0.36791), (-0.16463, -0.26371, -0.30986), (0.38612, -0.27629, 0.13944), (-0.35160, -0.28913, 0.14424), (0.19108, -0.28590, -0.40002), (0.11758, -0.29902, 0.39369), (-0.40874, -0.29558, -0.24763), (0.43536, -0.30897, -0.08425), (-0.30870, -0.32262, 0.41137), (-0.04394, -0.31900, -0.47575), (0.32307, -0.33292, 0.29668), (-0.51392, -0.34711, -0.00359), (0.35251, -0.34329, -0.31476), (-0.05842, -0.35776, 0.54886), (-0.29941, -0.35374, -0.41080), (0.57950, -0.36847, 0.12056), (-0.47084, -0.38347, 0.27635), (0.18984, -0.37926, -0.60472), (0.24495, -0.39454, 0.53175), (-0.62337, -0.41007, -0.26595), (0.59256, -0.40567, -0.20470), (-0.27592, -0.42148, 0.50230), (-0.15514, -0.43755, -0.65218), (0.50624, -0.43296, 0.34737), (-0.70941, -0.44931, 0.09598), (0.42336, -0.44452, -0.50216), (0.02702, -0.46114, 0.76298), (-0.48911, -0.47802, -0.50313), (0.81154, -0.47304, 0.05174), (-0.58578, -0.49019, 0.46618), (0.14016, -0.50761, -0.85366), (0.43257, -0.50244, 0.67024), (-0.70213, -0.52013, -0.18814), (0.75534, -0.53808, -0.38755), (-0.27371, -0.53272, 0.72525), (-0.33052, -0.55095, -0.83971), (0.73981, -0.54538, 0.36648), (-0.92190, -0.56389, 0.26103), (0.46577, -0.58265, -0.74456), (0.17878, -0.57690, 1.00032), (-0.73827, -0.59594, -0.57070), (1.07330, -0.61524, -0.08366), (-0.68020, -0.60929, 0.71976), (0.01916, -0.62887, -0.90000), (0.68796, -0.64871, 0.79301), (-0.94947, -0.64257, -0.11482), (0.90772, -0.66268, -0.64190), (-0.22091, -0.65634, 0.99057), (-0.58075, -0.67673, -1.02271), (1.02169, -0.69738, 0.33686), (-1.13623, -0.69085, 0.50384), (0.46194, -0.71177, -1.04123), (0.41069, -0.73296, 1.24637), (-1.04763, -0.72624, -0.59515), (1.06701, -0.74770, -0.23775), (-0.73529, -0.74077, 1.03938), (-0.13879, -0.76251, -1.14941), (1.01507, -0.78450, 0.88093), (-1.22456, -0.77739, 0.02584), (1.03041, -0.79966, -0.97342), (-0.10082, -0.82219, 1.29053), (-0.91328, -0.81489, -1.18187), (1.34533, -0.83770, 0.24069), (-1.33324, -0.86076, 0.83370), (0.39298, -0.85327, -1.38696), (0.57950, -0.87662, 1.17036), (-1.41345, -0.86892, -0.55666), (1.29067, -0.89254, -0.48683), (-0.73039, -0.91642, 1.42289), (-0.37648, -0.90853, -1.40604), (1.41347, -0.93268, 0.91261), (-1.51421, -0.95710, 0.24833), (1.10144, -0.94902, -1.38348), (0.10252, -0.97371, 1.61281), (-1.33141, -0.99866, -1.29478), (1.69944, -0.99040, 0.06050), (-1.17661, -1.01562, 0.99161), (0.24001, -1.00715, -1.77164), (0.91723, -1.03265, 1.33724), (-1.82699, -1.05842, -0.43496), (1.49651, -1.04975, -0.82171), (-0.64397, -1.07579, 1.86307), (-0.70442, -1.10209, -1.65194), (1.87760, -1.09324, 0.86534), (-1.80084, -1.11982, 0.56498), (1.09705, -1.11076, -1.86838), (0.40333, -1.13761, 1.94044), (-1.44769, -1.16472, -1.05553), (2.06783, -1.15547, -0.21973), (-1.25530, -1.18286, 1.40534), (-0.01482, -1.21051, -2.18006), (1.33903, -1.20107, 1.45867), (-2.27417, -1.22899, -0.21044), (1.66300, -1.25717, -1.24749), (-0.45468, -1.24755, 2.34720), (-1.12968, -1.27601, -1.86541), (2.39628, -1.26618, 0.71615), (-2.06283, -1.29491, 0.98492), (0.78403, -1.32391, -1.91019), (0.81283, -1.31389, 2.25199), (-1.91429, -1.34316, -1.01749), (2.42950, -1.37269, -0.61342), (-1.26075, -1.36248, 1.89272), (-0.38708, -1.39228, -2.59186), (1.84343, -1.42235, 1.51120)],
                98: [(1.27480, -1.71070, 2.41147), (-2.97721, -1.74429, -1.08217), (2.64459, -1.77814, -1.07851), (-1.43113, -1.76608, 2.98012), (-0.02462, -0.00015, -0.00437), (0.02127, -0.00178, -0.01334), (-0.00688, -0.00317, 0.02441), (-0.01152, -0.00508, -0.02319), (0.02459, -0.00725, 0.00964), (-0.02570, -0.00844, 0.00974), (0.01284, -0.01089, -0.02511), (0.00750, -0.01188, 0.02787), (-0.02588, -0.01460, -0.01666), (0.03108, -0.01758, -0.00514), (-0.02125, -0.01838, 0.02677), (-0.00226, -0.02164, -0.03484), (0.02761, -0.02516, 0.02678), (-0.03912, -0.02577, -0.00134), (0.03336, -0.02957, -0.02819), (-0.00588, -0.03362, 0.04385), (-0.02826, -0.03404, -0.04107), (0.04890, -0.03837, 0.01157), (-0.04394, -0.03859, 0.02420), (0.01861, -0.04320, -0.05410), (0.02236, -0.04806, 0.05223), (-0.05924, -0.04809, -0.02720), (0.06144, -0.05323, -0.01937), (-0.03748, -0.05863, 0.06404), (-0.01496, -0.05847, -0.07146), (0.06821, -0.06415, 0.04958), (-0.08217, -0.07008, 0.00885), (0.06358, -0.06973, -0.07138), (0.00077, -0.07595, 0.09336), (-0.06111, -0.07539, -0.06638), (0.10477, -0.08188, 0.00955), (-0.08102, -0.08863, 0.06096), (0.02232, -0.08788, -0.11611), (0.05902, -0.09491, 0.09715), (-0.12699, -0.10219, -0.03776), (0.11464, -0.10126, -0.05493), (-0.05601, -0.10882, 0.13700), (-0.04832, -0.10767, -0.13329), (0.14567, -0.11551, 0.07717), (-0.15284, -0.12361, 0.03882), (0.08255, -0.12228, -0.12430), (0.02608, -0.13065, 0.17296), (-0.12804, -0.13928, -0.10467), (0.19324, -0.13776, -0.00978), (-0.12914, -0.14667, 0.12942), (0.01035, -0.15584, -0.21321), (0.12793, -0.15413, 0.15584), (-0.23233, -0.16358, -0.03453), (0.18451, -0.16166, -0.12309), (-0.06294, -0.17138, 0.24999), (-0.11439, -0.18136, -0.21485), (0.21384, -0.17926, 0.07701), (-0.24647, -0.18951, 0.10136), (0.10710, -0.20003, -0.22471), (0.08355, -0.19774, 0.27886), (-0.23280, -0.20853, -0.14076), (0.31146, -0.21958, -0.06056), (-0.17786, -0.21710, 0.23745), (-0.03203, -0.22842, -0.34361), (0.23800, -0.22574, 0.21817), (-0.37456, -0.23734, -0.00229), (0.26136, -0.24920, -0.23378), (-0.03408, -0.24633, 0.32279), (-0.22415, -0.25847, -0.30698), (0.34490, -0.27086, 0.07144), (-0.35449, -0.26780, 0.20847), (0.11394, -0.28047, -0.36407), (0.18618, -0.27720, 0.40323), (-0.37950, -0.29015, -0.16152), (0.45244, -0.30336, -0.15674), (-0.21398, -0.29990, 0.39033), (-0.11970, -0.31339, -0.50125), (0.39569, -0.32713, 0.27101), (-0.43725, -0.32348, 0.05954), (0.33219, -0.33751, -0.39472), (0.01724, -0.35179, 0.47508), (-0.38656, -0.34795, -0.39694), (0.51030, -0.36251, 0.03209), (-0.46458, -0.35846, 0.37039), (0.08849, -0.37330, -0.54191), (0.34546, -0.38839, 0.53425), (-0.56884, -0.38415, -0.15189), (0.60499, -0.39953, -0.31108), (-0.22207, -0.41516, 0.58999), (-0.21200, -0.41073, -0.53721), (0.60425, -0.42664, 0.29868), (-0.59506, -0.44280, 0.16905), (0.38117, -0.43819, -0.61050), (0.11698, -0.45463, 0.65124), (-0.60763, -0.44981, -0.46887), (0.70456, -0.46653, -0.05553), (-0.56092, -0.48351, 0.59459), (0.01539, -0.47850, -0.75376), (0.45069, -0.49575, 0.51860), (-0.79749, -0.51327, -0.09574), (0.59851, -0.50807, -0.42402), (-0.18531, -0.52586, 0.83435), (-0.38675, -0.52045, -0.67969), (0.86294, -0.53852, 0.28369), (-0.76093, -0.55684, 0.33821), (0.39029, -0.55125, -0.88182), (0.27789, -0.56985, 0.84087), (-0.88958, -0.58871, -0.50434), (0.91805, -0.58293, -0.20540), (-0.49325, -0.60207, 0.69853), (-0.12053, -0.62147, -0.99089), (0.68728, -0.61549, 0.59540), (-1.05773, -0.63517, 0.02324), (0.70148, -0.62899, -0.66384), (-0.08628, -0.64894, 1.11685), (-0.62720, -0.66915, -0.81020), (1.16647, -0.66278, 0.20764), (-0.92011, -0.68327, 0.57648), (0.34024, -0.70401, -1.20480), (0.51093, -0.69745, 1.02961), (-0.97051, -0.71848, -0.38124), (1.13691, -0.73976, -0.42996), (-0.50383, -0.73301, 0.98364), (-0.33321, -0.75457, -1.24012), (0.98355, -0.74761, 0.63381), (-1.33723, -0.76945, 0.22050), (0.76994, -0.79154, -0.96882), (0.09191, -0.78440, 1.42612), (-0.93813, -0.80677, -0.91073), (1.50462, -0.82940, 0.05225), (-1.05450, -0.82207, 0.89027), (0.16673, -0.84497, -1.23881), (0.82421, -0.86814, 1.19938), (-1.28554, -0.86062, -0.30487), (1.34329, -0.88406, -0.73911), (-0.45459, -0.87633, 1.31890), (-0.63433, -0.90005, -1.48398), (1.33700, -0.92402, 0.61478), (-1.61904, -0.91611, 0.50949), (0.78407, -0.94036, -1.33802), (0.36449, -0.96487, 1.74595), (-1.32024, -0.95677, -0.96084), (1.46870, -0.98156, -0.15736), (-1.14318, -0.97325, 1.28206), (-0.01195, -0.99831, -1.55752), (1.22208, -1.02363, 1.32894), (-1.63399, -1.01513, -0.14976), (1.51575, -1.04074, -1.13910), (-0.32695, -1.06660, 1.69573), (-1.03215, -1.05791, -1.70100), (1.74040, -1.08404, 0.51848), (-1.88189, -1.11044, 0.90055), (0.72293, -1.10156, -1.76571), (0.58679, -1.12823, 1.62131), (-1.76944, -1.11915, -0.93852), (1.75884, -1.14610, -0.44571), (-1.16319, -1.17330, 1.74956), (-0.28341, -1.16403, -1.88645), (1.70418, -1.19151, 1.39456), (-2.00133, -1.21926, 0.10025), (1.62994, -1.20979, -1.63163), (-0.10305, -1.23781, 2.10060), (-1.53053, -1.26609, -1.86639), (2.18140, -1.25644, 0.32542), (-1.65729, -1.28500, 1.10432), (0.56540, -1.27514, -2.24089), (0.98215, -1.30397, 1.84707), (-2.27632, -1.33306, -0.82119), (2.03099, -1.32301, -0.83399), (-1.09057, -1.35238, 2.28506), (-0.65962, -1.38201, -2.20583), (2.26469, -1.37177, 1.37098), (-2.36829, -1.40167, 0.45916), (1.65947, -1.39123, -2.21296), (0.23313, -1.42141, 2.51495), (-1.67922, -1.45185, -1.54099), (2.64236, -1.44122, 0.01753), (-1.78241, -1.47193, 1.59264), (0.29146, -1.50291, -2.74707), (1.47601, -1.49209, 2.02370), (-2.82569, -1.52334, -0.58685), (2.26140, -1.55485, -1.32831), (-0.90144, -1.54384, 2.87497), (-1.14892, -1.57562, -2.49183), (2.89178, -1.56441, 1.23255), (-2.71116, -1.59647, 0.93760), (1.24486, -1.62879, -2.26804), (0.69458, -1.61739, 2.91538), (-2.23472, -1.64999, -1.53229), (3.10043, -1.68284, -0.42054), (-1.82692, -1.67125, 2.16849), (-0.11667, -1.70438, -3.26218), (2.06741, -1.73778, 2.12521)],
                100: [(0.04344, -0.03147, 0.00392), (-0.03933, -0.03563, 0.02964), (0.00926, -0.04006, -0.04842), (0.02918, -0.04025, 0.04793), (-0.05357, -0.04495, -0.01588), (0.05768, -0.04992, -0.02770), (-0.02394, -0.04992, 0.05871), (-0.02491, -0.05516, -0.06854), (0.06360, -0.06065, 0.03362), (-0.08039, -0.06046, 0.02049), (0.04503, -0.06624, -0.06794), (0.01188, -0.06584, 0.07835), (-0.07141, -0.07190, -0.05827), (0.08918, -0.07821, -0.00459), (-0.07337, -0.07762, 0.07365), (0.00478, -0.08421, -0.10032), (0.07428, -0.09105, 0.09032), (-0.11148, -0.09028, -0.01647), (0.10904, -0.09740, -0.07288), (-0.03068, -0.10478, 0.12233), (-0.06902, -0.10382, -0.12937), (0.13248, -0.11148, 0.04758), (-0.12358, -0.11031, 0.05095), (0.06728, -0.11825, -0.14148), (0.04277, -0.12644, 0.14231), (-0.14887, -0.12508, -0.08984), (0.16172, -0.13355, -0.03159), (-0.11525, -0.14228, 0.15413), (-0.01708, -0.14073, -0.18144), (0.15671, -0.14974, 0.14341), (-0.20106, -0.15900, -0.00105), (0.17416, -0.15727, -0.15606), (-0.02304, -0.16681, 0.22007), (-0.12224, -0.16487, -0.16710), (0.23791, -0.17469, 0.04906), (-0.19585, -0.18476, 0.11541), (0.07924, -0.18263, -0.25396), (0.10459, -0.19299, 0.22601), (-0.26758, -0.20360, -0.11361), (0.25715, -0.20128, -0.08933), (-0.15211, -0.21217, 0.27804), (-0.06922, -0.20964, -0.28874), (0.28463, -0.22081, 0.19458), (-0.32019, -0.23223, 0.04389), (0.19266, -0.22952, -0.22933), (0.01304, -0.24122, 0.35082), (-0.22741, -0.25318, -0.23311), (0.37986, -0.25027, 0.02355), (-0.27614, -0.26251, 0.22055), (0.06601, -0.27500, -0.40650), (0.20813, -0.27191, 0.32126), (-0.42985, -0.28468, -0.11438), (0.36789, -0.28138, -0.18957), (-0.16856, -0.29443, 0.44899), (-0.16432, -0.30774, -0.41534), (0.36884, -0.30425, 0.18191), (-0.46283, -0.31784, 0.13192), (0.23469, -0.33168, -0.37662), (0.09197, -0.32800, 0.50945), (-0.37870, -0.34212, -0.29169), (0.55423, -0.35650, -0.04417), (-0.35245, -0.35263, 0.37425), (0.01165, -0.36729, -0.59610), (0.36247, -0.36322, 0.41635), (-0.63393, -0.37815, -0.07554), (0.48266, -0.39334, -0.34258), (-0.11714, -0.38908, 0.52963), (-0.31387, -0.40454, -0.55049), (0.55282, -0.42027, 0.18120), (-0.61886, -0.41582, 0.27571), (0.25166, -0.43182, -0.56994), (0.22758, -0.42717, 0.68663), (-0.57990, -0.44345, -0.32810), (0.75256, -0.45998, -0.16906), (-0.40994, -0.45514, 0.58163), (-0.09989, -0.47195, -0.81533), (0.57407, -0.48903, 0.49646), (-0.69300, -0.48399, 0.01583), (0.58673, -0.50134, -0.55622), (-0.05634, -0.51895, 0.73769), (-0.52714, -0.51373, -0.67972), (0.77652, -0.53162, 0.13753), (-0.77418, -0.52618, 0.48599), (0.22746, -0.54435, -0.80814), (0.43206, -0.56277, 0.86876), (-0.83117, -0.55715, -0.32566), (0.96194, -0.57585, -0.36475), (-0.43149, -0.59481, 0.84422), (-0.22484, -0.58900, -0.83389), (0.84593, -0.60823, 0.54409), (-0.90578, -0.62773, 0.15017), (0.66242, -0.62173, -0.83503), (0.06355, -0.64150, 0.97284), (-0.81027, -0.63529, -0.78523), (1.03342, -0.65534, 0.03499), (-0.91107, -0.67564, 0.77054), (0.14517, -0.66925, -1.08584), (0.56350, -0.68983, 0.81846), (-1.12836, -0.71067, -0.26655), (0.92305, -0.70409, -0.50893), (-0.39843, -0.72521, 1.15926), (-0.43987, -0.71842, -1.02657), (1.17681, -0.73981, 0.53988), (-1.12727, -0.76147, 0.35582), (0.68972, -0.75449, -1.17936), (0.25648, -0.77642, 1.22325), (-1.16532, -0.79861, -0.84654), (1.31254, -0.79144, -0.14179), (-0.79485, -0.81391, 0.89298), (-0.01190, -0.83663, -1.39305), (0.85674, -0.82927, 0.93002), (-1.46266, -0.85228, -0.13277), (1.06739, -0.84471, -0.80361), (-0.29154, -0.86799, 1.51923), (-0.73266, -0.89153, -1.20507), (1.56062, -0.88377, 0.46344), (-1.34097, -0.90759, 0.64314), (0.64721, -0.93166, -1.58472), (0.53452, -0.92372, 1.47287), (-1.25240, -0.94807, -0.66288), (1.59840, -0.97268, -0.40654), (-0.82670, -0.96455, 1.24579), (-0.25919, -0.98943, -1.71507), (1.22056, -0.98109, 0.99703), (-1.82030, -1.00626, 0.09278), (1.17197, -1.03168, -1.17523), (-0.09210, -1.02315, 1.91149), (-1.10850, -1.04885, -1.34934), (1.98599, -1.07481, 0.29450), (-1.52677, -1.06609, 1.01927), (0.40432, -1.09232, -1.60837), (0.90673, -1.11881, 1.70165), (-1.64305, -1.10991, -0.59112), (1.87122, -1.13668, -0.77030), (-0.78971, -1.12757, 1.65840), (-0.60973, -1.15461, -2.03254), (1.65232, -1.18192, 0.99830), (-2.18256, -1.17262, 0.42513), (1.21477, -1.20020, -1.62289), (0.21693, -1.22804, 2.31814), (-1.56835, -1.21855, -1.43672), (1.91982, -1.24667, 0.01106), (-1.66147, -1.23697, 1.48718), (0.21113, -1.26536, -2.00662), (1.37814, -1.29401, 1.88606), (-2.07476, -1.28413, -0.42900), (2.10730, -1.31306, -1.24027), (-0.66317, -1.34225, 2.12152), (-1.07298, -1.33217, -2.32181), (2.14429, -1.36164, 0.91174), (-2.52602, -1.39136, 0.87604), (1.17247, -1.38110, -2.14057), (0.51208, -1.41110, 2.14109), (-2.10808, -1.40063, -1.44275), (2.28868, -1.43090, -0.31247), (-1.71963, -1.46144, 2.04475), (-0.08866, -1.45078, -2.42002), (1.94882, -1.48159, 1.99981), (-2.53175, -1.51266, -0.15831), (2.27973, -1.50182, -1.81883), (-0.42699, -1.53317, 2.62057), (-1.65372, -1.56477, -2.55552), (2.68324, -1.55374, 0.71548), (-2.22598, -1.58562, 1.14555), (1.02148, -1.57438, -2.71663), (0.96368, -1.60654, 2.43954), (-2.71781, -1.63895, -1.34222), (2.64119, -1.62752, -0.75132), (-1.67454, -1.66022, 2.68408), (-0.50881, -1.69317, -2.82704), (2.61303, -1.68155, 2.01487), (-2.99314, -1.71478, 0.23696), (2.35926, -1.70295, -2.50258), (-0.06292, -1.73646, 3.13552), (-1.85444, -1.77023, -2.13237), (3.25024, -1.75821, 0.38906), (-2.41228, -1.79226, 1.71027), (-0.01943, -0.00098, -0.01578), (0.02518, -0.00240, -0.00136), (-0.01805, -0.00423, 0.01821), (0.00118, -0.00632, -0.02606), (0.01722, -0.00755, 0.02083), (-0.02741, -0.00992, -0.00398), (0.02428, -0.01095, -0.01631), (-0.00725, -0.01359, 0.02919), (-0.01456, -0.01649, -0.02713), (0.03135, -0.01733, 0.01117), (-0.03142, -0.02050, 0.01304), (0.01596, -0.02394, -0.03376), (0.01104, -0.02459, 0.03641), (-0.03629, -0.02830, -0.02178), (0.04211, -0.03228, -0.00833)],
                102: [(0.11679, -0.09893, 0.02398), (-0.12028, -0.10642, 0.07102), (0.03949, -0.11418, -0.12696), (0.06546, -0.11298, 0.14113), (-0.13618, -0.12101, -0.05768), (0.16315, -0.12930, -0.05684), (-0.07862, -0.12792, 0.14402), (-0.04477, -0.13648, -0.18603), (0.14998, -0.14531, 0.10234), (-0.20933, -0.14374, 0.02888), (0.12878, -0.15284, -0.15356), (0.00714, -0.15106, 0.18782), (-0.15421, -0.16044, -0.15780), (0.20654, -0.17008, 0.01262), (-0.18920, -0.16811, 0.15139), (0.03623, -0.17802, -0.22436), (0.14454, -0.18820, 0.22268), (-0.24072, -0.18604, -0.06383), (0.25782, -0.19649, -0.13314), (-0.09547, -0.20720, 0.25499), (-0.11667, -0.20485, -0.29415), (0.26652, -0.21584, 0.13116), (-0.26504, -0.21328, 0.07580), (0.17078, -0.22455, -0.27460), (0.05362, -0.23607, 0.29553), (-0.27852, -0.23333, -0.21414), (0.32554, -0.24512, -0.02623), (-0.26092, -0.25718, 0.27754), (0.00662, -0.25425, -0.35438), (0.27096, -0.26658, 0.31069), (-0.38127, -0.27918, -0.04510), (0.36292, -0.27606, -0.25807), (-0.08929, -0.28893, 0.40539), (-0.18975, -0.28560, -0.33213), (0.42587, -0.29874, 0.13918), (-0.37749, -0.31215, 0.16857), (0.19461, -0.30863, -0.44179), (0.14070, -0.32232, 0.42327), (-0.45220, -0.33626, -0.25533), (0.46868, -0.33255, -0.10572), (-0.32091, -0.34677, 0.45616), (-0.06328, -0.34286, -0.51279), (0.45273, -0.35735, 0.39083), (-0.55462, -0.37210, 0.01316), (0.36884, -0.36800, -0.35027), (-0.04478, -0.38303, 0.59310), (-0.33514, -0.39832, -0.43137), (0.62710, -0.39403, 0.11050), (-0.49585, -0.40960, 0.31187), (0.18386, -0.42542, -0.65544), (0.27980, -0.42094, 0.56138), (-0.67692, -0.43704, -0.26455), (0.62692, -0.43236, -0.23834), (-0.35207, -0.44873, 0.69032), (-0.18705, -0.46537, -0.69134), (0.55056, -0.46050, 0.35343), (-0.75339, -0.47741, 0.12558), (0.43397, -0.49458, -0.54804), (0.05373, -0.48952, 0.81173), (-0.53613, -0.50697, -0.51865), (0.86494, -0.52467, 0.02853), (-0.60653, -0.51942, 0.51388), (0.12106, -0.53740, -0.91154), (0.48043, -0.53195, 0.69651), (-0.95001, -0.55021, -0.22355), (0.78735, -0.56873, -0.43501), (-0.26567, -0.56308, 0.77518), (-0.37696, -0.58187, -0.87765), (0.79284, -0.60093, 0.36289), (-0.96589, -0.59509, 0.30581), (0.46713, -0.61442, -0.80035), (0.22120, -0.60838, 1.05043), (-0.79641, -0.62799, -0.57749), (1.12951, -0.64786, -0.12302), (-0.69288, -0.64162, 0.77979), (-0.01131, -0.66177, -1.20131), (0.74933, -0.68217, 0.81201), (-1.00037, -0.67575, -0.08993), (0.93341, -0.69643, -0.70401), (-0.19982, -0.71737, 1.04619), (-0.64294, -0.71076, -1.05543), (1.08181, -0.73197, 0.32023), (-1.17624, -0.72516, 0.56539), (0.45040, -0.74665, -1.10557), (0.47084, -0.76840, 1.29387), (-1.11581, -0.76139, -0.58934), (1.40621, -0.78342, -0.35896), (-0.73583, -0.80571, 1.11096), (-0.18175, -0.79851, -1.19556), (1.08952, -0.82108, 0.88840), (-1.27695, -0.84390, 0.06620), (1.04537, -0.83651, -1.05011), (-0.06382, -0.85961, 1.34912), (-0.99153, -0.85202, -1.20482), (1.40999, -0.87540, 0.20783), (-1.36463, -0.89903, 0.91275), (0.36504, -0.89125, -1.45750), (0.63987, -0.91516, 1.19832), (-1.48958, -0.93933, -0.53444), (1.32581, -0.93136, -0.54713), (-0.71468, -0.95581, 1.50421), (-0.43595, -0.94763, -1.44863), (1.49949, -0.97236, 0.90418), (-1.56443, -0.99734, 0.30614), (1.10104, -0.98898, -1.47362), (0.15782, -1.01423, 1.67079), (-1.42498, -1.03975, -1.30310), (1.76518, -1.03120, 0.00863), (-1.18691, -1.05699, 1.06427), (0.19251, -1.08305, -1.84508), (0.99204, -1.07430, 1.35518), (-1.90793, -1.10063, -0.39277), (1.52262, -1.09169, -0.89794), (-0.60807, -1.11829, 1.95124), (-0.78124, -1.14516, -1.68666), (1.97258, -1.13602, 0.83670), (-1.84456, -1.16316, 0.64151), (1.07662, -1.19056, -1.96966), (0.47861, -1.18124, 1.99345), (-1.52745, -1.20891, -1.04342), (2.13032, -1.23685, -0.29274), (-1.25064, -1.22733, 1.48973), (-0.08448, -1.25555, -2.25213), (1.42742, -1.24583, 1.46222), (-2.35579, -1.27432, -0.14524), (1.67549, -1.30306, -1.33915), (-0.39509, -1.29315, 2.43824), (-1.22378, -1.32218, -1.88751), (2.49646, -1.35146, 0.66335), (-2.09513, -1.34136, 1.08052), (0.74634, -1.37092, -1.99017), (0.90890, -1.40074, 2.29502), (-2.00145, -1.39045, -0.98626), (2.48366, -1.42055, -0.70885), (-1.23699, -1.41006, 1.98660), (-0.48068, -1.44043, -2.65746), (1.94349, -1.47106, 1.49590), (-2.81273, -1.46038, 0.22515), (1.76002, -1.49129, -1.87020), (-0.05655, -1.52245, 2.94577), (-1.76511, -1.51158, -2.02609), (2.40452, -1.54302, 0.28570), (-2.29054, -1.53194, 1.62696), (0.54728, -1.56366, -2.47843), (1.45483, -1.59564, 2.54958), (-2.52630, -1.58437, -0.82711), (2.79918, -1.61663, -1.24824), (-1.12280, -1.64915, 2.54518), (-1.00715, -1.63769, -3.03515), (2.53228, -1.67048, 1.43158), (-3.25317, -1.70353, 0.73201), (1.75025, -1.69188, -2.48509), (0.33388, -1.72521, 2.71729), (-2.40138, -1.71336, -2.07524), (2.86511, -1.74696, -0.06645), (-2.40263, -1.78083, 2.27926), (0.22724, -1.76878, -2.98900), (0.02452, -0.00018, -0.00487), (-0.01497, -0.00183, 0.02016), (-0.00247, -0.00323, -0.02531), (0.01911, -0.00516, 0.01738), (-0.02664, -0.00734, -0.00005), (0.02026, -0.00855, -0.01828), (-0.00281, -0.01101, 0.02777), (-0.01751, -0.01201, -0.02377), (0.02965, -0.01475, 0.00601), (-0.02802, -0.01775, 0.01663), (0.00983, -0.01856, -0.03188), (0.01544, -0.02183, 0.03309), (-0.03436, -0.02537, -0.01446), (0.03903, -0.02599, -0.01370), (-0.02006, -0.02980, 0.03696), (-0.01115, -0.03022, -0.04585), (0.03949, -0.03430, 0.02681), (-0.04737, -0.03865, 0.00665), (0.03483, -0.03888, -0.04174), (0.00219, -0.04350, 0.05416), (-0.04343, -0.04838, -0.04423), (0.06139, -0.04842, 0.00360), (-0.05507, -0.05358, 0.04428), (0.01096, -0.05899, -0.06892), (0.04396, -0.05884, 0.06736), (-0.07651, -0.06453, -0.02009), (0.08106, -0.06418, -0.04211), (-0.03118, -0.07015, 0.08389), (-0.03219, -0.07638, -0.08059), (0.09074, -0.07583, 0.04438), (-0.09383, -0.08234, 0.02708), (0.05982, -0.08910, -0.09670), (0.01983, -0.08836, 0.10783), (-0.10135, -0.09541, -0.07754), (0.12236, -0.10271, -0.01016)],
                104: [(0.24056, -0.19763, 0.07839), (-0.27112, -0.20846, 0.12135), (0.11116, -0.21954, -0.25293), (0.10229, -0.21696, 0.30683), (-0.26228, -0.22832, -0.14779), (0.34277, -0.23994, -0.07763), (-0.18814, -0.23717, 0.26793), (-0.04701, -0.24906, -0.37822), (0.26917, -0.26122, 0.23196), (-0.41241, -0.25826, 0.01014), (0.27888, -0.27069, -0.26530), (-0.02642, -0.26753, 0.35402), (-0.25564, -0.28023, -0.32845), (0.37858, -0.29320, 0.06637), (-0.38007, -0.28985, 0.23951), (0.11185, -0.30309, -0.40006), (0.21631, -0.31659, 0.43306), (-0.41756, -0.31305, -0.16277), (0.48659, -0.32683, -0.18548), (-0.21894, -0.34086, 0.43021), (-0.14654, -0.33713, -0.53976), (0.43707, -0.35145, 0.28004), (-0.46962, -0.34751, 0.07870), (0.34561, -0.36210, -0.43724), (0.03427, -0.37695, 0.51095), (-0.42980, -0.37282, -0.41507), (0.54961, -0.38795, 0.01765), (-0.48767, -0.40333, 0.41391), (0.07711, -0.39902, -0.58452), (0.38874, -0.41468, 0.56253), (-0.61458, -0.43060, -0.14405), (0.63865, -0.42609, -0.35358), (-0.21825, -0.44229, 0.63862), (-0.24385, -0.43758, -0.56638), (0.65547, -0.45405, 0.29932), (-0.62871, -0.47079, 0.19966), (0.38674, -0.46588, -0.66395), (0.14581, -0.48289, 0.68944), (-0.66289, -0.50016, -0.47979), (0.74732, -0.49507, -0.08205), (-0.57758, -0.51262, 0.65117), (-0.00824, -0.50732, -0.80101), (0.62775, -0.52514, 0.67907), (-0.84911, -0.54323, -0.07559), (0.61962, -0.53774, -0.46819), (-0.16921, -0.55610, 0.89016), (-0.43095, -0.57471, -0.70605), (0.92268, -0.56904, 0.27225), (-0.79276, -0.58793, 0.38191), (0.38409, -0.60708, -0.94516), (0.32049, -0.60122, 0.87834), (-0.95613, -0.62065, -0.50393), (0.96126, -0.61458, -0.24628), (-0.63077, -0.63428, 0.95414), (-0.15901, -0.65425, -1.03990), (0.74160, -0.64799, 0.60363), (-1.11251, -0.66823, 0.05865), (0.71534, -0.68873, -0.71984), (-0.05467, -0.68228, 1.17730), (-0.68437, -0.70306, -0.83010), (1.23240, -0.72409, 0.18055), (-0.94642, -0.71746, 0.63422), (0.31839, -0.73877, -1.27597), (0.56860, -0.73193, 1.06261), (-1.30612, -0.75351, -0.46733), (1.17687, -0.77536, -0.48687), (-0.49501, -0.76833, 1.04422), (-0.38860, -0.79045, -1.28722), (1.04769, -0.81284, 0.63050), (-1.39156, -0.80562, 0.27357), (0.77272, -0.82828, -1.03608), (0.14184, -0.82085, 1.48772), (-1.00799, -0.84378, -0.92017), (1.57343, -0.86698, 0.00632), (-1.07113, -0.85936, 0.96214), (0.17032, -0.88283, -1.64639), (0.89741, -0.90657, 1.22367), (-1.34695, -0.89876, -0.27606), (1.37566, -0.92277, -0.81289), (-0.43055, -0.94703, 1.38583), (-0.70787, -0.93904, -1.52477), (1.40915, -0.96358, 0.59626), (-1.66854, -0.95538, 0.58192), (0.77184, -0.98020, -1.41500), (0.43487, -1.00528, 1.80435), (-1.40156, -0.99689, -0.95563), (1.92949, -1.02224, -0.26686), (-1.14571, -1.04786, 1.36716), (-0.06192, -1.03928, -1.61323), (1.31028, -1.06517, 1.33988), (-1.69703, -1.09132, -0.10314), (1.53572, -1.08255, -1.22963), (-0.28459, -1.10898, 1.76602), (-1.12416, -1.10000, -1.73056), (1.81775, -1.12671, 0.48131), (-1.92151, -1.15367, 0.99310), (0.69187, -1.14450, -1.84983), (0.65737, -1.17174, 1.65567), (-1.85993, -1.19924, -0.91451), (1.80173, -1.18989, -0.51592), (-1.14715, -1.21766, 1.84590), (-0.35232, -1.20810, -1.93815), (1.80574, -1.23615, 1.38737), (-2.06201, -1.26446, 0.16686), (1.63245, -1.25471, -1.73768), (-0.03977, -1.28330, 2.17034), (-1.64019, -1.31215, -1.87938), (2.26018, -1.30221, 0.26655), (-1.67126, -1.33133, 1.18928), (0.51206, -1.36071, -2.32855), (1.06931, -1.35058, 1.87018), (-2.37258, -1.38024, -0.77449), (2.06380, -1.36991, -0.92247), (-1.05164, -1.39984, 2.38952), (-0.74841, -1.43004, -2.24884), (2.37680, -1.41951, 1.34094), (-2.42188, -1.44998, 0.54718), (1.63942, -1.48071, -2.33205), (0.31922, -1.47000, 2.57941), (-1.77266, -1.50101, -1.52922), (2.71786, -1.53227, -0.06541), (-1.77962, -1.52137, 1.69119), (0.21294, -1.55291, -2.83364), (1.57887, -1.54181, 2.03076), (-2.92325, -1.57362, -0.51407), (2.27912, -1.60570, -1.43458), (-0.83575, -1.59440, 2.98325), (-1.25755, -1.62676, -2.52095), (3.01039, -1.65937, 1.17529), (-2.75231, -1.64789, 1.04746), (1.20375, -1.68078, -2.36225), (0.80443, -1.71392, 2.96911), (-2.33702, -1.70225, -1.49911), (3.16713, -1.73567, -0.52904), (-1.80283, -1.72379, 2.27828), (-0.22239, -1.75749, -3.34214), (2.18397, -1.79146, 2.11133), (-3.48989, -1.77938, -0.11390), (-0.00594, -0.00097, -0.02432), (0.02091, -0.00272, 0.01417), (-0.02535, -0.00409, 0.00358), (0.01665, -0.00611, -0.01999), (0.00111, -0.00728, 0.02688), (-0.01929, -0.00958, -0.01962), (0.02894, -0.01214, 0.00167), (-0.02315, -0.01311, 0.01865), (0.00498, -0.01595, -0.03152), (0.01790, -0.01904, 0.02738), (-0.03454, -0.01982, -0.00904), (0.03239, -0.02320, -0.01686), (-0.01405, -0.02683, 0.03790), (-0.01531, -0.02742, -0.03823), (0.03738, -0.03133, 0.01824), (-0.04490, -0.03172, 0.01300), (0.02468, -0.03590, -0.03997), (0.00968, -0.04034, 0.05239), (-0.04233, -0.04054, -0.03232), (0.06059, -0.04526, -0.00508), (-0.04128, -0.05024, 0.04420), (0.00107, -0.05025, -0.06938), (0.04532, -0.05551, 0.05162), (-0.07855, -0.06102, -0.00903), (0.06337, -0.06084, -0.04538), (-0.01612, -0.06663, 0.07432), (-0.04404, -0.06625, -0.07650), (0.08166, -0.07232, 0.02639), (-0.09093, -0.07864, 0.04096), (0.03868, -0.07807, -0.08858), (0.03580, -0.08467, 0.10651), (-0.09475, -0.09153, -0.05309), (0.12304, -0.09077, -0.02818), (-0.06971, -0.09791, 0.09979), (-0.01777, -0.09694, -0.14024), (0.10328, -0.10436, 0.08857), (-0.12951, -0.11203, 0.00350), (0.10961, -0.11087, -0.10478), (-0.01038, -0.11882, 0.14383), (-0.10383, -0.12703, -0.13274), (0.15775, -0.12568, 0.02726), (-0.15776, -0.13417, 0.09995), (0.04732, -0.14291, -0.17083), (0.09267, -0.14138, 0.18441), (-0.18258, -0.15040, -0.07066), (0.21235, -0.14866, -0.08153), (-0.09735, -0.15796, 0.19244), (-0.05347, -0.16751, -0.19507), (0.19985, -0.16558, 0.12737), (-0.21913, -0.17542, 0.03727), (0.16061, -0.18551, -0.20420), (0.01690, -0.18339, 0.24312), (-0.20485, -0.19376, -0.19688), (0.26647, -0.20439, 0.00791)],
                106: [(0.40492, -0.32759, 0.18448), (-0.49673, -0.34174, 0.15822), (0.24086, -0.35615, -0.41433), (0.11629, -0.35219, 0.54750), (-0.41774, -0.36688, -0.30180), (0.59639, -0.38182, -0.06601), (-0.36680, -0.37767, 0.41426), (-0.00717, -0.39289, -0.64228), (0.40305, -0.40838, 0.43523), (-0.68397, -0.40403, -0.06028), (0.50632, -0.41979, -0.38327), (-0.10789, -0.41524, 0.57027), (-0.35419, -0.43128, -0.57914), (0.59636, -0.44757, 0.17540), (-0.65266, -0.44283, 0.31512), (0.24976, -0.45940, -0.61614), (0.26551, -0.47623, 0.72569), (-0.62847, -0.47131, -0.33054), (0.79695, -0.48841, -0.20492), (-0.41715, -0.50578, 0.63221), (-0.13304, -0.50066, -0.86502), (0.62625, -0.51830, 0.50883), (-0.73411, -0.51298, 0.03934), (0.60465, -0.53090, -0.60952), (-0.03567, -0.54908, 0.78301), (-0.58103, -0.54356, -0.70351), (0.82595, -0.56202, 0.12027), (-0.80415, -0.58073, 0.53990), (0.21417, -0.57503, -0.86147), (0.48534, -0.59402, 0.90513), (-0.88815, -0.61327, -0.31691), (1.00488, -0.60738, -0.41674), (-0.42783, -0.62691, 0.90452), (-0.26359, -0.62081, -0.87041), (0.90917, -0.64061, 0.54606), (-0.94773, -0.66067, 0.18718), (0.67054, -0.65439, -0.90071), (0.09817, -0.67472, 1.02026), (-0.87787, -0.69532, -0.79998), (1.08628, -0.68885, 0.00342), (-0.93291, -0.70972, 0.83945), (0.11735, -0.70304, -1.14403), (0.78441, -0.72419, 1.06763), (-1.19170, -0.74560, -0.24316), (0.94945, -0.73873, -0.56216), (-0.38018, -0.76041, 1.22748), (-0.49292, -0.78236, -1.05934), (1.24956, -0.77530, 0.52745), (-1.16664, -0.79752, 0.40802), (0.68381, -0.82000, -1.25621), (0.30711, -0.81275, 1.26939), (-1.24575, -0.83551, -0.84780), (1.36554, -0.82805, -0.19007), (-1.01775, -0.85109, 1.21662), (-0.05704, -0.87438, -1.45292), (0.92174, -0.86673, 0.94092), (-1.52934, -0.89030, -0.09161), (1.08514, -0.91413, -0.87041), (-0.25521, -0.90630, 1.59254), (-0.80061, -0.93040, -1.23012), (1.64030, -0.95477, 0.43279), (-1.37372, -0.94674, 0.71150), (0.62311, -0.97139, -1.67041), (0.60251, -0.96316, 1.51365), (-1.68076, -0.98807, -0.82460), (1.64747, -1.01325, -0.47330), (-0.81748, -1.00483, 1.31799), (-0.32382, -1.03028, -1.77259), (1.29679, -1.05600, 0.99454), (-1.88636, -1.04739, 0.15431), (1.17688, -1.07338, -1.25494), (-0.03466, -1.06456, 1.98606), (-1.19102, -1.09083, -1.36231), (2.06895, -1.11735, 0.24217), (-1.54837, -1.10835, 1.10387), (0.46696, -1.13515, -2.13231), (0.99256, -1.16221, 1.73243), (-1.71621, -1.15302, -0.55857), (1.91162, -1.18035, -0.85645), (-0.76306, -1.20795, 1.73791), (-0.69521, -1.19857, -2.08293), (1.73779, -1.22644, 0.97843), (-2.24321, -1.21685, 0.50886), (1.20257, -1.24500, -1.71381), (0.29780, -1.27341, 2.38922), (-1.66410, -1.26363, -1.43303), (2.51766, -1.29232, -0.06279), (-1.66711, -1.32126, 1.58703), (0.15399, -1.31129, -2.07331), (1.48125, -1.34051, 1.90177), (-2.14997, -1.36999, -0.37615), (2.13379, -1.35984, -1.34570), (-0.61568, -1.38959, 2.20510), (-1.17967, -1.37923, -2.35967), (2.23596, -1.40926, 0.87070), (-2.57576, -1.43955, 0.98285), (1.13896, -1.42900, -2.23993), (0.59356, -1.45957, 2.18326), (-2.21459, -1.49040, -1.41785), (2.34089, -1.47966, -0.39312), (-1.70438, -1.51076, 2.15774), (-0.16737, -1.49982, -2.48252), (2.06749, -1.53120, 1.99523), (-2.60470, -1.56284, -0.08273), (2.28676, -1.55170, -1.94224), (-0.35577, -1.58362, 2.70401), (-1.78080, -1.61579, -2.57503), (2.77704, -1.60447, 0.64990), (-2.24499, -1.63692, 1.24392), (0.96283, -1.66963, -2.82055), (1.06419, -1.65811, 2.46938), (-2.83144, -1.69110, -1.29181), (2.68246, -1.67938, -0.85287), (-1.63366, -1.71265, 2.80687), (-0.61020, -1.74617, -2.88027), (2.74426, -1.73426, 1.98480), (-3.05870, -1.76806, 0.33689), (2.34124, -1.80212, -2.64138), (0.02248, -0.00021, 0.01095), (-0.02410, -0.00179, 0.00700), (0.01333, -0.00364, -0.02163), (0.00471, -0.00498, 0.02535), (-0.02112, -0.00710, -0.01610), (0.02704, -0.00824, -0.00229), (-0.01942, -0.01063, 0.02083), (0.00042, -0.01329, -0.02922), (0.02064, -0.01424, 0.02347), (-0.03187, -0.01717, -0.00364), (0.02836, -0.02036, -0.02034), (-0.00755, -0.02112, 0.03495), (-0.01817, -0.02459, -0.03150), (0.03836, -0.02832, 0.01236), (-0.03719, -0.02889, 0.01679), (0.01827, -0.03289, -0.04195), (0.01472, -0.03325, 0.04369), (-0.04554, -0.03753, -0.02547), (0.05097, -0.04207, -0.01172), (-0.03409, -0.04224, 0.04889), (-0.00753, -0.04706, -0.05896), (0.05172, -0.05214, 0.04428), (-0.06755, -0.05212, 0.00188), (0.04795, -0.05747, -0.04592), (-0.00546, -0.05725, 0.07656), (-0.04631, -0.06288, -0.05910), (0.08576, -0.06877, 0.01474), (-0.07160, -0.06835, 0.04545), (0.02619, -0.07452, -0.09486), (0.04300, -0.08094, 0.08539), (-0.10354, -0.08034, -0.03997), (0.10035, -0.08704, -0.03863), (-0.05624, -0.09400, 0.11141), (-0.03198, -0.09321, -0.11629), (0.09731, -0.10044, 0.06190), (-0.13298, -0.09945, 0.02273), (0.07952, -0.10696, -0.10129), (0.01056, -0.11473, 0.15010), (-0.10349, -0.11355, -0.09929), (0.16727, -0.12159, 0.00482), (-0.12112, -0.12990, 0.10349), (0.02366, -0.12853, -0.18404), (0.10082, -0.13711, 0.14487), (-0.19992, -0.14595, -0.04617), (0.17031, -0.14439, -0.09502), (-0.05872, -0.15351, 0.17369), (-0.08564, -0.15174, -0.19713), (0.18405, -0.16113, 0.08332), (-0.22496, -0.17079, 0.07225), (0.11115, -0.16883, -0.19227), (0.05445, -0.17876, 0.25333), (-0.19777, -0.18895, -0.14216), (0.28167, -0.18680, -0.03186), (-0.17619, -0.19727, 0.19996), (-0.00420, -0.19491, -0.30937), (0.19821, -0.20566, 0.21301), (-0.26961, -0.21666, -0.02311), (0.25228, -0.21412, -0.19193), (-0.05414, -0.22539, 0.29000), (-0.18051, -0.23693, -0.29356), (0.30815, -0.23420, 0.08982), (-0.33631, -0.24601, 0.16338), (0.13015, -0.25809, -0.32331), (0.14003, -0.25517, 0.37989), (-0.33472, -0.26752, -0.17502), (0.42356, -0.26439, -0.11000), (-0.22421, -0.27702, 0.34159), (-0.05825, -0.28990, -0.37271), (0.34311, -0.28658, 0.27741), (-0.40723, -0.29975, 0.02281), (0.33415, -0.31317, -0.33847), (-0.01897, -0.30966, 0.43982), (-0.32689, -0.32336, -0.39386), (0.46956, -0.33732, 0.06722)],
                108: [(0.59617, -0.48880, 0.35736), (-0.79699, -0.50628, 0.15813), (0.44249, -0.52402, -0.59547), (0.08354, -0.51867, 0.86035), (-0.58497, -0.53669, -0.53213), (0.91850, -0.55496, 0.00209), (-0.62532, -0.54942, 0.56367), (0.09863, -0.56797, -0.96989), (0.53065, -0.58678, 0.72093), (-1.01291, -0.58105, -0.20576), (0.81767, -0.60014, -0.48510), (-0.25493, -0.59421, 0.82563), (-0.42630, -0.61357, -0.91409), (0.84669, -0.63319, 0.35653), (-1.00860, -0.62707, 0.35374), (0.46568, -0.64697, -0.85726), (0.26702, -0.66713, 1.09951), (-0.85600, -0.66081, -0.58147), (1.18498, -0.68125, -0.16600), (-0.70278, -0.70194, 0.84159), (-0.05069, -0.69544, -1.26310), (0.81282, -0.71641, 0.82829), (-1.05082, -0.70970, -0.06203), (0.95649, -0.73095, -0.76859), (-0.17555, -0.75246, 1.10164), (-0.70794, -0.74556, -1.08567), (1.14208, -0.76734, 0.30027), (-1.21396, -0.78938, 0.63010), (0.43542, -0.78230, -1.17039), (0.53447, -0.80461, 1.33930), (-1.18485, -0.82719, -0.58002), (1.45953, -0.81992, -0.42069), (-0.73281, -0.84277, 1.18378), (-0.22767, -0.83529, -1.24018), (1.16560, -0.85842, 0.89231), (-1.32804, -0.88181, 0.10980), (1.05680, -0.87414, -1.12886), (-0.02332, -0.89780, 1.40669), (-1.07227, -0.92173, -1.22432), (1.47397, -0.91387, 0.17122), (-1.39269, -0.93807, 0.99471), (0.33316, -0.93000, -1.52772), (0.89530, -0.95448, 1.55951), (-1.56577, -0.97922, -0.50810), (1.35833, -0.97096, -0.60999), (-0.69471, -0.99598, 1.58601), (-0.49834, -1.02125, -1.48876), (1.58644, -1.01281, 0.89139), (-1.61242, -1.03836, 0.36725), (1.09622, -1.06416, -1.56515), (0.21676, -1.05553, 1.72678), (-1.52043, -1.08162, -1.30701), (1.82926, -1.07277, -0.04722), (-1.52127, -1.09914, 1.45074), (0.14071, -1.12576, -1.91720), (1.06863, -1.11673, 1.36954), (-1.98796, -1.14363, -0.34602), (1.54520, -1.17078, -0.97638), (-0.56736, -1.16156, 2.03892), (-0.86074, -1.18900, -1.71797), (2.06755, -1.21669, 0.80304), (-1.88503, -1.20728, 0.72116), (1.05101, -1.23525, -2.07143), (0.55746, -1.22564, 2.04342), (-2.04831, -1.25388, -1.30888), (2.19005, -1.28239, -0.36976), (-1.24167, -1.27258, 1.57477), (-0.15856, -1.30136, -2.32176), (1.51696, -1.33040, 1.46139), (-2.43536, -1.32041, -0.07523), (1.68357, -1.34973, -1.43246), (-0.33033, -1.33953, 2.52765), (-1.32005, -1.36912, -1.90523), (2.59549, -1.39897, 0.60503), (-2.12314, -1.38859, 1.17882), (0.89722, -1.41872, -2.63586), (1.00822, -1.44910, 2.33389), (-2.08790, -1.43853, -0.95037), (2.53388, -1.46919, -0.80806), (-1.20833, -1.50011, 2.08026), (-0.57859, -1.48935, -2.71938), (2.04384, -1.52055, 1.47551), (-2.88661, -1.50958, 0.32048), (1.74891, -1.54105, -1.97658), (0.03487, -1.57279, 3.03174), (-1.87675, -1.56163, -2.02522), (3.15094, -1.59364, 0.27662), (-2.30083, -1.62591, 1.74292), (0.48302, -1.61456, -2.55791), (1.57409, -1.64711, 2.57185), (-2.61557, -1.67991, -0.76830), (2.83417, -1.66837, -1.36962), (-1.07070, -1.70146, 2.64398), (-1.12938, -1.68971, -3.08350), (2.64022, -1.72307, 1.38744), (-3.31540, -1.75669, 0.85371), (1.71533, -1.74476, -2.60161), (0.42688, -1.77865, 2.76908), (-2.52577, -1.81281, -2.05077), (0.00998, -0.00097, -0.02296), (0.00808, -0.00265, 0.02392), (-0.02233, -0.00395, -0.01246), (0.02556, -0.00590, -0.00590), (-0.01530, -0.00812, 0.02198), (-0.00357, -0.00923, -0.02777), (0.02184, -0.01172, 0.01867), (-0.03060, -0.01448, 0.00088), (0.02270, -0.01540, -0.02178), (-0.00226, -0.01843, 0.03207), (-0.02162, -0.02172, -0.02754), (0.03517, -0.02245, 0.00601), (-0.03327, -0.02601, 0.02116), (0.01062, -0.02654, -0.03859), (0.02017, -0.03038, 0.03997), (-0.04220, -0.03448, -0.01625), (0.04765, -0.03482, -0.01839), (-0.02309, -0.03919, 0.04584), (-0.01553, -0.04383, -0.05629), (0.04929, -0.04398, 0.03129), (-0.05695, -0.04889, 0.00979), (0.04098, -0.05406, -0.05229), (0.00465, -0.05402, 0.06528), (-0.05455, -0.05947, -0.05224), (0.07406, -0.05922, 0.00207), (-0.06512, -0.06494, 0.05574), (0.01061, -0.07093, -0.08309), (0.05551, -0.07049, 0.07961), (-0.09211, -0.07675, -0.02119), (0.09563, -0.08327, -0.05347), (-0.03399, -0.08264, 0.10081), (-0.04081, -0.08944, -0.09371), (0.10885, -0.09650, 0.04916), (-0.10898, -0.09568, 0.03511), (0.06682, -0.10301, -0.11581), (0.02699, -0.10199, 0.12505), (-0.12126, -0.10960, -0.08700), (0.14165, -0.11747, -0.01615), (-0.10969, -0.11625, 0.12470), (-0.00229, -0.12440, -0.15844), (0.12566, -0.13280, 0.13480), (-0.17502, -0.13140, -0.01485), (0.13170, -0.14008, -0.10037), (-0.03547, -0.13847, 0.19091), (-0.09598, -0.14743, -0.15578), (0.20560, -0.15665, 0.05974), (-0.18134, -0.15485, 0.08829), (0.08774, -0.16434, -0.21852), (0.07689, -0.17409, 0.20804), (-0.22903, -0.17211, -0.11950), (0.23545, -0.18213, -0.06137), (-0.15492, -0.19242, 0.23648), (-0.04135, -0.19025, -0.26308), (0.19304, -0.20081, 0.15580), (-0.29035, -0.19843, 0.01652), (0.19026, -0.20927, -0.19306), (-0.01338, -0.22037, 0.31662), (-0.18895, -0.21780, -0.22726), (0.34116, -0.22917, 0.04853), (-0.26641, -0.24081, 0.18014), (0.08903, -0.23805, -0.36319), (0.16605, -0.24996, 0.30724), (-0.38189, -0.26213, -0.13485), (0.34918, -0.25918, -0.14616), (-0.14853, -0.27163, 0.31671), (-0.11998, -0.26848, -0.39154), (0.32544, -0.28120, 0.19401), (-0.43357, -0.29418, 0.08711), (0.24354, -0.29084, -0.32939), (0.04722, -0.30410, 0.47440), (-0.32778, -0.31762, -0.29673), (0.51309, -0.31408, -0.00007), (-0.35308, -0.32788, 0.31982), (0.05445, -0.32414, -0.54861), (0.30479, -0.33821, 0.41199), (-0.46176, -0.35254, -0.09264), (0.47270, -0.34861, -0.28198), (-0.14830, -0.36322, 0.48444), (-0.25078, -0.37808, -0.53436), (0.50201, -0.37397, 0.20996), (-0.59597, -0.38911, 0.21063), (0.27732, -0.40451, -0.51347), (0.16110, -0.40020, 0.65644), (-0.51779, -0.41588, -0.34991), (0.71458, -0.41137, -0.10186), (-0.42711, -0.42732, 0.51400), (-0.02600, -0.44354, -0.61114), (0.50111, -0.43884, 0.50818), (-0.65339, -0.45533, -0.03699), (0.59220, -0.47208, -0.47822), (-0.10837, -0.46719, 0.69076), (-0.44451, -0.48421, -0.67809), (0.72199, -0.50150, 0.18796)],
                110: [(0.79724, -0.68126, 0.60921), (-1.16659, -0.70207, 0.09748), (0.72659, -0.72313, -0.77749), (-0.01943, -0.71640, 1.23735), (-0.74351, -0.73774, -0.84745), (1.29828, -0.75935, 0.14967), (-0.97025, -0.75242, 0.69427), (0.29261, -0.77430, -1.34744), (0.62891, -0.79644, 1.09329), (-1.38286, -0.78933, -0.44741), (1.21467, -0.81174, -0.54675), (-0.48297, -0.80442, 1.10522), (-0.44728, -0.82711, -1.33237), (1.11261, -0.85007, 0.62388), (-1.44422, -0.84256, 0.33026), (0.77214, -0.86578, -1.10449), (0.19568, -0.88927, 1.54794), (-1.07939, -0.88157, -0.92624), (1.64119, -0.90534, -0.04379), (-1.08442, -0.92936, 1.03594), (0.12484, -0.92147, -1.72157), (0.97296, -0.94577, 1.24469), (-1.40769, -0.93768, -0.24376), (1.40488, -0.96225, -0.88943), (-0.40279, -0.98709, 1.45242), (-0.78459, -0.97880, -1.56259), (1.48133, -1.00391, 0.57387), (-1.71528, -1.02928, 0.65794), (0.75559, -1.02081, -1.49242), (0.50923, -1.04646, 1.86026), (-1.48376, -1.07236, -0.94631), (1.99470, -1.06370, -0.33856), (-1.14407, -1.08989, 1.45359), (-0.11531, -1.08102, -1.66704), (1.40029, -1.10748, 1.34664), (-1.75847, -1.13419, -0.05278), (1.55155, -1.12514, -1.32246), (-0.23819, -1.15213, 1.83504), (-1.21897, -1.17939, -1.75607), (1.89422, -1.17014, 0.43982), (-1.95724, -1.19767, 1.08894), (0.65626, -1.18822, -1.93349), (0.93184, -1.21603, 2.15192), (-1.95043, -1.24409, -0.88575), (1.84154, -1.23445, -0.58904), (-1.12619, -1.26279, 1.94274), (-0.42457, -1.29139, -1.98696), (1.90833, -1.28156, 1.37515), (-2.12006, -1.31044, 0.23725), (1.62987, -1.33958, -1.84529), (0.02769, -1.32956, 2.23777), (-1.75200, -1.35897, -1.88730), (2.33700, -1.34875, 0.20311), (-2.14409, -1.37844, 1.62713), (0.45379, -1.40839, -2.41467), (1.15850, -1.39797, 1.88914), (-2.46777, -1.42820, -0.72255), (2.09254, -1.45868, -1.01348), (-1.00720, -1.44808, 2.49342), (-0.84025, -1.47884, -2.28792), (2.48890, -1.50986, 1.30516), (-2.47175, -1.49907, 0.63877), (1.61345, -1.53037, -2.45173), (0.40940, -1.51937, 2.64041), (-2.37967, -1.55094, -1.92871), (2.79022, -1.58277, -0.15294), (-1.77191, -1.57158, 1.79051), (0.12936, -1.60369, -2.91746), (1.68307, -1.63606, 2.03282), (-3.01849, -1.62468, -0.43578), (2.29182, -1.65733, -1.54276), (-0.76413, -1.64574, 3.08972), (-1.36871, -1.67867, -2.54510), (3.12775, -1.71185, 1.11175), (-2.78861, -1.70007, 1.16046), (1.47549, -1.73353, -3.12938), (0.91803, -1.76725, 3.01815), (-2.43857, -1.75528, -1.46061), (3.22941, -1.78928, -0.64190), (0.01128, -0.00027, 0.02231), (-0.02346, -0.00175, -0.00901), (0.02367, -0.00353, -0.00916), (-0.01165, -0.00480, 0.02318), (-0.00706, -0.00686, -0.02550), (0.02327, -0.00917, 0.01474), (-0.02785, -0.01026, 0.00481), (0.01848, -0.01285, -0.02363), (0.00222, -0.01570, 0.03077), (-0.02282, -0.01659, -0.02182), (0.03426, -0.01972, 0.00093), (-0.02656, -0.02310, 0.02278), (0.00485, -0.02381, -0.03826), (0.02246, -0.02747, 0.03216), (-0.04268, -0.02797, -0.00978), (0.03867, -0.03190, -0.02167), (-0.01592, -0.03610, 0.04736), (-0.02014, -0.03641, -0.04613), (0.04579, -0.04089, 0.02063), (-0.05453, -0.04562, 0.01762), (0.02838, -0.04574, -0.04929), (0.01383, -0.05075, 0.06379), (-0.05241, -0.05066, -0.03754), (0.07380, -0.05595, -0.00848), (-0.04820, -0.06149, 0.05489), (-0.00129, -0.06122, -0.08439), (0.05642, -0.06704, 0.06042), (-0.09532, -0.07312, -0.00800), (0.07421, -0.07266, -0.05666), (-0.01640, -0.07901, 0.08868), (-0.05526, -0.08563, -0.08952), (0.09733, -0.08498, 0.02819), (-0.10624, -0.09187, 0.05184), (0.04223, -0.09101, -0.10544), (0.04602, -0.09818, 0.12419), (-0.11265, -0.10561, -0.05865), (0.14312, -0.10456, -0.03744), (-0.07751, -0.11227, 0.11854), (-0.02572, -0.12023, -0.16274), (0.12267, -0.11899, 0.09883), (-0.14872, -0.12723, 0.00859), (0.12253, -0.13573, -0.12455), (-0.00683, -0.13431, 0.16495), (-0.12368, -0.14308, -0.14849), (0.18071, -0.14145, 0.02555), (-0.17650, -0.15050, 0.11957), (0.04774, -0.15981, -0.19551), (0.11171, -0.15799, 0.20626), (-0.20882, -0.16758, -0.07353), (0.23739, -0.17743, -0.09961), (-0.10297, -0.17542, 0.22005), (-0.06662, -0.18554, -0.21672), (0.22859, -0.19593, 0.13601), (-0.24342, -0.19372, 0.04913), (0.17253, -0.20438, -0.23378), (0.02711, -0.20198, 0.27003), (-0.23496, -0.21291, -0.21233), (0.29596, -0.22411, -0.00030), (-0.25508, -0.22151, 0.23145), (0.03153, -0.23299, -0.32054), (0.22260, -0.24472, 0.30035), (-0.34304, -0.24193, -0.06851), (0.27778, -0.25394, -0.16603), (-0.11068, -0.25095, 0.36268), (-0.14948, -0.26323, -0.31778), (0.37864, -0.27578, 0.15798), (-0.35853, -0.27259, 0.12707), (0.21022, -0.28541, -0.39005), (0.09837, -0.29849, 0.39932), (-0.39604, -0.29512, -0.26713), (0.43938, -0.30848, -0.06302), (-0.32826, -0.32209, 0.39573), (-0.02075, -0.31854, -0.47782), (0.30906, -0.33243, 0.31288), (-0.51368, -0.32866, -0.02863), (0.36837, -0.34283, -0.29800), (-0.08517, -0.35726, 0.54596), (-0.27978, -0.35330, -0.42599), (0.57359, -0.36800, 0.14879), (-0.48496, -0.38297, 0.25374), (0.21930, -0.37882, -0.59544), (0.21933, -0.39406, 0.54441), (-0.61039, -0.40956, -0.29632), (0.60331, -0.40523, -0.17604), (-0.30126, -0.42100, 0.49025), (-0.12351, -0.41646, -0.66056), (0.49066, -0.43252, 0.37307), (-0.71495, -0.44883, 0.06148), (0.44903, -0.44410, -0.48281), (-0.01017, -0.46068, 0.76520), (-0.46578, -0.47753, -0.52832), (0.80994, -0.47261, 0.09139), (-0.61001, -0.48974, 0.43872), (0.18196, -0.48461, -0.84777), (0.40087, -0.50201, 0.69298), (-0.69571, -0.51967, -0.22324), (0.77602, -0.51436, -0.35155), (-0.31023, -0.53229, 0.71463), (-0.29025, -0.55049, -0.85773), (0.72461, -0.54498, 0.40402), (-0.93664, -0.56345, 0.21657), (0.50384, -0.58218, -0.72442), (0.13030, -0.57649, 1.01114), (-0.71288, -0.59550, -0.60875), (1.07955, -0.58960, -0.03141), (-0.71762, -0.60888, 0.68887), (0.06332, -0.62843, -0.90343), (0.65137, -0.62234, 0.82916), (-0.94827, -0.64216, -0.16185), (0.94187, -0.66223, -0.59949), (-0.27039, -0.65596, 0.98420), (-0.53247, -0.67631, -1.05411), (1.00961, -0.69693, 0.38832)],
                112: [(0.98816, -0.90497, 0.94864), (-1.59503, -0.92910, -0.04649), (1.09973, -0.95350, -0.93901), (-0.21467, -0.94538, 1.66523), (-0.87075, -0.97005, -1.25208), (1.71976, -0.99498, 0.39773), (-1.40350, -0.98667, 0.78246), (0.59442, -1.01188, -1.75632), (0.67350, -1.03735, 1.55162), (-1.77269, -1.02885, -0.80317), (1.69393, -1.05459, -0.54346), (-0.80448, -1.04589, 1.39057), (-0.39222, -1.07191, -1.82776), (1.37383, -1.09819, 0.98817), (-1.95037, -1.08929, 0.21998), (1.17786, -1.11585, -1.33588), (0.02728, -1.14266, 2.05893), (-1.27524, -1.13358, -1.37132), (2.15061, -1.16067, 0.18502), (-1.56607, -1.18802, 1.19063), (0.41568, -1.17875, -2.22256), (1.08104, -1.20638, 1.75938), (-1.78852, -1.19690, -0.52197), (1.94834, -1.22480, -0.94573), (-0.73211, -1.25296, 1.81697), (-0.78430, -1.24330, -2.12984), (1.82325, -1.27174, 0.95407), (-2.30064, -1.30043, 0.59669), (1.18571, -1.29058, -1.80519), (0.38322, -1.31955, 2.45740), (-1.76082, -1.34879, -1.42459), (2.59669, -1.33874, -0.14460), (-1.66793, -1.36825, 1.68839), (0.09292, -1.35800, -2.13779), (1.58642, -1.38779, 1.91268), (-2.22332, -1.41783, -0.31900), (2.15552, -1.40739, -1.45374), (-0.56355, -1.43771, 2.28722), (-1.28955, -1.46829, -2.39290), (2.32662, -1.45766, 0.82470), (-2.62106, -1.48852, 1.09342), (1.10023, -1.47768, -2.33877), (0.86535, -1.50882, 2.83608), (-2.32111, -1.54021, -1.38751), (2.38955, -1.52919, -0.47713), (-1.68353, -1.56086, 2.27132), (-0.24992, -1.59279, -2.54173), (2.18735, -1.58157, 1.98493), (-2.67468, -1.61378, -0.00283), (2.28802, -1.64624, -2.06748), (-0.27977, -1.63484, 2.78483), (-1.91038, -1.66758, -2.58879), (2.86866, -1.65597, 0.57910), (-2.88299, -1.68899, 1.71513), (0.89856, -1.72227, -2.92278), (1.16706, -1.71047, 2.49450), (-2.94393, -1.74402, -1.23542), (2.71914, -1.77783, -0.95737), (-1.58651, -1.76584, 2.92911), (-0.71513, -1.79993, -2.92907), (0.02184, -0.00112, -0.01226), (-0.00802, -0.00257, 0.02393), (-0.01030, -0.00445, -0.02353), (0.02386, -0.00569, 0.01072), (-0.02580, -0.00784, 0.00836), (0.01386, -0.01026, -0.02412), (0.00606, -0.01131, 0.02782), (-0.02462, -0.01400, -0.01760), (0.03080, -0.01695, -0.00357), (-0.02211, -0.01781, 0.02523), (-0.00056, -0.02104, -0.03431), (0.02576, -0.02170, 0.02754), (-0.03831, -0.02520, -0.00318), (0.03399, -0.02895, -0.02600), (-0.00786, -0.02943, 0.04272), (-0.02570, -0.03346, -0.04155), (0.04741, -0.03776, 0.01368), (-0.04434, -0.03804, 0.02169), (0.02085, -0.04261, -0.05220), (0.01948, -0.04744, 0.05244), (-0.05687, -0.04753, -0.02954), (0.06139, -0.05264, -0.01611), (-0.03990, -0.05253, 0.06114), (-0.01130, -0.05791, -0.07109), (0.06471, -0.06355, 0.05204), (-0.08140, -0.06325, 0.00477), (0.06602, -0.06917, -0.06722), (-0.00373, -0.07535, 0.09211), (-0.05719, -0.07486, -0.06855), (0.10296, -0.08131, 0.01446), (-0.08306, -0.08802, 0.05638), (0.02764, -0.08734, -0.11361), (0.05372, -0.09433, 0.09899), (-0.12371, -0.09345, -0.04344), (0.11617, -0.10071, -0.04886), (-0.06201, -0.10824, 0.13282), (-0.04144, -0.10716, -0.13440), (0.11476, -0.11497, 0.06815), (-0.15340, -0.12303, 0.03110), (0.08800, -0.12176, -0.11945), (0.01751, -0.13010, 0.17282), (-0.12215, -0.12863, -0.11019), (0.19224, -0.13724, -0.00036), (-0.13464, -0.14612, 0.12238), (0.02059, -0.14446, -0.21118), (0.11966, -0.15361, 0.16116), (-0.22908, -0.16302, -0.04554), (0.18950, -0.16117, -0.11349), (-0.06012, -0.17085, 0.19762), (-0.10340, -0.18080, -0.21933), (0.20939, -0.17876, 0.08715), (-0.25023, -0.18898, 0.08893), (0.11769, -0.18673, -0.21882), (0.06965, -0.19723, 0.28169), (-0.22529, -0.20799, -0.15167), (0.31311, -0.20556, -0.04519), (-0.18893, -0.21659, 0.22817), (-0.01523, -0.22788, -0.34382), (0.22679, -0.22526, 0.22919), (-0.29820, -0.23683, -0.01636), (0.27211, -0.24866, -0.22052), (-0.04977, -0.24584, 0.32089), (-0.20873, -0.25795, -0.31720), (0.34119, -0.25493, 0.08819), (-0.36389, -0.26731, 0.19080), (0.13161, -0.27995, -0.35831), (0.16620, -0.27674, 0.41150), (-0.37143, -0.28966, -0.17992), (0.45924, -0.30284, -0.13444), (-0.23289, -0.29944, 0.37972), (-0.07569, -0.31289, -0.40285), (0.38232, -0.32660, 0.29017), (-0.44065, -0.32302, 0.03828), (0.35129, -0.33701, -0.37838), (-0.00592, -0.33321, 0.47644), (-0.36708, -0.34748, -0.41564), (0.50929, -0.36200, 0.05702), (-0.48248, -0.35802, 0.34764), (0.11502, -0.37282, -0.53817), (0.31934, -0.38788, 0.55093), (-0.56202, -0.38371, -0.17980), (0.49211, -0.39905, -0.22345), (-0.25108, -0.39467, 0.57976), (-0.18629, -0.41028, -0.54895), (0.59029, -0.42616, 0.32845), (-0.60478, -0.42159, 0.14039), (0.41132, -0.43774, -0.59250), (0.08544, -0.45415, 0.65850), (-0.58534, -0.44939, -0.49896), (0.70890, -0.46607, -0.02125), (-0.59045, -0.48302, 0.56778), (0.05224, -0.47807, -0.75469), (0.42704, -0.49529, 0.54262), (-0.79452, -0.49014, -0.13489), (0.62144, -0.50764, -0.39630), (-0.22644, -0.52539, 0.82704), (-0.35487, -0.52005, -0.70100), (0.85082, -0.53809, 0.32640), (-0.78005, -0.55638, 0.30215), (0.43411, -0.55085, -0.86447), (0.23769, -0.56941, 0.85721), (-0.86663, -0.58824, -0.54872), (0.93099, -0.58252, -0.16117), (-0.52978, -0.60163, 0.67768), (-0.07246, -0.59570, -0.99980), (0.66126, -0.61508, 0.63176), (-1.06197, -0.63472, -0.02839), (0.73704, -0.62861, -0.63241), (-0.14110, -0.64852, 1.11580), (-0.59019, -0.66870, -0.84431), (1.15951, -0.66239, 0.26521), (-0.95206, -0.68284, 0.53380), (0.40001, -0.67634, -1.19136), (0.46255, -0.69706, 1.05863), (-0.95714, -0.71805, -0.43088), (1.16223, -0.71135, -0.37597), (-0.55467, -0.73261, 0.96413), (-0.27377, -0.75414, -1.26093), (0.95749, -0.74725, 0.68520), (-1.35271, -0.76905, 0.15588), (0.82114, -0.79111, -0.93584), (0.02248, -0.78403, 1.43545), (-0.89795, -0.80636, -0.96094), (1.50700, -0.79908, 0.12599), (-1.10287, -0.82169, 0.84268), (0.22848, -0.84456, -1.23817), (0.76911, -0.83709, 1.24497), (-1.27812, -0.86024, -0.36967), (1.38513, -0.88364, -0.67648), (-0.52179, -0.87598, 1.30406), (-0.56429, -0.89966, -1.52106), (1.31414, -0.92361, 0.68363)],
                114: [(1.14677, -1.15993, 1.38017), (-2.06678, -1.18739, -0.29470), (1.56409, -1.21511, -1.05685), (-0.52181, -1.20561, 2.12583), (-0.94272, -1.23361, -1.74567), (2.16222, -1.26187, 0.76431), (-1.92202, -1.25217, 0.80377), (1.02013, -1.28071, -2.17341), (0.63973, -1.30951, 2.09010), (-2.15703, -1.29962, -1.28687), (2.24674, -1.32869, -0.45065), (-1.22833, -1.31860, 1.66022), (-0.23697, -1.34795, -2.38866), (1.60738, -1.37756, 1.45608), (-2.51255, -1.36728, -0.00046), (1.68711, -1.39716, -1.52717), (-0.26041, -1.42731, 2.61510), (-1.41825, -1.41684, -1.91840), (2.69304, -1.44726, 0.54120), (-2.14667, -1.47794, 1.27961), (0.84074, -1.46728, -2.74320), (1.11058, -1.49823, 2.36839), (-2.17336, -1.48737, -0.90982), (2.57990, -1.51860, -0.91088), (-1.17475, -1.55009, 2.17341), (-0.68065, -1.53904, -2.77736), (2.14419, -1.57081, 1.44998), (-2.95687, -1.60283, 0.42051), (1.73249, -1.59159, -2.08352), (0.13150, -1.62390, 3.11444), (-1.98952, -1.65646, -2.01893), (3.24615, -1.64503, 0.18481), (-2.30564, -1.67787, 1.86064), (0.41425, -1.66623, -2.63489), (1.69573, -1.69934, 2.58866), (-2.70275, -1.73272, -0.70456), (2.86380, -1.72089, -1.49404), (-1.01329, -1.75454, 2.74116), (-1.25530, -1.78845, -3.12664), (2.74706, -1.77644, 1.33766), (-0.00450, -0.00030, 0.02459), (-0.01323, -0.00171, -0.02135), (0.02447, -0.00342, 0.00704), (-0.02324, -0.00539, 0.01139), (0.00976, -0.00661, -0.02449), (0.00956, -0.00886, 0.02567), (-0.02489, -0.01137, -0.01291), (0.02872, -0.01240, -0.00756), (-0.01662, -0.01518, 0.02552), (-0.00518, -0.01823, -0.03242), (0.02623, -0.01907, 0.02106), (-0.03679, -0.02239, 0.00219), (0.02636, -0.02302, -0.02689), (-0.00166, -0.02662, 0.04178), (-0.02728, -0.03047, -0.03264), (0.04248, -0.03092, 0.00593), (-0.03997, -0.03505, 0.02718), (0.01142, -0.03944, -0.04712), (0.02633, -0.03970, 0.04841), (-0.05189, -0.04436, -0.01817), (0.05794, -0.04929, -0.02443), (-0.02636, -0.04936, 0.05660), (-0.02119, -0.05456, -0.06852), (0.06098, -0.05442, 0.03614), (-0.08002, -0.05990, 0.01629), (0.04762, -0.06564, -0.06476), (0.00796, -0.06531, 0.07790), (-0.06760, -0.07133, -0.06087), (0.08831, -0.07760, -0.00024), (-0.07593, -0.07709, 0.06914), (0.00956, -0.08364, -0.09894), (0.06899, -0.08291, 0.09275), (-0.10948, -0.08974, -0.02167), (0.11125, -0.09683, -0.06676), (-0.03627, -0.09591, 0.11960), (-0.06201, -0.10328, -0.13125), (0.12891, -0.11090, 0.05352), (-0.12508, -0.10980, 0.04458), (0.07351, -0.11770, -0.13696), (0.03558, -0.12585, 0.14334), (-0.14327, -0.12456, -0.09627), (0.16214, -0.13300, -0.02355), (-0.12178, -0.13150, 0.14733), (-0.00818, -0.14021, -0.18111), (0.14860, -0.14918, 0.14991), (-0.19980, -0.14749, -0.01079), (0.18048, -0.15674, -0.14653), (-0.03357, -0.16625, 0.21771), (-0.11364, -0.16437, -0.17238), (0.23427, -0.17415, 0.06033), (-0.20074, -0.18420, 0.10548), (0.09116, -0.18213, -0.24885), (0.09326, -0.19245, 0.23032), (-0.26081, -0.19018, -0.12605), (0.26066, -0.20077, -0.07655), (-0.16492, -0.21163, 0.26943), (-0.05498, -0.20916, -0.29124), (0.21911, -0.22030, 0.16600), (-0.32142, -0.23169, 0.02820), (0.20359, -0.22904, -0.21968), (-0.00405, -0.24070, 0.35052), (-0.21581, -0.23784, -0.24393), (0.37777, -0.24979, 0.04196), (-0.28660, -0.26199, 0.20688), (0.08562, -0.25894, -0.40234), (0.19230, -0.27142, 0.33110), (-0.42334, -0.28416, -0.13503), (0.37681, -0.28092, -0.17150), (-0.15121, -0.29394, 0.34999), (-0.14397, -0.30721, -0.42303), (0.36027, -0.30379, 0.20005), (-0.46893, -0.31734, 0.10929), (0.25325, -0.31371, -0.36547), (0.06710, -0.32753, 0.51360), (-0.36478, -0.34162, -0.31040), (0.55605, -0.33780, -0.01715), (-0.37098, -0.35216, 0.35736), (0.04068, -0.36678, -0.59521), (0.34245, -0.36277, 0.43436), (-0.49975, -0.37767, -0.08440), (0.49974, -0.39283, -0.31930), (-0.14329, -0.38863, 0.52515), (-0.28726, -0.40406, -0.56622), (0.54521, -0.39966, 0.20861), (-0.63277, -0.41537, 0.24574), (0.28005, -0.43134, -0.55889), (0.19426, -0.42675, 0.69823), (-0.56510, -0.44299, -0.35711), (0.76135, -0.45950, -0.13248), (-0.43918, -0.45471, 0.56280), (-0.04768, -0.47149, -0.64999), (0.55096, -0.48853, 0.52546), (-0.69620, -0.48356, -0.01800), (0.61501, -0.50088, -0.52863), (-0.09260, -0.49570, 0.73742), (-0.49492, -0.51330, -0.70670), (0.77232, -0.53115, 0.17594), (-0.79929, -0.52578, 0.44906), (0.26768, -0.54391, -0.79955), (0.39039, -0.56230, 0.89135), (-0.81776, -0.55674, -0.36727), (0.77631, -0.57541, -0.25188), (-0.47401, -0.56964, 0.82558), (-0.18502, -0.58859, -0.84859), (0.82172, -0.60779, 0.58696), (-0.91699, -0.60183, 0.10648), (0.70502, -0.62131, -0.80492), (0.01620, -0.64105, 0.97994), (-0.77402, -0.63491, -0.82687), (1.03579, -0.65492, 0.08569), (-0.95102, -0.67519, 0.72798), (0.19885, -0.66886, -1.08287), (0.52643, -0.68941, 0.85048), (-1.11947, -0.68287, -0.32273), (0.95276, -0.70370, -0.46635), (-0.45654, -0.72478, 1.14388), (-0.39178, -0.71806, -1.05323), (1.15443, -0.73942, 0.59927), (-1.15010, -0.76103, 0.30232), (0.74966, -0.75412, -1.14953), (0.19778, -0.77602, 1.24147), (-1.12765, -0.79817, -0.90621), (1.32533, -0.79107, -0.07817), (-0.84342, -0.81350, 0.85939), (0.05623, -0.80619, -1.39962), (0.81611, -0.82890, 0.97740), (-1.46223, -0.85186, -0.20490), (1.11273, -0.84437, -0.75578), (-0.36704, -0.86761, 1.51105), (-0.67755, -0.89111, -1.24744), (1.54398, -0.88342, 0.54158), (-1.37942, -0.90720, 0.58078), (0.72715, -0.89931, -1.55898), (0.46505, -0.92337, 1.50641), (-1.22809, -0.94768, -0.72866), (1.62601, -0.93960, -0.33023), (-0.89301, -0.96419, 1.21311), (-0.17643, -0.98904, -1.73573), (1.17909, -0.98077, 1.06294), (-1.83302, -1.00589, 0.00408), (1.23644, -1.03128, -1.12466), (-0.18606, -1.02282, 1.91527), (-1.04862, -1.04848, -1.41129), (1.97991, -1.03981, 0.39292), (-1.58503, -1.06575, 0.95002), (0.48608, -1.09195, -1.59979), (0.82813, -1.08309, 1.75502), (-1.62512, -1.10957, -0.67571), (1.91845, -1.13630, -0.68255), (-0.87619, -1.12726, 1.63043), (-0.51319, -1.15427, -2.07238), (1.61371, -1.18154, 1.08558)],
                116: [(1.24948, -1.44613, 1.90380), (-2.56158, -1.47693, -0.66538), (2.11704, -1.50798, -1.10681), (-0.95722, -1.49709, 2.59644), (-0.93495, -1.52842, -2.32286), (2.60069, -1.56000, 1.26358), (-2.51765, -1.54892, 0.73376), (1.58146, -1.58079, -2.57168), (0.50351, -1.61291, 2.69767), (-2.50704, -1.60164, -1.90749), (2.85914, -1.63404, -0.24492), (-1.75918, -1.62257, 1.89032), (0.04083, -1.65525, -2.99821), (1.78832, -1.68818, 2.02976), (-3.11109, -1.67652, -0.35206), (2.29936, -1.70973, -1.65259), (-0.68664, -1.74320, 3.19405), (-1.48212, -1.73135, -2.56409), (3.24352, -1.76509, 1.04193), (-2.81983, -1.79910, 1.27635), (1.41480, -1.78706, -3.25614), (0.02481, -0.00111, 0.00344), (-0.02085, -0.00249, 0.01420), (0.00602, -0.00430, -0.02493), (0.01248, -0.00637, 0.02290), (-0.02549, -0.00756, -0.00890), (0.02545, -0.00991, -0.01076), (-0.01228, -0.01251, 0.02643), (-0.00886, -0.01352, -0.02857), (0.02766, -0.01640, 0.01636), (-0.03231, -0.01954, 0.00661), (0.02131, -0.02035, -0.02904), (0.00378, -0.02377, 0.03667), (-0.02784, -0.02438, -0.02503), (0.04164, -0.02807, -0.00015), (-0.03109, -0.03202, 0.02836), (0.00451, -0.03244, -0.04711), (0.02844, -0.03667, 0.03816), (-0.05297, -0.04116, -0.01043), (0.04629, -0.04139, -0.02783), (-0.01784, -0.04615, 0.05903), (-0.02627, -0.04617, -0.05548), (0.06505, -0.05122, 0.02694), (-0.06569, -0.05652, 0.02348), (0.03230, -0.05635, -0.06031), (0.01914, -0.06193, 0.07683), (-0.06424, -0.06776, -0.04308), (0.08876, -0.06741, -0.01297), (-0.05557, -0.07352, 0.06734), (-0.00466, -0.07989, -0.10126), (0.06930, -0.07935, 0.06979), (-0.11406, -0.08599, -0.00606), (0.08575, -0.08524, -0.06974), (-0.01944, -0.09217, 0.12683), (-0.06827, -0.09935, -0.10336), (0.11461, -0.09841, 0.02941), (-0.12250, -0.10587, 0.06450), (0.04530, -0.11359, -0.12401), (0.05803, -0.11246, 0.14296), (-0.13234, -0.12046, -0.06382), (0.16445, -0.12871, -0.04845), (-0.08502, -0.12740, 0.13917), (-0.03540, -0.13593, -0.18664), (0.14401, -0.13440, 0.10891), (-0.20908, -0.14321, 0.01853), (0.13539, -0.15228, -0.14635), (-0.00200, -0.15056, 0.18730), (-0.14564, -0.15991, -0.16433), (0.20503, -0.16951, 0.02259), (-0.19547, -0.16761, 0.14136), (0.04698, -0.17749, -0.22169), (0.13298, -0.17538, 0.22850), (-0.23670, -0.18553, -0.07527), (0.26299, -0.19595, -0.11997), (-0.10752, -0.19365, 0.24945), (-0.10185, -0.20434, -0.29842), (0.25926, -0.21529, 0.14367), (-0.26828, -0.21281, 0.06277), (0.18359, -0.22403, -0.26544), (0.03915, -0.23552, 0.29768), (-0.26729, -0.23284, -0.22704), (0.32635, -0.24461, -0.01035), (-0.27368, -0.24172, 0.26410), (0.02385, -0.25376, -0.35359), (0.25515, -0.26606, 0.32305), (-0.37861, -0.26299, -0.06360), (0.37457, -0.27556, -0.23979), (-0.10893, -0.28840, 0.40059), (-0.17365, -0.28514, -0.34154), (0.41865, -0.29825, 0.15977), (-0.38589, -0.31162, 0.15025), (0.21593, -0.30817, -0.43188), (0.12013, -0.32181, 0.43035), (-0.43936, -0.31816, -0.27711), (0.47407, -0.33208, -0.08292), (-0.34285, -0.34626, 0.44015), (-0.03831, -0.34242, -0.51614), (0.34364, -0.35688, 0.32716), (-0.55555, -0.37159, -0.01388), (0.38671, -0.36756, -0.33298), (-0.07372, -0.38255, 0.59122), (-0.31476, -0.37831, -0.44861), (0.62203, -0.39358, 0.14114), (-0.51205, -0.40911, 0.28827), (0.21592, -0.40468, -0.64681), (0.25292, -0.42049, 0.57610), (-0.66437, -0.43655, -0.29769), (0.63970, -0.43193, -0.20817), (-0.30540, -0.44828, 0.53300), (-0.15363, -0.46488, -0.70170), (0.53511, -0.46007, 0.38153), (-0.76081, -0.47695, 0.08902), (0.46216, -0.47193, -0.52857), (0.01420, -0.48909, 0.81570), (-0.51243, -0.50650, -0.54646), (0.86494, -0.50129, 0.07079), (-0.63345, -0.51898, 0.48576), (0.16574, -0.53693, -0.90706), (0.44777, -0.53154, 0.72199), (-0.74341, -0.54977, -0.21361), (0.81078, -0.56825, -0.39773), (-0.30475, -0.56267, 0.76551), (-0.33508, -0.58143, -0.89841), (0.77837, -0.57564, 0.40319), (-0.98332, -0.59468, 0.25940), (0.50815, -0.61398, -0.78069), (0.17043, -0.60800, 1.06385), (-0.77122, -0.62757, -0.61867), (1.13824, -0.64740, -0.06813), (-0.73358, -0.64124, 0.74878), (0.03740, -0.66135, -0.95149), (0.71229, -0.68171, 0.85155), (-1.00106, -0.67536, -0.13939), (0.97104, -0.69600, -0.66079), (-0.25203, -0.68944, 1.04152), (-0.59347, -0.71036, -1.09036), (1.07123, -0.73154, 0.37471), (-1.20764, -0.72479, 0.50969), (0.50656, -0.74625, -1.08853), (0.40904, -0.76796, 1.32088), (-1.09185, -0.76102, -0.64653), (1.12743, -0.78302, -0.23000), (-0.79330, -0.77587, 1.07963), (-0.12419, -0.79814, -1.21132), (1.05048, -0.82067, 0.94533), (-1.28724, -0.81333, 0.00399), (1.10086, -0.83613, -1.00309), (-0.13026, -0.85920, 1.35316), (-0.93636, -0.85167, -1.25790), (1.40703, -0.87501, 0.27796), (-1.41427, -0.89861, 0.84935), (0.43823, -0.89090, -1.44682), (0.58526, -0.91477, 1.23751), (-1.47050, -0.90685, -0.60992), (1.36095, -0.93101, -0.48554), (-0.79161, -0.95542, 1.47614), (-0.36755, -0.94731, -1.47874), (1.46188, -0.97200, 0.98159), (-1.58853, -0.99694, 0.23124), (1.17788, -0.98864, -1.42605), (0.07682, -1.01387, 1.68789), (-1.36711, -1.03935, -1.37823), (1.77430, -1.03086, 0.09517), (-1.24741, -1.05662, 1.01344), (0.28390, -1.04793, -1.84528), (0.93222, -1.07396, 1.41295), (-1.89831, -1.10026, -0.48820), (1.57651, -1.09138, -0.82907), (-0.70659, -1.11795, 1.93096), (-0.70341, -1.14478, -1.73549), (1.94090, -1.13571, 0.93722), (-1.88711, -1.16281, 0.55493), (1.17795, -1.15353, -1.92591), (0.38367, -1.18092, 2.02848), (-1.48747, -1.20856, -1.12609), (2.15661, -1.19909, -0.18998), (-1.33262, -1.22701, 1.43891), (0.02541, -1.25519, -2.26847), (1.36544, -1.24553, 1.54226), (-2.36102, -1.27399, -0.26141), (1.75223, -1.30270, -1.26579), (-0.51652, -1.29286, 2.43124), (-1.13900, -1.32185, -1.95955), (2.47621, -1.31179, 0.78886), (-2.16100, -1.34106, 0.98443), (0.84982, -1.37059, -1.96884), (0.80179, -1.36035, 2.35321), (-1.96787, -1.39015, -1.09184), (2.53267, -1.42021, -0.59118), (-1.34335, -1.40978, 1.94010), (-0.35312, -1.44012, -2.69577), (1.88351, -1.47072, 1.60160)],
                118: [(1.27202, -1.76359, 2.51475), (-0.01846, -0.00032, 0.01687), (0.00237, -0.00195, -0.02500), (0.01522, -0.00331, 0.02039), (-0.02535, -0.00521, -0.00497), (0.02281, -0.00738, -0.01374), (-0.00786, -0.00855, 0.02608), (-0.01227, -0.01099, -0.02586), (0.02716, -0.01369, 0.01122), (-0.02962, -0.01467, 0.01061), (0.01524, -0.01764, -0.02851), (0.00801, -0.01841, 0.03201), (-0.02999, -0.02167, -0.02008), (0.03634, -0.02518, -0.00534), (-0.02590, -0.02576, 0.03145), (-0.00193, -0.02955, -0.04123), (0.03266, -0.03360, 0.03284), (-0.04663, -0.03399, -0.00244), (0.04098, -0.03832, -0.03339), (-0.00799, -0.04291, 0.05242), (-0.03335, -0.04311, -0.05040), (0.05843, -0.04797, 0.01494), (-0.05270, -0.04796, 0.02781), (0.02349, -0.05310, -0.06446), (0.02543, -0.05850, 0.06250), (-0.07025, -0.05831, -0.03380), (0.07321, -0.06398, -0.02164), (-0.04602, -0.06991, 0.07548), (-0.01615, -0.06953, -0.08473), (0.07982, -0.07574, 0.06025), (-0.09687, -0.08221, 0.00867), (0.07653, -0.08164, -0.08286), (-0.00107, -0.08838, 0.10939), (-0.06970, -0.08761, -0.07850), (0.12198, -0.09463, 0.01333), (-0.09515, -0.10191, 0.06894), (0.02833, -0.10094, -0.13429), (0.06609, -0.10850, 0.11333), (-0.14591, -0.11632, -0.04626), (0.13286, -0.11516, -0.06075), (-0.06723, -0.12325, 0.15636), (-0.05255, -0.12189, -0.15351), (0.16514, -0.13026, 0.09132), (-0.17497, -0.13889, 0.04110), (0.09619, -0.13734, -0.13933), (0.02606, -0.14624, 0.19684), (-0.14261, -0.15541, -0.12092), (0.21867, -0.15366, -0.00713), (-0.14809, -0.16311, 0.14315), (0.01598, -0.17281, -0.23993), (0.14045, -0.17088, 0.17751), (-0.26002, -0.18085, -0.04345), (0.20890, -0.17872, -0.13399), (-0.07541, -0.18897, 0.27830), (-0.12325, -0.19948, -0.24189), (0.23622, -0.19716, 0.08991), (-0.27602, -0.20794, 0.10775), (0.12323, -0.21899, -0.24701), (0.08704, -0.21648, 0.31075), (-0.25459, -0.22780, -0.16027), (0.34543, -0.23939, -0.06073), (-0.20084, -0.23668, 0.25830), (-0.02849, -0.24854, -0.37936), (0.25744, -0.24563, 0.24467), (-0.41171, -0.25777, -0.00993), (0.29137, -0.27016, -0.25133), (-0.04367, -0.26707, 0.35277), (-0.23929, -0.27974, -0.34042), (0.37540, -0.29267, 0.08483), (-0.39123, -0.28938, 0.22070), (0.13137, -0.30259, -0.39467), (0.19497, -0.29909, 0.44305), (-0.40971, -0.31258, -0.18315), (0.49506, -0.32632, -0.16158), (-0.23996, -0.32264, 0.41963), (-0.12011, -0.33666, -0.54631), (0.42352, -0.35094, 0.30141), (-0.47432, -0.34706, 0.05592), (0.36701, -0.36162, -0.42050), (0.00939, -0.37644, 0.51353), (-0.40968, -0.37237, -0.43613), (0.54969, -0.38746, 0.04451), (-0.50797, -0.38320, 0.39024), (0.10577, -0.39856, -0.58173), (0.36143, -0.41419, 0.58164), (-0.60854, -0.40973, -0.17428), (0.65606, -0.42564, -0.32254), (-0.24976, -0.44180, 0.62897), (-0.21693, -0.43715, -0.58008), (0.64186, -0.45359, 0.33177), (-0.64037, -0.47029, 0.16953), (0.41972, -0.46545, -0.64605), (0.11254, -0.48243, 0.69857), (-0.64042, -0.47739, -0.51283), (0.75343, -0.49464, -0.04576), (-0.61016, -0.51215, 0.62389), (0.03088, -0.50692, -0.80358), (0.47028, -0.52471, 0.56123), (-0.84764, -0.54275, -0.11727), (0.64511, -0.53733, -0.43982), (-0.21313, -0.55565, 0.88414), (-0.39813, -0.55003, -0.72997), (0.91163, -0.56863, 0.31799), (-0.81450, -0.58748, 0.34460), (0.43116, -0.58167, -0.92862), (0.27872, -0.60080, 0.89728), (-0.93369, -0.62020, -0.55178), (0.97675, -0.61419, -0.20014), (-0.53563, -0.63386, 0.73029), (-0.10871, -0.65379, -1.05126), (0.71573, -0.64760, 0.64297), (-1.11908, -0.66780, 0.00445), (0.75403, -0.66140, -0.68827), (-0.11240, -0.68189, 1.17840), (-0.64689, -0.70263, -0.86745), (1.22740, -0.69604, 0.24136), (-0.98167, -0.71706, 0.59071), (0.38172, -0.73834, -1.26422), (0.51903, -0.73156, 1.09500), (-1.01520, -0.75311, -0.42004), (1.20556, -0.77492, -0.43129), (-0.54899, -0.76796, 1.02587), (-0.32716, -0.79005, -1.31136), (1.02250, -0.78287, 0.68527), (-1.41030, -0.80524, 0.20655), (0.82753, -0.82786, -1.00367), (0.06959, -0.82050, 1.50019), (-0.96802, -0.84340, -0.97419), (1.57877, -0.86656, 0.08330), (-1.12347, -0.85901, 0.91437), (0.19828, -0.88245, -1.29631), (0.84171, -0.90614, 1.27336), (-1.34179, -0.89840, -0.34383), (1.42169, -0.92238, -0.74923), (-0.50106, -0.91443, 1.37302), (-0.63634, -0.93868, -1.56610), (1.38805, -0.96319, 0.66877), (-1.70407, -0.95505, 0.50272), (0.84548, -0.97983, -1.38504), (0.34836, -1.00488, 1.83300), (-1.36225, -0.99655, -1.02943), (1.53791, -1.02187, -0.13683), (-1.21861, -1.01334, 1.31811), (0.01681, -1.03894, -1.62705), (1.25120, -1.06480, 1.41075), (-1.70289, -1.05607, -0.18704), (1.60335, -1.08221, -1.16036), (-0.37295, -1.10860, 1.76302), (-1.04467, -1.09969, -1.79367), (1.80504, -1.12636, 0.57330), (-1.97879, -1.15329, 0.90351), (0.78654, -1.14419, -1.82660), (0.58092, -1.17139, 1.70011), (-1.82549, -1.16208, -1.01076), (1.83980, -1.18956, -0.43115), (-1.24377, -1.21730, 1.79964), (-0.25962, -1.20781, -1.96866), (1.74718, -1.23583, 1.48305), (-2.08376, -1.26410, 0.06681), (1.72578, -1.25442, -1.66647), (-0.14646, -1.28297, 2.18217), (-1.55615, -1.31178, -1.96886), (2.26096, -1.30191, 0.37900), (-1.74252, -1.33100, 1.11636), (0.62924, -1.32092, -2.31723), (0.98543, -1.35028, 1.93654), (-2.34820, -1.37990, -0.89521), (2.12383, -1.36963, -0.82777), (-1.17456, -1.39953, 2.35121), (-0.64322, -1.42969, -2.30108), (2.32382, -1.41924, 1.46457), (-2.46486, -1.44967, 0.43201), (1.76216, -1.43901, -2.26383), (0.19476, -1.46972, 2.61167), (-1.71171, -1.50069, -1.62852), (2.73797, -1.48984, 0.06746), (-1.87639, -1.52108, 1.61683), (0.35315, -1.55259, -2.84025), (1.49091, -1.54155, 2.12338), (-2.91506, -1.57333, -0.66035), (2.36589, -1.60538, -1.33301), (-0.98666, -1.59414, 2.95909), (-1.14256, -1.62646, -2.60014), (2.96922, -1.61502, 1.32921), (-2.82215, -1.64762, 0.91945), (1.32976, -1.68048, -2.32259), (0.66401, -1.66885, 3.02780), (-2.28198, -1.70198, -1.62584), (3.21293, -1.73537, -0.37704), (-1.92856, -1.72355, 2.20725), (-0.05988, -1.75722, -3.37333), (2.09652, -1.79115, 2.23422)],
                120: [(0.05150, -0.04016, 0.00558), (-0.04793, -0.04486, 0.03479), (0.01206, -0.04982, -0.05742), (0.03402, -0.04979, 0.05822), (-0.06340, -0.05502, -0.02004), (0.06973, -0.06052, -0.03195), (-0.02969, -0.06030, 0.06921), (-0.02827, -0.06607, -0.08236), (0.07457, -0.07210, 0.04115), (-0.09597, -0.07169, 0.02263), (0.05454, -0.07800, -0.07915), (0.01225, -0.07738, 0.09190), (-0.08260, -0.08396, -0.06991), (0.10404, -0.09080, -0.00348), (-0.08728, -0.09000, 0.08451), (0.00765, -0.09712, -0.11636), (0.08448, -0.10450, 0.10658), (-0.12853, -0.10350, -0.02136), (0.12769, -0.11116, -0.08206), (-0.03785, -0.11907, 0.14016), (-0.07681, -0.11789, -0.15042), (0.15084, -0.12608, 0.05726), (-0.14197, -0.12469, 0.05556), (0.07969, -0.13315, -0.16008), (0.04568, -0.14188, 0.16255), (-0.16736, -0.14030, -0.10515), (0.18369, -0.14930, -0.03246), (-0.13360, -0.15857, 0.17213), (-0.01557, -0.15680, -0.20498), (0.17381, -0.16634, 0.16490), (-0.22593, -0.17613, -0.00525), (0.19882, -0.17418, -0.17181), (-0.03024, -0.18425, 0.24600), (-0.13310, -0.18209, -0.18901), (0.26458, -0.19244, 0.05955), (-0.22030, -0.20305, 0.12453), (0.09326, -0.20069, -0.28101), (0.11156, -0.21158, 0.25291), (-0.29457, -0.22272, -0.13138), (0.28635, -0.22018, -0.09374), (-0.17379, -0.23160, 0.30453), (-0.07065, -0.22886, -0.32004), (0.31011, -0.24055, 0.22029), (-0.35332, -0.25251, 0.04196), (0.21614, -0.24957, -0.24808), (0.00738, -0.26181, 0.38544), (-0.24459, -0.27430, -0.25992), (0.41560, -0.27117, 0.03329), (-0.30623, -0.28394, 0.23569), (0.08014, -0.29697, -0.44292), (0.22074, -0.29366, 0.35454), (-0.46645, -0.30696, -0.13315), (0.40420, -0.30344, -0.19916), (-0.19219, -0.31702, 0.48523), (-0.17040, -0.33086, -0.45444), (0.39654, -0.32715, 0.20453), (-0.50442, -0.34127, 0.13401), (0.26144, -0.35564, -0.40319), (0.08961, -0.35174, 0.55316), (-0.40362, -0.36640, -0.32263), (0.59961, -0.38131, -0.03694), (-0.38754, -0.37722, 0.39695), (0.02413, -0.39241, -0.64264), (0.38237, -0.38811, 0.45551), (-0.68107, -0.40358, -0.09362), (0.52571, -0.41930, -0.35908), (-0.13608, -0.41482, 0.56667), (-0.32639, -0.43082, -0.59719), (0.58947, -0.44708, 0.20504), (-0.66887, -0.44240, 0.28368), (0.28055, -0.45894, -0.60562), (0.23043, -0.45406, 0.73954), (-0.61397, -0.47087, -0.36212), (0.80790, -0.48794, -0.16628), (-0.44910, -0.48288, 0.61344), (-0.09099, -0.50022, -0.87252), (0.60292, -0.51783, 0.54068), (-0.73898, -0.51257, 0.00358), (0.63586, -0.53046, -0.58142), (-0.07412, -0.54860, 0.78430), (-0.54800, -0.54315, -0.73350), (0.82314, -0.56157, 0.16112), (-0.83229, -0.55592, 0.50181), (0.25707, -0.57462, -0.85409), (0.44217, -0.59357, 0.93076), (-0.87572, -0.58773, -0.36143), (1.02730, -0.60696, -0.36853), (-0.47348, -0.62645, 0.88661), (-0.22226, -0.62042, -0.88757), (0.88539, -0.64019, 0.59226), (-0.96135, -0.66021, 0.14165), (0.71665, -0.65399, -0.87073), (0.04867, -0.67430, 1.02968), (-0.84139, -0.66787, -0.84528), (1.09084, -0.68845, 0.05660), (-0.97663, -0.70929, 0.79628), (0.17382, -0.70267, -1.14309), (0.57874, -0.72379, 0.87387), (-1.18462, -0.74516, -0.30246), (0.98231, -0.73835, -0.51877), (-0.44171, -0.76001, 1.21367), (-0.44367, -0.75299, -1.08919), (1.22846, -0.77492, 0.59056), (-1.19267, -0.79711, 0.35298), (0.74773, -0.78991, -1.22733), (0.24647, -0.81237, 1.29076), (-1.20865, -0.83509, -0.91170), (1.38141, -0.82770, -0.12412), (-0.85140, -0.85070, 0.92253), (0.01383, -0.87396, -1.46244), (0.88129, -0.86638, 0.99192), (-1.53169, -0.88991, -0.16689), (1.13425, -0.88213, -0.82238), (-0.33425, -0.90594, 1.58692), (-0.74489, -0.93001, -1.27639), (1.62595, -0.92203, 0.51486), (-1.41616, -0.94638, 0.64811), (0.70735, -0.97099, -1.64665), (0.53156, -0.96282, 1.55122), (-1.29744, -0.98770, -0.71691), (1.67910, -1.01285, -0.39503), (-0.88758, -1.00449, 1.28665), (-0.23861, -1.02991, -1.79722), (1.25632, -1.02135, 1.06452), (-1.90293, -1.04705, 0.06267), (1.24568, -1.07300, -1.20497), (-0.13205, -1.06425, 1.99353), (-1.13132, -1.09048, -1.42880), (2.06633, -1.11697, 0.34453), (-1.61137, -1.10803, 1.03432), (0.45170, -1.13480, -1.66917), (0.91317, -1.16182, 1.79067), (-1.70092, -1.15270, -0.64675), (1.96381, -1.18000, -0.76737), (-0.85352, -1.17067, 1.71229), (-0.59677, -1.19824, -2.12776), (1.70119, -1.22608, 1.07009), (-2.27935, -1.21656, 0.40154), (1.29423, -1.24467, -1.66568), (0.18224, -1.27304, 2.41536), (-1.60400, -1.26333, -1.52338), (1.99559, -1.29198, 0.04743), (-1.75474, -1.28206, 1.51468), (0.25692, -1.31099, -2.08111), (1.39649, -1.34018, 1.98522), (-2.14687, -1.33007, -0.48436), (2.21149, -1.35953, -1.24855), (-0.72813, -1.38925, 2.19009), (-1.07035, -1.37895, -2.43005), (2.20812, -1.40895, 0.98618), (-2.63720, -1.43921, 0.86174), (1.25614, -1.42872, -2.19846), (0.49106, -1.45926, 2.22988), (-2.15881, -1.44856, -1.53525), (2.37824, -1.47937, -0.28119), (-1.82040, -1.51044, 2.08714), (-0.04673, -1.49956, -2.50920), (1.98169, -1.53091, 2.10816), (-2.61934, -1.56251, -0.21118), (2.39480, -1.55144, -1.84109), (-0.49093, -1.58332, 2.70529), (-1.66432, -1.61546, -2.67630), (2.76376, -1.60420, 0.79050), (-2.32466, -1.63662, 1.14388), (1.10741, -1.62515, -2.79159), (0.95137, -1.65785, 2.54133), (-2.78584, -1.69080, -1.43875), (2.74498, -1.67914, -0.72770), (-1.78119, -1.71237, 2.74379), (-0.47332, -1.74586, -2.93162), (2.66307, -1.73402, 2.13098), (-3.09719, -1.76778, 0.18917), (2.48401, -1.75573, -2.54165), (-0.12330, -1.78977, 3.23765), (-0.02436, -0.00116, 0.00581), (0.01429, -0.00255, -0.02084), (0.00344, -0.00438, 0.02536), (-0.02009, -0.00646, -0.01693), (0.02681, -0.00766, -0.00096), (-0.02011, -0.01003, 0.01957), (0.00182, -0.01265, -0.02874), (0.01913, -0.01366, 0.02401), (-0.03112, -0.01656, -0.00509), (0.02873, -0.01736, -0.01856), (-0.00907, -0.02054, 0.03391), (-0.01634, -0.02397, -0.03180), (0.03699, -0.02459, 0.01394), (-0.03731, -0.02830, 0.01470), (0.01990, -0.03227, -0.04022), (0.01236, -0.03269, 0.04358), (-0.04341, -0.03694, -0.02713), (0.05060, -0.04144, -0.00907)],
                122: [(0.13342, -0.11262, 0.02990), (-0.13953, -0.12065, 0.07903), (0.04771, -0.12893, -0.14419), (0.07191, -0.12752, 0.16264), (-0.15376, -0.13608, -0.06841), (0.18685, -0.14490, -0.06135), (-0.09205, -0.14330, 0.16163), (-0.04695, -0.15240, -0.21177), (0.16728, -0.16176, 0.11861), (-0.23692, -0.15996, 0.02835), (0.14800, -0.16960, -0.17017), (0.00422, -0.16759, 0.21072), (-0.16972, -0.17751, -0.18004), (0.23057, -0.18768, 0.01826), (-0.21447, -0.18549, 0.16536), (0.04487, -0.19593, -0.24924), (0.15653, -0.20664, 0.25092), (-0.26611, -0.20426, -0.07571), (0.28894, -0.21524, -0.14268), (-0.11083, -0.22649, 0.28053), (-0.12331, -0.22392, -0.32798), (0.29177, -0.23544, 0.15017), (-0.29356, -0.23266, 0.07826), (0.19358, -0.24446, -0.29911), (0.05309, -0.25651, 0.32591), (-0.30180, -0.25355, -0.24080), (0.35749, -0.26588, -0.02234), (-0.29147, -0.27847, 0.29907), (0.01422, -0.27531, -0.38757), (0.29019, -0.28818, 0.34508), (-0.41531, -0.30130, -0.05672), (0.40104, -0.29796, -0.27444), (-0.10522, -0.31136, 0.43984), (-0.19984, -0.30782, -0.36489), (0.46022, -0.32149, 0.15963), (-0.41300, -0.33543, 0.17558), (0.21977, -0.33169, -0.47549), (0.14417, -0.34591, 0.46128), (-0.48468, -0.36038, -0.28529), (0.50887, -0.35645, -0.10520), (-0.35574, -0.37120, 0.48680), (-0.05835, -0.36707, -0.55478), (0.48090, -0.38210, 0.43049), (-0.59796, -0.39738, 0.00342), (0.40378, -0.39306, -0.36986), (-0.05966, -0.40862, 0.63727), (-0.35183, -0.42444, -0.47007), (0.67153, -0.41993, 0.13084), (-0.53812, -0.43603, 0.32509), (0.20988, -0.45239, -0.69951), (0.28899, -0.44769, 0.60694), (-0.71995, -0.46432, -0.29641), (0.67543, -0.45941, -0.24296), (-0.38988, -0.47632, 0.73160), (-0.18659, -0.49349, -0.74238), (0.58099, -0.48839, 0.38791), (-0.80646, -0.50584, 0.11955), (0.47326, -0.52354, -0.57603), (0.04170, -0.51826, 0.86626), (-0.56103, -0.53624, -0.56265), (0.92029, -0.55448, 0.04695), (-0.65504, -0.54901, 0.53503), (0.14618, -0.56752, -0.96700), (0.49716, -0.56184, 0.74928), (-1.00480, -0.58064, -0.25561), (0.84400, -0.59969, -0.44667), (-0.29657, -0.59382, 0.81709), (-0.38294, -0.61315, -0.93775), (0.83312, -0.63274, 0.39962), (-1.02890, -0.62668, 0.30549), (0.50970, -0.64654, -0.83826), (0.21405, -0.64028, 1.11572), (-0.83118, -0.66042, -0.62583), (1.19637, -0.68082, -0.10855), (-0.74684, -0.67436, 0.81065), (0.01090, -0.69504, -1.26897), (0.77550, -0.71598, 0.87133), (-1.05357, -0.70933, -0.11386), (0.99773, -0.73054, -0.72472), (-0.23046, -0.75202, 1.09888), (-0.65744, -0.74518, -1.12429), (1.13320, -0.76693, 0.35774), (-1.24908, -0.75989, 0.57296), (0.49488, -0.78192, -1.15482), (0.47080, -0.80420, 1.37002), (-1.16205, -0.79697, -0.64078), (1.48492, -0.81953, -0.35071), (-0.79410, -0.84235, 1.15330), (-0.16826, -0.83493, -1.25892), (1.12705, -0.85803, 0.95329), (-1.34124, -0.88139, 0.04535), (1.11654, -0.87378, -1.08194), (-0.09240, -0.89741, 1.41352), (-1.01675, -0.88960, -1.28181), (1.47363, -0.91351, 0.24438), (-1.44687, -0.93767, 0.93051), (0.40976, -0.92967, -1.51944), (0.64721, -0.95412, 1.26642), (-1.54883, -0.97882, -0.58737), (1.39724, -0.97063, -0.54739), (-0.77579, -0.99561, 1.55976), (-0.42850, -0.98721, -1.52269), (1.55030, -1.01246, 0.97329), (-1.64032, -1.03798, 0.29044), (1.17786, -1.02939, -1.51864), (0.13339, -1.05519, 1.74763), (-1.46316, -1.08124, -1.38720), (1.84201, -1.07246, 0.04217), (-1.25822, -1.09879, 1.08800), (0.23543, -1.12537, -1.92087), (1.00894, -1.11641, 1.43163), (-1.98158, -1.14327, -0.44526), (1.60359, -1.13410, -0.90719), (-0.67016, -1.16124, 2.02161), (-0.78210, -1.18864, -1.77143), (2.03849, -1.17928, 0.90829), (-1.93229, -1.20695, 0.63327), (1.15750, -1.23489, -2.02992), (0.46066, -1.22534, 2.08319), (-1.56932, -1.25355, -1.11397), (2.22105, -1.28202, -0.26457), (-1.32818, -1.27228, 1.52547), (-0.04567, -1.30103, -2.34272), (1.45605, -1.29108, 1.54628), (-2.44504, -1.32010, -0.19498), (1.76545, -1.34939, -1.35970), (-0.45592, -1.33925, 2.52488), (-1.23535, -1.36881, -1.98264), (2.57919, -1.39863, 0.73528), (-2.19458, -1.38831, 1.08225), (0.81154, -1.41840, -2.05097), (0.90002, -1.44875, 2.39779), (-2.05733, -1.43824, -1.06024), (2.58867, -1.46887, -0.68868), (-1.31946, -1.45815, 2.03641), (-0.44865, -1.48906, -2.76350), (1.98609, -1.52022, 1.58642), (-2.91850, -1.50932, 0.18081), (1.85802, -1.54076, -1.90446), (-0.11349, -1.57246, 3.04989), (-1.78996, -1.56136, -2.13085), (2.48390, -1.59334, 0.34057), (-2.40121, -1.58204, 1.64135), (0.61252, -1.61429, -2.55459), (1.45782, -1.64681, 2.66514), (-2.59798, -1.63531, -0.90266), (2.91849, -1.66810, -1.23896), (-1.20847, -1.70115, 2.61107), (-0.98485, -1.68947, -3.15694), (2.59108, -1.72280, 1.52700), (-3.37606, -1.75638, 0.69606), (1.85491, -1.74451, -2.53549), (0.29441, -1.77837, 2.81363), (-2.44211, -1.76630, -2.18846), (0.01107, -0.00036, -0.02242), (0.00688, -0.00201, 0.02418), (-0.02156, -0.00337, -0.01345), (0.02557, -0.00530, -0.00460), (-0.01618, -0.00748, 0.02099), (-0.00218, -0.00865, -0.02752), (0.02061, -0.01111, 0.01943), (-0.03007, -0.01383, -0.00060), (0.02334, -0.01482, -0.02030), (-0.00376, -0.01781, 0.03141), (-0.01988, -0.01859, -0.02803), (0.03424, -0.02186, 0.00759), (-0.03360, -0.02539, 0.01914), (0.01226, -0.02598, -0.03735), (0.01784, -0.02979, 0.04010), (-0.04062, -0.03385, -0.01796), (0.04754, -0.03426, -0.01574), (-0.02485, -0.03860, 0.04388), (-0.01253, -0.03879, -0.05590), (0.04689, -0.04341, 0.03308), (-0.05651, -0.04829, 0.00690), (0.04277, -0.04830, -0.04941), (0.00145, -0.05345, 0.06450), (-0.05114, -0.05886, -0.05399), (0.07287, -0.05868, 0.00560), (-0.06677, -0.06437, 0.05174), (0.01446, -0.07032, -0.08142), (0.05085, -0.06995, 0.08108), (-0.08988, -0.07617, -0.02534), (0.09685, -0.07559, -0.04812), (-0.03842, -0.08210, 0.09793), (-0.03586, -0.08886, -0.09470), (0.10521, -0.08809, 0.05383), (-0.10960, -0.09513, 0.02950), (0.07166, -0.10243, -0.11132), (0.02070, -0.10147, 0.12519), (-0.11580, -0.10904, -0.09194), (0.14120, -0.11687, -0.00916)],
                124: [(0.26444, -0.21633, 0.09147), (-0.30213, -0.22768, 0.12876), (0.12761, -0.23930, -0.27674), (0.10669, -0.23650, 0.34031), (-0.28560, -0.24839, -0.16777), (0.37845, -0.26054, -0.07858), (-0.21175, -0.25755, 0.29030), (-0.04410, -0.26998, -0.41580), (0.29012, -0.28266, 0.25925), (-0.45148, -0.27948, 0.00297), (0.30985, -0.29245, -0.28432), (-0.03575, -0.28906, 0.38549), (-0.27219, -0.30230, -0.36301), (0.41065, -0.31580, 0.07964), (-0.41809, -0.31222, 0.25307), (0.12928, -0.32600, -0.43227), (0.22634, -0.34003, 0.47431), (-0.44943, -0.33627, -0.18458), (0.53080, -0.35058, -0.19146), (-0.24526, -0.36515, 0.46119), (-0.14797, -0.36120, -0.58656), (0.46660, -0.37604, 0.31095), (-0.50805, -0.37188, 0.07577), (0.38112, -0.38701, -0.46472), (0.02700, -0.40239, 0.55088), (-0.45461, -0.39804, -0.45512), (0.59058, -0.41370, 0.02961), (-0.53212, -0.42962, 0.43540), (0.09408, -0.42508, -0.62602), (0.40629, -0.44127, 0.61116), (-0.65604, -0.45773, -0.16628), (0.69115, -0.45300, -0.36655), (-0.24594, -0.46973, 0.67943), (-0.24988, -0.46480, -0.61039), (0.69496, -0.48180, 0.33260), (-0.67531, -0.49907, 0.20115), (0.42565, -0.49394, -0.70142), (0.14230, -0.51149, 0.73820), (-0.69761, -0.52929, -0.52431), (0.79774, -0.52398, -0.07308), (-0.62759, -0.54205, 0.68241), (0.00658, -0.53654, -0.85252), (0.65474, -0.55489, 0.73435), (-0.90107, -0.57350, -0.09659), (0.66702, -0.56780, -0.48540), (-0.19667, -0.58669, 0.94187), (-0.44373, -0.60584, -0.75730), (0.97338, -0.59994, 0.30636), (-0.84748, -0.61937, 0.38964), (0.42497, -0.63905, -0.99406), (0.32259, -0.63297, 0.93607), (-1.00239, -0.65293, -0.55159), (1.02146, -0.64663, -0.24219), (-0.68513, -0.66687, 0.99690), (-0.14825, -0.68737, -1.10193), (0.77171, -0.68089, 0.65158), (-1.17568, -0.70166, 0.04078), (0.76847, -0.72270, -0.74595), (-0.08002, -0.71602, 1.24082), (-0.70573, -0.73733, -0.88812), (1.29544, -0.75890, 0.21367), (-1.00894, -0.75204, 0.65011), (0.35947, -0.77389, -1.33762), (0.57831, -0.76682, 1.12917), (-1.36543, -0.78894, -0.51646), (1.24689, -0.81132, -0.48974), (-0.54008, -0.80407, 1.08823), (-0.38401, -0.82673, -1.36003), (1.08851, -0.84964, 0.68205), (-1.46641, -0.84220, 0.26097), (0.83060, -0.86539, -1.07285), (0.12073, -0.85774, 1.56375), (-1.03984, -0.88121, -0.98413), (1.64972, -0.90494, 0.03633), (-1.14081, -0.89710, 0.98822), (0.20953, -0.92110, -1.72194), (0.91688, -0.94537, 1.29860), (-1.40500, -0.93734, -0.31441), (1.45524, -0.96188, -0.82494), (-0.47658, -0.98668, 1.44186), (-0.71176, -0.97846, -1.60831), (1.46223, -1.00354, 0.65000), (-1.75524, -0.99512, 0.57694), (0.83320, -1.02047, -1.46415), (0.42040, -1.04608, 1.89330), (-1.44580, -1.03747, -1.02440), (2.01969, -1.06336, -0.24237), (-1.22155, -1.08950, 1.40548), (-0.03431, -1.08070, -1.68440), (1.34171, -1.10712, 1.42236), (-1.76777, -1.13381, -0.13942), (1.62425, -1.12482, -1.25321), (-0.32975, -1.15178, 1.83532), (-1.13897, -1.14258, -1.82442), (1.88456, -1.16981, 0.53547), (-2.01988, -1.19731, 0.99829), (0.75503, -1.18792, -1.91304), (0.65320, -1.21569, 1.73562), (-1.91842, -1.24373, -0.98654), (1.88407, -1.23415, -0.50299), (-1.22777, -1.26246, 1.89853), (-0.33007, -1.25268, -2.02195), (1.85137, -1.28126, 1.47617), (-2.14627, -1.31010, 0.13485), (1.72889, -1.30013, -1.77519), (-0.08190, -1.32925, 2.25397), (-1.66851, -1.35863, -1.98276), (2.34200, -1.34847, 0.31903), (-1.75719, -1.37812, 1.20338), (0.57500, -1.40804, -2.40734), (1.07466, -1.39769, 1.96061), (-2.44709, -1.42788, -0.84785), (2.15787, -1.41732, -0.91828), (-1.13523, -1.44779, 2.45846), (-0.73398, -1.47852, -2.34558), (2.43885, -1.46777, 1.43443), (-2.52022, -1.49878, 0.52190), (1.74230, -1.53004, -2.38594), (0.28260, -1.51910, 2.67817), (-1.80748, -1.55064, -1.61691), (2.81576, -1.58244, -0.01707), (-1.87402, -1.57132, 1.71778), (0.27324, -1.60339, -2.92936), (1.59621, -1.59206, 2.13115), (-3.01538, -1.62441, -0.58641), (2.38462, -1.65702, -1.44172), (-0.92006, -1.64551, 3.07036), (-1.25362, -1.67839, -2.63057), (3.09100, -1.71154, 1.27134), (-2.86492, -1.69983, 1.03168), (1.28817, -1.73325, -2.41926), (0.77612, -1.76693, 3.08346), (-2.38687, -1.75504, -1.59245), (3.28188, -1.78899, -0.48766), (-1.90454, -1.77689, 2.31976), (-0.02292, -0.00115, -0.01011), (0.02397, -0.00289, -0.00796), (-0.01265, -0.00423, 0.02239), (-0.00575, -0.00625, -0.02556), (0.02222, -0.00853, 0.01565), (-0.02767, -0.00967, 0.00340), (0.01865, -0.01223, -0.02159), (0.00071, -0.01317, 0.03033), (-0.02139, -0.01600, -0.02254), (0.03354, -0.01910, 0.00255), (-0.02717, -0.01985, 0.02109), (0.00658, -0.02322, -0.03723), (0.02050, -0.02684, 0.03262), (-0.04131, -0.02741, -0.01161), (0.03896, -0.03131, -0.01940), (-0.01785, -0.03547, 0.04561), (-0.01755, -0.03585, -0.04621), (0.04402, -0.04029, 0.02247), (-0.05435, -0.04046, 0.01468), (0.03027, -0.04517, -0.04711), (0.01053, -0.05015, 0.06330), (-0.04978, -0.05013, -0.03945), (0.07294, -0.05538, -0.00480), (-0.05010, -0.06089, 0.05175), (0.00277, -0.06068, -0.08307), (0.05271, -0.06646, 0.06226), (-0.09346, -0.07251, -0.01245), (0.07593, -0.07211, -0.05232), (-0.02048, -0.07843, 0.08686), (-0.05024, -0.07783, -0.09103), (0.09491, -0.08443, 0.03257), (-0.10744, -0.09129, 0.04610), (0.04688, -0.09049, -0.10232), (0.03951, -0.09763, 0.12499), (-0.10873, -0.10502, -0.06352), (0.14339, -0.10404, -0.03013), (-0.08253, -0.11171, 0.11372), (-0.01761, -0.11052, -0.16233), (0.11684, -0.11846, 0.10391), (-0.14813, -0.12667, 0.00133), (0.12756, -0.12529, -0.11762), (-0.01477, -0.13377, 0.16358), (-0.11556, -0.14252, -0.15335), (0.17840, -0.14095, 0.03415), (-0.18103, -0.14997, 0.11018), (0.05695, -0.15924, -0.19211), (0.10097, -0.15748, 0.21028), (-0.20417, -0.16704, -0.08327), (0.24071, -0.16507, -0.08748), (-0.11313, -0.17491, 0.21398), (-0.05587, -0.18500, -0.21926), (0.22094, -0.18284, 0.14647), (-0.24507, -0.19321, 0.03715), (0.18313, -0.20383, -0.22440), (0.01392, -0.20149, 0.27059), (-0.22370, -0.21239, -0.22287), (0.29520, -0.22355, 0.01409)],
                126: [(0.43412, -0.35129, 0.20730), (-0.53983, -0.36597, 0.16131), (0.26797, -0.38091, -0.44244), (0.11481, -0.37673, 0.59285), (-0.44420, -0.39195, -0.33325), (0.64354, -0.40743, -0.05952), (-0.40258, -0.40305, 0.43851), (0.00473, -0.41881, -0.69072), (0.42447, -0.43482, 0.47524), (-0.73311, -0.43026, -0.07794), (0.55039, -0.44655, -0.40126), (-0.12658, -0.44178, 0.60884), (-0.36814, -0.45834, -0.62703), (0.63462, -0.47517, 0.19913), (-0.70404, -0.47021, 0.32444), (0.27869, -0.48731, -0.65349), (0.26962, -0.50468, 0.78015), (-0.66426, -0.49953, -0.36478), (0.85399, -0.51717, -0.20327), (-0.45670, -0.53506, 0.66577), (-0.12515, -0.52973, -0.92408), (0.65687, -0.54790, 0.55363), (-0.78153, -0.54236, 0.02779), (0.65455, -0.56081, -0.63649), (-0.05288, -0.57952, 0.83119), (-0.60363, -0.57378, -0.75827), (0.87424, -0.59277, 0.14341), (-0.86342, -0.61202, 0.55742), (0.24349, -0.60609, -0.90920), (0.49709, -0.62562, 0.96850), (-0.93457, -0.64540, -0.35256), (1.07182, -0.63929, -0.42206), (-0.46988, -0.65934, 0.94886), (-0.26214, -0.65303, -0.92532), (0.95062, -0.67336, 0.59450), (-1.00470, -0.69395, 0.17970), (0.72524, -0.68745, -0.93844), (0.08422, -0.70832, 1.07865), (-0.91104, -0.72945, -0.86073), (1.14540, -0.72275, 0.02422), (-0.99938, -0.74416, 0.86722), (0.14533, -0.73725, -1.20312), (0.80596, -0.75894, 1.13939), (-1.24993, -0.78088, -0.27857), (1.00963, -0.77378, -0.57350), (-0.42315, -0.79600, 1.28397), (-0.49818, -0.81848, -1.12307), (1.30340, -0.81120, 0.57804), (-1.23333, -0.83395, 0.40658), (0.74194, -0.85697, -1.30644), (0.29841, -0.84950, 1.33839), (-1.29140, -0.87278, -0.91331), (1.43608, -0.86511, -0.17361), (-1.09034, -0.88867, 1.25673), (-0.03237, -0.91250, -1.52417), (0.94808, -0.90463, 1.00332), (-1.60039, -0.92873, -0.12481), (1.15270, -0.95310, -0.89099), (-0.29719, -0.94504, 1.66242), (-0.81463, -0.96968, -1.30236), (1.70797, -0.99457, 0.48369), (-1.45005, -0.98633, 0.71823), (0.68294, -1.01150, -1.73480), (0.60125, -1.00305, 1.59336), (-1.74077, -1.02850, -0.89326), (1.72975, -1.05421, -0.46341), (-0.87835, -1.04557, 1.36082), (-0.30473, -1.07156, -1.85656), (1.33460, -1.09780, 1.06223), (-1.97102, -1.08897, 0.12556), (1.25103, -1.11549, -1.28678), (-0.07342, -1.10646, 2.07034), (-1.21597, -1.13326, -1.44244), (2.15171, -1.16031, 0.29120), (-1.63389, -1.15109, 1.12104), (0.52639, -1.17842, -2.21237), (1.00110, -1.20601, 1.82262), (-1.77609, -1.19660, -0.61363), (2.00565, -1.22447, -0.85557), (-0.82649, -1.25260, 1.79396), (-0.68421, -1.24299, -2.17985), (1.78893, -1.27140, 1.05007), (-2.34197, -1.26159, 0.48712), (1.28211, -1.29027, -1.75896), (0.26480, -1.31921, 2.48866), (-1.70219, -1.30921, -1.52005), (2.61654, -1.33843, -0.01814), (-1.76101, -1.36790, 1.61701), (0.19863, -1.35772, -2.14972), (1.50210, -1.38747, 2.00185), (-2.22419, -1.41748, -0.43053), (2.23920, -1.40710, -1.35646), (-0.67985, -1.43739, 2.27597), (-1.17947, -1.42681, -2.46943), (2.30226, -1.45737, 0.94458), (-2.68876, -1.48820, 0.97089), (1.22233, -1.47742, -2.30043), (0.57435, -1.50852, 2.27346), (-2.26805, -1.53988, -1.51032), (2.43210, -1.52892, -0.36356), (-1.80542, -1.56056, 2.20295), (-0.12702, -1.54939, -2.57361), (2.10325, -1.58130, 2.10416), (-2.69446, -1.61348, -0.13417), (2.40274, -1.60212, -1.96741), (-0.41847, -1.63457, 2.79112), (-1.79431, -1.66727, -2.69707), (2.86017, -1.65573, 0.72390), (-2.34463, -1.68871, 1.24450), (1.04799, -1.72195, -2.89832), (1.05412, -1.71022, 2.57242), (-2.90245, -1.74374, -1.38785), (2.78781, -1.73180, -0.83142), (-1.74013, -1.76559, 2.86972), (-0.57678, -1.79965, -2.98669), (0.02238, -0.00038, -0.01117), (-0.00914, -0.00196, 0.02342), (-0.00907, -0.00380, -0.02383), (0.02310, -0.00511, 0.01177), (-0.02548, -0.00723, 0.00691), (0.01482, -0.00961, -0.02311), (0.00463, -0.01073, 0.02771), (-0.02335, -0.01338, -0.01847), (0.03045, -0.01429, -0.00203), (-0.02288, -0.01722, 0.02367), (0.00110, -0.02041, -0.03370), (0.02390, -0.02114, 0.02819), (-0.03741, -0.02460, -0.00495), (0.03450, -0.02833, -0.02382), (-0.00975, -0.02886, 0.04150), (-0.02079, -0.03286, -0.03759), (0.04582, -0.03712, 0.01568), (-0.04461, -0.03747, 0.01918), (0.02295, -0.04201, -0.05020), (0.01664, -0.04215, 0.05248), (-0.05441, -0.04696, -0.03172), (0.06115, -0.05203, -0.01291), (-0.04213, -0.05199, 0.05816), (-0.00771, -0.05733, -0.07052), (0.06113, -0.06294, 0.05427), (-0.08042, -0.06271, 0.00079), (0.05752, -0.06859, -0.05313), (-0.00811, -0.06815, 0.09064), (-0.05320, -0.07431, -0.07047), (0.10089, -0.08073, 0.01922), (-0.08483, -0.08009, 0.05173), (0.03276, -0.08679, -0.11086), (0.04837, -0.09375, 0.10051), (-0.12016, -0.09292, -0.04889), (0.11735, -0.10016, -0.04276), (-0.06772, -0.10765, 0.12835), (-0.03456, -0.10664, -0.13512), (0.11059, -0.11440, 0.07317), (-0.15353, -0.11319, 0.02341), (0.09315, -0.12123, -0.11434), (0.00901, -0.12953, 0.17221), (-0.11599, -0.12813, -0.11536), (0.19073, -0.13671, 0.00894), (-0.13971, -0.14555, 0.11509), (0.03065, -0.14395, -0.20861), (0.11114, -0.15307, 0.16600), (-0.22527, -0.16244, -0.05631), (0.19395, -0.16066, -0.10368), (-0.06948, -0.17031, 0.19394), (-0.09223, -0.16832, -0.22320), (0.20440, -0.17824, 0.09700), (-0.25331, -0.18843, 0.07636), (0.12792, -0.18625, -0.21237), (0.05566, -0.19671, 0.28376), (-0.21722, -0.20744, -0.16214), (0.31393, -0.20507, -0.02980), (-0.19946, -0.21607, 0.21832), (0.00152, -0.21349, -0.34314), (0.21503, -0.22477, 0.23959), (-0.29707, -0.23630, -0.03086), (0.28213, -0.23354, -0.20673), (-0.06534, -0.24535, 0.31814), (-0.19280, -0.25742, -0.32658), (0.33658, -0.25446, 0.10472), (-0.37234, -0.26681, 0.17267), (0.14894, -0.27942, -0.35160), (0.14583, -0.27627, 0.41870), (-0.36239, -0.28916, -0.19787), (0.46485, -0.28581, -0.11183), (-0.25122, -0.29896, 0.36812), (-0.05611, -0.31238, -0.40690), (0.36795, -0.30884, 0.30860), (-0.44291, -0.32254, 0.01682), (0.36951, -0.33649, -0.36105), (-0.02916, -0.33277, 0.47657), (-0.34664, -0.34700, -0.43330), (0.50695, -0.36148, 0.08191)],
                128: [(0.62817, -0.51749, 0.39208), (-0.85167, -0.53551, 0.15310), (0.48218, -0.55378, -0.62506), (0.07238, -0.54821, 0.91664), (-0.61148, -0.56675, -0.57670), (0.97575, -0.58556, 0.01978), (-0.67460, -0.57980, 0.58643), (0.12319, -0.59888, -1.02736), (0.54897, -0.61823, 0.77465), (-1.06984, -0.61228, -0.23745), (0.87546, -0.63190, -0.49830), (-0.28561, -0.62574, 0.86918), (-0.43375, -0.64564, -0.97551), (0.88868, -0.66579, 0.39319), (-1.07312, -0.65945, 0.35481), (0.50835, -0.67988, -0.89695), (0.26115, -0.70057, 1.16649), (-0.89260, -0.69404, -0.63010), (1.25371, -0.71500, -0.15267), (-0.75722, -0.73623, 0.87431), (-0.02947, -0.72951, -1.33280), (0.84087, -0.75101, 0.88830), (-1.10560, -0.74408, -0.08525), (1.02172, -0.76586, -0.79117), (-0.20562, -0.78790, 1.15603), (-0.72428, -0.78078, -1.15566), (1.19530, -0.80309, 0.33738), (-1.28815, -0.82567, 0.63944), (0.47967, -0.81836, -1.22158), (0.53612, -0.84121, 1.41703), (-1.23312, -0.86432, -0.63141), (1.54003, -0.85682, -0.41402), (-0.79124, -0.88021, 1.22822), (-0.21536, -0.87251, -1.30493), (1.20528, -0.89617, 0.95759), (-1.39390, -0.92009, 0.09002), (1.12859, -0.91220, -1.16286), (-0.05095, -0.93640, 1.47283), (-1.09967, -0.96085, -1.30217), (1.53951, -0.95277, 0.20698), (-1.47604, -0.97751, 1.01463), (0.37725, -0.96922, -1.59170), (0.90689, -0.99423, 1.64769), (-1.62720, -1.01950, -0.56060), (1.43084, -1.01102, -0.61184), (-0.75560, -1.03657, 1.64386), (-0.49244, -1.06237, -1.56411), (1.63964, -1.05371, 0.96052), (-1.68981, -1.07979, 0.35301), (1.17331, -1.10613, -1.61264), (0.19368, -1.09727, 1.80534), (-1.56114, -1.12389, -1.39164), (1.90801, -1.11483, -0.01489), (-1.61292, -1.14173, 1.48363), (0.18259, -1.16888, -1.99510), (1.08747, -1.15963, 1.44664), (-2.06390, -1.18706, -0.39764), (1.62706, -1.21475, -0.98758), (-0.62880, -1.20531, 2.11175), (-0.86351, -1.23327, -1.80387), (2.13608, -1.26150, 0.87422), (-1.97414, -1.25187, 0.71479), (1.13174, -1.28037, -2.13443), (0.54130, -1.27053, 2.13479), (-2.10455, -1.29931, -1.39880), (2.28265, -1.32835, -0.34325), (-1.31934, -1.31832, 1.61270), (-0.12128, -1.34764, -2.41447), (1.54784, -1.37721, 1.54582), (-2.52695, -1.36699, -0.12362), (1.77417, -1.39684, -1.45531), (-0.39001, -1.38642, 2.61686), (-1.33393, -1.41655, -2.00127), (2.68099, -1.44693, 0.67606), (-2.22378, -1.43632, 1.18284), (0.97949, -1.46699, -2.71628), (1.00158, -1.49791, 2.43814), (-2.14606, -1.48711, -1.02387), (2.64066, -1.51830, -0.79004), (-1.29056, -1.54976, 2.13250), (-0.54859, -1.53877, -2.82748), (2.08898, -1.57051, 1.56605), (-2.99473, -1.55931, 0.27802), (1.84722, -1.59132, -2.01347), (-0.02039, -1.62359, 3.13848), (-1.90427, -1.61221, -2.13059), (3.25485, -1.64475, 0.34488), (-2.41241, -1.67755, 1.76002), (0.54714, -1.66598, -2.63631), (1.57977, -1.69906, 2.68865), (-2.68969, -1.73240, -0.84295), (2.95506, -1.72064, -1.36299), (-1.15570, -1.75426, 2.71250), (-1.10964, -1.74229, -3.20721), (2.70181, -1.77618, 1.48247), (-3.44054, -1.81033, 0.82019), (-0.01214, -0.00113, -0.02191), (0.02389, -0.00281, 0.00815), (-0.02358, -0.00475, 0.01017), (0.01084, -0.00603, -0.02376), (0.00820, -0.00824, 0.02578), (-0.02393, -0.00932, -0.01392), (0.02859, -0.01181, -0.00606), (-0.01757, -0.01456, 0.02429), (-0.00353, -0.01545, -0.03203), (0.02474, -0.01848, 0.02192), (-0.03612, -0.02176, 0.00039), (0.02713, -0.02246, -0.02510), (-0.00331, -0.02602, 0.03737), (-0.02517, -0.02984, -0.03328), (0.04142, -0.03035, 0.00785), (-0.04047, -0.03445, 0.02473), (0.01347, -0.03475, -0.04573), (0.02350, -0.03913, 0.04872), (-0.05012, -0.04376, -0.02034), (0.05801, -0.04387, -0.02120), (-0.02863, -0.04878, 0.05438), (-0.01753, -0.05395, -0.06829), (0.05826, -0.05388, 0.03848), (-0.06765, -0.05932, 0.01038), (0.04999, -0.06503, -0.06148), (0.00411, -0.06476, 0.07725), (-0.06369, -0.07075, -0.06323), (0.08721, -0.07028, 0.00401), (-0.07821, -0.07653, 0.06454), (0.01421, -0.08305, -0.09730), (0.06364, -0.08239, 0.09487), (-0.10721, -0.08918, -0.02670), (0.11310, -0.09624, -0.06059), (-0.04166, -0.09539, 0.11659), (-0.04523, -0.10272, -0.10920), (0.12505, -0.11030, 0.05921), (-0.12622, -0.10927, 0.03817), (0.07943, -0.11713, -0.13213), (0.02837, -0.11589, 0.14397), (-0.13736, -0.12403, -0.10235), (0.16212, -0.13243, -0.01553), (-0.12789, -0.13100, 0.14023), (0.00064, -0.13967, -0.18029), (0.14019, -0.14861, 0.15593), (-0.19802, -0.14699, -0.02039), (0.15068, -0.15620, -0.11061), (-0.04392, -0.15437, 0.21480), (-0.10480, -0.16386, -0.17716), (0.23004, -0.17361, 0.07135), (-0.20506, -0.17159, 0.09531), (0.10275, -0.18161, -0.24313), (0.08173, -0.19190, 0.23399), (-0.25341, -0.18969, -0.13808), (0.26348, -0.20025, -0.06363), (-0.17722, -0.21107, 0.26018), (-0.04066, -0.20867, -0.29296), (0.21069, -0.21977, 0.17639), (-0.32181, -0.21717, 0.01250), (0.21399, -0.22854, -0.20945), (-0.02107, -0.24017, 0.34932), (-0.20365, -0.23738, -0.25410), (0.37471, -0.24929, 0.06021), (-0.29631, -0.26145, 0.19268), (0.10496, -0.25847, -0.39715), (0.17596, -0.27092, 0.34008), (-0.41576, -0.28362, -0.15528), (0.38476, -0.28045, -0.15297), (-0.16836, -0.29343, 0.34282), (-0.12324, -0.29005, -0.42962), (0.35072, -0.30331, 0.21773), (-0.47382, -0.31682, 0.08636), (0.27121, -0.31326, -0.35334), (0.04203, -0.32705, 0.51644), (-0.34985, -0.34110, -0.32836), (0.55645, -0.33735, 0.00994), (-0.38862, -0.35167, 0.33948), (0.06963, -0.34771, -0.59279), (0.32147, -0.36232, 0.45131), (-0.49671, -0.37718, -0.10899), (0.51560, -0.37303, -0.29512), (-0.16924, -0.38817, 0.51925), (-0.25981, -0.40357, -0.58055), (0.53613, -0.39923, 0.23566), (-0.64511, -0.41490, 0.21502), (0.30789, -0.43084, -0.54631), (0.16032, -0.42631, 0.70810), (-0.54874, -0.44252, -0.38538), (0.76823, -0.43779, -0.09543), (-0.46747, -0.45427, 0.54239), (-0.01605, -0.47102, -0.65453), (0.52629, -0.46610, 0.55330), (-0.69761, -0.48312, -0.05210), (0.64187, -0.50040, -0.49952), (-0.12894, -0.49529, 0.73523), (-0.46125, -0.51285, -0.73204), (0.76607, -0.53066, 0.21423)],
                130: [(0.82902, -0.71495, 0.65747), (-1.23153, -0.73629, 0.08061), (0.78020, -0.75789, -0.80530), (-0.04393, -0.75094, 1.30280), (-0.76658, -0.77281, -0.90614), (1.36340, -0.79495, 0.18210), (-1.03365, -0.78780, 0.71186), (0.33319, -0.81021, -1.41130), (0.64030, -0.83289, 1.16093), (-1.44451, -0.82555, -0.49625), (1.28599, -0.84850, -0.55123), (-0.52785, -0.84096, 1.15101), (-0.44423, -0.86418, -1.40669), (1.15529, -0.88766, 0.67543), (-1.52077, -0.87993, 0.31908), (0.83022, -0.90369, -1.14319), (0.17586, -0.92771, 1.62588), (-1.11322, -0.91979, -0.99061), (1.71959, -0.94409, -0.01492), (-1.15473, -0.96864, 1.06402), (0.16309, -0.96053, -1.79941), (0.99443, -0.98537, 1.32047), (-1.46749, -0.97705, -0.28141), (1.48556, -1.00216, -0.90347), (-0.44829, -1.02753, 1.51035), (-0.79041, -1.01902, -1.64747), (1.53644, -1.04467, 0.62725), (-1.80357, -1.07057, 0.65481), (0.81679, -1.06187, -1.54371), (0.49651, -1.08805, 1.95103), (-1.53022, -1.11449, -1.01514), (2.08697, -1.10561, -0.31569), (-1.22022, -1.13232, 1.49421), (-0.08891, -1.12323, -1.73982), (1.43405, -1.15023, 1.42968), (-1.83100, -1.17748, -0.08797), (1.64091, -1.16820, -1.34839), (-0.28242, -1.19573, 1.90632), (-1.23612, -1.22351, -1.85104), (1.96317, -1.21404, 0.49323), (-2.05700, -1.24211, 1.09644), (0.71887, -1.23243, -1.99900), (0.92886, -1.26077, 2.25553), (-2.01136, -1.28937, -0.95745), (1.92518, -1.27951, -0.57781), (-1.20674, -1.30838, 1.99793), (-0.40395, -1.33752, -2.07230), (1.95661, -1.32747, 1.46416), (-2.20610, -1.35688, 0.20675), (1.72680, -1.38655, -1.88552), (-0.01307, -1.37630, 2.32340), (-1.78306, -1.40625, -1.99147), (2.42104, -1.39580, 0.25440), (-2.25468, -1.42603, 1.64796), (0.51573, -1.45651, -2.49589), (1.16597, -1.44587, 1.98044), (-2.54490, -1.47663, -0.79513), (2.18775, -1.50765, -1.01139), (-1.09028, -1.49682, 2.56514), (-0.82787, -1.52812, -2.38607), (2.55389, -1.55967, 1.39841), (-2.57177, -1.54865, 0.61546), (1.71641, -1.58048, -2.50866), (0.37462, -1.56926, 2.74113), (-2.42725, -1.60137, -2.04074), (2.89035, -1.63373, -0.10629), (-1.86663, -1.62232, 1.81953), (0.18815, -1.65497, -3.01567), (1.70289, -1.68787, 2.13381), (-3.11336, -1.67627, -0.50684), (2.39823, -1.70945, -1.55240), (-0.84742, -1.69764, 3.17979), (-1.36727, -1.73109, -2.65593), (3.21153, -1.76481, 1.20706), (-2.90275, -1.75281, 1.14712), (1.58245, -1.78680, -3.20536), (0.02457, -0.00047, 0.00464), (-0.02143, -0.00191, 0.01312), (0.00718, -0.00369, -0.02444), (0.01126, -0.00572, 0.02329), (-0.02473, -0.00698, -0.01001), (0.02563, -0.00929, -0.00939), (-0.01335, -0.01034, 0.02540), (-0.00735, -0.01293, -0.02852), (0.02634, -0.01577, 0.01736), (-0.03202, -0.01663, 0.00494), (0.02225, -0.01976, -0.02741), (0.00195, -0.02314, 0.03613), (-0.02614, -0.02381, -0.02591), (0.04080, -0.02747, 0.00184), (-0.03188, -0.03139, 0.02635), (0.00667, -0.03187, -0.04594), (0.02609, -0.03607, 0.03882), (-0.05141, -0.03634, -0.01276), (0.04679, -0.04081, -0.02512), (-0.02032, -0.04554, 0.05703), (-0.02316, -0.04563, -0.05577), (0.05392, -0.05064, 0.02547), (-0.06572, -0.05590, 0.01994), (0.03473, -0.05580, -0.05788), (0.01515, -0.06135, 0.07653), (-0.06128, -0.06104, -0.04557), (0.08805, -0.06686, -0.00851), (-0.05808, -0.07293, 0.06379), (0.00027, -0.07244, -0.10004), (0.06508, -0.07879, 0.07226), (-0.11224, -0.08540, -0.01146), (0.08810, -0.08472, -0.06479), (-0.02092, -0.09161, 0.10278), (-0.06254, -0.09876, -0.10552), (0.11215, -0.09788, 0.03468), (-0.12435, -0.10531, 0.05793), (0.05091, -0.10423, -0.12076), (0.05057, -0.11193, 0.14437), (-0.12820, -0.11989, -0.06971), (0.16529, -0.11862, -0.04007), (-0.09111, -0.12686, 0.13401), (-0.02608, -0.13535, -0.18674), (0.13772, -0.13389, 0.11510), (-0.16885, -0.14267, 0.00671), (0.14158, -0.15170, -0.13882), (-0.01107, -0.15005, 0.18627), (-0.13677, -0.15936, -0.17035), (0.20298, -0.15751, 0.03243), (-0.20117, -0.16709, 0.13106), (0.05753, -0.17694, -0.21845), (0.12117, -0.17489, 0.23368), (-0.23209, -0.18501, -0.08645), (0.26743, -0.19539, -0.10659), (-0.11922, -0.19316, 0.24328), (-0.06972, -0.20382, -0.24226), (0.25136, -0.21473, 0.15574), (-0.27081, -0.21231, 0.04960), (0.19587, -0.22350, -0.25564), (0.02460, -0.22087, 0.29905), (-0.25542, -0.23234, -0.23931), (0.32631, -0.24407, 0.00554), (-0.28570, -0.24125, 0.25001), (0.04102, -0.25326, -0.35188), (0.23874, -0.26552, 0.33454), (-0.37497, -0.26252, -0.08193), (0.30739, -0.27506, -0.17630), (-0.12828, -0.27184, 0.39475), (-0.15704, -0.28466, -0.35008), (0.41035, -0.29774, 0.17994), (-0.39331, -0.29433, 0.13148), (0.23670, -0.30769, -0.42087), (0.09919, -0.32130, 0.43632), (-0.42539, -0.31771, -0.29820), (0.47825, -0.33159, -0.05983), (-0.36393, -0.34574, 0.42301), (-0.01316, -0.34196, -0.51816), (0.32832, -0.35639, 0.34457), (-0.55505, -0.35240, -0.04097), (0.40368, -0.36710, -0.31472), (-0.10256, -0.38206, 0.58782), (-0.29342, -0.37788, -0.46478), (0.61536, -0.39312, 0.17151), (-0.52702, -0.40861, 0.26377), (0.24752, -0.40425, -0.63650), (0.22522, -0.42002, 0.58942), (-0.65008, -0.43605, -0.33017), (0.65091, -0.43150, -0.17729), (-0.33245, -0.44780, 0.51978), (-0.11962, -0.44304, -0.71031), (0.51812, -0.45963, 0.40887), (-0.76633, -0.47647, 0.05202), (0.48938, -0.47152, -0.50756), (-0.02559, -0.48864, 0.81761), (-0.48719, -0.50602, -0.57308), (0.86274, -0.50088, 0.11311), (-0.65895, -0.51853, 0.45616), (0.21024, -0.51319, -0.90024), (0.41369, -0.53112, 0.74580), (-0.73612, -0.54931, -0.25090), (0.83231, -0.54378, -0.35915), (-0.34346, -0.56224, 0.75373), (-0.29203, -0.58097, -0.91703), (0.76170, -0.57525, 0.44286), (-0.99837, -0.59425, 0.21199), (0.54826, -0.61351, -0.75878), (0.11886, -0.60760, 1.07465), (-0.74377, -0.62714, -0.65864), (1.14412, -0.62102, -0.01269), (-0.77278, -0.64083, 0.71554), (0.08419, -0.66091, -0.95449), (0.67306, -0.65460, 0.88927), (-0.99912, -0.67495, -0.18909), (1.00653, -0.69556, -0.61547), (-0.30421, -0.68906, 1.03407), (-0.54203, -0.70995, -1.12282), (1.05773, -0.73109, 0.42884)],
                132: [(1.01630, -0.94366, 1.01144), (-1.66807, -0.96833, -0.07868), (1.16791, -0.99326, -0.96142), (-0.25582, -0.98492, 1.73727), (-0.88661, -1.01012, -1.32516), (1.78975, -1.03558, 0.44800), (-1.48088, -1.02705, 0.79101), (0.65384, -1.05279, -1.82317), (0.67400, -1.07879, 1.63262), (-1.83526, -1.07007, -0.87167), (1.77773, -1.09635, -0.53525), (-0.86525, -1.08742, 1.43537), (-0.37472, -1.11397, -1.91348), (1.41368, -1.14079, 1.05596), (-2.03701, -1.13167, 0.19269), (1.25234, -1.15876, -1.36984), (-0.01020, -1.18611, 2.14541), (-1.30235, -1.17680, -1.45202), (2.23577, -1.20443, 0.23296), (-1.65241, -1.23231, 1.20997), (0.47423, -1.22281, -2.30520), (1.09174, -1.25097, 1.85066), (-1.85039, -1.24127, -0.57637), (2.04373, -1.26971, -0.94697), (-0.79508, -1.29841, 1.87516), (-0.77534, -1.28852, -2.22839), (1.87666, -1.31749, 1.02546), (-2.40130, -1.34672, 0.57687), (1.26525, -1.33664, -1.85272), (0.35201, -1.36615, 2.55900), (-1.80138, -1.39591, -1.51185), (2.69800, -1.38565, -0.10157), (-1.76236, -1.41569, 1.72089), (0.13633, -1.40521, -2.21607), (1.60982, -1.43553, 2.01358), (-2.29962, -1.46611, -0.37231), (2.26205, -1.45545, -1.46705), (-0.62684, -1.48631, 2.36036), (-1.29186, -1.51742, -2.50408), (2.39537, -1.50657, 0.89792), (-2.73579, -1.53796, 1.08390), (1.18318, -1.52690, -2.40188), (0.84328, -1.55857, 2.95316), (-2.37732, -1.59049, -1.47983), (2.48236, -1.57925, -0.44936), (-1.78472, -1.61145, 2.31938), (-0.21126, -1.64391, -2.63468), (2.22604, -1.63247, 2.09432), (-2.76653, -1.66521, -0.05273), (2.40479, -1.69821, -2.09562), (-0.34112, -1.68658, 2.87429), (-1.92686, -1.71986, -2.71197), (2.95438, -1.70803, 0.65196), (-3.01145, -1.74158, 1.71893), (0.98283, -1.77539, -3.00334), (1.15927, -1.76337, 2.59871), (-3.01792, -1.79745, -1.33086), (0.00358, -0.00130, -0.02479), (0.01413, -0.00272, 0.02098), (-0.02489, -0.00460, -0.00615), (0.02320, -0.00673, -0.01248), (-0.00901, -0.00796, 0.02537), (-0.01084, -0.01037, -0.02603), (0.02619, -0.01139, 0.01234), (-0.02956, -0.01407, 0.00899), (0.01632, -0.01702, -0.02725), (0.00633, -0.01785, 0.03185), (-0.02843, -0.02107, -0.02111), (0.03593, -0.02455, -0.00351), (-0.02687, -0.02520, 0.02956), (0.00007, -0.02895, -0.04055), (0.03042, -0.02939, 0.03371), (-0.04564, -0.03342, -0.00462), (0.04174, -0.03771, -0.03075), (-0.01035, -0.03796, 0.05107), (-0.03028, -0.04253, -0.05099), (0.05667, -0.04736, 0.01747), (-0.05321, -0.04742, 0.02484), (0.02617, -0.05252, -0.06223), (0.02205, -0.05789, 0.06277), (-0.06748, -0.05776, -0.03662), (0.07320, -0.06340, -0.01781), (-0.04893, -0.06306, 0.07210), (-0.01186, -0.06898, -0.08436), (0.07575, -0.07515, 0.06320), (-0.09604, -0.07463, 0.00390), (0.07945, -0.08108, -0.07804), (-0.00633, -0.08779, 0.10801), (-0.06520, -0.08708, -0.08106), (0.11995, -0.09407, 0.01906), (-0.09757, -0.10131, 0.06368), (0.03450, -0.10041, -0.13149), (0.06002, -0.10793, 0.11550), (-0.14220, -0.10682, -0.05283), (0.13468, -0.11462, -0.05382), (-0.07414, -0.12268, 0.15163), (-0.04471, -0.12138, -0.15484), (0.12944, -0.12972, 0.08005), (-0.17565, -0.13831, 0.03233), (0.10239, -0.13683, -0.13388), (0.01636, -0.14570, 0.19672), (-0.13598, -0.14400, -0.12718), (0.21757, -0.15315, 0.00351), (-0.15429, -0.16256, 0.13525), (0.02750, -0.16067, -0.23766), (0.13118, -0.17036, 0.18349), (-0.25639, -0.18030, -0.05579), (0.21448, -0.17823, -0.12326), (-0.07107, -0.18845, 0.21936), (-0.11100, -0.19892, -0.24687), (0.23126, -0.19666, 0.10117), (-0.28018, -0.20742, 0.09393), (0.13496, -0.20495, -0.24044), (0.07163, -0.21598, 0.31384), (-0.24625, -0.22727, -0.17231), (0.34719, -0.22461, -0.04374), (-0.21301, -0.23618, 0.24802), (-0.00997, -0.24801, -0.37951), (0.24506, -0.24516, 0.25674), (-0.32716, -0.25726, -0.02386), (0.30309, -0.26962, -0.23672), (-0.06086, -0.26659, 0.35059), (-0.22234, -0.27923, -0.35151), (0.37123, -0.27599, 0.10312), (-0.40137, -0.28890, 0.20133), (0.15059, -0.30207, -0.38825), (0.17313, -0.29864, 0.45190), (-0.40077, -0.31209, -0.20311), (0.50226, -0.32580, -0.13727), (-0.26041, -0.32218, 0.40794), (-0.07423, -0.33617, -0.43841), (0.40885, -0.35041, 0.32206), (-0.47780, -0.34661, 0.03285), (0.38753, -0.36113, -0.40263), (-0.01566, -0.35711, 0.51478), (-0.38845, -0.37191, -0.45612), (0.54834, -0.38697, 0.07140), (-0.52704, -0.38276, 0.36552), (0.13432, -0.39810, -0.57742), (0.33311, -0.41369, 0.59931), (-0.60090, -0.40930, -0.20423), (0.53291, -0.42517, -0.23050), (-0.28080, -0.42057, 0.61765), (-0.18921, -0.43671, -0.59237), (0.62653, -0.45312, 0.36354), (-0.65045, -0.44833, 0.13871), (0.45179, -0.46501, -0.62641), (0.07871, -0.48195, 0.70596), (-0.61621, -0.47697, -0.54472), (0.75763, -0.49419, -0.00906), (-0.64135, -0.51166, 0.59488), (0.07022, -0.50650, -0.80410), (0.44475, -0.52425, 0.58655), (-0.84397, -0.51888, -0.15897), (0.66917, -0.53691, -0.40999), (-0.25682, -0.55520, 0.87581), (-0.36394, -0.54963, -0.75221), (0.89816, -0.56820, 0.36324), (-0.83433, -0.58702, 0.30602), (0.47746, -0.58127, -0.90960), (0.23582, -0.60037, 0.91407), (-0.90871, -0.61973, -0.59855), (0.98985, -0.61379, -0.15306), (-0.57406, -0.63343, 0.70769), (-0.05766, -0.62728, -1.06002), (0.68767, -0.64719, 0.68108), (-1.12283, -0.66736, -0.05025), (0.79119, -0.66103, -0.65452), (-0.17035, -0.68148, 1.17650), (-0.60729, -0.70218, -0.90295), (1.21921, -0.69566, 0.30206), (-1.01477, -0.71664, 0.54519), (0.44459, -0.70991, -1.24916), (0.46758, -0.73117, 1.12490), (-1.00037, -0.75269, -0.47218), (1.23144, -0.74577, -0.37401), (-0.60226, -0.76757, 1.00456), (-0.26426, -0.78962, -1.33238), (0.99430, -0.78251, 0.73896), (-1.42561, -0.80484, 0.13833), (0.88088, -0.82743, -0.96821), (-0.00353, -0.82014, 1.50893), (-0.92503, -0.84300, -1.02634), (1.58012, -0.83550, 0.16079), (-1.17352, -0.85864, 0.86366), (0.26309, -0.88204, -1.29469), (0.78319, -0.87435, 1.32034), (-1.33301, -0.89803, -0.41168), (1.46458, -0.92197, -0.68292), (-0.57127, -0.91409, 1.35641), (-0.56238, -0.93830, -1.60385), (1.36302, -0.96277, 0.74053)],
                134: [(1.16759, -1.20362, 1.45783), (-2.14499, -1.23162, -0.34536), (1.64674, -1.25987, -1.07004), (-0.58249, -1.25015, 2.20110), (-0.94747, -1.27868, -1.83261), (2.23335, -1.30747, 0.83497), (-2.01243, -1.29755, 0.79934), (1.10059, -1.32662, -2.23915), (0.62543, -1.35595, 2.18303), (-2.21613, -1.34585, -1.37681), (2.34115, -1.37545, -0.42590), (-1.30602, -1.36514, 1.70034), (-0.20131, -1.39502, -2.48343), (1.64053, -1.42516, 1.54077), (-2.60646, -1.41466, -0.04740), (1.77824, -1.44507, -1.55235), (-0.31885, -1.47575, 2.70685), (-1.43448, -1.46506, -2.01525), (2.78129, -1.49601, 0.61122), (-2.24839, -1.52722, 1.28598), (0.92225, -1.51634, -2.82656), (1.10624, -1.54783, 2.47403), (-2.23380, -1.53675, -0.98274), (2.68836, -1.56851, -0.89509), (-1.25663, -1.60053, 2.22807), (-0.65277, -1.58926, -2.88745), (2.19188, -1.62156, 1.54043), (-3.06726, -1.65412, 0.38002), (1.83099, -1.64266, -2.12306), (0.07802, -1.67549, 3.22375), (-2.01976, -1.70859, -2.12479), (3.35289, -1.69693, 0.25150), (-2.41803, -1.73030, 1.88050), (0.47715, -1.71844, -2.71549), (1.70417, -1.75209, 2.70660), (-2.77928, -1.78600, -0.77820), (2.98616, -1.77395, -1.49013), (0.01677, -0.00048, 0.01855), (-0.02503, -0.00218, -0.00251), (0.02047, -0.00357, -0.01511), (-0.00515, -0.00554, 0.02552), (-0.01359, -0.00672, -0.02284), (0.02650, -0.00897, 0.00814), (-0.02578, -0.01147, 0.01207), (0.01127, -0.01247, -0.02687), (0.01035, -0.01525, 0.02937), (-0.02803, -0.01829, -0.01518), (0.03367, -0.01910, -0.00822), (-0.01985, -0.02242, 0.02931), (-0.00547, -0.02599, -0.03867), (0.03054, -0.02661, 0.02543), (-0.04436, -0.03046, 0.00184), (0.03205, -0.03088, -0.03153), (-0.00292, -0.03501, 0.05063), (-0.03206, -0.03939, -0.03979), (0.05037, -0.03962, 0.00796), (-0.04871, -0.04428, 0.03186), (0.01462, -0.04921, -0.05591), (0.03063, -0.04924, 0.05882), (-0.06145, -0.05444, -0.02277), (0.07008, -0.05990, -0.02808), (-0.03257, -0.05974, 0.06676), (-0.02387, -0.06548, -0.08240), (0.07154, -0.06512, 0.04415), (-0.09560, -0.07113, 0.01768), (0.05762, -0.07740, -0.07547), (0.00768, -0.07685, 0.09145), (-0.07819, -0.08340, -0.07301), (0.10310, -0.09021, 0.00157), (-0.09031, -0.08947, 0.07931), (0.01318, -0.09655, -0.11482), (0.07840, -0.09561, 0.10946), (-0.12628, -0.10297, -0.02736), (0.13031, -0.11059, -0.07504), (-0.04429, -0.10945, 0.13709), (-0.06879, -0.11735, -0.15264), (0.14682, -0.12550, 0.06408), (-0.14373, -0.12418, 0.04832), (0.08681, -0.13261, -0.15498), (0.03753, -0.14130, 0.16376), (-0.16104, -0.13979, -0.11247), (0.18421, -0.14876, -0.02337), (-0.14100, -0.14704, 0.16447), (-0.00555, -0.15628, -0.20463), (0.16469, -0.16578, 0.17223), (-0.22454, -0.16387, -0.01618), (0.20592, -0.17365, -0.16112), (-0.04203, -0.18369, 0.24337), (-0.12351, -0.18159, -0.19490), (0.26052, -0.19191, 0.07212), (-0.22572, -0.20248, 0.11347), (0.10651, -0.20020, -0.27531), (0.09897, -0.21105, 0.25766), (-0.28703, -0.20855, -0.14516), (0.29019, -0.21968, -0.07958), (-0.18793, -0.23107, 0.29496), (-0.05493, -0.22839, -0.32273), (0.23812, -0.24005, 0.18724), (-0.35459, -0.25197, 0.02469), (0.22810, -0.24910, -0.23741), (-0.01138, -0.26130, 0.38502), (-0.23181, -0.25822, -0.27171), (0.41319, -0.27069, 0.05344), (-0.31759, -0.28343, 0.22067), (0.10154, -0.28016, -0.43823), (0.20339, -0.29317, 0.36517), (-0.45919, -0.30644, -0.15562), (0.41377, -0.30299, -0.17940), (-0.17127, -0.31653, 0.37760), (-0.14821, -0.33034, -0.46262), (0.38707, -0.32669, 0.22414), (-0.51083, -0.34078, 0.10940), (0.28145, -0.33692, -0.39095), (0.06264, -0.35128, 0.55741), (-0.38838, -0.36590, -0.34272), (0.60130, -0.36186, -0.00772), (-0.40738, -0.37675, 0.37852), (0.05545, -0.39191, -0.64137), (0.36059, -0.38768, 0.47470), (-0.53622, -0.40311, -0.10052), (0.54383, -0.41880, -0.33385), (-0.16414, -0.41438, 0.56155), (-0.29762, -0.43034, -0.61378), (0.58099, -0.42572, 0.23438), (-0.68344, -0.44196, 0.25135), (0.31084, -0.45846, -0.59343), (0.19460, -0.45365, 0.75157), (-0.59777, -0.47042, -0.39299), (0.81685, -0.48746, -0.12704), (-0.48012, -0.48246, 0.59294), (-0.03840, -0.49977, -0.69481), (0.57788, -0.51734, 0.57135), (-0.74197, -0.51215, -0.03256), (0.66565, -0.53000, -0.55164), (-0.11275, -0.52460, 0.78354), (-0.51333, -0.54273, -0.76181), (0.81816, -0.56111, 0.20194), (-0.85850, -0.55552, 0.46219), (0.29970, -0.57418, -0.84441), (0.39760, -0.59310, 0.95419), (-0.86091, -0.58733, -0.40543), (0.82813, -0.60652, -0.25231), (-0.51831, -0.60054, 0.86626), (-0.17984, -0.62001, -0.90260), (0.85913, -0.63975, 0.63734), (-0.97260, -0.63357, 0.09523), (0.76131, -0.65358, -0.83825), (-0.00152, -0.67385, 1.03651), (-0.80246, -0.66749, -0.88880), (1.09262, -0.68803, 0.11022), (-1.01821, -0.70884, 0.75073), (0.23045, -0.70229, -1.13917), (0.53915, -0.72337, 0.90712), (-1.17441, -0.71661, -0.36158), (1.01301, -0.73797, -0.47343), (-0.50273, -0.75958, 1.19659), (-0.39261, -0.75264, -1.11656), (1.20400, -0.77453, 0.65278), (-1.21590, -0.79668, 0.29633), (0.81036, -0.78954, -1.19503), (0.18445, -0.81197, 1.30903), (-1.16813, -0.83466, -0.97386), (1.39388, -0.82734, -0.05706), (-0.90191, -0.85030, 0.88649), (0.08548, -0.84277, -1.46830), (0.83791, -0.86601, 1.04104), (-1.53011, -0.88951, -0.24257), (1.18107, -0.88179, -0.77151), (-0.41330, -0.90556, 1.57716), (-0.68646, -0.92960, -1.31995), (1.60729, -0.92169, 0.59649), (-1.45546, -0.94600, 0.58218), (0.79065, -0.93789, -1.61843), (0.45830, -0.96247, 1.58523), (-1.27096, -0.98732, -0.78536), (1.70677, -0.97902, -0.31475), (-0.95641, -1.00414, 1.25142), (-0.15174, -1.02952, -1.81751), (1.21193, -1.02103, 1.13274), (-1.91480, -1.04669, -0.03020), (1.31222, -1.07261, -1.15112), (-0.23023, -1.06392, 1.99597), (-1.06782, -1.09012, -1.49251), (2.05839, -1.08123, 0.44715), (-1.67104, -1.10770, 0.96111), (0.53684, -1.13443, -1.65889), (0.83034, -1.12535, 1.84505), (-1.68085, -1.15236, -0.73464), (2.01161, -1.17963, -0.67516), (-0.94316, -1.17036, 1.68174), (-0.49555, -1.19790, -2.16767), (1.65956, -1.22571, 1.16035)],
                136: [(1.25910, -1.49483, 1.99588), (-2.64130, -1.52615, -0.73708), (2.21330, -1.55774, -1.10687), (-1.03966, -1.54662, 2.67094), (-0.92468, -1.57849, -2.42234), (2.66861, -1.61061, 1.35648), (-2.61928, -1.59931, 0.71249), (1.68438, -1.63170, -2.63167), (0.47067, -1.66436, 2.80028), (-2.55778, -1.65287, -2.01980), (2.96145, -1.68580, -0.20006), (-1.85412, -1.67410, 1.92178), (0.09801, -1.70731, -3.09886), (1.81066, -1.74078, 2.13125), (-3.20866, -1.72889, -0.42173), (2.40656, -1.76264, -1.66478), (-0.76879, -1.79664, 3.28705), (-1.48323, -1.78457, -2.67604), (0.01785, -0.00129, -0.01759), (-0.00143, -0.00308, 0.02524), (-0.01618, -0.00444, -0.02005), (0.02595, -0.00651, 0.00408), (-0.02241, -0.00767, 0.01468), (0.00706, -0.01001, -0.02710), (0.01327, -0.01261, 0.02542), (-0.02864, -0.01358, -0.01058), (0.02904, -0.01646, -0.01166), (-0.01484, -0.01960, 0.03049), (-0.00968, -0.02038, -0.03332), (0.03251, -0.02379, 0.02002), (-0.03827, -0.02747, 0.00711), (0.02630, -0.02806, -0.03451), (0.00373, -0.03201, 0.04388), (-0.03241, -0.03239, -0.03021), (0.05007, -0.03662, 0.00072), (-0.03762, -0.04110, 0.03310), (0.00646, -0.04130, -0.05672), (0.03313, -0.04606, 0.04617), (-0.06364, -0.05108, -0.01373), (0.05587, -0.05109, -0.03224), (-0.02275, -0.05639, 0.07063), (-0.03013, -0.05619, -0.06669), (0.07738, -0.06176, 0.03369), (-0.07857, -0.06760, 0.02649), (0.03933, -0.06721, -0.07036), (0.02102, -0.07332, 0.09135), (-0.07451, -0.07969, -0.05195), (0.10486, -0.07911, -0.01340), (-0.06641, -0.08575, 0.07760), (-0.00333, -0.09266, -0.11883), (0.07926, -0.09189, 0.08274), (-0.13295, -0.09907, -0.00946), (0.10089, -0.09810, -0.07908), (-0.02522, -0.10556, 0.14682), (-0.07667, -0.11327, -0.12075), (0.13098, -0.11211, 0.03614), (-0.14213, -0.12010, 0.07160), (0.05436, -0.12836, -0.14088), (0.06346, -0.12700, 0.16478), (-0.14944, -0.13553, -0.07541), (0.18838, -0.14432, -0.05184), (-0.09932, -0.14278, 0.15618), (-0.03636, -0.15185, -0.21250), (0.16057, -0.15010, 0.12604), (-0.23667, -0.15944, 0.01669), (0.15545, -0.16904, -0.16207), (-0.00603, -0.16710, 0.21015), (-0.16013, -0.17698, -0.18736), (0.22889, -0.18712, 0.02940), (-0.22147, -0.18499, 0.15417), (0.05683, -0.19540, -0.24626), (0.14365, -0.19307, 0.25739), (-0.26164, -0.20376, -0.08842), (0.29464, -0.21471, -0.12806), (-0.12415, -0.21219, 0.27436), (-0.10689, -0.22341, -0.33265), (0.28371, -0.23490, 0.16396), (-0.29708, -0.23219, 0.06389), (0.20765, -0.24395, -0.28897), (0.03717, -0.25597, 0.32820), (-0.28939, -0.25307, -0.25492), (0.35829, -0.26536, -0.00491), (-0.30538, -0.26226, 0.28424), (0.03308, -0.27483, -0.38659), (0.27281, -0.28766, 0.35849), (-0.41227, -0.28437, -0.07691), (0.41361, -0.29748, -0.25440), (-0.12657, -0.31084, 0.43444), (-0.18224, -0.30736, -0.37500), (0.45219, -0.32100, 0.18196), (-0.42197, -0.33491, 0.15561), (0.24282, -0.33123, -0.46455), (0.12181, -0.34541, 0.46876), (-0.47056, -0.34153, -0.30877), (0.51448, -0.35599, -0.08047), (-0.37931, -0.37070, 0.46927), (-0.03134, -0.36664, -0.55814), (0.36427, -0.38163, 0.35952), (-0.59867, -0.39688, -0.02575), (0.42285, -0.39262, -0.35105), (-0.09080, -0.40815, 0.63493), (-0.32971, -0.40369, -0.48839), (0.66574, -0.41949, 0.16371), (-0.55524, -0.43555, 0.29956), (0.24418, -0.43090, -0.68987), (0.25999, -0.44724, 0.62241), (-0.70610, -0.46384, -0.33177), (0.68876, -0.45900, -0.21050), (-0.33684, -0.47587, 0.56408), (-0.15072, -0.49300, -0.75304), (0.56413, -0.48797, 0.41774), (-0.81393, -0.50538, 0.08041), (0.50309, -0.50015, -0.55491), (-0.00052, -0.51783, 0.86999), (-0.53541, -0.53578, -0.59198), (0.91973, -0.53035, 0.09197), (-0.68333, -0.54858, 0.50474), (0.19366, -0.56706, -0.96162), (0.46209, -0.56144, 0.77593), (-0.78543, -0.58020, -0.24107), (0.86839, -0.59922, -0.40676), (-0.33793, -0.59341, 0.80630), (-0.33822, -0.61271, -0.95920), (0.81721, -0.60670, 0.44215), (-1.04672, -0.62627, 0.25607), (0.55287, -0.64610, -0.81685), (0.16011, -0.63990, 1.12920), (-0.80393, -0.66000, -0.66905), (1.20481, -0.68037, -0.05037), (-0.78942, -0.67398, 0.77728), (0.05758, -0.69462, -1.00410), (0.73580, -0.71552, 0.91255), (-1.05357, -0.70895, -0.16608), (1.03680, -0.73012, -0.67856), (-0.28546, -0.72334, 1.09319), (-0.60476, -0.74479, -1.16038), (1.12124, -0.76651, 0.41500), (-1.28132, -0.75953, 0.51382), (0.55376, -0.78152, -1.13604), (0.40536, -0.80377, 1.39752), (-1.13598, -0.79661, -0.70058), (1.18938, -0.81913, -0.22041), (-0.85404, -0.81176, 1.11949), (-0.10754, -0.83457, -1.27461), (1.08517, -0.85763, 1.01249), (-1.35108, -0.85007, -0.02013), (1.17405, -0.87341, -1.03172), (-0.16216, -0.89700, 1.41673), (-0.95805, -0.88925, -1.33662), (1.46943, -0.91313, 0.31787), (-1.49791, -0.93726, 0.86328), (0.48626, -0.92932, -1.50709), (0.58940, -0.95373, 1.30661), (-1.52766, -0.94559, -0.66610), (1.43305, -0.97028, -0.48237), (-0.85584, -0.99522, 1.52916), (-0.35648, -0.98689, -1.55310), (1.50974, -1.01211, 1.05364), (-1.66432, -1.03759, 0.21176), (1.25740, -1.02907, -1.46769), (0.04850, -1.05482, 1.76419), (-1.40152, -1.08084, -1.46474), (1.85014, -1.07213, 0.13267), (-1.32056, -1.09842, 1.03397), (0.33080, -1.08951, -1.91960), (0.94559, -1.11607, 1.49092), (-1.97000, -1.14290, -0.54462), (1.65866, -1.13380, -0.83451), (-0.77251, -1.16090, 1.99887), (-0.70019, -1.18826, -1.82104), (2.00384, -1.17897, 1.01249), (-1.97519, -1.20661, 0.54241), (1.26228, -1.19711, -1.98271), (0.36126, -1.22503, 2.11810), (-1.52635, -1.25320, -1.19935), (2.24671, -1.24351, -0.15722), (-1.41262, -1.27196, 1.47126), (0.06888, -1.30067, -2.35789), (1.39028, -1.29080, 1.62846), (-2.44854, -1.31978, -0.31581), (1.84399, -1.34903, -1.28220), (-0.58195, -1.33896, 2.51559), (-1.14609, -1.36849, -2.05606), (2.55606, -1.35821, 0.86527), (-2.26136, -1.38801, 0.98139), (0.91860, -1.41807, -2.02710), (0.78790, -1.40761, 2.45639), (-2.02073, -1.43794, -1.16922), (2.63754, -1.46854, -0.56580), (-1.42898, -1.45788, 1.98641), (-0.31575, -1.48875, -2.80109), (1.92213, -1.51989, 1.69499)],
                138: [(0.02542, -0.00345, 0.00034), (-0.01949, -0.00535, 0.01718), (0.00297, -0.00751, -0.02631), (0.01609, -0.00864, 0.02238), (-0.02760, -0.01108, -0.00593), (0.02593, -0.01378, -0.01499), (-0.00939, -0.01473, 0.02925), (-0.01369, -0.01770, -0.03023), (0.03119, -0.02094, 0.01355), (-0.03534, -0.02169, 0.01195), (0.01857, -0.02520, -0.03329), (0.00870, -0.02575, 0.03764), (-0.03540, -0.02954, -0.02463), (0.04313, -0.03358, -0.00555), (-0.03186, -0.03394, 0.03729), (-0.00142, -0.03826, -0.04919), (0.03874, -0.04285, 0.04037), (-0.05571, -0.04302, -0.00392), (0.05024, -0.04787, -0.03945), (-0.01069, -0.05299, 0.06254), (-0.03912, -0.05297, -0.06149), (0.06948, -0.05837, 0.01910), (-0.06295, -0.05814, 0.03178), (0.02935, -0.06381, -0.07627), (0.02869, -0.06974, 0.07431), (-0.08261, -0.06933, -0.04159), (0.08660, -0.07553, -0.02391), (-0.05595, -0.08200, 0.08815), (-0.01714, -0.08139, -0.09965), (0.09250, -0.08814, 0.07248), (-0.11324, -0.09514, 0.00808), (0.09120, -0.09434, -0.09525), (-0.00353, -0.10162, 0.12707), (-0.07884, -0.10062, -0.09209), (0.14080, -0.10818, 0.01796), (-0.11085, -0.11599, 0.07731), (0.03540, -0.11480, -0.15402), (0.07336, -0.12289, 0.13117), (-0.16627, -0.13124, -0.05603), (0.15281, -0.12986, -0.06657), (-0.07993, -0.13849, 0.17704), (-0.05656, -0.13690, -0.17550), (0.18577, -0.14581, 0.10714), (-0.19887, -0.15497, 0.04295), (0.11127, -0.15319, -0.15513), (0.02539, -0.16263, 0.22248), (-0.15778, -0.17233, -0.13874), (0.24582, -0.17037, -0.00358), (-0.16872, -0.18034, 0.15732), (0.02272, -0.19057, -0.26830), (0.15321, -0.18842, 0.20097), (-0.28928, -0.19893, -0.05370), (0.23514, -0.19657, -0.14491), (-0.08946, -0.20736, 0.30804), (-0.13191, -0.21840, -0.27083), (0.25961, -0.21586, 0.10420), (-0.30750, -0.22718, 0.11370), (0.14091, -0.23876, -0.27016), (0.08985, -0.23602, 0.34456), (-0.27708, -0.24788, -0.18147), (0.38129, -0.25999, -0.05998), (-0.22565, -0.25707, 0.27966), (-0.02377, -0.26946, -0.41692), (0.27719, -0.26633, 0.27311), (-0.45058, -0.27900, -0.01898), (0.32339, -0.29193, -0.26896), (-0.05457, -0.28861, 0.38400), (-0.25428, -0.30181, -0.37594), (0.40704, -0.31527, 0.09971), (-0.43007, -0.31176, 0.23251), (0.15045, -0.32550, -0.42625), (0.20308, -0.32179, 0.48498), (-0.44073, -0.33581, -0.20661), (0.53975, -0.35008, -0.16548), (-0.26791, -0.34618, 0.44954), (-0.11930, -0.36073, -0.59338), (0.45175, -0.37554, 0.33391), (-0.51289, -0.37145, 0.05112), (0.40403, -0.38653, -0.44643), (0.00015, -0.40188, 0.55340), (-0.43271, -0.39760, -0.47758), (0.59037, -0.41322, 0.05851), (-0.55369, -0.40873, 0.40973), (0.12484, -0.42463, -0.62270), (0.37674, -0.44079, 0.63136), (-0.64921, -0.43611, -0.19864), (0.70945, -0.45255, -0.33307), (-0.27958, -0.46924, 0.66871), (-0.22089, -0.46438, -0.62472), (0.68000, -0.48135, 0.36714), (-0.68740, -0.49858, 0.16880), (0.46065, -0.49352, -0.68188), (0.10666, -0.51103, 0.74753), (-0.67322, -0.50576, -0.55927), (0.80378, -0.52355, -0.03431), (-0.66195, -0.54159, 0.65291), (0.04827, -0.53614, -0.85474), (0.48941, -0.55446, 0.60589), (-0.89894, -0.57304, -0.14090), (0.69374, -0.56739, -0.45490), (-0.24325, -0.58625, 0.93488), (-0.40855, -0.58040, -0.78224), (0.96102, -0.59953, 0.35474), (-0.87002, -0.61892, 0.34977), (0.47463, -0.61289, -0.97587), (0.27806, -0.63255, 0.95555), (-0.97794, -0.65248, -0.60194), (1.03719, -0.64625, -0.19315), (-0.58021, -0.66646, 0.76193), (-0.09490, -0.68692, -1.11323), (0.74381, -0.68050, 0.69278), (-1.18183, -0.70124, -0.01658), (0.80885, -0.69462, -0.71205), (-0.14097, -0.71564, 1.24114), (-0.66564, -0.73691, -0.92696), (1.28926, -0.73010, 0.27772), (-1.04545, -0.75165, 0.60373), (0.42601, -0.77346, -1.32430), (0.52562, -0.76646, 1.16253), (-1.06016, -0.78855, -0.46116), (1.27624, -0.81089, -0.43082), (-0.59658, -0.80370, 1.06812), (-0.31905, -0.82632, -1.38448), (1.06120, -0.81893, 0.73923), (-1.48507, -0.84183, 0.19026), (0.88767, -0.86498, -1.03796), (0.04469, -0.85740, 1.57572), (-0.99705, -0.88083, -1.04021), (1.65412, -0.90453, 0.11716), (-1.19495, -0.89675, 0.93731), (0.23221, -0.92072, -1.35454), (0.85773, -0.94495, 1.34979), (-1.39853, -0.93699, -0.38532), (1.50244, -0.96150, -0.75755), (-0.55020, -0.95333, 1.42734), (-0.63624, -0.97811, -1.65043), (1.43900, -1.00315, 0.72552), (-1.79114, -0.99479, 0.49355), (0.90970, -1.02011, -1.43166), (0.32952, -1.04569, 1.92186), (-1.40354, -1.03714, -1.10087), (1.60835, -1.06299, -0.11396), (-1.29689, -1.05424, 1.35309), (0.04811, -1.08037, -1.69756), (1.27891, -1.10676, 1.49536), (-1.77253, -1.09781, -0.22705), (1.69366, -1.12448, -1.17986), (-0.42185, -1.15140, 1.83076), (-1.05508, -1.14227, -1.88892), (1.86980, -1.16947, 0.63114), (-2.07810, -1.19693, 0.90401), (0.85326, -1.18761, -1.88729), (0.57286, -1.21535, 1.78065), (-1.88099, -1.20582, -1.08618), (1.92231, -1.23383, -0.41413), (-1.32755, -1.26211, 1.84881), (-0.23314, -1.25239, -2.05217), (1.78889, -1.28094, 1.57472), (-2.16723, -1.30975, 0.03046), (1.82472, -1.29984, -1.69962), (-0.19299, -1.32893, 2.26449), (-1.57969, -1.35827, -2.07433), (2.34094, -1.34817, 0.43587), (-1.82999, -1.37780, 1.12646), (0.69648, -1.36749, -2.39365), (0.98647, -1.39739, 2.02810), (-2.41977, -1.42755, -0.97273), (2.21858, -1.41706, -0.81901), (-1.26211, -1.44749, 2.41666), (-0.62400, -1.47818, -2.39800), (2.38185, -1.46750, 1.56174), (-2.56284, -1.49847, 0.40177), (1.86838, -1.48758, -2.31315), (0.15307, -1.51883, 2.70950), (-1.74265, -1.55033, -1.71877), (2.83436, -1.53926, 0.12091), (-1.97299, -1.57104, 1.63912), (0.41854, -1.60308, -2.93383), (1.50357, -1.59181, 2.22554), (-3.00443, -1.62413, -0.73769), (2.47270, -1.65670, -1.33513), (-1.07580, -1.64525, 3.04280), (-1.13332, -1.67810, -2.71054), (3.04580, -1.66644, 1.42985), (-2.93497, -1.69957, 0.89811), (1.41778, -1.73296, -2.37610), (0.62995, -1.72111, 3.14175), (-2.32782, -1.75477, -1.72250), (3.32662, -1.78870, -0.32980), (-2.03324, -1.77666, 2.24421), (-0.02237, -0.00052, -0.01119), (0.02423, -0.00223, -0.00675)],
                140: [(0.06099, -0.04965, 0.00773), (-0.05812, -0.05489, 0.04061), (0.01553, -0.06038, -0.06782), (0.03935, -0.06012, 0.07022), (-0.07457, -0.06589, -0.02506), (0.08358, -0.07192, -0.03650), (-0.03647, -0.07148, 0.08098), (-0.03170, -0.07778, -0.09805), (0.08671, -0.08434, 0.04991), (-0.11347, -0.08371, 0.02461), (0.06544, -0.09055, -0.09141), (0.01231, -0.08971, 0.10698), (-0.09468, -0.09683, -0.08311), (0.12042, -0.10420, -0.00186), (-0.10287, -0.10318, 0.09609), (0.01122, -0.11083, -0.13388), (0.09520, -0.11874, 0.12465), (-0.14700, -0.11752, -0.02716), (0.14826, -0.12571, -0.09155), (-0.04613, -0.13416, 0.15935), (-0.08467, -0.13275, -0.17346), (0.17046, -0.14147, 0.06825), (-0.16197, -0.13986, 0.06005), (0.09358, -0.14886, -0.17980), (0.04827, -0.15812, 0.18442), (-0.18681, -0.15632, -0.12212), (0.20729, -0.16586, -0.03279), (-0.15376, -0.17565, 0.19091), (-0.01332, -0.17366, -0.23011), (0.19148, -0.18373, 0.18832), (-0.25235, -0.19406, -0.01041), (0.22554, -0.19188, -0.18791), (-0.03861, -0.20249, 0.27341), (-0.14406, -0.20010, -0.21259), (0.29263, -0.21099, 0.07142), (-0.24648, -0.22213, 0.13353), (0.10887, -0.21955, -0.30929), (0.11819, -0.23097, 0.28158), (-0.32264, -0.24265, -0.15091), (0.31732, -0.23989, -0.09759), (-0.19741, -0.25184, 0.33190), (-0.07131, -0.24887, -0.35309), (0.33625, -0.26110, 0.24809), (-0.38815, -0.27359, 0.03903), (0.24136, -0.27043, -0.26716), (0.00048, -0.28320, 0.42170), (-0.26190, -0.29622, -0.28856), (0.45287, -0.29287, 0.04449), (-0.33823, -0.30618, 0.25075), (0.09594, -0.31974, -0.48072), (0.23304, -0.31620, 0.38977), (-0.50426, -0.33004, -0.15381), (0.44246, -0.32629, -0.20820), (-0.21790, -0.34041, 0.52248), (-0.17568, -0.35478, -0.49548), (0.42486, -0.35085, 0.22891), (-0.54790, -0.36550, 0.13505), (0.29008, -0.38041, -0.43021), (0.08595, -0.37629, 0.59868), (-0.42876, -0.39147, -0.35556), (0.64670, -0.40692, -0.02817), (-0.42471, -0.40261, 0.41964), (0.03840, -0.41833, -0.69076), (0.40201, -0.41381, 0.49680), (-0.72960, -0.42981, -0.11371), (0.57091, -0.44606, -0.37507), (-0.15676, -0.44136, 0.60465), (-0.33813, -0.45789, -0.64604), (0.62689, -0.47468, 0.23078), (-0.72100, -0.46979, 0.29059), (0.31149, -0.48686, -0.64185), (0.23195, -0.48175, 0.79451), (-0.64838, -0.49910, -0.39831), (0.86519, -0.51670, -0.16190), (-0.49053, -0.51141, 0.64533), (-0.08023, -0.52929, -0.93152), (0.63160, -0.54743, 0.58724), (-0.78625, -0.54195, -0.01034), (0.68738, -0.56037, -0.60618), (-0.09377, -0.57905, 0.83204), (-0.56812, -0.57338, -0.78969), (0.87070, -0.59233, 0.18676), (-0.89277, -0.58645, 0.51660), (0.28890, -0.60568, -0.90077), (0.45096, -0.62517, 0.99507), (-0.92077, -0.61911, -0.39957), (1.09489, -0.63887, -0.37067), (-0.51796, -0.65889, 0.92925), (-0.21815, -0.65264, -0.94289), (0.92480, -0.67294, 0.64302), (-1.01844, -0.69350, 0.13138), (0.77352, -0.68706, -0.90609), (0.03180, -0.70789, 1.08788), (-0.87187, -0.70124, -0.90802), (1.14944, -0.72236, 0.08041), (-1.04485, -0.74373, 0.82104), (0.20486, -0.73689, -1.20128), (0.59296, -0.75854, 0.93134), (-1.24159, -0.78044, -0.34092), (1.04357, -0.77342, -0.52732), (-0.48770, -0.79560, 1.26850), (-0.44592, -0.78837, -1.15372), (1.28025, -0.81083, 0.64408), (-1.25985, -0.83355, 0.34833), (0.80867, -0.82612, -1.27511), (0.23439, -0.84912, 1.35990), (-1.25147, -0.87237, -0.97983), (1.45172, -0.86476, -0.10414), (-0.91029, -0.88829, 0.95139), (0.04211, -0.91208, -1.53306), (0.90487, -0.90428, 1.05616), (-1.60167, -0.92835, -0.20374), (1.20341, -0.92034, -0.83990), (-0.37989, -0.94469, 1.65529), (-0.75557, -0.96929, -1.34993), (1.69165, -0.96109, 0.56937), (-1.49345, -0.98597, 0.65123), (0.77068, -1.01111, -1.70860), (0.52645, -1.00273, 1.63151), (-1.34222, -1.02814, -0.77350), (1.76156, -1.05381, -0.38110), (-0.95108, -1.04524, 1.32696), (-0.21534, -1.07119, -1.88091), (1.29122, -1.06241, 1.13463), (-1.98683, -1.08864, 0.02965), (1.32201, -1.11512, -1.23353), (-0.17514, -1.10615, 2.07656), (-1.15264, -1.13291, -1.51082), (2.14732, -1.15994, 0.39788), (-1.69843, -1.15078, 1.04752), (0.50181, -1.17808, -1.73021), (0.91744, -1.20563, 1.88200), (-1.75872, -1.19628, -0.70521), (2.05854, -1.22412, -0.76197), (-0.92024, -1.21456, 1.76581), (-0.58103, -1.24267, -2.22489), (1.74935, -1.27104, 1.14484), (-2.37779, -1.26130, 0.37489), (1.37664, -1.28995, -1.70740), (0.14422, -1.31885, 2.51392), (-1.63823, -1.30892, -1.61296), (2.07215, -1.33810, 0.08659), (-1.85085, -1.32796, 1.54038), (0.30567, -1.35742, -2.15611), (1.41269, -1.38714, 2.08709), (-2.21917, -1.37681, -0.54283), (2.31823, -1.40680, -1.25433), (-0.79630, -1.43705, 2.25851), (-1.06487, -1.42654, -2.54062), (2.27145, -1.45707, 1.06391), (-2.75044, -1.48786, 0.84427), (1.34313, -1.47715, -2.25546), (0.46730, -1.50821, 2.32006), (-2.20827, -1.49730, -1.63106), (2.46892, -1.52864, -0.24694), (-1.92443, -1.56024, 2.12785), (-0.00161, -1.54914, -2.59921), (2.01249, -1.58102, 2.21966), (-2.70744, -1.61316, -0.26741), (2.51287, -1.60186, -1.86086), (-0.55838, -1.63428, 2.79016), (-1.67205, -1.66695, -2.79989), (2.84405, -1.65547, 0.86914), (-2.42535, -1.68842, 1.13967), (1.19703, -1.67673, -2.86591), (0.93622, -1.70996, 2.64491), (-2.85280, -1.74344, -1.53900), (2.85030, -1.73157, -0.70096), (-1.89153, -1.76533, 2.80201), (-0.43446, -1.79935, -3.03742), (2.71118, -1.78728, 2.25071), (-0.01024, -0.00134, 0.02288), (-0.00785, -0.00269, -0.02409), (0.02232, -0.00452, 0.01277), (-0.02555, -0.00660, 0.00561), (0.01573, -0.00777, -0.02208), (0.00324, -0.01013, 0.02755), (-0.02206, -0.01275, -0.01927), (0.03004, -0.01373, -0.00054), (-0.02356, -0.01662, 0.02212), (0.00269, -0.01977, -0.03302), (0.02206, -0.02057, 0.02873), (-0.03644, -0.02400, -0.00664), (0.03489, -0.02458, -0.02166), (-0.01153, -0.02829, 0.04021), (-0.01862, -0.03225, -0.03791), (0.04416, -0.03265, 0.01756), (-0.04473, -0.03689, 0.01671), (0.02490, -0.04139, -0.04813), (0.01384, -0.04160, 0.05236), (-0.05187, -0.04638, -0.03373), (0.06074, -0.05141, -0.00976)],
                142: [(0.15130, -0.12711, 0.03679), (-0.16061, -0.13567, 0.08719), (0.05707, -0.14449, -0.16260), (0.07828, -0.14285, 0.18604), (-0.17240, -0.15195, -0.08046), (0.21246, -0.16131, -0.06554), (-0.10695, -0.15948, 0.18017), (-0.04857, -0.16911, -0.23943), (0.18536, -0.17900, 0.13651), (-0.26640, -0.17698, 0.02702), (0.16898, -0.18715, -0.18737), (0.00047, -0.18493, 0.23507), (-0.18562, -0.19537, -0.20415), (0.25598, -0.20608, 0.02492), (-0.24170, -0.20366, 0.17951), (0.05472, -0.21464, -0.27541), (0.16846, -0.22588, 0.28120), (-0.29269, -0.22328, -0.08900), (0.32214, -0.23480, -0.15192), (-0.12777, -0.24657, 0.30711), (-0.12938, -0.24378, -0.36390), (0.31790, -0.25583, 0.17093), (-0.32370, -0.25284, 0.08009), (0.21827, -0.26516, -0.32431), (0.05170, -0.27775, 0.35787), (-0.32555, -0.27456, -0.26949), (0.39098, -0.28743, -0.01737), (-0.32415, -0.30055, 0.32084), (0.02310, -0.29718, -0.42220), (0.30941, -0.31057, 0.38168), (-0.45068, -0.32423, -0.06984), (0.44141, -0.32067, -0.29055), (-0.12283, -0.33460, 0.47546), (-0.20951, -0.33083, -0.39944), (0.49557, -0.34504, 0.18195), (-0.45030, -0.35951, 0.18194), (0.24696, -0.35555, -0.51001), (0.14676, -0.37030, 0.50106), (-0.51776, -0.38531, -0.31745), (0.55077, -0.38116, -0.10356), (-0.39288, -0.39644, 0.51780), (-0.05206, -0.39209, -0.59839), (0.50914, -0.40764, 0.47256), (-0.64280, -0.42346, -0.00790), (0.44067, -0.41892, -0.38930), (-0.07635, -0.43501, 0.68280), (-0.36812, -0.45137, -0.51076), (0.71715, -0.44663, 0.15317), (-0.58238, -0.46326, 0.33767), (0.23808, -0.48015, -0.74456), (0.29729, -0.47523, 0.65448), (-0.76373, -0.49240, -0.33063), (0.72587, -0.48727, -0.24645), (-0.43018, -0.50471, 0.77337), (-0.18473, -0.52241, -0.79527), (0.61159, -0.51709, 0.42445), (-0.86126, -0.53507, 0.11187), (0.51469, -0.55331, -0.60396), (0.02777, -0.54780, 0.92237), (-0.58562, -0.56632, -0.60884), (0.97704, -0.58509, 0.06749), (-0.70578, -0.57939, 0.55560), (0.17365, -0.59844, -1.02364), (0.51304, -0.59254, 0.80426), (-1.06055, -0.61187, -0.29021), (0.90284, -0.63145, -0.45720), (-0.32961, -0.62536, 0.85955), (-0.38749, -0.64522, -0.99995), (0.87371, -0.66534, 0.43860), (-1.09390, -0.65906, 0.30347), (0.55462, -0.67946, -0.87622), (0.20493, -0.67297, 1.18285), (-0.86574, -0.69364, -0.67661), (1.26491, -0.71458, -0.09184), (-0.80327, -0.70790, 0.84101), (0.03558, -0.72911, -1.33808), (0.80088, -0.75058, 0.93313), (-1.10772, -0.74371, -0.13993), (1.06451, -0.76546, -0.74434), (-0.26340, -0.78746, 1.15230), (-0.67053, -0.78041, -1.19555), (1.18508, -0.80269, 0.39772), (-1.32422, -0.79543, 0.57881), (0.54194, -0.81798, -1.20430), (0.46874, -0.84080, 1.44834), (-1.20824, -0.83335, -0.69489), (1.56562, -0.85644, -0.34014), (-0.85512, -0.87980, 1.19528), (-0.15272, -0.87216, -1.32368), (1.16390, -0.89579, 1.02096), (-1.40673, -0.91967, 0.02222), (1.19047, -0.91185, -1.11274), (-0.12344, -0.93601, 1.47890), (-1.04062, -0.92797, -1.36153), (1.53800, -0.95242, 0.28359), (-1.53175, -0.97711, 0.94657), (0.45727, -0.96889, -1.58182), (0.65296, -0.99387, 1.33650), (-1.60822, -1.01910, -0.64324), (1.47053, -1.01069, -0.54578), (-0.83992, -1.03620, 1.61512), (-0.41892, -1.02758, -1.59844), (1.60057, -1.05337, 1.04548), (-1.71772, -1.07942, 0.27236), (1.25778, -1.07061, -1.56277), (0.10634, -1.09694, 1.82575), (-1.50010, -1.12352, -1.47438), (1.91986, -1.11452, 0.07855), (-1.33190, -1.14138, 1.11045), (0.28139, -1.16850, -1.99738), (1.02425, -1.15931, 1.51037), (-2.05564, -1.18671, -0.50093), (1.68675, -1.17732, -0.91456), (-0.73555, -1.20499, 2.09204), (-0.78076, -1.23292, -1.85823), (2.10410, -1.22334, 0.98329), (-2.02186, -1.25155, 0.62255), (1.24182, -1.28001, -2.08948), (0.43997, -1.27024, 2.17456), (-1.61032, -1.29898, -1.18724), (2.31313, -1.32799, -0.23340), (-1.40842, -1.31803, 1.56003), (-0.00363, -1.34731, -2.43437), (1.48316, -1.33714, 1.63298), (-2.53502, -1.36669, -0.24814), (1.85797, -1.39651, -1.37840), (-0.52034, -1.38615, 2.61189), (-1.24473, -1.41624, -2.08020), (2.66189, -1.44659, 0.81093), (-2.29627, -1.43605, 1.08146), (0.87974, -1.46668, -2.11143), (0.88831, -1.49756, 2.50259), (-2.11252, -1.48683, -1.13727), (2.69544, -1.51799, -0.66537), (-1.40498, -1.50705, 2.08518), (-0.41321, -1.53849, -2.87100), (2.02728, -1.57019, 1.67997), (-3.02540, -1.55906, 0.13283), (1.95899, -1.59103, -1.93694), (-0.17430, -1.62327, 3.15477), (-1.81264, -1.61195, -2.23846), (2.56355, -1.64446, 0.39863), (-2.51455, -1.63293, 1.65322), (0.68106, -1.66572, -2.63068), (1.45792, -1.69877, 2.78317), (-2.66921, -1.68705, -0.98160), (3.04002, -1.72037, -1.22645), (-1.29756, -1.75396, 2.67612), (-0.95900, -1.74205, -3.28065), (2.64864, -1.77591, 1.62585), (-3.50054, -1.81003, 0.65627), (-0.01105, -0.00054, -0.02244), (0.02337, -0.00218, 0.00927), (-0.02388, -0.00351, 0.00894), (0.01188, -0.00543, -0.02301), (0.00685, -0.00761, 0.02584), (-0.02294, -0.00875, -0.01489), (0.02840, -0.01121, -0.00459), (-0.01844, -0.01392, 0.02305), (-0.00193, -0.01488, -0.03158), (0.02323, -0.01787, 0.02270), (-0.03537, -0.02112, -0.00134), (0.02779, -0.02188, -0.02331), (-0.00504, -0.02541, 0.03653), (-0.02307, -0.02597, -0.03381), (0.04029, -0.02977, 0.00969), (-0.04083, -0.03383, 0.02229), (0.01541, -0.03420, -0.04425), (0.02070, -0.03854, 0.04887), (-0.04825, -0.04314, -0.02237), (0.05791, -0.04332, -0.01802), (-0.03074, -0.04820, 0.05207), (-0.01394, -0.04817, -0.06787), (0.05545, -0.05332, 0.04063), (-0.06717, -0.05873, 0.00698), (0.05215, -0.05851, -0.05811), (0.00034, -0.06420, 0.07638), (-0.05970, -0.07015, -0.06535), (0.08588, -0.06974, 0.00815), (-0.08020, -0.07597, 0.05987), (0.01872, -0.08245, -0.09542), (0.05823, -0.08185, 0.09666), (-0.10468, -0.08861, -0.03155), (0.11460, -0.08781, -0.05438), (-0.04682, -0.09485, 0.11331), (-0.03955, -0.10214, -0.11040), (0.12091, -0.10115, 0.06463), (-0.12699, -0.10872, 0.03175), (0.08505, -0.11655, -0.12702), (0.02119, -0.11537, 0.14420), (-0.13117, -0.12348, -0.10805), (0.16167, -0.13184, -0.00757)],
                144: [(0.28932, -0.23582, 0.10594), (-0.33508, -0.24771, 0.13573), (0.14562, -0.25986, -0.30140), (0.11040, -0.25683, 0.37571), (-0.30961, -0.26926, -0.18946), (0.41603, -0.28194, -0.07860), (-0.23720, -0.27873, 0.31318), (-0.04000, -0.29169, -0.45519), (0.31137, -0.30491, 0.28849), (-0.49228, -0.30151, -0.00562), (0.34284, -0.31500, -0.30341), (-0.04639, -0.31139, 0.41822), (-0.28858, -0.32517, -0.39966), (0.44385, -0.33920, 0.09439), (-0.45822, -0.33540, 0.26622), (0.14839, -0.34971, -0.46547), (0.23570, -0.36428, 0.51769), (-0.48211, -0.36029, -0.20822), (0.57710, -0.37513, -0.19650), (-0.27355, -0.39024, 0.49280), (-0.14818, -0.38606, -0.63539), (0.49654, -0.40144, 0.34396), (-0.54801, -0.39706, 0.07167), (0.41884, -0.41271, -0.49236), (0.01835, -0.42863, 0.59224), (-0.47932, -0.42406, -0.49745), (0.63286, -0.44025, 0.04316), (-0.57890, -0.45670, 0.45654), (0.11283, -0.45194, -0.66868), (0.42319, -0.46867, 0.66214), (-0.69848, -0.48565, -0.19048), (0.74598, -0.48070, -0.37859), (-0.27576, -0.49797, 0.72101), (-0.25493, -0.49281, -0.65618), (0.73499, -0.51035, 0.36816), (-0.72364, -0.52815, 0.20144), (0.46698, -0.52281, -0.73917), (0.13734, -0.54088, 0.78860), (-0.73235, -0.55921, -0.57133), (0.84968, -0.55368, -0.06244), (-0.68017, -0.57229, 0.71337), (0.02329, -0.56655, -0.90540), (0.68116, -0.58544, 0.79224), (-0.95421, -0.60458, -0.11969), (0.71647, -0.59866, -0.50191), (-0.22643, -0.61808, 0.99455), (-0.45554, -0.63776, -0.81057), (1.02482, -0.63164, 0.34294), (-0.90417, -0.65160, 0.39615), (0.46846, -0.67182, -1.04343), (0.32320, -0.66551, 0.99568), (-1.04882, -0.68600, -0.60199), (1.08342, -0.67949, -0.23637), (-0.74232, -0.70026, 1.03952), (-0.13551, -0.72129, -1.16558), (0.80146, -0.71459, 0.70180), (-1.24028, -0.73589, 0.02068), (0.82388, -0.75746, -0.77143), (-0.10782, -0.75057, 1.30556), (-0.72618, -0.77241, -0.94841), (1.35945, -0.79451, 0.24944), (-1.07370, -0.78743, 0.66480), (0.40338, -0.80981, -1.39996), (0.58654, -0.80252, 1.19790), (-1.42514, -0.82517, -0.56857), (1.31897, -0.84809, -0.49083), (-0.58758, -0.84061, 1.13229), (-0.37736, -0.86380, -1.43475), (1.12909, -0.88725, 0.73611), (-1.54298, -0.87958, 0.24603), (0.89104, -0.90331, -1.10909), (0.09703, -0.89544, 1.64129), (-1.07086, -0.91944, -1.05067), (1.72727, -0.94370, 0.06916), (-1.21304, -0.93564, 1.01315), (0.25177, -0.96018, -1.79846), (0.93488, -0.98497, 1.37601), (-1.46355, -0.97672, -0.35529), (1.53721, -1.00179, -0.83521), (-0.52527, -1.02713, 1.49814), (-0.71354, -1.01869, -1.69411), (1.51526, -1.04430, 0.70650), (-1.84401, -1.03565, 0.56955), (0.89739, -1.06154, -1.51294), (0.40324, -1.08768, 1.98410), (-1.48934, -1.07885, -1.09604), (2.11148, -1.10527, -0.21491), (-1.30028, -1.13195, 1.44277), (-0.00415, -1.12292, -1.75661), (1.37175, -1.14988, 1.50767), (-1.83928, -1.17710, -0.17842), (1.71553, -1.16788, -1.27505), (-0.37781, -1.19537, 1.90511), (-1.15169, -1.18596, -1.92092), (1.95154, -1.21372, 0.59267), (-2.12073, -1.24175, 1.00105), (0.82133, -1.23214, -1.97609), (0.64686, -1.26045, 1.81734), (-1.97641, -1.28901, -1.06177), (1.96799, -1.27921, -0.48762), (-1.31162, -1.30805, 1.95029), (-0.30514, -1.29805, -2.10711), (1.89575, -1.32717, 1.56819), (-2.23162, -1.35654, 0.09993), (1.82848, -1.34635, -1.81106), (-0.12715, -1.37600, 2.33839), (-1.69478, -1.40591, -2.08919), (2.42429, -1.39553, 0.37481), (-1.84540, -1.42572, 1.21558), (0.64136, -1.45617, -2.48627), (1.07780, -1.44559, 2.05317), (-2.52135, -1.47632, -0.92473), (2.25389, -1.46554, -0.91158), (-1.22241, -1.49654, 2.52674), (-0.71676, -1.52780, -2.44405), (2.49985, -1.51683, 1.53152), (-2.62002, -1.54837, 0.49356), (1.84877, -1.58016, -2.43834), (0.24267, -1.56901, 2.77808), (-1.84080, -1.60108, -1.70734), (2.91450, -1.63341, 0.03480), (-1.97109, -1.62206, 1.74251), (0.33724, -1.65467, -3.02555), (1.61136, -1.64312, 2.23407), (-3.10759, -1.67600, -0.66261), (2.49249, -1.70915, -1.44632), (-1.00833, -1.69741, 3.15711), (-1.24682, -1.73082, -2.74234), (3.17082, -1.76450, 1.37141), (-2.97943, -1.75257, 1.01271), (1.37575, -1.78653, -2.47528), (0.74434, -1.82074, 3.19941), (-0.02199, -0.00131, 0.01203), (0.00831, -0.00306, -0.02392), (0.01003, -0.00436, 0.02363), (-0.02395, -0.00638, -0.01108), (0.02575, -0.00865, -0.00804), (-0.01435, -0.00977, 0.02435), (-0.00586, -0.01232, -0.02842), (0.02501, -0.01513, 0.01829), (-0.03167, -0.01606, 0.00332), (0.02171, -0.01915, -0.02423), (0.00019, -0.01987, 0.03550), (-0.02442, -0.02323, -0.02669), (0.03987, -0.02686, 0.00375), (-0.03254, -0.02739, 0.02433), (0.00872, -0.03129, -0.04467), (0.02375, -0.03545, 0.03934), (-0.04976, -0.03579, -0.01495), (0.04713, -0.04023, -0.02242), (-0.02264, -0.04492, 0.05493), (-0.02008, -0.04507, -0.05589), (0.05185, -0.05005, 0.02766), (-0.06556, -0.04999, 0.01645), (0.03699, -0.05524, -0.05535), (0.01124, -0.06075, 0.07602), (-0.05821, -0.06051, -0.04787), (0.08710, -0.06629, -0.00416), (-0.06036, -0.07233, 0.06014), (0.00507, -0.07190, -0.09857), (0.06078, -0.07822, 0.07447), (-0.11014, -0.08480, -0.01670), (0.09017, -0.08418, -0.05977), (-0.02567, -0.09103, 0.10073), (-0.05675, -0.09021, -0.10734), (0.10941, -0.09734, 0.03976), (-0.12581, -0.10473, 0.05132), (0.05629, -0.10371, -0.11722), (0.04309, -0.11138, 0.14536), (-0.12376, -0.11931, -0.07532), (0.16566, -0.11810, -0.03171), (-0.09688, -0.12630, 0.12856), (-0.01683, -0.12489, -0.18634), (0.13114, -0.13337, 0.12092), (-0.16823, -0.14211, -0.00151), (0.14731, -0.14051, -0.13100), (-0.02004, -0.14952, 0.18476), (-0.12763, -0.15880, -0.17587), (0.20041, -0.15701, 0.04212), (-0.20629, -0.16656, 0.12051), (0.06786, -0.17637, -0.21465), (0.10914, -0.17439, 0.23820), (-0.22689, -0.18448, -0.09734), (0.27113, -0.18229, -0.09305), (-0.13054, -0.19266, 0.23651), (-0.05777, -0.20328, -0.24507), (0.24284, -0.20090, 0.16735), (-0.27262, -0.21180, 0.03632), (0.20758, -0.22296, -0.24521), (0.01001, -0.22040, 0.29963), (-0.24293, -0.23183, -0.25091), (0.32541, -0.24352, 0.02141)],
                146: [(0.46395, -0.37578, 0.23189), (-0.58484, -0.39100, 0.16335), (0.29697, -0.40647, -0.47099), (0.11204, -0.40206, 0.64004), (-0.47090, -0.41782, -0.36670), (0.69242, -0.43383, -0.05149), (-0.44044, -0.42923, 0.46274), (0.01841, -0.44552, -0.74075), (0.44563, -0.46207, 0.51739), (-0.78367, -0.45728, -0.09761), (0.59664, -0.47410, -0.41874), (-0.14702, -0.46911, 0.64837), (-0.38131, -0.48621, -0.67710), (0.67366, -0.50357, 0.22478), (-0.75756, -0.49839, 0.33270), (0.30969, -0.51602, -0.69141), (0.27240, -0.53392, 0.83668), (-0.70040, -0.52855, -0.40120), (0.91301, -0.54672, -0.20003), (-0.49854, -0.56515, 0.69943), (-0.11538, -0.55959, -0.98497), (0.68733, -0.57830, 0.60080), (-0.83027, -0.57253, 0.01456), (0.70686, -0.59152, -0.66302), (-0.07195, -0.61076, 0.88051), (-0.62551, -0.60480, -0.81545), (0.92350, -0.62432, 0.16862), (-0.92511, -0.64410, 0.57391), (0.27504, -0.63796, -0.95768), (0.50751, -0.65801, 1.03421), (-0.98151, -0.67833, -0.39059), (1.14101, -0.67199, -0.42574), (-0.51443, -0.69258, 0.99346), (-0.25917, -0.68604, -0.98190), (0.99204, -0.70691, 0.64553), (-1.06320, -0.72804, 0.17048), (0.78261, -0.72131, -0.97585), (0.06830, -0.74271, 1.13843), (-0.94358, -0.76437, -0.92418), (1.20572, -0.75745, 0.04722), (-1.06854, -0.77939, 0.89404), (0.17571, -0.77227, -1.26319), (0.82623, -0.79448, 1.21381), (-1.30890, -0.81696, -0.31654), (1.07182, -0.80964, -0.58357), (-0.46884, -0.83239, 1.34093), (-0.50190, -0.85540, -1.18873), (1.35741, -0.84790, 0.63146), (-1.30185, -0.87119, 0.40334), (0.80301, -0.89473, -1.35652), (0.28765, -0.88704, 1.40905), (-1.33657, -0.91086, -0.98182), (1.50810, -0.90296, -0.15483), (-1.16595, -0.92706, 1.29599), (-0.00517, -0.95142, -1.59668), (0.97348, -0.94333, 1.06806), (-1.67244, -0.96797, -0.16077), (1.22258, -0.99286, -0.91033), (-0.34211, -0.98458, 1.73301), (-0.82713, -1.00975, -1.37685), (1.77604, -1.03518, 0.53768), (-1.52851, -1.02672, 0.72313), (0.74599, -1.05242, -1.79926), (0.59786, -1.04375, 1.67506), (-1.80048, -1.06973, -0.96523), (1.81384, -1.09597, -0.45111), (-0.94186, -1.08711, 1.40312), (-0.28298, -1.11363, -1.94210), (1.37157, -1.14041, 1.13257), (-2.05700, -1.13136, 0.09390), (1.32781, -1.15841, -1.31746), (-0.11533, -1.14915, 2.15565), (-1.23944, -1.17648, -1.52515), (2.23519, -1.20407, 0.34357), (-1.72191, -1.19463, 1.13639), (0.58932, -1.22249, -2.29277), (1.00749, -1.25062, 1.91517), (-1.83595, -1.24098, -0.67154), (2.10186, -1.26938, -0.85223), (-0.89286, -1.29804, 1.84967), (-0.67043, -1.28822, -2.27873), (1.83940, -1.31715, 1.12469), (-2.44243, -1.30712, 0.46231), (1.36465, -1.33634, -1.80309), (0.22847, -1.36581, 2.58951), (-1.73890, -1.35559, -1.61001), (2.71650, -1.38534, 0.03006), (-1.85779, -1.41535, 1.64524), (0.24623, -1.40494, -2.22668), (1.52084, -1.43522, 2.10469), (-2.29866, -1.46577, -0.48803), (2.34720, -1.45517, -1.36475), (-0.74726, -1.48599, 2.34674), (-1.17644, -1.47519, -2.58157), (2.36810, -1.50628, 1.02177), (-2.80389, -1.53764, 0.95578), (1.30904, -1.52665, -2.36009), (0.55241, -1.55828, 2.36510), (-2.32029, -1.59017, -1.60613), (2.52450, -1.57899, -0.33104), (-1.90976, -1.61116, 2.24653), (-0.08350, -1.59977, -2.66560), (2.13697, -1.63221, 2.21629), (-2.78477, -1.66491, -0.18896), (2.52177, -1.65334, -1.99014), (-0.48469, -1.68632, 2.87844), (-1.80499, -1.71956, -2.82197), (2.94313, -1.70779, 0.80153), (-2.44633, -1.74131, 1.24257), (1.13687, -1.77508, -2.97551), (1.04122, -1.76312, 2.67730), (-2.97246, -1.79718, -1.48764), (0.00477, -0.00055, -0.02455), (0.01303, -0.00212, 0.02154), (-0.02440, -0.00396, -0.00731), (0.02354, -0.00524, -0.01122), (-0.01013, -0.00735, 0.02463), (-0.00942, -0.00973, -0.02614), (0.02518, -0.01082, 0.01340), (-0.02831, -0.01347, 0.00713), (0.01732, -0.01637, -0.02597), (0.00470, -0.01727, 0.03160), (-0.02686, -0.02046, -0.02204), (0.03543, -0.02115, -0.00172), (-0.02772, -0.02461, 0.02766), (0.00201, -0.02833, -0.03977), (0.02817, -0.02884, 0.03445), (-0.04454, -0.03284, -0.00671), (0.04234, -0.03709, -0.02812), (-0.01260, -0.03741, 0.04961), (-0.02390, -0.04194, -0.04511), (0.05480, -0.04673, 0.01986), (-0.05354, -0.04686, 0.02189), (0.02869, -0.05193, -0.05989), (0.01870, -0.05185, 0.06286), (-0.06460, -0.05719, -0.03924), (0.07298, -0.06280, -0.01404), (-0.05161, -0.06253, 0.06861), (-0.00764, -0.06841, -0.08375), (0.07158, -0.07455, 0.06589), (-0.09496, -0.07409, -0.00077), (0.06850, -0.08051, -0.06102), (-0.01145, -0.07984, 0.10636), (-0.06060, -0.08653, -0.08335), (0.11762, -0.09349, 0.02461), (-0.09967, -0.09263, 0.05834), (0.04046, -0.09986, -0.12837), (0.05388, -0.10735, 0.11732), (-0.13817, -0.10631, -0.05914), (0.13610, -0.11407, -0.04684), (-0.08073, -0.12209, 0.14656), (-0.03685, -0.12086, -0.15572), (0.12473, -0.12916, 0.08580), (-0.17585, -0.12772, 0.02359), (0.10826, -0.13630, -0.12811), (0.00672, -0.14514, 0.19608), (-0.12905, -0.14351, -0.13306), (0.21591, -0.15262, 0.01401), (-0.16003, -0.16199, 0.12706), (0.03883, -0.16017, -0.23480), (0.12163, -0.16982, 0.18894), (-0.25213, -0.17973, -0.06787), (0.21946, -0.17772, -0.11228), (-0.08152, -0.18791, 0.21526), (-0.09853, -0.18569, -0.25117), (0.22571, -0.19615, 0.11213), (-0.28358, -0.20687, 0.07994), (0.14630, -0.20447, -0.23327), (0.05612, -0.21547, 0.31610), (-0.23729, -0.22672, -0.18386), (0.34805, -0.22413, -0.02673), (-0.22459, -0.23566, 0.23711), (0.00849, -0.23287, -0.37868), (0.23206, -0.24467, 0.26812), (-0.32584, -0.25674, -0.03978), (0.31401, -0.25375, -0.22151), (-0.07791, -0.26610, 0.34749), (-0.20483, -0.27870, -0.36168), (0.36608, -0.27553, 0.12117), (-0.41047, -0.28840, 0.18145), (0.16946, -0.30154, -0.38079), (0.15086, -0.29818, 0.45960), (-0.39078, -0.31159, -0.22259), (0.50817, -0.30802, -0.11262), (-0.28023, -0.32171, 0.39516), (-0.05293, -0.33566, -0.44264), (0.39308, -0.33190, 0.34193), (-0.48004, -0.34613, 0.00958), (0.40709, -0.36062, -0.38369), (-0.04080, -0.35667, 0.51469), (-0.36618, -0.37143, -0.47500), (0.54556, -0.38645, 0.09825)],
                148: [(0.66035, -0.54699, 0.42888), (-0.90811, -0.56553, 0.14642), (0.52403, -0.58434, -0.65460), (0.05932, -0.57854, 0.97454), (-0.63769, -0.59762, -0.62349), (1.03442, -0.61696, 0.03961), (-0.72611, -0.61098, 0.60861), (0.15011, -0.63060, -1.08606), (0.56644, -0.65047, 0.83059), (-1.12775, -0.64430, -0.27169), (0.93545, -0.66445, -0.51037), (-0.31842, -0.65808, 0.91328), (-0.43978, -0.67850, -1.03906), (0.93100, -0.69919, 0.43211), (-1.13966, -0.69262, 0.35418), (0.55340, -0.71359, -0.93671), (0.25331, -0.73481, 1.23535), (-0.92901, -0.72806, -0.68118), (1.32415, -0.74956, -0.13711), (-0.81417, -0.77132, 0.90656), (-0.00577, -0.76437, -1.40399), (0.86814, -0.78641, 0.95082), (-1.16135, -0.77925, -0.11061), (1.08943, -0.80157, -0.81266), (-0.23800, -0.82414, 1.21119), (-0.73921, -0.81680, -1.22808), (1.24903, -0.83964, 0.37694), (-1.36467, -0.86275, 0.64708), (0.52651, -0.85522, -1.27302), (0.53577, -0.87860, 1.49696), (-1.28135, -0.90225, -0.68549), (1.62256, -0.89453, -0.40504), (-0.85245, -0.91845, 1.27232), (-0.20100, -0.91052, -1.37111), (1.24431, -0.93472, 1.02566), (-1.46099, -0.95917, 0.06797), (1.20317, -0.95106, -1.19587), (-0.08104, -0.97579, 1.53998), (-1.12575, -1.00078, -1.38279), (1.60581, -0.99248, 0.24540), (-1.56209, -1.01774, 1.03287), (0.42415, -1.00923, -1.65617), (0.91646, -1.03478, 1.73844), (-1.68881, -1.06058, -0.61605), (1.50523, -1.05188, -0.61185), (-0.81954, -1.07796, 1.70156), (-0.48442, -1.10430, -1.64119), (1.69236, -1.09541, 1.03276), (-1.76875, -1.12202, 0.33639), (1.25353, -1.14890, -1.65929), (0.16799, -1.13982, 1.88522), (-1.60063, -1.16697, -1.47940), (1.98782, -1.15769, 0.02027), (-1.70763, -1.18511, 1.51492), (0.22749, -1.21280, -2.07377), (1.10475, -1.20333, 1.52606), (-2.14030, -1.23129, -0.45246), (1.71114, -1.25951, -0.99692), (-0.69356, -1.24985, 2.18470), (-0.86412, -1.27835, -1.89184), (2.20434, -1.30710, 0.94884), (-2.06513, -1.29725, 0.70596), (1.21595, -1.32629, -2.19678), (0.52240, -1.31623, 2.22784), (-2.15975, -1.34554, -1.49222), (2.37667, -1.37511, -0.31376), (-1.39973, -1.36486, 1.64948), (-0.08077, -1.39471, -2.50829), (1.57723, -1.42481, 1.63292), (-2.61934, -1.41438, -0.17544), (1.86735, -1.44476, -1.47633), (-0.45331, -1.43412, 2.70650), (-1.34564, -1.46478, -2.09977), (2.76653, -1.49569, 0.75084), (-2.32671, -1.48486, 1.18436), (1.06561, -1.51606, -2.79631), (0.99211, -1.54751, 2.54448), (-2.20360, -1.53649, -1.10044), (2.74926, -1.56822, -0.76890), (-1.37587, -1.60021, 2.18375), (-0.51519, -1.58900, -2.93711), (2.13275, -1.62126, 1.65966), (-3.10403, -1.60985, 0.23190), (1.94852, -1.64239, -2.04862), (-0.07954, -1.67519, 3.24604), (-1.92968, -1.66358, -2.23885), (3.35916, -1.69666, 0.41721), (-2.52672, -1.73000, 1.77463), (0.61457, -1.71820, -2.71469), (1.58259, -1.75182, 2.80798), (-2.76342, -1.78569, -0.92100), (3.07823, -1.77371, -1.35315), (-1.24416, -1.80786, 2.78024), (-0.02480, -0.00129, -0.00372), (0.02107, -0.00296, -0.01402), (-0.00633, -0.00490, 0.02502), (-0.01234, -0.00615, -0.02324), (0.02524, -0.00836, 0.00912), (-0.02597, -0.01083, 0.01064), (0.01239, -0.01189, -0.02592), (0.00875, -0.01464, 0.02933), (-0.02682, -0.01550, -0.01626), (0.03338, -0.01852, -0.00645), (-0.02088, -0.02180, 0.02781), (-0.00351, -0.02247, -0.03812), (0.02873, -0.02603, 0.02640), (-0.04350, -0.02984, -0.00032), (0.03293, -0.03032, -0.02939), (-0.00471, -0.03442, 0.04412), (-0.02954, -0.03877, -0.04055), (0.04912, -0.03906, 0.01023), (-0.04932, -0.04369, 0.02893), (0.01705, -0.04377, -0.05427), (0.02726, -0.04868, 0.05923), (-0.05937, -0.05384, -0.02535), (0.07022, -0.05373, -0.02424), (-0.03528, -0.05918, 0.06417), (-0.01953, -0.06488, -0.08219), (0.06838, -0.06458, 0.04695), (-0.07988, -0.07056, 0.01078), (0.06046, -0.07680, -0.07167), (0.00319, -0.07631, 0.09075), (-0.07367, -0.08282, -0.07583), (0.10188, -0.08213, 0.00652), (-0.09303, -0.08892, 0.07400), (0.01858, -0.09597, -0.11299), (0.07223, -0.09509, 0.11198), (-0.12373, -0.10242, -0.03319), (0.13252, -0.11000, -0.06795), (-0.05050, -0.10893, 0.13370), (-0.04966, -0.11679, -0.12626), (0.14246, -0.12491, 0.07062), (-0.14508, -0.12365, 0.04104), (0.09359, -0.13205, -0.14952), (0.02936, -0.13059, 0.16453), (-0.15437, -0.13926, -0.11940), (0.18423, -0.14819, -0.01431), (-0.14795, -0.14654, 0.15646), (0.00439, -0.15575, -0.20374), (0.15523, -0.16521, 0.17904), (-0.22256, -0.16337, -0.02698), (0.17129, -0.17312, -0.12106), (-0.05362, -0.17107, 0.24012), (-0.11363, -0.18109, -0.20024), (0.25580, -0.19137, 0.08442), (-0.23053, -0.18913, 0.10215), (0.11939, -0.19968, -0.26892), (0.08616, -0.21050, 0.26172), (-0.27879, -0.20807, -0.15848), (0.29327, -0.21917, -0.06526), (-0.20150, -0.23052, 0.28467), (-0.03910, -0.22790, -0.32458), (0.22879, -0.23953, 0.19866), (-0.35494, -0.23670, 0.00739), (0.23948, -0.24861, -0.22611), (-0.03008, -0.26077, 0.38360), (-0.21841, -0.25776, -0.28280), (0.40972, -0.27020, 0.07342), (-0.32812, -0.28290, 0.20506), (0.12265, -0.27970, -0.43242), (0.18548, -0.29267, 0.37486), (-0.45076, -0.30591, -0.17766), (0.42229, -0.30252, -0.15915), (-0.18988, -0.31603, 0.36965), (-0.12560, -0.31243, -0.46962), (0.37655, -0.32622, 0.24326), (-0.51593, -0.34027, 0.08447), (0.30081, -0.33648, -0.37762), (0.03546, -0.35081, 0.56024), (-0.37205, -0.36539, -0.36202), (0.60146, -0.36141, 0.02158), (-0.42625, -0.37627, 0.35903), (0.08667, -0.37209, -0.63846), (0.33779, -0.38723, 0.49276), (-0.53268, -0.40262, -0.12697), (0.56064, -0.39825, -0.30764), (-0.19198, -0.41392, 0.55492), (-0.26796, -0.42985, -0.62887), (0.57093, -0.42529, 0.26332), (-0.69632, -0.44150, 0.21825), (0.34055, -0.45797, -0.57962), (0.15811, -0.45322, 0.76174), (-0.57991, -0.46996, -0.42306), (0.82376, -0.46500, -0.08731), (-0.51011, -0.48202, 0.57076), (-0.00456, -0.49930, -0.69927), (0.55118, -0.49416, 0.60076), (-0.74303, -0.51171, -0.06896), (0.69392, -0.52953, -0.52024), (-0.15146, -0.52419, 0.78072), (-0.47713, -0.54228, -0.78836), (0.81100, -0.56063, 0.24262)],
                150: [(0.86046, -0.74945, 0.70800), (-1.29793, -0.77132, 0.06152), (0.83611, -0.79345, -0.83249), (-0.07087, -0.78627, 1.36951), (-0.78876, -0.80868, -0.96713), (1.42952, -0.83135, 0.21718), (-1.09932, -0.82398, 0.72827), (0.37661, -0.84693, -1.47589), (0.65020, -0.87013, 1.23077), (-1.50658, -0.86257, -0.54809), (1.35939, -0.88605, -0.55395), (-0.57518, -0.87829, 1.19688), (-0.43912, -0.90205, -1.48295), (1.19776, -0.92606, 0.72950), (-1.59910, -0.91811, 0.30557), (0.89088, -0.94240, -1.18138), (0.15346, -0.96696, 1.70538), (-1.14624, -0.95881, -1.05757), (1.79928, -0.98364, 0.01677), (-1.22761, -1.00873, 1.09099), (0.20439, -1.00040, -1.87826), (1.01447, -1.02576, 1.39878), (-1.52783, -1.01723, -0.32159), (1.56866, -1.04287, -0.91575), (-0.49645, -1.06877, 1.56856), (-0.79415, -1.06004, -1.73465), (1.59153, -1.08622, 0.68341), (-1.89397, -1.11265, 0.64930), (0.88086, -1.10374, -1.59467), (0.48111, -1.13045, 2.04372), (-1.57603, -1.15742, -1.08688), (2.18088, -1.14832, -0.28985), (-1.29929, -1.17556, 1.53382), (-0.05998, -1.16625, -1.81366), (1.46646, -1.19378, 1.51560), (-1.90434, -1.22156, -0.12589), (1.73306, -1.21206, -1.37262), (-0.32954, -1.24012, 1.97813), (-1.25121, -1.26844, -1.94869), (2.03235, -1.25875, 0.54968), (-2.15929, -1.28734, 1.10152), (0.78464, -1.27745, -2.06441), (0.92313, -1.30632, 2.36146), (-2.07183, -1.33545, -1.03238), (2.01044, -1.32537, -0.56416), (-1.29055, -1.35477, 2.05229), (-0.38065, -1.38444, -2.15905), (2.00368, -1.37417, 1.55642), (-2.29327, -1.40411, 0.17334), (1.82693, -1.43431, -1.92414), (-0.05695, -1.42385, 2.40988), (-1.81212, -1.45433, -2.09875), (2.50561, -1.44366, 0.30898), (-2.36823, -1.47441, 1.66640), (0.58111, -1.50543, -2.57730), (1.17125, -1.49457, 2.07391), (-2.62183, -1.52586, -0.87127), (2.28496, -1.55741, -1.00681), (-1.17697, -1.54636, 2.63627), (-0.81271, -1.57819, -2.48600), (2.61787, -1.61028, 1.49531), (-2.67332, -1.59904, 0.58909), (1.82299, -1.63140, -2.56416), (0.33655, -1.61996, 2.84307), (-2.47296, -1.65260, -2.15632), (2.99138, -1.68550, -0.05612), (-1.96405, -1.67386, 1.84673), (0.25066, -1.70704, -3.11441), (1.72055, -1.74047, 2.23738), (-3.20836, -1.72865, -0.58177), (2.50705, -1.76236, -1.55954), (-0.93469, -1.75033, 3.26958), (-1.36298, -1.78432, -2.76897), (0.01865, -0.00065, -0.01667), (-0.00265, -0.00206, 0.02503), (-0.01507, -0.00384, -0.02065), (0.02548, -0.00587, 0.00528), (-0.02286, -0.00709, 0.01344), (0.00826, -0.00940, -0.02636), (0.01185, -0.01197, 0.02568), (-0.02762, -0.01300, -0.01176), (0.02910, -0.01585, -0.01007), (-0.01600, -0.01667, 0.02917), (-0.00791, -0.01979, -0.03316), (0.03086, -0.02317, 0.02115), (-0.03786, -0.02381, 0.00515), (0.02737, -0.02747, -0.03251), (0.00156, -0.03138, 0.04319), (-0.03038, -0.03183, -0.03122), (0.04905, -0.03603, 0.00310), (-0.03855, -0.04048, 0.03071), (0.00905, -0.04074, -0.05532), (0.03035, -0.04547, 0.04697), (-0.06181, -0.04552, -0.01652), (0.05649, -0.05052, -0.02903), (-0.02573, -0.05579, 0.06829), (-0.02645, -0.05565, -0.06709), (0.06322, -0.06119, 0.03127), (-0.07866, -0.06699, 0.02232), (0.04221, -0.06667, -0.06756), (0.01633, -0.07274, 0.09107), (-0.07110, -0.07221, -0.05490), (0.10410, -0.07856, -0.00818), (-0.06939, -0.08517, 0.07351), (0.00243, -0.08445, -0.11749), (0.07441, -0.09134, 0.08567), (-0.13091, -0.09849, -0.01575), (0.10368, -0.09758, -0.07341), (-0.02628, -0.10500, 0.11819), (-0.07011, -0.11268, -0.12329), (0.12821, -0.11159, 0.04219), (-0.14431, -0.11955, 0.06409), (0.06078, -0.11824, -0.13722), (0.05496, -0.12648, 0.16645), (-0.14477, -0.13497, -0.08213), (0.18938, -0.13348, -0.04232), (-0.10624, -0.14225, 0.15037), (-0.02581, -0.15128, -0.21266), (0.15350, -0.14960, 0.13305), (-0.19046, -0.15890, 0.00413), (0.16242, -0.16847, -0.15362), (-0.01620, -0.16660, 0.20902), (-0.15019, -0.17644, -0.19412), (0.22661, -0.17436, 0.04040), (-0.22783, -0.18448, 0.14266), (0.06859, -0.19486, -0.24264), (0.13049, -0.19259, 0.26314), (-0.25649, -0.20325, -0.10084), (0.29954, -0.21416, -0.11319), (-0.13710, -0.21170, 0.26749), (-0.07231, -0.22289, -0.26942), (0.27493, -0.23434, 0.17728), (-0.29982, -0.23170, 0.04935), (0.22113, -0.24342, -0.27810), (0.02115, -0.24057, 0.32963), (-0.27627, -0.25257, -0.26834), (0.35815, -0.26484, 0.01254), (-0.31847, -0.26180, 0.26872), (0.05187, -0.27433, -0.38461), (0.25476, -0.28713, 0.37095), (-0.40816, -0.28390, -0.09691), (0.33877, -0.29697, -0.18628), (-0.14763, -0.29354, 0.42793), (-0.16409, -0.30689, -0.38417), (0.44299, -0.32050, 0.20384), (-0.42987, -0.31687, 0.13514), (0.26527, -0.33076, -0.45240), (0.09904, -0.34490, 0.47505), (-0.45522, -0.34109, -0.33149), (0.51878, -0.35551, -0.05544), (-0.40194, -0.37019, 0.45052), (-0.00414, -0.36619, -0.56007), (0.34755, -0.38114, 0.37815), (-0.59784, -0.37693, -0.05496), (0.44095, -0.39217, -0.33119), (-0.12183, -0.40766, 0.63095), (-0.30657, -0.40326, -0.50555), (0.65822, -0.41903, 0.19629), (-0.57104, -0.43506, 0.27307), (0.27799, -0.43047, -0.67844), (0.23012, -0.44678, 0.63637), (-0.69039, -0.46334, -0.36643), (0.70039, -0.45856, -0.17728), (-0.36562, -0.47540, 0.54960), (-0.11424, -0.47042, -0.76183), (0.54563, -0.48754, 0.44675), (-0.81935, -0.50491, 0.04082), (0.53188, -0.49974, -0.53213), (-0.04299, -0.51739, 0.87151), (-0.50817, -0.53530, -0.62003), (0.91682, -0.52994, 0.13703), (-0.71009, -0.54813, 0.47288), (0.24093, -0.54256, -0.95377), (0.42553, -0.56103, 0.80080), (-0.77717, -0.57975, -0.28061), (0.89073, -0.57399, -0.36548), (-0.37886, -0.59299, 0.79325), (-0.29227, -0.61225, -0.97835), (0.79899, -0.60631, 0.48398), (-1.06200, -0.62584, 0.20560), (0.59506, -0.64564, -0.79308), (0.10535, -0.63950, 1.13991), (-0.77432, -0.65958, -0.71097), (1.21025, -0.65323, 0.00836), (-0.83039, -0.67358, 0.74157), (0.10708, -0.69419, -1.00659), (0.69382, -0.68766, 0.95182), (-1.05080, -0.70854, -0.21853), (1.07359, -0.72969, -0.63021), (-0.34039, -0.72297, 1.08456), (-0.55005, -0.74439, -1.19384), (1.10620, -0.76606, 0.47185)],
                152: [(1.04354, -0.98315, 1.07662), (-1.74215, -1.00836, -0.11364), (1.23843, -1.03382, -0.98262), (-0.29992, -1.02525, 1.81006), (-0.90096, -1.05099, -1.40050), (1.86018, -1.07699, 0.50137), (-1.56043, -1.06823, 0.79774), (0.71651, -1.09451, -1.89012), (0.67239, -1.12104, 1.71564), (-1.89759, -1.11210, -0.94350), (1.86339, -1.13890, -0.52465), (-0.92867, -1.12976, 1.47967), (-0.35456, -1.15684, -2.00082), (1.45274, -1.18419, 1.12643), (-2.12501, -1.17485, 0.16249), (1.32948, -1.20247, -1.40267), (-0.05082, -1.23035, 2.23297), (-1.32800, -1.22082, -1.53535), (2.32170, -1.24898, 0.28424), (-1.74129, -1.27739, 1.22752), (0.53629, -1.26768, -2.38825), (1.10031, -1.29637, 1.94434), (-1.91228, -1.28645, -0.63362), (2.14134, -1.31542, -0.94576), (-0.86099, -1.34465, 1.93305), (-0.76362, -1.33453, -2.32895), (1.92944, -1.36404, 1.09985), (-2.50371, -1.39380, 0.55401), (1.34780, -1.38350, -1.89927), (0.31747, -1.41354, 2.66207), (-1.84059, -1.44384, -1.60210), (2.80043, -1.43335, -0.05498), (-1.85970, -1.46393, 1.75167), (0.18269, -1.45323, -2.29495), (1.63113, -1.48408, 2.11728), (-2.37621, -1.51519, -0.42874), (2.37122, -1.50431, -1.47791), (-0.69337, -1.53570, 2.43345), (-1.29136, -1.56734, -2.61771), (2.46371, -1.55627, 0.97447), (-2.85273, -1.58819, 1.07123), (1.26950, -1.57691, -2.46420), (0.81775, -1.60911, 3.07214), (-2.43235, -1.64157, -1.57553), (2.57640, -1.63010, -0.41864), (-1.88924, -1.66284, 2.36586), (-0.16942, -1.69583, -2.72857), (2.26273, -1.68418, 2.20696), (-2.85901, -1.71745, -0.10599), (2.52468, -1.75098, -2.12136), (-0.40599, -1.73913, 2.96402), (-1.94054, -1.77294, -2.83808), (3.03998, -1.76088, 0.72847), (-3.14260, -1.79497, 1.71954), (-0.01750, -0.00148, -0.01795), (0.02524, -0.00287, 0.00157), (-0.02013, -0.00474, 0.01607), (0.00421, -0.00687, -0.02588), (0.01479, -0.00807, 0.02284), (-0.02692, -0.01047, -0.00717), (0.02619, -0.01314, -0.01349), (-0.01063, -0.01414, 0.02830), (-0.01197, -0.01708, -0.03028), (0.02995, -0.01789, 0.01478), (-0.03516, -0.02110, 0.01001), (0.01979, -0.02458, -0.03174), (0.00674, -0.02519, 0.03738), (-0.03350, -0.02894, -0.02582), (0.04261, -0.03296, -0.00338), (-0.03300, -0.03338, 0.03502), (0.00096, -0.03767, -0.04837), (0.03605, -0.03789, 0.04143), (-0.05454, -0.04245, -0.00651), (0.05118, -0.04727, -0.03630), (-0.01350, -0.04730, 0.06097), (-0.03547, -0.05240, -0.06224), (0.06743, -0.05776, 0.02212), (-0.06359, -0.05760, 0.02831), (0.03256, -0.06324, -0.07368), (0.02473, -0.06913, 0.07469), (-0.07940, -0.06878, -0.04495), (0.08665, -0.07495, -0.01944), (-0.05941, -0.07440, 0.08424), (-0.01214, -0.08085, -0.09928), (0.08781, -0.08755, 0.07598), (-0.11235, -0.08681, 0.00254), (0.09466, -0.09379, -0.08969), (-0.00962, -0.10104, 0.12555), (-0.07370, -0.10010, -0.09509), (0.13852, -0.10762, 0.02457), (-0.11368, -0.11540, 0.07132), (0.04251, -0.11428, -0.15086), (0.06645, -0.12233, 0.13370), (-0.16209, -0.12100, -0.06356), (0.15493, -0.12933, -0.05870), (-0.08782, -0.13792, 0.17170), (-0.04769, -0.13640, -0.17705), (0.14497, -0.14527, 0.09330), (-0.19968, -0.15440, 0.03305), (0.11828, -0.15269, -0.14901), (0.01446, -0.16209, 0.22238), (-0.15036, -0.16018, -0.14579), (0.24460, -0.16986, 0.00835), (-0.17567, -0.17980, 0.14849), (0.03561, -0.17769, -0.26577), (0.14287, -0.18791, 0.20764), (-0.28522, -0.19838, -0.06746), (0.24134, -0.19609, -0.13298), (-0.08331, -0.20684, 0.24219), (-0.11831, -0.21785, -0.27632), (0.25409, -0.21537, 0.11665), (-0.31205, -0.22665, 0.09840), (0.15383, -0.22397, -0.26287), (0.07284, -0.23553, 0.34790), (-0.26784, -0.24735, -0.19468), (0.38314, -0.24447, -0.04128), (-0.23895, -0.25657, 0.26830), (-0.00345, -0.26893, -0.41698), (0.26355, -0.26586, 0.28625), (-0.35742, -0.27850, -0.03254), (0.33610, -0.29139, -0.25290), (-0.07332, -0.28814, 0.38150), (-0.23570, -0.30131, -0.38791), (0.40235, -0.29784, 0.11960), (-0.44095, -0.31129, 0.21133), (0.17130, -0.32500, -0.41910), (0.17927, -0.32134, 0.49440), (-0.43085, -0.33533, -0.22819), (0.54733, -0.34957, -0.13905), (-0.28995, -0.34573, 0.43668), (-0.07173, -0.36025, -0.47552), (0.43567, -0.37502, 0.35608), (-0.51642, -0.37099, 0.02618), (0.42599, -0.38605, -0.42694), (-0.02687, -0.38181, 0.55448), (-0.40962, -0.39714, -0.49890), (0.58863, -0.41273, 0.08745), (-0.57392, -0.40830, 0.38292), (0.15547, -0.42417, -0.61774), (0.34613, -0.44030, 0.65001), (-0.64066, -0.43568, -0.23069), (0.57550, -0.45208, -0.23672), (-0.31270, -0.44726, 0.65621), (-0.19106, -0.46394, -0.63754), (0.66320, -0.48088, 0.40094), (-0.69780, -0.47587, 0.13572), (0.49468, -0.49308, -0.66049), (0.07044, -0.51055, 0.75499), (-0.64696, -0.50535, -0.59299), (0.80779, -0.52310, 0.00488), (-0.69481, -0.54111, 0.62158), (0.09017, -0.53572, -0.85477), (0.46190, -0.55401, 0.63250), (-0.89448, -0.54842, -0.18521), (0.71892, -0.56698, -0.42286), (-0.28956, -0.58580, 0.92542), (-0.37193, -0.58001, -0.80540), (0.94610, -0.59911, 0.40259), (-0.89053, -0.61847, 0.30857), (0.52346, -0.61249, -0.95505), (0.23237, -0.63213, 0.97274), (-0.95083, -0.65202, -0.65113), (1.05040, -0.64586, -0.14311), (-0.62055, -0.66603, 0.73746), (-0.04079, -0.65966, -1.12175), (0.71359, -0.68010, 0.73267), (-1.18500, -0.70081, -0.07442), (0.84760, -0.69425, -0.67586), (-0.20211, -0.71523, 1.23828), (-0.62334, -0.73647, -0.96383), (1.27973, -0.72972, 0.34161), (-1.07967, -0.75124, 0.55525), (0.49204, -0.74429, -1.30748), (0.47098, -0.76608, 1.19325), (-1.04377, -0.78813, -0.51583), (1.30261, -0.78099, -0.37015), (-0.65229, -0.80332, 1.04490), (-0.25258, -0.82591, -1.40562), (1.03073, -0.81857, 0.79524), (-1.50010, -0.84144, 0.11835), (0.94315, -0.86456, -0.99989), (-0.03222, -0.85704, 1.58378), (-0.95112, -0.88044, -1.09428), (1.65434, -0.87272, 0.19849), (-1.24665, -0.89639, 0.88334), (0.30013, -0.92033, -1.35182), (0.79566, -0.91241, 1.39811), (-1.38825, -0.93662, -0.45628), (1.54632, -0.96109, -0.68743), (-0.62344, -0.95299, 1.40884), (-0.55823, -0.97774, -1.68877), (1.41168, -1.00274, 0.80020)],
                154: [(1.18688, -1.24811, 1.53784), (-2.22370, -1.27664, -0.39922), (1.73166, -1.30543, -1.08139), (-0.64651, -1.29548, 2.27654), (-0.95008, -1.32455, -1.92167), (2.30426, -1.35387, 0.90908), (-2.10477, -1.34373, 0.79246), (1.18458, -1.37334, -2.30429), (0.60841, -1.40320, 2.27769), (-2.27423, -1.39287, -1.47029), (2.43704, -1.42301, -0.39817), (-1.38646, -1.41247, 1.73935), (-0.16242, -1.44289, -2.57937), (1.67224, -1.47356, 1.62818), (-2.70121, -1.46284, -0.09779), (1.87199, -1.49378, -1.57573), (-0.38091, -1.52499, 2.79909), (-1.44857, -1.51408, -2.11461), (2.86964, -1.54557, 0.68500), (-2.35246, -1.57731, 1.28987), (1.00765, -1.56621, -2.90960), (1.09910, -1.59823, 2.58181), (-2.29365, -1.58692, -1.05875), (2.79871, -1.61922, -0.87619), (-1.34163, -1.65177, 2.28179), (-0.62150, -1.64028, -2.99912), (2.23825, -1.67311, 1.63399), (-3.17891, -1.70620, 0.33587), (1.93253, -1.69452, -2.16090), (0.02066, -1.72789, 3.33394), (-2.04793, -1.76151, -2.23359), (3.46011, -1.74964, 0.32227), (-2.53321, -1.78354, 1.89790), (0.54338, -1.77146, -2.79612), (0.02494, -0.00066, -0.00200), (-0.01724, -0.00235, 0.01833), (0.00048, -0.00371, -0.02553), (0.01706, -0.00568, 0.01957), (-0.02664, -0.00790, -0.00316), (0.02238, -0.00907, -0.01590), (-0.00623, -0.01157, 0.02824), (-0.01472, -0.01254, -0.02579), (0.03028, -0.01532, 0.00991), (-0.02989, -0.01835, 0.01334), (0.01348, -0.01913, -0.03058), (0.01154, -0.02244, 0.03475), (-0.03244, -0.02601, -0.01833), (0.04037, -0.02660, -0.00909), (-0.02413, -0.03045, 0.03428), (-0.00575, -0.03456, -0.04674), (0.03592, -0.03496, 0.03102), (-0.05376, -0.03934, 0.00126), (0.03911, -0.03953, -0.03712), (-0.00465, -0.04419, 0.06132), (-0.03763, -0.04911, -0.04846), (0.05969, -0.04912, 0.01053), (-0.05910, -0.05431, 0.03715), (0.01856, -0.05977, -0.06608), (0.03536, -0.05958, 0.07099), (-0.07233, -0.06531, -0.02829), (0.08407, -0.07131, -0.03193), (-0.03989, -0.07093, 0.07815), (-0.02653, -0.07720, -0.09818), (0.08322, -0.07662, 0.05346), (-0.11312, -0.08316, 0.01882), (0.06907, -0.08997, -0.08718), (0.00702, -0.08919, 0.10652), (-0.08962, -0.09627, -0.08675), (0.11940, -0.10361, 0.00397), (-0.10644, -0.10265, 0.09013), (0.01759, -0.11027, -0.13218), (0.08825, -0.10910, 0.12802), (-0.14449, -0.11699, -0.03404), (0.15131, -0.12515, -0.08355), (-0.05348, -0.12379, 0.15591), (-0.07556, -0.13222, -0.17605), (0.16594, -0.14091, 0.07601), (-0.16400, -0.13936, 0.05187), (0.10165, -0.14832, -0.17406), (0.03908, -0.15755, 0.18583), (-0.17971, -0.15581, -0.13039), (0.20790, -0.16531, -0.02258), (-0.16209, -0.16337, 0.18232), (-0.00210, -0.17315, -0.22974), (0.18127, -0.18318, 0.19654), (-0.25080, -0.18105, -0.02262), (0.23345, -0.19136, -0.17598), (-0.05174, -0.20194, 0.27047), (-0.13340, -0.19962, -0.21912), (0.28809, -0.21046, 0.08536), (-0.25246, -0.22157, 0.12127), (0.12351, -0.21906, -0.30293), (0.10427, -0.23045, 0.28678), (-0.31426, -0.22773, -0.16609), (0.32150, -0.23939, -0.08198), (-0.21293, -0.25131, 0.32128), (-0.05401, -0.24841, -0.35596), (0.25758, -0.26060, 0.21015), (-0.38944, -0.27306, 0.02008), (0.25439, -0.26996, -0.25540), (-0.02004, -0.28269, 0.42111), (-0.24786, -0.27939, -0.30135), (0.45009, -0.29240, 0.06647), (-0.35049, -0.30567, 0.23429), (0.11922, -0.30218, -0.47544), (0.21408, -0.31572, 0.40118), (-0.49617, -0.32953, -0.17817), (0.45268, -0.32585, -0.18666), (-0.19301, -0.33993, 0.40594), (-0.15156, -0.35427, -0.50413), (0.41442, -0.35040, 0.25005), (-0.55459, -0.36501, 0.10837), (0.31158, -0.36094, -0.41677), (0.05679, -0.37583, 0.60299), (-0.41211, -0.39098, -0.37707), (0.64821, -0.38672, 0.00335), (-0.44587, -0.40215, 0.39958), (0.07208, -0.41783, -0.68904), (0.37838, -0.41338, 0.51719), (-0.57373, -0.42934, -0.11827), (0.59008, -0.44556, -0.34777), (-0.18680, -0.44092, 0.59883), (-0.30710, -0.45742, -0.66348), (0.61745, -0.45257, 0.26210), (-0.73620, -0.46935, 0.25581), (0.34374, -0.48638, -0.62845), (0.19350, -0.48135, 0.80692), (-0.63069, -0.49866, -0.43109), (0.87424, -0.51623, -0.11989), (-0.52336, -0.51100, 0.62306), (-0.02759, -0.52885, -0.74100), (0.60452, -0.54695, 0.61960), (-0.78895, -0.54154, -0.04886), (0.71868, -0.55992, -0.57409), (-0.13484, -0.55430, 0.83071), (-0.53089, -0.57296, -0.81931), (0.86485, -0.59187, 0.23006), (-0.92005, -0.58606, 0.47418), (0.33401, -0.60526, -0.88991), (0.40335, -0.62471, 1.01930), (-0.90446, -0.61871, -0.44600), (0.88165, -0.63844, -0.25137), (-0.56514, -0.63224, 0.90706), (-0.17304, -0.65224, -0.95819), (0.89638, -0.67251, 0.69033), (-1.02967, -0.66611, 0.08214), (0.82025, -0.68665, -0.87112), (-0.02131, -0.70745, 1.09437), (-0.83013, -0.70087, -0.95339), (1.15052, -0.72195, 0.13702), (-1.08804, -0.74329, 0.77238), (0.26451, -0.73651, -1.19631), (0.55074, -0.75813, 0.96579), (-1.22994, -0.75115, -0.40305), (1.07522, -0.77304, -0.47912), (-0.55167, -0.79518, 1.24961), (-0.39178, -0.78802, -1.18175), (1.25358, -0.81044, 0.70914), (-1.28341, -0.83313, 0.28841), (0.87399, -0.82577, -1.24021), (0.16895, -0.84873, 1.37814), (-1.20796, -0.87195, -1.04449), (1.46377, -0.86440, -0.03355), (-0.96273, -0.88790, 0.91280), (0.11736, -0.88015, -1.53808), (0.85862, -0.90392, 1.10699), (-1.59884, -0.92795, -0.28306), (1.25167, -0.92001, -0.78585), (-0.46254, -0.94432, 1.64382), (-0.69370, -0.96889, -1.39462), (1.67083, -0.96075, 0.65452), (-1.53353, -0.98560, 0.58161), (0.85738, -0.97726, -1.67776), (0.44930, -1.00238, 1.66591), (-1.31344, -1.02776, -0.84465), (1.78920, -1.01924, -0.29676), (-1.02243, -1.04489, 1.28904), (-0.12429, -1.07081, -1.90071), (1.24376, -1.06209, 1.20516), (-1.99773, -1.08828, -0.06749), (1.39058, -1.11473, -1.17625), (-0.27761, -1.10583, 2.07752), (-1.08537, -1.13256, -1.57623), (2.13738, -1.12345, 0.50476), (-1.75943, -1.15045, 0.97024), (0.59037, -1.17771, -1.71810), (0.83026, -1.16841, 1.93730), (-1.73638, -1.19595, -0.79644), (2.10680, -1.22375, -0.66516), (-1.01306, -1.21426, 1.73253), (-0.47503, -1.24234, -2.26477), (1.70454, -1.27067, 1.23807)],
                156: [(1.26658, -1.54432, 2.09017), (-2.72089, -1.57618, -0.81235), (2.31160, -1.60830, -1.10447), (-1.12576, -1.59696, 2.74490), (-0.91166, -1.62936, -2.52365), (2.73558, -1.66201, 1.45307), (-2.72249, -1.65049, 0.68818), (1.79096, -1.68341, -2.69029), (0.43453, -1.71660, 2.90418), (-2.60670, -1.70489, -2.13572), (3.06471, -1.73836, -0.15168), (-1.95179, -1.72644, 1.95147), (0.15891, -1.76018, -3.20011), (1.83087, -1.79418, 2.23536), (-3.30643, -1.78207, -0.49527), (-0.00309, -0.00146, -0.02488), (0.01920, -0.00325, 0.01655), (-0.02571, -0.00458, 0.00063), (0.01918, -0.00664, -0.01824), (-0.00202, -0.00896, 0.02699), (-0.01744, -0.01011, -0.02241), (0.02873, -0.01271, 0.00505), (-0.02526, -0.01364, 0.01591), (0.00865, -0.01652, -0.03089), (0.01465, -0.01965, 0.02935), (-0.03338, -0.02040, -0.01302), (0.03414, -0.02381, -0.01300), (-0.01837, -0.02748, 0.03606), (-0.01076, -0.02804, -0.03966), (0.03877, -0.03199, 0.02486), (-0.04590, -0.03619, 0.00768), (0.03264, -0.03656, -0.04128), (0.00353, -0.04105, 0.05279), (-0.03788, -0.04121, -0.03660), (0.06021, -0.04597, 0.00195), (-0.04551, -0.05099, 0.03860), (0.00899, -0.05096, -0.06801), (0.03844, -0.05625, 0.05566), (-0.07597, -0.06181, -0.01783), (0.06703, -0.06159, -0.03709), (-0.02867, -0.06742, 0.08381), (-0.03424, -0.06700, -0.07958), (0.09121, -0.07311, 0.04168), (-0.09318, -0.07947, 0.02956), (0.04749, -0.07886, -0.08148), (0.02274, -0.08551, 0.10765), (-0.08574, -0.09241, -0.06209), (0.12276, -0.09161, -0.01344), (-0.07869, -0.09879, 0.08867), (-0.00138, -0.10622, -0.13819), (0.08987, -0.10524, 0.09727), (-0.15358, -0.11295, -0.01371), (0.11773, -0.11175, -0.08890), (-0.03208, -0.11974, 0.16849), (-0.08535, -0.12799, -0.13992), (0.14858, -0.12661, 0.04388), (-0.16362, -0.13514, 0.07877), (0.06462, -0.14392, -0.15889), (0.06873, -0.14235, 0.18851), (-0.16756, -0.15141, -0.08837), (0.21422, -0.16073, -0.05482), (-0.11514, -0.15897, 0.17407), (-0.03667, -0.16856, -0.24027), (0.17785, -0.16660, 0.14484), (-0.26613, -0.17647, 0.01396), (0.17731, -0.18660, -0.17833), (-0.01095, -0.18444, 0.23443), (-0.17493, -0.19485, -0.21230), (0.25410, -0.20552, 0.03730), (-0.24945, -0.20318, 0.16706), (0.06797, -0.21412, -0.27208), (0.15418, -0.21157, 0.28833), (-0.28770, -0.22279, -0.10303), (0.32838, -0.23427, -0.13574), (-0.14243, -0.23153, 0.30024), (-0.11128, -0.24328, -0.36896), (0.30896, -0.25530, 0.18605), (-0.32749, -0.25237, 0.06429), (0.23364, -0.26466, -0.31310), (0.03425, -0.27721, 0.36028), (-0.31188, -0.27409, -0.28486), (0.39173, -0.28692, 0.00168), (-0.33923, -0.28359, 0.30454), (0.04367, -0.29670, -0.42099), (0.29036, -0.31006, 0.39615), (-0.44720, -0.30655, -0.09178), (0.45492, -0.32019, -0.26865), (-0.14598, -0.33409, 0.46941), (-0.19032, -0.33038, -0.41025), (0.48666, -0.34456, 0.20608), (-0.45982, -0.35899, 0.16023), (0.27179, -0.35510, -0.49794), (0.12251, -0.36981, 0.50892), (-0.50226, -0.36571, -0.34266), (0.55657, -0.38070, -0.07682), (-0.41810, -0.39595, 0.49864), (-0.02293, -0.39166, -0.60172), (0.38487, -0.40718, 0.39378), (-0.64324, -0.42296, -0.03927), (0.46095, -0.41849, -0.36887), (-0.10976, -0.43454, 0.67993), (-0.34418, -0.42986, -0.53015), (0.71055, -0.44620, 0.18835), (-0.60042, -0.46279, 0.31011), (0.27469, -0.45792, -0.73382), (0.26607, -0.47479, 0.67067), (-0.74848, -0.49192, -0.36828), (0.73970, -0.48686, -0.21159), (-0.37027, -0.50426, 0.59545), (-0.14632, -0.52193, -0.80618), (0.59323, -0.51668, 0.45604), (-0.86871, -0.53462, 0.07006), (0.54618, -0.52916, -0.58107), (-0.01722, -0.54738, 0.92578), (-0.55797, -0.56586, -0.63970), (0.97584, -0.56021, 0.11535), (-0.73543, -0.57897, 0.52303), (0.22400, -0.59798, -1.01728), (0.47545, -0.59215, 0.83206), (-0.82810, -0.61144, -0.27057), (0.92813, -0.63099, -0.41455), (-0.37328, -0.62496, 0.84752), (-0.33982, -0.64479, -1.02204), (0.85626, -0.63855, 0.48339), (-1.11205, -0.65866, 0.25092), (0.59997, -0.67902, -0.85296), (0.14772, -0.67260, 1.19633), (-0.83632, -0.69324, -0.72187), (1.27297, -0.71413, -0.03029), (-0.84773, -0.70752, 0.80516), (0.07978, -0.72870, -1.05777), (0.75840, -0.75013, 0.97602), (-1.10695, -0.74333, -0.19498), (1.10500, -0.76504, -0.69511), (-0.32124, -0.75804, 1.14548), (-0.61453, -0.78002, -1.23276), (1.17163, -0.80227, 0.45779), (-1.35724, -0.79507, 0.51611), (0.60358, -0.81760, -1.18366), (0.39953, -0.84038, 1.47625), (-1.17992, -0.83299, -0.75733), (1.25282, -0.85605, -0.20892), (-0.91753, -0.84846, 1.15886), (-0.08874, -0.87179, -1.33920), (1.11904, -0.89539, 1.08242), (-1.41604, -0.88761, -0.04660), (1.24998, -0.91148, -1.05920), (-0.19661, -0.93561, 1.48117), (-0.97826, -0.92764, -1.41803), (1.53244, -0.95204, 0.36049), (-1.58413, -0.97671, 0.87537), (0.53716, -0.96855, -1.56769), (0.59183, -0.99349, 1.37763), (-1.58483, -0.98513, -0.72525), (1.50693, -1.01034, -0.47722), (-0.92311, -1.03582, 1.58186), (-0.34317, -1.02727, -1.62907), (1.55692, -1.05302, 1.12877), (-1.74152, -1.07903, 0.18979), (1.34000, -1.07029, -1.50830), (0.01747, -1.09658, 1.84167), (-1.43452, -1.12313, -1.55429), (1.92688, -1.11420, 0.17308), (-1.39603, -1.14102, 1.05309), (0.38080, -1.13188, -1.99450), (0.95726, -1.15898, 1.57114), (-2.04194, -1.18635, -0.60428), (1.74293, -1.17702, -0.83794), (-0.84178, -1.20466, 2.06668), (-0.69467, -1.23255, -1.90854), (2.06632, -1.22303, 1.09119), (-2.06501, -1.25121, 0.52729), (1.35006, -1.24148, -2.03864), (0.33600, -1.26993, 2.20923), (-1.56423, -1.29864, -1.27531), (2.33804, -1.28873, -0.12137), (-1.49529, -1.31771, 1.50228), (0.11565, -1.34696, -2.44824), (1.41347, -1.33686, 1.71727), (-2.53665, -1.36638, -0.37371), (1.93823, -1.39616, -1.29661), (-0.65103, -1.38587, 2.60014), (-1.15085, -1.41592, -2.15491), (2.63572, -1.40543, 0.94545), (-2.36387, -1.43576, 0.97570), (0.99039, -1.46635, -2.08487), (0.77104, -1.45567, 2.56148), (-2.07274, -1.48653, -1.24965), (2.74403, -1.51766, -0.53718), (-1.51766, -1.50679, 2.03151), (-0.27486, -1.53819, -2.90771), (1.95919, -1.56985, 1.79137)],
                158: [(0.02727, -0.00874, 0.00086), (-0.02185, -0.01117, 0.01857), (0.00382, -0.01387, -0.02911), (0.01789, -0.01478, 0.02585), (-0.03135, -0.01775, -0.00733), (0.03065, -0.02098, -0.01700), (-0.01156, -0.02171, 0.03389), (-0.01567, -0.02521, -0.03633), (0.03663, -0.02898, 0.01670), (-0.04290, -0.02951, 0.01365), (0.02293, -0.03356, -0.03942), (0.00950, -0.03388, 0.04477), (-0.04204, -0.03820, -0.03039), (0.05147, -0.04278, -0.00568), (-0.03920, -0.04292, 0.04425), (-0.00064, -0.04777, -0.05871), (0.04577, -0.05289, 0.04946), (-0.06635, -0.05284, -0.00587), (0.06119, -0.05823, -0.04630), (-0.01406, -0.06388, 0.07420), (-0.04547, -0.06364, -0.07440), (0.08201, -0.06956, 0.02414), (-0.07470, -0.06912, 0.03604), (0.03630, -0.07532, -0.08948), (0.03206, -0.08178, 0.08771), (-0.09626, -0.08115, -0.05066), (0.10162, -0.08788, -0.02610), (-0.06733, -0.09488, 0.10198), (-0.01784, -0.09406, -0.11623), (0.10620, -0.10133, 0.08634), (-0.13126, -0.10887, 0.00700), (0.10766, -0.10785, -0.10846), (-0.00671, -0.11566, 0.14637), (-0.08847, -0.11444, -0.10718), (0.16118, -0.12253, 0.02352), (-0.12816, -0.13087, 0.08599), (0.04362, -0.12946, -0.17523), (0.08075, -0.13808, 0.15069), (-0.18801, -0.14697, -0.06714), (0.17450, -0.14537, -0.07231), (-0.09417, -0.15452, 0.19896), (-0.06029, -0.15272, -0.19926), (0.20748, -0.16215, 0.12469), (-0.22456, -0.17185, 0.04429), (0.12785, -0.16985, -0.17164), (0.02397, -0.17982, 0.24988), (-0.17350, -0.19005, -0.15819), (0.27467, -0.18787, 0.00094), (-0.19108, -0.19837, 0.17185), (0.03068, -0.20914, -0.29830), (0.16613, -0.20677, 0.22624), (-0.32004, -0.21781, -0.06539), (0.26327, -0.21523, -0.15578), (-0.10515, -0.22655, 0.33915), (-0.14028, -0.23812, -0.30169), (0.28394, -0.23535, 0.11994), (-0.34091, -0.24721, 0.11913), (0.16020, -0.25932, -0.29410), (0.09189, -0.25636, 0.38028), (-0.30019, -0.26875, -0.20442), (0.41902, -0.28140, -0.05821), (-0.25232, -0.27825, 0.30145), (-0.01779, -0.29118, -0.45628), (0.29716, -0.28783, 0.30351), (-0.49113, -0.30103, -0.02956), (0.35747, -0.31449, -0.28657), (-0.06685, -0.31095, 0.41644), (-0.26900, -0.32468, -0.41356), (0.43975, -0.33868, 0.11616), (-0.47103, -0.33495, 0.24380), (0.17127, -0.34922, -0.45875), (0.21041, -0.34528, 0.52901), (-0.47248, -0.35983, -0.23196), (0.58651, -0.37464, -0.16833), (-0.29789, -0.37051, 0.47998), (-0.11718, -0.38560, -0.64245), (0.48028, -0.40094, 0.36855), (-0.55296, -0.39663, 0.04508), (0.44329, -0.41225, -0.47243), (-0.01054, -0.42813, 0.59464), (-0.45553, -0.42362, -0.52133), (0.63230, -0.43978, 0.07419), (-0.60174, -0.43507, 0.42874), (0.14577, -0.45150, -0.66475), (0.39130, -0.46819, 0.68341), (-0.69077, -0.46329, -0.22503), (0.76514, -0.48026, -0.34255), (-0.31159, -0.49749, 0.70913), (-0.22379, -0.49240, -0.67112), (0.71857, -0.50990, 0.40484), (-0.73612, -0.52767, 0.16677), (0.50404, -0.52239, -0.71789), (0.09925, -0.54043, 0.79808), (-0.70591, -0.53494, -0.60823), (0.85559, -0.55326, -0.02110), (-0.71631, -0.57183, 0.68153), (0.06763, -0.56616, -0.90719), (0.50799, -0.58501, 0.65258), (-0.95134, -0.60412, -0.16671), (0.74440, -0.59826, -0.46918), (-0.27572, -0.61765, 0.98648), (-0.41791, -0.61158, -0.83652), (1.01104, -0.63124, 0.39403), (-0.92747, -0.65116, 0.35361), (0.52077, -0.64490, -1.02346), (0.27583, -0.66510, 1.01565), (-1.02225, -0.68556, -0.65487), (1.09934, -0.67912, -0.18431), (-0.62702, -0.69985, 0.79336), (-0.07901, -0.72085, -1.17673), (0.77141, -0.71421, 0.74486), (-1.24592, -0.73548, -0.03992), (0.86595, -0.72864, -0.73508), (-0.17207, -0.75018, 1.30499), (-0.68337, -0.77199, -0.98873), (1.35198, -0.76496, 0.31679), (-1.11144, -0.78704, 0.61543), (0.47319, -0.80938, -1.38494), (0.53062, -0.80216, 1.23219), (-1.10532, -0.82478, -0.50465), (1.34891, -0.84766, -0.42847), (-0.64663, -0.84025, 1.11029), (-0.30877, -0.86340, -1.45943), (1.09954, -0.85578, 0.79571), (-1.56147, -0.87922, 0.17155), (0.95036, -0.90291, -1.07160), (0.01711, -0.89510, 1.65266), (-1.02513, -0.91907, -1.10878), (1.73061, -0.94329, 0.15393), (-1.26895, -0.93530, 0.95897), (0.26858, -0.95980, -1.41342), (0.87216, -0.98456, 1.42867), (-1.45566, -0.97638, -0.42940), (1.58552, -1.00142, -0.76396), (-0.60203, -0.99302, 1.48177), (-0.63392, -1.01834, -1.73693), (1.48978, -1.04391, 0.78506), (-1.88019, -1.03533, 0.48184), (0.97678, -1.06118, -1.47777), (0.30787, -1.08729, 2.01247), (-1.44400, -1.07852, -1.17519), (1.67994, -1.10491, -0.08868), (-1.37803, -1.09593, 1.38689), (0.08202, -1.12260, -1.76900), (1.30508, -1.14952, 1.58277), (-1.84282, -1.14035, -0.26985), (1.78667, -1.16755, -1.19747), (-0.47368, -1.19501, 1.89886), (-1.06326, -1.18565, -1.98672), (1.93461, -1.21339, 0.69205), (-2.17978, -1.24138, 0.90195), (0.92314, -1.23184, -1.94769), (0.56252, -1.26011, 1.86287), (-1.93582, -1.25036, -1.16480), (2.00629, -1.27890, -0.39457), (-1.41454, -1.30771, 1.89693), (-0.20388, -1.29777, -2.13691), (1.82918, -1.32685, 1.66957), (-2.25167, -1.35619, -0.00889), (1.92678, -1.34606, -1.73097), (-0.24269, -1.37568, 2.34747), (-1.60104, -1.40556, -2.18279), (2.42125, -1.39524, 0.49607), (-1.91967, -1.42539, 1.13453), (0.76719, -1.41487, -2.47002), (0.98518, -1.44530, 2.12171), (-2.49092, -1.47599, -1.05380), (2.31517, -1.46528, -0.80763), (-1.35325, -1.49624, 2.48128), (-0.60188, -1.52747, -2.49653), (2.43863, -1.51657, 1.66249), (-2.66215, -1.54807, 0.36838), (1.97813, -1.53696, -2.36082), (0.10799, -1.56874, 2.80835), (-1.77194, -1.60077, -1.81172), (2.93141, -1.58948, 0.17796), (-2.07220, -1.62179, 1.65942), (0.48769, -1.65436, -3.02771), (1.51390, -1.64287, 2.33017), (-3.09369, -1.67572, -0.81892), (2.58178, -1.70883, -1.33458), (-1.16892, -1.69716, 3.12597), (-1.12107, -1.73054, -2.82298), (3.12139, -1.71866, 1.53449), (-3.04954, -1.75232, 0.87346), (1.50895, -1.78624, -2.42847), (0.59232, -1.77417, 3.25714), (-0.02251, -0.00070, 0.01093), (0.00942, -0.00241, -0.02337), (0.00881, -0.00378, 0.02393), (-0.02315, -0.00576, -0.01211), (0.02582, -0.00800, -0.00670)],
                160: [(0.07190, -0.05995, 0.01043), (-0.06996, -0.06571, 0.04703), (0.01974, -0.07174, -0.07960), (0.04509, -0.07126, 0.08397), (-0.08706, -0.07756, -0.03101), (0.09926, -0.08412, -0.04123), (-0.04438, -0.08346, 0.09396), (-0.03510, -0.09029, -0.11565), (0.09996, -0.09739, 0.05996), (-0.13289, -0.09654, 0.02633), (0.07780, -0.10391, -0.10464), (0.01196, -0.10285, 0.12357), (-0.10757, -0.11050, -0.09791), (0.13829, -0.11840, 0.00035), (-0.12022, -0.11716, 0.10831), (0.01559, -0.12534, -0.15287), (0.10636, -0.13378, 0.14458), (-0.16688, -0.13234, -0.03395), (0.17079, -0.14106, -0.10126), (-0.05559, -0.15004, 0.17986), (-0.09252, -0.14842, -0.19853), (0.19128, -0.15767, 0.08061), (-0.18358, -0.15584, 0.06433), (0.10903, -0.16537, -0.20058), (0.05044, -0.17516, 0.20792), (-0.20715, -0.17314, -0.14080), (0.23251, -0.18321, -0.03251), (-0.17578, -0.19353, 0.21039), (-0.01024, -0.19132, -0.25684), (0.20964, -0.20193, 0.21375), (-0.28030, -0.21279, -0.01662), (0.25435, -0.21039, -0.20427), (-0.04825, -0.22153, 0.30226), (-0.15503, -0.21892, -0.23789), (0.32199, -0.23033, 0.08475), (-0.27442, -0.24201, 0.14234), (0.12613, -0.23921, -0.33874), (0.12442, -0.25116, 0.31202), (-0.35171, -0.26337, -0.17229), (0.35007, -0.26039, -0.10080), (-0.22303, -0.27288, 0.36007), (-0.07110, -0.26968, -0.38788), (0.36297, -0.28245, 0.27803), (-0.42466, -0.29547, 0.03499), (0.26836, -0.29209, -0.28650), (-0.00775, -0.30539, 0.45955), (-0.27928, -0.31895, -0.31906), (0.49161, -0.31538, 0.05724), (-0.37214, -0.32921, 0.26565), (0.11352, -0.34330, -0.51985), (0.24495, -0.33955, 0.42695), (-0.54323, -0.35392, -0.17644), (0.48269, -0.34995, -0.21660), (-0.24577, -0.36460, 0.56067), (-0.18008, -0.37950, -0.53846), (0.45373, -0.37535, 0.25511), (-0.59326, -0.39053, 0.13495), (0.32067, -0.40597, -0.45757), (0.08091, -0.40163, 0.64599), (-0.45404, -0.41735, -0.39052), (0.69546, -0.43332, -0.01776), (-0.46399, -0.42879, 0.44223), (0.05455, -0.44504, -0.74040), (0.42130, -0.44031, 0.54024), (-0.77948, -0.45684, -0.13590), (0.61829, -0.47363, -0.39045), (-0.17926, -0.46870, 0.64351), (-0.34899, -0.48576, -0.69704), (0.66501, -0.50309, 0.25850), (-0.77524, -0.49797, 0.29634), (0.34454, -0.51557, -0.67858), (0.23205, -0.51025, 0.85151), (-0.68304, -0.52813, -0.43673), (0.92439, -0.54626, -0.15581), (-0.53428, -0.54075, 0.67723), (-0.06749, -0.55916, -0.99229), (0.66002, -0.57784, 0.63619), (-0.83476, -0.57214, -0.02602), (0.74131, -0.59108, -0.63038), (-0.11536, -0.61029, 0.88085), (-0.58740, -0.60440, -0.84829), (0.91914, -0.62389, 0.21452), (-0.95564, -0.61779, 0.53025), (0.32302, -0.63755, -0.94811), (0.45830, -0.65757, 1.06169), (-0.96624, -0.65129, -0.44013), (1.16467, -0.67158, -0.37106), (-0.56497, -0.69214, 0.97204), (-0.21244, -0.68566, -0.99983), (0.96408, -0.70650, 0.69640), (-1.07700, -0.72759, 0.11927), (0.83307, -0.72092, -0.94100), (0.01288, -0.74229, 1.14739), (-0.90158, -0.73542, -0.97344), (1.20914, -0.75707, 0.10649), (-1.11574, -0.77897, 0.84472), (0.23836, -0.77191, -1.26036), (0.60607, -0.79409, 0.99086), (-1.29917, -0.81653, -0.38201), (1.10681, -0.80928, -0.53449), (-0.53646, -0.83200, 1.32368), (-0.44651, -0.82454, -1.22014), (1.33208, -0.84753, 0.70048), (-1.32879, -0.87079, 0.34177), (0.87256, -0.86314, -1.32261), (0.22014, -0.88667, 1.43063), (-1.29365, -0.91046, -1.05096), (1.52341, -0.90262, -0.08175), (-0.97153, -0.92669, 0.97948), (0.07300, -0.95101, -1.60483), (0.92739, -0.94299, 1.12273), (-1.67254, -0.96759, -0.24343), (1.27485, -0.95936, -0.85605), (-0.42853, -0.98424, 1.72424), (-0.76459, -1.00937, -1.42567), (1.75762, -1.00095, 0.62701), (-1.57280, -1.02636, 0.65240), (0.83726, -1.05203, -1.77048), (0.51911, -1.04343, 1.71371), (-1.38664, -1.06937, -0.83271), (1.84572, -1.09558, -0.36467), (-1.01722, -1.08679, 1.36660), (-0.18931, -1.11327, -1.96607), (1.32514, -1.10427, 1.20740), (-2.07194, -1.13103, -0.00637), (1.40096, -1.15804, -1.26079), (-0.22145, -1.14885, 2.16048), (-1.17232, -1.17615, -1.59538), (2.22886, -1.20370, 0.45463), (-1.78791, -1.19432, 1.05877), (0.55469, -1.22215, -1.79139), (0.91943, -1.25024, 1.97560), (-1.81637, -1.24067, -0.76656), (2.15534, -1.26904, -0.75398), (-0.98991, -1.25926, 1.81884), (-0.56240, -1.28790, -2.32386), (1.79668, -1.31681, 1.22256), (-2.47780, -1.30684, 0.34507), (1.46201, -1.33602, -1.74794), (0.10279, -1.36546, 2.61375), (-1.67092, -1.35530, -1.70545), (2.14942, -1.38502, 0.12861), (-1.94979, -1.37466, 1.56419), (0.35745, -1.40465, -2.23153), (1.42663, -1.43490, 2.19165), (-2.29156, -1.42435, -0.60445), (2.42747, -1.45487, -1.25749), (-0.86772, -1.48566, 2.32668), (-1.05643, -1.47492, -2.65346), (2.33415, -1.50598, 1.14495), (-2.86569, -1.53730, 0.82350), (1.43346, -1.52638, -2.31146), (0.44072, -1.55797, 2.41157), (-2.25633, -1.54684, -1.73018), (2.56066, -1.57871, -0.20965), (-2.03171, -1.61085, 2.16675), (0.04675, -1.59952, -2.68997), (2.04108, -1.63193, 2.33429), (-2.79594, -1.66460, -0.32706), (2.63390, -1.65309, -1.87804), (-0.62940, -1.68603, 2.87507), (-1.67680, -1.71924, -2.92623), (2.92398, -1.70754, 0.95144), (-2.52799, -1.74102, 1.13281), (1.29038, -1.72911, -2.93947), (0.91814, -1.76287, 2.75020), (-2.91857, -1.79688, -1.64298), (2.95706, -1.78479, -0.67101), (0.01192, -0.00151, 0.02207), (-0.02388, -0.00331, -0.00844), (0.02384, -0.00465, -0.00997), (-0.01120, -0.00673, 0.02386), (-0.00802, -0.00787, -0.02620), (0.02415, -0.01023, 0.01441), (-0.02823, -0.01284, 0.00566), (0.01825, -0.01379, -0.02467), (0.00310, -0.01668, 0.03128), (-0.02527, -0.01983, -0.02289), (0.03486, -0.02059, 0.00000), (-0.02845, -0.02402, 0.02576), (0.00387, -0.02770, -0.03891), (0.02593, -0.02827, 0.03506), (-0.04336, -0.03223, -0.00871), (0.04279, -0.03260, -0.02551), (-0.01473, -0.03684, 0.04806), (-0.02133, -0.04133, -0.04549), (0.05283, -0.04151, 0.02211), (-0.05370, -0.04628, 0.01896), (0.03104, -0.05132, -0.05744), (0.01538, -0.05130, 0.06276), (-0.06161, -0.05661, -0.04166), (0.07255, -0.06218, -0.01032)],
                162: [(0.17042, -0.14241, 0.04470), (-0.18354, -0.15150, 0.09541), (0.06764, -0.16085, -0.18215), (0.08449, -0.15899, 0.21134), (-0.19206, -0.16862, -0.09388), (0.24000, -0.17851, -0.06933), (-0.12339, -0.17646, 0.19959), (-0.04955, -0.18662, -0.26901), (0.20414, -0.19705, 0.15608), (-0.29777, -0.19481, 0.02480), (0.19177, -0.20551, -0.20509), (-0.00417, -0.20306, 0.26083), (-0.20184, -0.21404, -0.23018), (0.28274, -0.22528, 0.03267), (-0.27093, -0.22264, 0.19375), (0.06585, -0.23415, -0.30284), (0.18025, -0.24593, 0.31354), (-0.32040, -0.24310, -0.10376), (0.35742, -0.25515, -0.16077), (-0.14635, -0.26746, 0.33466), (-0.13480, -0.26445, -0.40190), (0.34484, -0.27703, 0.19349), (-0.35545, -0.27381, 0.08118), (0.24491, -0.28667, -0.35013), (0.04937, -0.29979, 0.39140), (-0.34970, -0.29638, -0.30025), (0.42596, -0.30978, -0.01125), (-0.35899, -0.32343, 0.34276), (0.03336, -0.31984, -0.45824), (0.32853, -0.33377, 0.42052), (-0.48732, -0.34796, -0.08452), (0.48407, -0.34417, -0.30628), (-0.14220, -0.35864, 0.51220), (-0.21867, -0.35465, -0.43579), (0.53187, -0.36939, 0.20621), (-0.48939, -0.38440, 0.18756), (0.27625, -0.38021, -0.54527), (0.14837, -0.39549, 0.54258), (-0.55134, -0.41103, -0.35184), (0.59435, -0.40666, -0.10071), (-0.43238, -0.42248, 0.54904), (-0.04434, -0.41790, -0.64359), (0.53737, -0.43399, 0.51707), (-0.68910, -0.45034, -0.02087), (0.47952, -0.44558, -0.40849), (-0.09491, -0.46220, 0.72964), (-0.38394, -0.47909, -0.55344), (0.76389, -0.47413, 0.17759), (-0.62863, -0.49130, 0.34952), (0.26856, -0.50872, -0.79052), (0.30461, -0.50358, 0.70398), (-0.80818, -0.52127, -0.36729), (0.77822, -0.51592, -0.24869), (-0.47305, -0.53390, 0.81553), (-0.18138, -0.55213, -0.84997), (0.64228, -0.54659, 0.46310), (-0.91776, -0.56510, 0.10245), (0.55830, -0.58387, -0.63174), (0.01186, -0.57814, 0.98002), (-0.60979, -0.59719, -0.65725), (1.03513, -0.61650, 0.09025), (-0.75875, -0.61058, 0.57548), (0.20354, -0.63016, -1.08141), (0.52796, -0.62404, 0.86146), (-1.11716, -0.64389, -0.32743), (0.96384, -0.66401, -0.46649), (-0.36483, -0.65770, 0.90246), (-0.39051, -0.67809, -1.06424), (0.91452, -0.69875, 0.47988), (-1.16086, -0.69224, 0.29966), (0.60195, -0.71317, -0.91415), (0.19374, -0.70646, 1.25180), (-0.89999, -0.72767, -0.72984), (1.33506, -0.74914, -0.07281), (-0.86220, -0.74224, 0.87078), (0.06285, -0.76398, -1.40857), (0.82536, -0.78598, 0.99743), (-1.16276, -0.77889, -0.16820), (1.13375, -0.80117, -0.76274), (-0.29871, -0.82371, 1.20639), (-0.68210, -0.81643, -1.26919), (1.23737, -0.83925, 0.44020), (-1.40163, -0.83176, 0.58283), (0.59164, -0.85485, -1.25391), (0.46455, -0.87820, 1.52879), (-1.25427, -0.87053, -0.75172), (1.64826, -0.89416, -0.32715), (-0.91892, -0.91804, 1.23678), (-0.13504, -0.91018, -1.38978), (1.19995, -0.93434, 1.09142), (-1.47337, -0.95876, -0.00325), (1.26719, -0.95071, -1.14241), (-0.15702, -0.97541, 1.54520), (-1.06300, -0.96715, -1.44396), (1.60301, -0.99212, 0.32552), (-1.61926, -1.01736, 0.96080), (0.50766, -1.00891, -1.64456), (0.65701, -1.03442, 1.40852), (-1.66766, -1.06019, -0.70209), (1.54562, -1.05155, -0.54220), (-0.90712, -1.07760, 1.67020), (-0.40712, -1.06876, -1.67584), (1.65021, -1.09508, 1.12079), (-1.79656, -1.12166, 0.25180), (1.34082, -1.11263, -1.60590), (0.07659, -1.13949, 1.90508), (-1.53565, -1.16660, -1.56466), (1.99865, -1.15738, 0.11784), (-1.40795, -1.18478, 1.13152), (0.33044, -1.21243, -2.07453), (1.03787, -1.20302, 1.59140), (-2.13000, -1.23095, -0.55985), (1.77206, -1.22133, -0.91993), (-0.80432, -1.24954, 2.16243), (-0.77714, -1.27800, -1.94703), (2.16929, -1.26820, 1.06174), (-2.11323, -1.29694, 0.60927), (1.32964, -1.32594, -2.14824), (0.41643, -1.31594, 2.26748), (-1.65037, -1.34522, -1.26324), (2.40651, -1.37475, -0.19914), (-1.49137, -1.36457, 1.59329), (0.04172, -1.39438, -2.52699), (1.50864, -1.38400, 1.72233), (-2.62563, -1.41408, -0.30482), (1.95302, -1.44443, -1.39513), (-0.58843, -1.43385, 2.69917), (-1.25180, -1.46448, -2.18014), (2.74446, -1.49536, 0.89038), (-2.40016, -1.48459, 1.07804), (0.95097, -1.51575, -2.17145), (0.87365, -1.54717, 2.60936), (-2.16693, -1.53622, -1.21736), (2.80391, -1.56791, -0.63883), (-1.49358, -1.55675, 2.13281), (-0.37427, -1.58872, -2.97988), (2.06695, -1.62095, 1.77656), (-3.13332, -1.60960, 0.08109), (2.06290, -1.64211, -1.96753), (-0.23906, -1.67487, 3.26028), (-1.83306, -1.66333, -2.34889), (2.64337, -1.69638, 0.45991), (-2.63054, -1.68463, 1.66244), (0.75295, -1.71795, -2.70659), (1.45502, -1.75153, 2.90361), (-2.73989, -1.73959, -1.06396), (3.16369, -1.77345, -1.21060), (-1.39011, -1.80756, 2.74024), (-0.02454, -0.00071, -0.00491), (0.02162, -0.00235, -0.01292), (-0.00748, -0.00425, 0.02448), (-0.01109, -0.00556, -0.02358), (0.02451, -0.00774, 0.01023), (-0.02609, -0.00885, 0.00924), (0.01345, -0.01130, -0.02495), (0.00719, -0.01401, 0.02923), (-0.02558, -0.01493, -0.01727), (0.03302, -0.01792, -0.00473), (-0.02182, -0.02117, 0.02629), (-0.00162, -0.02190, -0.03748), (0.02691, -0.02543, 0.02726), (-0.04254, -0.02921, -0.00238), (0.03368, -0.02975, -0.02723), (-0.00674, -0.03381, 0.04311), (-0.02702, -0.03415, -0.04117), (0.04777, -0.03848, 0.01241), (-0.04976, -0.04308, 0.02602), (0.01936, -0.04322, -0.05253), (0.02393, -0.04810, 0.05944), (-0.05719, -0.05323, -0.02778), (0.07015, -0.05319, -0.02045), (-0.03780, -0.05859, 0.06148), (-0.01526, -0.05834, -0.08176), (0.06511, -0.06403, 0.04954), (-0.07937, -0.06997, 0.00680), (0.06305, -0.06953, -0.06776), (-0.00122, -0.07575, 0.08980), (-0.06905, -0.08223, -0.07836), (0.10041, -0.08161, 0.01136), (-0.09543, -0.08836, 0.06859), (0.02383, -0.09538, -0.11088), (0.06598, -0.09456, 0.11414), (-0.12088, -0.10185, -0.03882), (0.13432, -0.10083, -0.06080), (-0.05647, -0.10840, 0.12999), (-0.04317, -0.11622, -0.12769), (0.13777, -0.11501, 0.07687), (-0.14602, -0.12311, 0.03372), (0.10003, -0.13148, -0.14374), (0.02120, -0.13008, 0.16484), (-0.14738, -0.13871, -0.12592), (0.18375, -0.14761, -0.00530)],
                164: [(0.31515, -0.25611, 0.12187), (-0.36996, -0.26853, 0.14216), (0.16524, -0.28122, -0.32686), (0.11333, -0.27797, 0.41304), (-0.33424, -0.29093, -0.21289), (0.45548, -0.30414, -0.07759), (-0.26452, -0.30071, 0.33649), (-0.03463, -0.31420, -0.49639), (0.33283, -0.32795, 0.31970), (-0.53477, -0.32433, -0.01573), (0.37789, -0.33836, -0.32248), (-0.05841, -0.33453, 0.45215), (-0.30471, -0.34883, -0.43842), (0.47813, -0.36340, 0.11071), (-0.50049, -0.35938, 0.27885), (0.16924, -0.37422, -0.49959), (0.24428, -0.38932, 0.56319), (-0.51554, -0.38511, -0.23375), (0.62549, -0.40049, -0.20048), (-0.30389, -0.41612, 0.52494), (-0.14706, -0.41173, -0.68623), (0.52679, -0.42764, 0.37913), (-0.58946, -0.42303, 0.06632), (0.45881, -0.43922, -0.52007), (0.00824, -0.45567, 0.63499), (-0.50384, -0.45088, -0.54210), (0.67639, -0.46760, 0.05838), (-0.62803, -0.48458, 0.47720), (0.13345, -0.47960, -0.71243), (0.43935, -0.49686, 0.71547), (-0.74183, -0.51438, -0.21672), (0.80314, -0.50921, -0.38958), (-0.30779, -0.52701, 0.76328), (-0.25893, -0.52163, -0.70375), (0.77547, -0.53970, 0.40606), (-0.77367, -0.55803, 0.20043), (0.51075, -0.55247, -0.77713), (0.13085, -0.57107, 0.84061), (-0.76701, -0.58994, -0.62090), (0.90309, -0.58418, -0.05004), (-0.73535, -0.60333, 0.74396), (0.04197, -0.59737, -0.95958), (0.70689, -0.61679, 0.85274), (-1.00847, -0.63646, -0.14498), (0.76796, -0.63031, -0.51763), (-0.25855, -0.65027, 1.04812), (-0.46631, -0.67048, -0.86586), (1.07690, -0.66414, 0.38205), (-0.96281, -0.68463, 0.40134), (0.51462, -0.70538, -1.09316), (0.32224, -0.69885, 1.05716), (-1.09533, -0.71988, -0.65517), (1.14711, -0.71315, -0.22872), (-0.80237, -0.73445, 1.08190), (-0.12068, -0.75601, -1.23080), (0.83076, -0.74909, 0.75430), (-1.30625, -0.77093, -0.00174), (0.88159, -0.79302, -0.79617), (-0.13816, -0.78591, 1.37144), (-0.74562, -0.80828, -1.01099), (1.42434, -0.83092, 0.28794), (-1.14070, -0.82362, 0.67819), (0.45019, -0.84653, -1.46290), (0.59317, -0.83902, 1.26877), (-1.48512, -0.86220, -0.62371), (1.39307, -0.88565, -0.49005), (-0.63755, -0.87795, 1.17631), (-0.36855, -0.90167, -1.51135), (1.16935, -0.92565, 0.79271), (-1.62123, -0.91777, 0.22866), (0.95406, -0.94202, -1.14470), (0.07066, -0.93393, 1.72028), (-1.10094, -0.95847, -1.11978), (1.80599, -0.98326, 0.10490), (-1.28782, -0.97498, 1.03683), (0.29712, -1.00005, -1.87585), (0.95132, -1.02537, 1.45590), (-1.52253, -1.01690, -0.39877), (1.62155, -1.04251, -0.84359), (-0.57668, -1.06837, 1.55456), (-0.71312, -1.05971, -1.78212), (1.56814, -1.08585, 0.76582), (-1.93481, -1.07699, 0.55965), (0.96445, -1.10340, -1.56126), (0.38327, -1.13008, 2.07670), (-1.53207, -1.12102, -1.17057), (2.20480, -1.14798, -0.18438), (-1.38189, -1.17519, 1.47890), (0.02861, -1.16595, -1.82978), (1.40029, -1.19343, 1.59582), (-1.91149, -1.22118, -0.22022), (1.80955, -1.21175, -1.29502), (-0.42882, -1.23977, 1.97530), (-1.16220, -1.23013, -2.02002), (2.01861, -1.25843, 0.65295), (-2.22399, -1.28699, 1.00125), (0.89080, -1.27716, -2.03890), (0.63825, -1.30600, 1.90078), (-2.03378, -1.33510, -1.14023), (2.05343, -1.32508, -0.46973), (-1.39872, -1.35445, 2.00105), (-0.27745, -1.34422, -2.19356), (1.93875, -1.37387, 1.66343), (-2.31799, -1.40378, 0.06202), (1.93123, -1.39337, -1.84516), (-0.17558, -1.42355, 2.42352), (-1.71890, -1.45400, -2.19865), (2.50697, -1.44339, 0.43393), (-1.93586, -1.47411, 1.22578), (0.71121, -1.50509, -2.56521), (1.07863, -1.49430, 2.14782), (-2.59525, -1.52555, -1.00519), (2.35180, -1.51456, -0.90228), (-1.31322, -1.54609, 2.59426), (-0.69664, -1.57788, -2.54418), (2.55966, -1.56669, 1.63224), (-2.72120, -1.59876, 0.46207), (1.95882, -1.63109, -2.48912), (0.19935, -1.61971, 2.87908), (-1.87251, -1.65231, -1.80052), (3.01397, -1.68518, 0.09026), (-2.07080, -1.67361, 1.76529), (0.40502, -1.70675, -3.12209), (1.62419, -1.69498, 2.33949), (-3.19974, -1.72839, -0.74271), (2.60267, -1.76207, -1.44828), (-1.10060, -1.75011, 3.24339), (-1.23705, -1.78406, -2.85620), (0.01943, -0.00000, -0.01574), (-0.00385, -0.00148, 0.02479), (-0.01391, -0.00322, -0.02115), (0.02497, -0.00521, 0.00646), (-0.02326, -0.00650, 0.01219), (0.00941, -0.00878, -0.02559), (0.01045, -0.00986, 0.02589), (-0.02657, -0.01241, -0.01288), (0.02909, -0.01522, -0.00851), (-0.01708, -0.01611, 0.02782), (-0.00617, -0.01920, -0.03291), (0.02919, -0.02254, 0.02217), (-0.03736, -0.02324, 0.00324), (0.02590, -0.02687, -0.02788), (-0.00054, -0.02736, 0.04239), (-0.02834, -0.03126, -0.03210), (0.04792, -0.03542, 0.00538), (-0.03932, -0.03573, 0.02832), (0.01151, -0.04016, -0.05381), (0.02757, -0.04485, 0.04760), (-0.05985, -0.04497, -0.01917), (0.05693, -0.04994, -0.02583), (-0.02853, -0.05517, 0.06582), (-0.02281, -0.05510, -0.06727), (0.06083, -0.06060, 0.03387), (-0.07853, -0.06033, 0.01821), (0.04489, -0.06611, -0.06463), (0.01172, -0.07215, 0.09053), (-0.06756, -0.07169, -0.05763), (0.10307, -0.07800, -0.00306), (-0.07210, -0.08458, 0.06929), (0.00805, -0.08392, -0.11586), (0.06945, -0.09078, 0.08829), (-0.12856, -0.09789, -0.02186), (0.10613, -0.09705, -0.06764), (-0.03177, -0.10443, 0.11590), (-0.06347, -0.10338, -0.12545), (0.12513, -0.11105, 0.04804), (-0.14606, -0.11897, 0.05653), (0.06695, -0.11773, -0.13323), (0.04644, -0.12593, 0.16765), (-0.13976, -0.13439, -0.08854), (0.18986, -0.13297, -0.03281), (-0.11281, -0.14170, 0.14422), (-0.01532, -0.14007, -0.21225), (0.14609, -0.14908, 0.13965), (-0.18978, -0.15835, -0.00512), (0.16890, -0.15653, -0.14485), (-0.02628, -0.16608, 0.20734), (-0.13995, -0.17588, -0.20032), (0.22374, -0.17387, 0.05124), (-0.23355, -0.18396, 0.13086), (0.08012, -0.19430, -0.23840), (0.11708, -0.19210, 0.26817), (-0.25070, -0.20272, -0.11294), (0.30363, -0.20031, -0.09813), (-0.14965, -0.21120, 0.25995), (-0.05908, -0.22236, -0.27250), (0.26547, -0.21976, 0.19009), (-0.30176, -0.23119, 0.03469), (0.23400, -0.24288, -0.26654), (0.00508, -0.24010, 0.33020), (-0.26247, -0.25207, -0.28104), (0.35708, -0.26429, 0.02995)],
                166: [(0.49434, -0.40107, 0.25830), (-0.63174, -0.41682, 0.16425), (0.32793, -0.43283, -0.49990), (0.10787, -0.42820, 0.68903), (-0.49774, -0.44448, -0.40220), (0.74300, -0.46103, -0.04182), (-0.48042, -0.45621, 0.48689), (0.03397, -0.47303, -0.79232), (0.46646, -0.49011, 0.56171), (-0.83559, -0.48510, -0.11938), (0.64507, -0.50246, -0.43561), (-0.16927, -0.49724, 0.68879), (-0.39361, -0.51488, -0.72934), (0.71341, -0.53277, 0.25240), (-0.81321, -0.52737, 0.33982), (0.34281, -0.54553, -0.72984), (0.27375, -0.56396, 0.89527), (-0.73682, -0.55837, -0.43986), (0.97396, -0.57707, -0.19508), (-0.54271, -0.59604, 0.73311), (-0.10364, -0.59026, -1.04765), (0.71754, -0.60950, 0.65036), (-0.88026, -0.60351, -0.00040), (0.76160, -0.62302, -0.68902), (-0.09296, -0.64280, 0.93093), (-0.64655, -0.63662, -0.87506), (0.97366, -0.65667, 0.19595), (-0.98919, -0.67698, 0.58928), (0.30888, -0.67062, -1.00684), (0.51650, -0.69121, 1.10226), (-1.02888, -0.71205, -0.43105), (1.21243, -0.70550, -0.42769), (-0.56154, -0.72662, 1.03823), (-0.25460, -0.71986, -1.04012), (1.03336, -0.74126, 0.69920), (-1.12321, -0.76292, 0.15942), (0.84267, -0.75597, -1.01284), (0.05032, -0.77790, 1.19954), (-0.97538, -0.80010, -0.99034), (1.26718, -0.79296, 0.07249), (-1.14041, -0.81543, 0.91979), (0.20855, -0.80808, -1.32417), (0.84509, -0.83083, 1.29087), (-1.36852, -0.85384, -0.35715), (1.13603, -0.84630, -0.59227), (-0.51731, -0.86958, 1.39826), (-0.50399, -0.89313, -1.25630), (1.41148, -0.88540, 0.68779), (-1.37214, -0.90922, 0.39820), (0.86706, -0.93330, -1.40634), (0.27472, -0.92538, 1.48133), (-1.38114, -0.94974, -1.05335), (1.58154, -0.94162, -0.13365), (-1.24460, -0.96625, 1.33430), (0.02466, -0.99114, -1.67038), (0.99784, -0.98283, 1.13517), (-1.74542, -1.00800, -0.19955), (1.29477, -1.03342, -0.92833), (-0.39003, -1.02493, 1.80424), (-0.83798, -1.05063, -1.45356), (1.84443, -1.07659, 0.59483), (-1.60907, -1.06790, 0.72610), (0.81232, -1.09414, -1.86368), (0.59225, -1.08525, 1.75870), (-1.85979, -1.11176, -1.04055), (1.89969, -1.13853, -0.43631), (-1.00803, -1.12945, 1.44480), (-0.25846, -1.15650, -2.02917), (1.40760, -1.18381, 1.20558), (-2.14423, -1.17454, 0.05924), (1.40724, -1.20213, -1.34687), (-0.16046, -1.19265, 2.24191), (-1.26130, -1.22051, -1.61044), (2.31927, -1.24863, 0.39936), (-1.81238, -1.23896, 1.14982), (0.65581, -1.26736, -2.37343), (1.01164, -1.29602, 2.01004), (-1.89569, -1.28616, -0.73234), (2.20020, -1.31510, -0.84632), (-0.96219, -1.34429, 1.90493), (-0.65379, -1.33424, -2.37952), (1.88909, -1.36371, 1.20231), (-2.54452, -1.35346, 0.43435), (1.45017, -1.38321, -1.84609), (0.18873, -1.41321, 2.69167), (-1.77411, -1.40277, -1.70293), (2.81743, -1.43305, 0.08192), (-1.95743, -1.46359, 1.67160), (0.29686, -1.45296, -2.30411), (1.53733, -1.48378, 2.21026), (-2.37327, -1.51485, -0.54869), (2.45776, -1.50404, -1.37045), (-0.81793, -1.53539, 2.41730), (-1.17048, -1.52436, -2.69605), (2.43337, -1.55599, 1.10230), (-2.92110, -1.58788, 0.93739), (1.39911, -1.57667, -2.41880), (0.52766, -1.60883, 2.45811), (-2.37118, -1.64125, -1.70529), (2.61801, -1.62985, -0.29547), (-2.01738, -1.66255, 2.28836), (-0.03673, -1.65094, -2.75838), (2.16854, -1.68392, 2.33160), (-2.87555, -1.71715, -0.24719), (2.64383, -1.70535, -2.01032), (-0.55448, -1.73887, 2.96587), (-1.81271, -1.77264, -2.94969), (3.02581, -1.76065, 0.88284), (-2.55003, -1.79470, 1.23802), (-0.01658, -0.00083, -0.01875), (0.02502, -0.00228, 0.00279), (-0.02074, -0.00412, 0.01496), (0.00542, -0.00536, -0.02542), (0.01349, -0.00747, 0.02324), (-0.02620, -0.00984, -0.00837), (0.02638, -0.01090, -0.01200), (-0.01181, -0.01355, 0.02732), (-0.01029, -0.01645, -0.03025), (0.02868, -0.01732, 0.01594), (-0.03262, -0.02050, 0.00759), (0.02091, -0.02394, -0.03016), (0.00483, -0.02462, 0.03702), (-0.03159, -0.02834, -0.02689), (0.04198, -0.02881, -0.00128), (-0.03400, -0.03280, 0.03273), (0.00325, -0.03706, -0.04743), (0.03335, -0.03734, 0.04232), (-0.05325, -0.04187, -0.00901), (0.05192, -0.04666, -0.03315), (-0.01619, -0.04675, 0.05926), (-0.02743, -0.05182, -0.05410), (0.06525, -0.05714, 0.02499), (-0.06402, -0.05705, 0.02484), (0.03558, -0.06265, -0.07095), (0.02080, -0.06235, 0.07485), (-0.07605, -0.06822, -0.04809), (0.08645, -0.07436, -0.01502), (-0.06261, -0.07387, 0.08019), (-0.00721, -0.08028, -0.09864), (0.08299, -0.08696, 0.07919), (-0.11116, -0.08627, -0.00290), (0.08091, -0.09322, -0.06951), (-0.01557, -0.09234, 0.12371), (-0.06844, -0.09956, -0.09778), (0.13591, -0.10705, 0.03100), (-0.11615, -0.10597, 0.06521), (0.04937, -0.11373, -0.14734), (0.05945, -0.12175, 0.13584), (-0.15754, -0.12049, -0.07081), (0.15660, -0.12879, -0.05076), (-0.09536, -0.13734, 0.16598), (-0.03878, -0.13589, -0.17810), (0.13967, -0.14472, 0.09983), (-0.19995, -0.14306, 0.02316), (0.12491, -0.15217, -0.14253), (0.00360, -0.16154, 0.22168), (-0.14259, -0.15969, -0.15241), (0.24276, -0.16933, 0.02015), (-0.18211, -0.17924, 0.13932), (0.04829, -0.17720, -0.26257), (0.13221, -0.18738, 0.21372), (-0.28045, -0.19782, -0.08093), (0.24687, -0.19559, -0.12075), (-0.09491, -0.20631, 0.23761), (-0.10447, -0.20387, -0.28107), (0.24790, -0.21486, 0.12877), (-0.31577, -0.22612, 0.08291), (0.16633, -0.22349, -0.25490), (0.05571, -0.23502, 0.35033), (-0.25791, -0.24681, -0.20738), (0.38399, -0.24400, -0.02254), (-0.25162, -0.25606, 0.25624), (0.01683, -0.25304, -0.41596), (0.24923, -0.26538, 0.29865), (-0.35588, -0.27798, -0.04997), (0.34794, -0.27477, -0.23619), (-0.09192, -0.28765, 0.37798), (-0.21651, -0.30079, -0.39888), (0.39659, -0.29739, 0.13923), (-0.45070, -0.31080, 0.18961), (0.19176, -0.32447, -0.41084), (0.15500, -0.32088, 0.50257), (-0.41982, -0.33483, -0.24925), (0.55352, -0.33104, -0.11226), (-0.31131, -0.34526, 0.42265), (-0.04865, -0.35975, -0.47989), (0.41843, -0.35577, 0.37741), (-0.51861, -0.37052, 0.00101), (0.44691, -0.38554, -0.40629), (-0.05398, -0.38137, 0.55412), (-0.38541, -0.39667, -0.51900), (0.58534, -0.41222, 0.11633)],
                168: [(0.69263, -0.57728, 0.46778), (-0.96627, -0.59636, 0.13801), (0.56806, -0.61569, -0.68399), (0.04428, -0.60968, 1.03400), (-0.66350, -0.62929, -0.67250), (1.09447, -0.64917, 0.06165), (-0.77988, -0.64296, 0.63013), (0.17945, -0.66311, -1.14591), (0.58296, -0.68352, 0.88877), (-1.18656, -0.67713, -0.30856), (0.99763, -0.69781, -0.52122), (-0.35343, -0.69121, 0.95787), (-0.44430, -0.71217, -1.10472), (0.97356, -0.73339, 0.47335), (-1.20819, -0.72660, 0.35176), (0.60085, -0.74810, -0.97646), (0.24340, -0.76986, 1.30606), (-0.96513, -0.76288, -0.73474), (1.39625, -0.78491, -0.11922), (-0.87362, -0.80720, 0.93823), (0.02051, -0.80003, -1.47661), (0.89453, -0.82260, 1.01586), (-1.21801, -0.81523, -0.13817), (1.15963, -0.83807, -0.83296), (-0.27275, -0.86118, 1.26704), (-0.75265, -0.85362, -1.30291), (1.30321, -0.87700, 0.41903), (-1.44350, -0.90064, 0.65290), (0.57599, -0.89288, -1.32463), (0.53328, -0.91680, 1.57905), (-1.32947, -0.94097, -0.74231), (1.70707, -0.93303, -0.39363), (-0.91645, -0.95749, 1.31598), (-0.18452, -0.94934, -1.43866), (1.28257, -0.97407, 1.09656), (-1.52925, -0.99905, 0.04358), (1.28057, -0.99072, -1.22778), (-0.11368, -1.01598, 1.60808), (-1.15037, -1.04150, -1.46616), (1.67279, -1.03298, 0.28654), (-1.65079, -1.05878, 1.04932), (0.47393, -1.05005, -1.72103), (0.92389, -1.07612, 1.83172), (-1.75051, -1.10246, -0.67450), (1.58147, -1.09354, -0.60990), (-0.88657, -1.12015, 1.75902), (-0.47418, -1.14702, -1.71995), (1.74447, -1.13791, 1.10814), (-1.84917, -1.16506, 0.31731), (1.33691, -1.19246, -1.70496), (0.13960, -1.18316, 1.96634), (-1.63878, -1.21085, -1.57029), (2.06861, -1.20134, 0.05834), (-1.80539, -1.22930, 1.54448), (0.27550, -1.25752, -2.15313), (1.12038, -1.24783, 1.60780), (-2.21706, -1.27632, -0.51054), (1.79741, -1.30507, -1.00429), (-0.76171, -1.29519, 2.25764), (-0.86247, -1.32422, -1.98185), (2.27224, -1.35351, 1.02692), (-2.15797, -1.34344, 0.69458), (1.30369, -1.37301, -2.25837), (0.50067, -1.36273, 2.32249), (-2.21378, -1.39257, -1.58916), (2.47203, -1.42267, -0.28118), (-1.48286, -1.41220, 1.68500), (-0.03694, -1.44258, -2.60315), (1.60503, -1.47322, 1.72271), (-2.71242, -1.46256, -0.23079), (1.96312, -1.49348, -1.49542), (-0.52029, -1.48261, 2.79647), (-1.35507, -1.51380, -2.20071), (2.85199, -1.54525, 0.82943), (-2.43188, -1.53420, 1.18328), (1.15562, -1.56593, -2.87586), (0.97973, -1.59791, 2.65283), (-2.26039, -1.58667, -1.18010), (2.85961, -1.61893, -0.74454), (-1.46429, -1.65145, 2.23389), (-0.47828, -1.64002, -3.04817), (2.17505, -1.67282, 1.75634), (-3.21443, -1.66118, 0.18204), (2.05282, -1.69426, -2.08192), (-0.14264, -1.72759, 3.35430), (-1.95286, -1.71576, -2.34997), (3.46377, -1.74937, 0.49366), (-2.64374, -1.78324, 1.78663), (0.68536, -1.77123, -2.79294), (0.02499, -0.00004, -0.00079), (-0.01806, -0.00169, 0.01741), (0.00171, -0.00312, -0.02532), (0.01595, -0.00505, 0.02021), (-0.02615, -0.00627, -0.00440), (0.02284, -0.00847, -0.01462), (-0.00748, -0.01094, 0.02747), (-0.01324, -0.01197, -0.02607), (0.02795, -0.01471, 0.01068), (-0.02997, -0.01772, 0.01166), (0.01471, -0.01856, -0.02940), (0.00965, -0.02184, 0.03460), (-0.03096, -0.02247, -0.01954), (0.03997, -0.02603, -0.00698), (-0.02531, -0.02984, 0.03248), (-0.00340, -0.03029, -0.04604), (0.03376, -0.03438, 0.03216), (-0.05272, -0.03873, -0.00133), (0.04016, -0.03898, -0.03457), (-0.00654, -0.04361, 0.05232), (-0.03464, -0.04850, -0.04940), (0.05824, -0.04856, 0.01323), (-0.05986, -0.05372, 0.03368), (0.02145, -0.05358, -0.06419), (0.03138, -0.05902, 0.07153), (-0.06993, -0.06472, -0.03136), (0.08430, -0.06439, -0.02741), (-0.04310, -0.07037, 0.07517), (-0.02143, -0.07660, -0.09802), (0.07958, -0.07608, 0.05678), (-0.09362, -0.08259, 0.01093), (0.07244, -0.08936, -0.08280), (0.00181, -0.08866, 0.10577), (-0.08442, -0.09570, -0.09008), (0.11806, -0.09479, 0.00970), (-0.10964, -0.10211, 0.08403), (0.02382, -0.10969, -0.13014), (0.08119, -0.10859, 0.13099), (-0.14163, -0.11645, -0.04074), (0.15391, -0.12457, -0.07545), (-0.06059, -0.12327, 0.15208), (-0.05401, -0.13167, -0.14492), (0.16102, -0.14032, 0.08347), (-0.16557, -0.13884, 0.04363), (0.10936, -0.14777, -0.16792), (0.02986, -0.14608, 0.18672), (-0.17221, -0.15529, -0.13823), (0.20795, -0.16475, -0.01239), (-0.16991, -0.16288, 0.17333), (0.00905, -0.17262, -0.22875), (0.17069, -0.18262, 0.20417), (-0.24859, -0.18056, -0.03468), (0.19357, -0.19083, -0.13165), (-0.06465, -0.18856, 0.26683), (-0.12241, -0.19911, -0.22505), (0.28282, -0.20993, 0.09901), (-0.25776, -0.20747, 0.10871), (0.13776, -0.21856, -0.29582), (0.09010, -0.22991, 0.29122), (-0.30510, -0.22726, -0.18078), (0.32483, -0.23888, -0.06617), (-0.22783, -0.25076, 0.30989), (-0.03660, -0.24793, -0.35791), (0.24727, -0.26009, 0.22264), (-0.38972, -0.25704, 0.00110), (0.26678, -0.26948, -0.24295), (-0.04049, -0.28217, 0.41943), (-0.23313, -0.27894, -0.31337), (0.44615, -0.29191, 0.08826), (-0.36186, -0.30515, 0.21718), (0.14218, -0.30172, -0.46894), (0.19451, -0.31523, 0.41158), (-0.48682, -0.32900, -0.20207), (0.46175, -0.32539, -0.16459), (-0.21312, -0.33943, 0.39715), (-0.12699, -0.33561, -0.51151), (0.40284, -0.34993, 0.27065), (-0.55987, -0.36451, 0.08134), (0.33238, -0.36050, -0.40218), (0.02740, -0.37536, 0.60577), (-0.39430, -0.39047, -0.39772), (0.64807, -0.38628, 0.03494), (-0.46599, -0.40167, 0.37838), (0.10567, -0.39727, -0.68557), (0.35365, -0.41293, 0.53635), (-0.56963, -0.42886, -0.14666), (0.60782, -0.42427, -0.31943), (-0.21659, -0.44047, 0.59139), (-0.27511, -0.45694, -0.67931), (0.60633, -0.45215, 0.29299), (-0.74959, -0.46889, 0.22021), (0.37535, -0.48589, -0.61331), (0.15436, -0.48092, 0.81734), (-0.61123, -0.49820, -0.46299), (0.88111, -0.49302, -0.07738), (-0.55508, -0.51057, 0.59902), (0.00855, -0.52838, -0.74532), (0.57568, -0.52302, 0.65059), (-0.78960, -0.54111, -0.08765), (0.74836, -0.55945, -0.54029), (-0.17598, -0.55390, 0.82720), (-0.49204, -0.57252, -0.84705), (0.85669, -0.59140, 0.27318)],
                170: [(0.89147, -0.78474, 0.76083), (-1.36574, -0.80714, 0.04011), (0.89434, -0.82981, -0.85897), (-0.10036, -0.82241, 1.43739), (-0.80994, -0.84535, -1.03043), (1.49656, -0.86855, 0.25501), (-1.16726, -0.86096, 0.74339), (0.42294, -0.88444, -1.54112), (0.65854, -0.90818, 1.30279), (-1.56897, -0.90040, -0.60298), (1.43486, -0.92441, -0.55480), (-0.62499, -0.91643, 1.24273), (-0.43186, -0.94072, -1.56112), (1.23994, -0.96526, 0.78613), (-1.67914, -0.95709, 0.28964), (0.95413, -0.98191, -1.21898), (0.12839, -1.00700, 1.78636), (-1.17836, -0.99864, -1.12714), (1.88020, -1.02400, 0.05138), (-1.30307, -1.04962, 1.11673), (0.24880, -1.04106, -1.95803), (1.03295, -1.06696, 1.47959), (-1.58864, -1.05820, -0.36437), (1.65417, -1.08438, -0.92615), (-0.54734, -1.11081, 1.62695), (-0.79570, -1.10186, -1.82408), (1.64650, -1.12857, 0.74240), (-1.98645, -1.15554, 0.64128), (0.94781, -1.14640, -1.64519), (0.46290, -1.17364, 2.13825), (-1.62106, -1.20115, -1.16154), (2.27638, -1.19182, -0.26094), (-1.38127, -1.21960, 1.57232), (-0.02844, -1.21007, -1.88851), (1.49741, -1.23812, 1.60438), (-1.97843, -1.26644, -0.16660), (1.82800, -1.25672, -1.39501), (-0.37963, -1.28531, 2.05039), (-1.26412, -1.31416, -2.04900), (2.10166, -1.30425, 0.60923), (-2.26405, -1.33338, 1.10406), (0.85359, -1.32326, -2.12961), (0.91452, -1.35267, 2.46964), (-2.13174, -1.38233, -1.11057), (2.09726, -1.37202, -0.54800), (-1.37764, -1.40196, 2.10570), (-0.35460, -1.43216, -2.24712), (2.04941, -1.42167, 1.65194), (-2.38151, -1.45214, 0.13695), (1.93026, -1.48288, -1.96104), (-0.10400, -1.47219, 2.49711), (-1.83905, -1.50321, -2.20911), (2.59062, -1.49231, 0.36691), (-2.48470, -1.52360, 1.68232), (0.64998, -1.55515, -2.65878), (1.17425, -1.54407, 2.16952), (-2.69845, -1.57589, -0.95100), (2.38411, -1.60798, -0.99965), (-1.26732, -1.59671, 2.70668), (-0.79468, -1.62907, -2.58765), (2.68072, -1.66168, 1.59588), (-2.77631, -1.65023, 0.55959), (1.93321, -1.68312, -2.61809), (0.29508, -1.67146, 2.94615), (-2.51666, -1.70463, -2.27546), (3.09321, -1.73806, -0.00234), (-2.06416, -1.72620, 1.87201), (0.31695, -1.75991, -3.21358), (1.73594, -1.79388, 2.34350), (-3.30339, -1.78183, -0.66063), (-0.00187, -0.00083, -0.02495), (0.01828, -0.00221, 0.01738), (-0.02553, -0.00398, -0.00062), (0.01984, -0.00601, -0.01710), (-0.00330, -0.00720, 0.02656), (-0.01608, -0.00951, -0.02289), (0.02803, -0.01207, 0.00634), (-0.02563, -0.01307, 0.01445), (0.00996, -0.01591, -0.02990), (0.01299, -0.01901, 0.02953), (-0.03208, -0.01983, -0.01435), (0.03412, -0.02320, -0.01113), (-0.01970, -0.02381, 0.03443), (-0.00865, -0.02746, -0.03941), (0.03676, -0.03137, 0.02618), (-0.04538, -0.03179, 0.00534), (0.03393, -0.03598, -0.03886), (0.00094, -0.04043, 0.05195), (-0.03549, -0.04066, -0.03780), (0.05901, -0.04538, 0.00479), (-0.04662, -0.05036, 0.03579), (0.01209, -0.05040, -0.06639), (0.03517, -0.05566, 0.05663), (-0.07384, -0.05550, -0.02117), (0.06782, -0.06103, -0.03332), (-0.03223, -0.06683, 0.08110), (-0.02993, -0.06647, -0.08011), (0.07365, -0.07254, 0.03810), (-0.09336, -0.07887, 0.02469), (0.05088, -0.07833, -0.07826), (0.01727, -0.08494, 0.10740), (-0.08183, -0.08419, -0.06556), (0.12196, -0.09107, -0.00737), (-0.08218, -0.09821, 0.08399), (0.00529, -0.09727, -0.13672), (0.08432, -0.10469, 0.10069), (-0.15131, -0.11237, -0.02098), (0.12098, -0.11124, -0.08243), (-0.03256, -0.11920, 0.13489), (-0.07788, -0.12741, -0.14288), (0.14548, -0.12609, 0.05079), (-0.16614, -0.13458, 0.07024), (0.07192, -0.13306, -0.15478), (0.05910, -0.14183, 0.19045), (-0.16231, -0.15085, -0.09598), (0.21539, -0.14914, -0.04407), (-0.12296, -0.15844, 0.16755), (-0.02480, -0.16800, -0.24048), (0.16992, -0.16610, 0.15273), (-0.21351, -0.17594, 0.00079), (0.18512, -0.18604, -0.16888), (-0.02230, -0.18394, 0.23317), (-0.16384, -0.19432, -0.21983), (0.25155, -0.19202, 0.04954), (-0.25651, -0.20267, 0.15425), (0.08101, -0.21358, -0.26804), (0.13957, -0.21109, 0.29466), (-0.28197, -0.22228, -0.11675), (0.33374, -0.23373, -0.11929), (-0.15669, -0.23105, 0.29261), (-0.07431, -0.24277, -0.29821), (0.29923, -0.25475, 0.20066), (-0.33042, -0.25189, 0.04830), (0.24839, -0.26414, -0.30109), (0.01668, -0.26107, 0.36175), (-0.29741, -0.27361, -0.29948), (0.39145, -0.28640, 0.02076), (-0.35342, -0.28314, 0.28748), (0.06416, -0.29621, -0.41869), (0.27059, -0.30954, 0.40960), (-0.44256, -0.30609, -0.11354), (0.37193, -0.31969, -0.19588), (-0.16880, -0.31603, 0.46215), (-0.17054, -0.32992, -0.42004), (0.47648, -0.34406, 0.22973), (-0.46819, -0.34021, 0.13798), (0.29598, -0.35463, -0.48457), (0.09782, -0.36931, 0.51549), (-0.48546, -0.36527, -0.36706), (0.56095, -0.38022, -0.04975), (-0.44232, -0.39544, 0.47817), (0.00640, -0.39121, -0.60351), (0.36667, -0.40670, 0.41366), (-0.64202, -0.40227, -0.07070), (0.48018, -0.41804, -0.34731), (-0.14305, -0.43406, 0.67530), (-0.31914, -0.42944, -0.54831), (0.70210, -0.44574, 0.22321), (-0.61703, -0.46230, 0.28153), (0.31077, -0.45749, -0.72116), (0.23394, -0.47433, 0.68525), (-0.73125, -0.49143, -0.40515), (0.75172, -0.48643, -0.17594), (-0.40083, -0.50380, 0.57963), (-0.10727, -0.49860, -0.81510), (0.57312, -0.51625, 0.48675), (-0.87398, -0.53416, 0.02778), (0.57655, -0.52876, -0.55643), (-0.06246, -0.54695, 0.92684), (-0.52861, -0.56539, -0.66918), (0.97214, -0.55981, 0.16323), (-0.76344, -0.57853, 0.48880), (0.27410, -0.57274, -1.00830), (0.43628, -0.59174, 0.85796), (-0.81880, -0.61099, -0.31241), (0.95125, -0.60501, -0.37045), (-0.41648, -0.62455, 0.83313), (-0.29087, -0.64434, -1.04168), (0.83637, -0.63817, 0.52744), (-1.12750, -0.65824, 0.19729), (0.64426, -0.67857, -0.82721), (0.08966, -0.67221, 1.20686), (-0.80442, -0.69281, -0.76574), (1.27785, -0.68625, 0.03184), (-0.89046, -0.70713, 0.76686), (0.13205, -0.72827, -1.05967), (0.71354, -0.72152, 1.01682), (-1.10324, -0.74294, -0.25024), (1.14304, -0.76461, -0.64360), (-0.37898, -0.75767, 1.13557), (-0.55641, -0.77962, -1.26717), (1.15494, -0.80183, 0.51741)],
                172: [(1.06975, -1.02345, 1.14417), (-1.81720, -1.04918, -0.15142), (1.31129, -1.07517, -1.00250), (-0.34704, -1.06639, 1.88353), (-0.91370, -1.09266, -1.47811), (1.93097, -1.11919, 0.55792), (-1.64213, -1.11021, 0.80256), (0.78246, -1.13702, -1.95708), (0.66858, -1.16408, 1.80065), (-1.95956, -1.15492, -1.01870), (1.95083, -1.18226, -0.51156), (-0.99477, -1.17289, 1.52338), (-0.33163, -1.20051, -2.08973), (1.49088, -1.22839, 1.19959), (-2.21432, -1.21883, 0.12928), (1.40929, -1.24698, -1.43426), (-0.09466, -1.27539, 2.32152), (-1.35209, -1.26564, -1.62128), (2.40829, -1.29433, 0.33894), (-1.83267, -1.32328, 1.24318), (0.60194, -1.31334, -2.47160), (1.10666, -1.34257, 2.04039), (-1.97409, -1.33242, -0.69378), (2.24113, -1.36193, -0.94200), (-0.92989, -1.39169, 1.99054), (-0.74904, -1.38135, -2.43147), (1.98148, -1.41139, 1.17727), (-2.60781, -1.44169, 0.52800), (1.43337, -1.43116, -1.94473), (0.27953, -1.46174, 2.76652), (-1.87833, -1.49257, -1.69533), (2.90391, -1.48186, -0.00473), (-1.95995, -1.51297, 1.78062), (0.23209, -1.50205, -2.37435), (1.65024, -1.53343, 2.22376), (-2.45300, -1.56508, -0.48834), (2.48300, -1.55397, -1.48621), (-0.76319, -1.58589, 2.50639), (-1.28795, -1.61807, -2.73373), (2.53153, -1.60677, 1.05437), (-2.97180, -1.63923, 1.05531), (1.35921, -1.62773, -2.52562), (0.78864, -1.66046, 3.19294), (-2.48608, -1.69345, -1.67461), (2.67160, -1.68176, -0.38488), (-1.99710, -1.71503, 2.41063), (-0.12434, -1.74856, -2.82332), (2.29732, -1.73668, 2.32283), (-2.95202, -1.77048, -0.16269), (2.64764, -1.80454, -2.14458), (0.02038, -0.00007, 0.01448), (-0.02493, -0.00166, 0.00295), (0.01666, -0.00301, -0.01911), (0.00049, -0.00488, 0.02589), (-0.01810, -0.00701, -0.01925), (0.02689, -0.00817, 0.00216), (-0.02240, -0.01057, 0.01723), (0.00516, -0.01323, -0.02848), (0.01632, -0.01421, 0.02623), (-0.03044, -0.01715, -0.00870), (0.03084, -0.02034, -0.01519), (-0.01296, -0.02113, 0.03270), (-0.01360, -0.02460, -0.03630), (0.03512, -0.02518, 0.01813), (-0.04263, -0.02893, 0.01131), (0.02436, -0.03294, -0.03755), (0.00719, -0.03333, 0.04443), (-0.03977, -0.03762, -0.03181), (0.05085, -0.04216, -0.00312), (-0.04058, -0.04236, 0.04154), (0.00218, -0.04718, -0.05776), (0.04258, -0.04718, 0.05075), (-0.06500, -0.05228, -0.00895), (0.06235, -0.05763, -0.04256), (-0.01740, -0.05744, 0.07239), (-0.04116, -0.06307, -0.07536), (0.07965, -0.06897, 0.02773), (-0.07550, -0.06858, 0.03200), (0.04010, -0.07475, -0.08650), (0.02746, -0.08118, 0.08821), (-0.09257, -0.08061, -0.05463), (0.10174, -0.08731, -0.02091), (-0.07141, -0.08653, 0.09749), (-0.01205, -0.09351, -0.11587), (0.10081, -0.10075, 0.09046), (-0.13030, -0.09979, 0.00060), (0.11172, -0.10730, -0.10210), (-0.01371, -0.11508, 0.14469), (-0.08263, -0.11392, -0.11066), (0.15864, -0.12198, 0.03110), (-0.13142, -0.13029, 0.07919), (0.05173, -0.12894, -0.17169), (0.07292, -0.13753, 0.15361), (-0.18331, -0.13598, -0.07572), (0.17693, -0.14484, -0.06342), (-0.10311, -0.15396, 0.19296), (-0.05028, -0.15222, -0.20104), (0.16130, -0.16162, 0.10796), (-0.22549, -0.17128, 0.03316), (0.13570, -0.16935, -0.16479), (0.01174, -0.17929, 0.24977), (-0.16521, -0.17715, -0.16606), (0.27331, -0.18736, 0.01426), (-0.19881, -0.19784, 0.16201), (0.04501, -0.19551, -0.29546), (0.15463, -0.20626, 0.23362), (-0.31550, -0.21726, -0.08065), (0.27009, -0.21475, -0.14254), (-0.09691, -0.22603, 0.26604), (-0.12524, -0.23758, -0.30770), (0.27780, -0.23487, 0.13364), (-0.34585, -0.24669, 0.10226), (0.17436, -0.24378, -0.28602), (0.07319, -0.25588, 0.38385), (-0.28997, -0.26823, -0.21885), (0.42092, -0.26513, -0.03770), (-0.26680, -0.27776, 0.28893), (0.00444, -0.29065, -0.45619), (0.28216, -0.28737, 0.31776), (-0.38896, -0.30053, -0.04249), (0.37119, -0.31396, -0.26897), (-0.08723, -0.31048, 0.41356), (-0.24869, -0.32418, -0.42641), (0.43448, -0.32050, 0.13771), (-0.48265, -0.33448, 0.22072), (0.19380, -0.34872, -0.45080), (0.18453, -0.34484, 0.53899), (-0.46158, -0.35936, -0.25521), (0.59444, -0.37413, -0.13968), (-0.32156, -0.37007, 0.46587), (-0.06812, -0.38512, -0.51416), (0.46271, -0.40043, 0.39229), (-0.55648, -0.39618, 0.01818), (0.46670, -0.41177, -0.45120), (-0.03961, -0.40731, 0.59550), (-0.43048, -0.42317, -0.54398), (0.63009, -0.43929, 0.10524), (-0.62313, -0.43465, 0.39974), (0.17855, -0.45104, -0.65907), (0.35827, -0.46770, 0.70303), (-0.68123, -0.46287, -0.25924), (0.61988, -0.47980, -0.24203), (-0.34684, -0.47476, 0.69535), (-0.19176, -0.49197, -0.68445), (0.70021, -0.50944, 0.44072), (-0.74679, -0.50421, 0.13135), (0.54004, -0.52195, -0.69464), (0.06056, -0.53996, 0.80556), (-0.67751, -0.53454, -0.64381), (0.85934, -0.55282, 0.02066), (-0.75085, -0.57136, 0.64777), (0.11218, -0.56575, -0.90666), (0.47840, -0.58457, 0.68047), (-0.94600, -0.57875, -0.21370), (0.77068, -0.59785, -0.43483), (-0.32472, -0.61720, 0.97581), (-0.37876, -0.61119, -0.86056), (0.99456, -0.63082, 0.44451), (-0.94861, -0.65071, 0.30968), (0.57216, -0.64452, -1.00073), (0.22723, -0.66468, 1.03319), (-0.99287, -0.68511, -0.70650), (1.11257, -0.67872, -0.13124), (-0.66928, -0.69943, 0.76692), (-0.02174, -0.69284, -1.18494), (0.73893, -0.71381, 0.78653), (-1.24841, -0.73505, -0.10099), (0.90629, -0.72827, -0.69635), (-0.23647, -0.74978, 1.30107), (-0.63824, -0.77156, -1.02695), (1.34098, -0.76459, 0.38395), (-1.14673, -0.78664, 0.56387), (0.54242, -0.77946, -1.36625), (0.47267, -0.80179, 1.26367), (-1.08725, -0.82437, -0.56189), (1.37570, -0.81701, -0.36430), (-0.70480, -0.83987, 1.08504), (-0.23863, -0.86299, -1.48062), (1.06669, -0.85544, 0.85405), (-1.57613, -0.87883, 0.09583), (1.00798, -0.90249, -1.03081), (-0.06367, -0.89475, 1.65991), (-0.97613, -0.91868, -1.16475), (1.72957, -0.91073, 0.23917), (-1.32227, -0.93494, 0.90162), (0.33967, -0.95941, -1.40951), (0.80641, -0.95127, 1.47828), (-1.44378, -0.97602, -0.50350), (1.63032, -1.00102, -0.68990), (-0.67835, -0.99269, 1.46126), (-0.55174, -1.01797, -1.77578), (1.46002, -1.04351, 0.86269)],
                174: [(1.20454, -1.29341, 1.62020), (-2.30282, -1.32247, -0.45635), (1.81880, -1.35179, -1.09080), (-0.71394, -1.34162, 2.35203), (-0.95044, -1.37122, -2.01281), (2.37486, -1.40107, 0.98669), (-2.19900, -1.39071, 0.78304), (1.27211, -1.42085, -2.36872), (0.58856, -1.45124, 2.37400), (-2.33121, -1.44069, -1.56733), (2.53431, -1.47136, -0.36736), (-1.46967, -1.46061, 1.77714), (-0.12021, -1.49155, -2.67640), (1.70239, -1.52276, 1.71830), (-2.79671, -1.51181, -0.15169), (1.96837, -1.54329, -1.59721), (-0.44667, -1.57504, 2.89171), (-1.46042, -1.56390, -2.21644), (2.95797, -1.59592, 0.76262), (-2.45883, -1.62820, 1.29118), (1.09696, -1.61687, -2.99221), (1.08907, -1.64943, 2.69166), (-2.35281, -1.63790, -1.13787), (2.91087, -1.67073, -0.85409), (-1.42975, -1.70382, 2.33445), (-0.58674, -1.69210, -3.11229), (2.28320, -1.72546, 1.73065), (-3.29172, -1.75909, 0.28799), (2.03710, -1.74718, -2.19694), (-0.04066, -1.78108, 3.44491), (-2.07391, -1.81524, -2.34531), (0.01361, -0.00083, -0.02101), (0.00405, -0.00252, 0.02488), (-0.01993, -0.00385, -0.01591), (0.02607, -0.00581, -0.00162), (-0.01860, -0.00803, 0.01908), (0.00103, -0.00917, -0.02778), (0.01833, -0.01167, 0.02181), (-0.03001, -0.01443, -0.00411), (0.02565, -0.01537, -0.01754), (-0.00783, -0.01841, 0.03270), (-0.01655, -0.01915, -0.03023), (0.03578, -0.02246, 0.01242), (-0.03562, -0.02603, 0.01513), (0.01646, -0.02659, -0.03559), (0.01306, -0.03043, 0.04183), (-0.03807, -0.03454, -0.02242), (0.04885, -0.03490, -0.01008), (-0.02953, -0.03928, 0.04039), (-0.00594, -0.04393, -0.05661), (0.04231, -0.04410, 0.03790), (-0.06500, -0.04902, 0.00035), (0.04761, -0.04899, -0.04359), (-0.00693, -0.05418, 0.07383), (-0.04391, -0.05964, -0.05870), (0.07041, -0.05941, 0.01374), (-0.07117, -0.06514, 0.04297), (0.02331, -0.07113, -0.07761), (0.04042, -0.07072, 0.08495), (-0.08449, -0.07699, -0.03481), (0.09991, -0.08351, -0.03591), (-0.04839, -0.08292, 0.09074), (-0.02909, -0.08972, -0.11587), (0.09598, -0.08891, 0.06412), (-0.13257, -0.09599, 0.01962), (0.08205, -0.10333, -0.09981), (0.00589, -0.10233, 0.12311), (-0.10181, -0.10995, -0.10216), (0.13718, -0.11782, 0.00704), (-0.12436, -0.11664, 0.10152), (0.02287, -0.12479, -0.15098), (0.09846, -0.12340, 0.14848), (-0.16408, -0.13182, -0.04179), (0.17430, -0.14051, -0.09219), (-0.06393, -0.13893, 0.17599), (-0.08222, -0.14789, -0.20149), (0.18620, -0.15711, 0.08938), (-0.18589, -0.15534, 0.05514), (0.11812, -0.16484, -0.19414), (0.04014, -0.17459, 0.20952), (-0.19921, -0.17264, -0.15008), (0.23320, -0.18267, -0.02109), (-0.18509, -0.18051, 0.20079), (0.00227, -0.19082, -0.25641), (0.19826, -0.20138, 0.22289), (-0.27855, -0.19903, -0.03018), (0.26311, -0.20988, -0.19100), (-0.06278, -0.22098, 0.29896), (-0.14322, -0.21844, -0.24507), (0.31692, -0.22982, 0.10015), (-0.28097, -0.24146, 0.12879), (0.14224, -0.23873, -0.33167), (0.10907, -0.25064, 0.31768), (-0.34241, -0.24771, -0.18893), (0.35457, -0.25990, -0.08364), (-0.23998, -0.27235, 0.34833), (-0.05214, -0.26923, -0.39092), (0.27742, -0.28195, 0.23478), (-0.42594, -0.29494, 0.01428), (0.28249, -0.29163, -0.27359), (-0.03011, -0.30489, 0.45874), (-0.26389, -0.30137, -0.33287), (0.48840, -0.31491, 0.08113), (-0.38532, -0.32871, 0.24766), (0.13874, -0.32500, -0.51390), (0.22428, -0.33907, 0.43915), (-0.53423, -0.35341, -0.20277), (0.49354, -0.34951, -0.19319), (-0.21648, -0.36412, 0.43494), (-0.15393, -0.37899, -0.54756), (0.44225, -0.37490, 0.27782), (-0.60019, -0.39005, 0.10610), (0.34368, -0.38575, -0.44287), (0.04946, -0.40118, 0.65032), (-0.43589, -0.41686, -0.41349), (0.69673, -0.41238, 0.01614), (-0.48649, -0.42834, 0.42044), (0.09068, -0.44456, -0.73816), (0.39572, -0.43988, 0.56183), (-0.61222, -0.45638, -0.13774), (0.63849, -0.47313, -0.36098), (-0.21133, -0.46827, 0.63692), (-0.31558, -0.48530, -0.71532), (0.65453, -0.48023, 0.29185), (-0.79103, -0.49754, 0.25900), (0.37879, -0.51510, -0.66386), (0.19087, -0.50985, 0.86425), (-0.66376, -0.52769, -0.47144), (0.93348, -0.54579, -0.11094), (-0.56893, -0.54034, 0.65308), (-0.01516, -0.55872, -0.78850), (0.63078, -0.57736, 0.67023), (-0.83711, -0.57172, -0.06699), (0.77412, -0.59064, -0.59587), (-0.15895, -0.58480, 0.87888), (-0.54748, -0.60399, -0.87921), (0.91233, -0.62344, 0.26036), (-0.98395, -0.61741, 0.48490), (0.37065, -0.63713, -0.93597), (0.40755, -0.65712, 1.08667), (-0.94831, -0.65090, -0.48904), (0.93685, -0.67116, -0.24896), (-0.61454, -0.66473, 0.94790), (-0.16455, -0.68527, -1.01534), (0.93336, -0.70607, 0.74596), (-1.08814, -0.69945, 0.06711), (0.88187, -0.72053, -0.90341), (-0.04324, -0.74186, 1.15345), (-0.85690, -0.73505, -1.02066), (1.20943, -0.75666, 0.16617), (-1.16052, -0.77853, 0.79281), (0.30110, -0.77154, -1.25423), (0.56112, -0.79368, 1.02648), (-1.28598, -0.78648, -0.44721), (1.13937, -0.80890, -0.48331), (-0.60342, -0.83159, 1.30284), (-0.38919, -0.82420, -1.24876), (1.30306, -0.84715, 0.76841), (-1.35261, -0.87037, 0.27849), (0.94059, -0.86279, -1.28496), (0.15119, -0.88629, 1.44875), (-1.24701, -0.91004, -1.11810), (1.53495, -0.90227, -0.00754), (-1.02590, -0.92630, 0.93821), (0.15193, -0.91832, -1.60891), (0.87815, -0.94263, 1.17525), (-1.66833, -0.96719, -0.32643), (1.32451, -0.95903, -0.79871), (-0.51484, -0.98387, 1.71093), (-0.69916, -1.00897, -1.47144), (1.73449, -1.00062, 0.71573), (-1.61360, -1.02600, 0.57898), (0.92738, -1.01744, -1.73686), (0.43795, -1.04309, 1.74842), (-1.35544, -1.06900, -0.90656), (1.87323, -1.06025, -0.27615), (-1.09110, -1.08644, 1.32587), (-0.09397, -1.11289, -1.98526), (1.27449, -1.10395, 1.28020), (-2.08172, -1.13068, -0.10787), (1.47152, -1.15766, -1.19995), (-0.32828, -1.14854, 2.15981), (-1.10116, -1.17580, -1.66245), (2.21676, -1.16646, 0.56582), (-1.85019, -1.19400, 0.97728), (0.64672, -1.22180, -1.77733), (0.82777, -1.21227, 2.03174), (-1.79161, -1.24035, -0.86114), (2.20396, -1.26868, -0.65246), (-1.08592, -1.25897, 1.78270), (-0.45150, -1.28758, -2.36359), (1.74855, -1.31644, 1.31876)],
                176: [(1.27180, -1.59461, 2.18664), (-2.80022, -1.62700, -0.89124), (2.41189, -1.65965, -1.09952), (-1.21553, -1.64810, 2.81821), (-0.89579, -1.68102, -2.62673), (2.80147, -1.71421, 1.55335), (-2.82721, -1.70247, 0.66075), (1.90122, -1.73593, -2.74739), (0.39502, -1.76965, 3.00927), (-2.65367, -1.75771, -2.25524), (3.16884, -1.79171, -0.09970), (0.00747, -0.00010, 0.02386), (-0.02164, -0.00163, -0.01272), (0.02481, -0.00341, -0.00514), (-0.01524, -0.00471, 0.02088), (-0.00277, -0.00677, -0.02619), (0.02040, -0.00909, 0.01824), (-0.02804, -0.01020, 0.00018), (0.02189, -0.01280, -0.02007), (-0.00283, -0.01565, 0.03037), (-0.01973, -0.01657, -0.02632), (0.03314, -0.01970, 0.00644), (-0.02945, -0.02042, 0.01782), (0.01086, -0.02383, -0.03628), (0.01656, -0.02749, 0.03472), (-0.03966, -0.02802, -0.01630), (0.04077, -0.03196, -0.01469), (-0.02294, -0.03617, 0.04310), (-0.01200, -0.03650, -0.04761), (0.04640, -0.04098, 0.03094), (-0.05518, -0.04572, 0.00821), (0.04043, -0.04587, -0.04927), (0.00309, -0.05088, 0.06338), (-0.04418, -0.05083, -0.04426), (0.07205, -0.05612, 0.00363), (-0.05479, -0.06167, 0.04481), (0.01219, -0.06142, -0.08098), (0.04429, -0.06725, 0.06666), (-0.08991, -0.07333, -0.02282), (0.07982, -0.07290, -0.04230), (-0.03569, -0.07926, 0.09853), (-0.03852, -0.07862, -0.09417), (0.10645, -0.08526, 0.05098), (-0.10955, -0.09215, 0.03260), (0.05684, -0.09132, -0.09360), (0.02420, -0.09850, 0.12574), (-0.09786, -0.10593, -0.07359), (0.14245, -0.10491, -0.01301), (-0.09246, -0.11262, 0.10048), (0.00127, -0.12059, -0.15932), (0.10105, -0.11938, 0.11340), (-0.17593, -0.12763, -0.01891), (0.13628, -0.12621, -0.09912), (-0.04010, -0.13473, 0.19180), (-0.09422, -0.14351, -0.16090), (0.16738, -0.14191, 0.05273), (-0.18697, -0.15097, 0.08590), (0.07615, -0.16028, -0.17800), (0.07373, -0.15849, 0.21415), (-0.18665, -0.16808, -0.10277), (0.24198, -0.17794, -0.05731), (-0.13256, -0.17595, 0.19276), (-0.03624, -0.18608, -0.26995), (0.19576, -0.18389, 0.16538), (-0.29745, -0.19430, 0.01023), (0.20102, -0.20496, -0.19503), (-0.01685, -0.20258, 0.26010), (-0.18996, -0.21353, -0.23918), (0.28062, -0.22473, 0.04637), (-0.27946, -0.22216, 0.17996), (0.08047, -0.23364, -0.29911), (0.16446, -0.23086, 0.32133), (-0.31483, -0.24262, -0.11918), (0.36420, -0.25463, -0.14293), (-0.16242, -0.25166, 0.32704), (-0.11489, -0.26395, -0.40735), (0.33495, -0.27650, 0.21000), (-0.35949, -0.27335, 0.06387), (0.26164, -0.28618, -0.33775), (0.03030, -0.29926, 0.39391), (-0.33466, -0.29592, -0.31691), (0.42662, -0.30928, 0.00951), (-0.37527, -0.30573, 0.32490), (0.05571, -0.31937, -0.45675), (0.30771, -0.33326, 0.43607), (-0.48335, -0.32953, -0.10830), (0.49851, -0.34370, -0.28241), (-0.16722, -0.35813, 0.50544), (-0.19780, -0.35420, -0.44730), (0.52199, -0.36891, 0.23221), (-0.49945, -0.38388, 0.16402), (0.30293, -0.37977, -0.53198), (0.12214, -0.39501, 0.55080), (-0.53437, -0.39069, -0.37884), (0.60030, -0.40621, -0.07187), (-0.45929, -0.42199, 0.52815), (-0.01300, -0.41748, -0.64684), (0.40537, -0.43353, 0.42997), (-0.68921, -0.44985, -0.05455), (0.50103, -0.44515, -0.38635), (-0.13067, -0.46174, 0.72616), (-0.35807, -0.45683, -0.57391), (0.75639, -0.47370, 0.21514), (-0.64758, -0.49083, 0.31983), (0.30754, -0.48574, -0.77858), (0.27108, -0.50314, 0.72088), (-0.79141, -0.52080, -0.40726), (0.79251, -0.51552, -0.21134), (-0.40575, -0.53346, 0.62704), (-0.14032, -0.55166, -0.86109), (0.62232, -0.54618, 0.49648), (-0.92512, -0.56466, 0.05787), (0.59147, -0.55898, -0.60697), (-0.03599, -0.57773, 0.98303), (-0.58001, -0.59674, -0.68964), (1.03320, -0.59087, 0.14103), (-0.78975, -0.61016, 0.54053), (0.25683, -0.62971, -1.07396), (0.48773, -0.62365, 0.89039), (-0.87137, -0.64347, -0.30217), (0.99001, -0.66355, -0.42098), (-0.41086, -0.65731, 0.88912), (-0.33979, -0.67767, -1.08691), (0.89543, -0.67121, 0.52698), (-1.17927, -0.69185, 0.24387), (0.64950, -0.71274, -0.88892), (0.13315, -0.70610, 1.26518), (-0.86829, -0.72727, -0.77716), (1.34265, -0.74870, -0.00777), (-0.90853, -0.74187, 0.83233), (0.10407, -0.76357, -1.11245), (0.77998, -0.78554, 1.04196), (-1.16112, -0.77852, -0.22614), (1.17561, -0.80076, -0.71032), (-0.35945, -0.79353, 1.19834), (-0.62264, -0.81605, -1.30747), (1.22232, -0.83883, 0.50314), (-1.43537, -0.83141, 0.51644), (0.65605, -0.85447, -1.23129), (0.39145, -0.87778, 1.55702), (-1.22358, -0.87018, -0.81682), (1.31770, -0.89377, -0.19543), (-0.98380, -0.88595, 1.19762), (-0.06773, -0.90982, -1.40506), (1.15198, -0.93395, 1.15512), (-1.48204, -0.92595, -0.07550), (1.32867, -0.95035, -1.08540), (-0.23367, -0.97501, 1.54642), (-0.99684, -0.96682, -1.50211), (1.59598, -0.99176, 0.40588), (-1.67291, -1.01696, 0.88550), (0.59096, -1.00858, -1.62852), (0.59245, -1.03405, 1.45053), (-1.64191, -1.02546, -0.78742), (1.58255, -1.05121, -0.47000), (-0.99346, -1.07722, 1.63413), (-0.32754, -1.06845, -1.70660), (1.60330, -1.09473, 1.20702), (-1.82006, -1.12128, 0.16526), (1.42571, -1.11232, -1.54775), (-0.01635, -1.13914, 1.92024), (-1.46599, -1.16622, -1.64690), (2.00442, -1.15706, 0.21648), (-1.47383, -1.18442, 1.07071), (0.43395, -1.17506, -2.06991), (0.96711, -1.20270, 1.65359), (-2.11405, -1.23059, -0.66723), (1.82928, -1.22104, -0.83926), (-0.91444, -1.24921, 2.13429), (-0.68674, -1.27764, -1.99795), (2.12821, -1.26790, 1.17334), (-2.15652, -1.29660, 0.50949), (1.44132, -1.28666, -2.09359), (0.30780, -1.31564, 2.30180), (-1.60102, -1.34488, -1.35399), (2.43052, -1.33475, -0.08234), (-1.58064, -1.36427, 1.53187), (0.16581, -1.39404, -2.53941), (1.43488, -1.38372, 1.80867), (-2.62522, -1.41377, -0.43517), (2.03494, -1.44409, -1.30891), (-0.72382, -1.43357, 2.68479), (-1.15317, -1.46416, -2.25606), (2.71506, -1.45344, 1.02943), (-2.46846, -1.48431, 0.96725), (1.06522, -1.51543, -2.14206), (0.75112, -1.50453, 2.66841), (-2.12382, -1.53593, -1.33314), (2.85208, -1.56759, -0.50521), (-1.60938, -1.55649, 2.07531), (-0.23038, -1.58843, -3.01555), (1.99456, -1.62062, 1.89074)],
                178: [(0.03059, -0.01483, 0.00152), (-0.02559, -0.01780, 0.02096), (0.00500, -0.02103, -0.03341), (0.02053, -0.02172, 0.03085), (-0.03657, -0.02522, -0.00925), (0.03704, -0.02899, -0.01967), (-0.01444, -0.02949, 0.03997), (-0.01813, -0.03353, -0.04420), (0.04346, -0.03783, 0.02077), (-0.05231, -0.03814, 0.01562), (0.02838, -0.04271, -0.04683), (0.01033, -0.04282, 0.05340), (-0.04985, -0.04767, -0.03742), (0.06134, -0.05278, -0.00566), (-0.04799, -0.05270, 0.05224), (0.00050, -0.05808, -0.06978), (0.05369, -0.06373, 0.06014), (-0.07854, -0.06346, -0.00837), (0.07388, -0.06938, -0.05383), (-0.01819, -0.07556, 0.08737), (-0.05232, -0.07510, -0.08916), (0.09598, -0.08156, 0.03014), (-0.08798, -0.08089, 0.04052), (0.04440, -0.08763, -0.10404), (0.03546, -0.09462, 0.10270), (-0.11115, -0.09376, -0.06108), (0.11827, -0.10104, -0.02812), (-0.08024, -0.10857, 0.11690), (-0.01817, -0.10752, -0.13445), (0.12082, -0.11533, 0.10189), (-0.15091, -0.12339, 0.00532), (0.12596, -0.12216, -0.12242), (-0.01069, -0.13050, 0.16729), (-0.09851, -0.12906, -0.12382), (0.18312, -0.13768, 0.03009), (-0.14710, -0.14655, 0.09491), (0.05306, -0.14492, -0.19790), (0.08818, -0.15408, 0.17191), (-0.21109, -0.16349, -0.07970), (0.19794, -0.16167, -0.07788), (-0.11004, -0.17136, 0.22207), (-0.06362, -0.16933, -0.22480), (0.23020, -0.17930, 0.14405), (-0.25201, -0.18953, 0.04500), (0.14597, -0.18731, -0.18878), (0.02171, -0.19781, 0.27902), (-0.18968, -0.20857, -0.17930), (0.30521, -0.20617, 0.00654), (-0.21521, -0.21721, 0.18665), (0.03994, -0.22851, -0.32987), (0.17911, -0.22591, 0.25336), (-0.35227, -0.23748, -0.07861), (0.29329, -0.23468, -0.16649), (-0.12257, -0.24653, 0.37158), (-0.14826, -0.25864, -0.33447), (0.30916, -0.25565, 0.13721), (-0.37626, -0.26804, 0.12392), (0.18115, -0.28069, -0.31877), (0.09306, -0.27751, 0.41791), (-0.32385, -0.29043, -0.22916), (0.45859, -0.30361, -0.05531), (-0.28091, -0.30024, 0.32359), (-0.01043, -0.31370, -0.49739), (0.31725, -0.31012, 0.33592), (-0.53331, -0.32386, -0.04174), (0.39361, -0.33785, -0.30407), (-0.08058, -0.33409, 0.45004), (-0.28336, -0.34836, -0.45329), (0.47348, -0.36289, 0.13423), (-0.51412, -0.35893, 0.25448), (0.19388, -0.37374, -0.49210), (0.21685, -0.36958, 0.57515), (-0.50490, -0.38466, -0.25926), (0.63533, -0.40000, -0.17002), (-0.32995, -0.39565, 0.51088), (-0.11363, -0.41127, -0.69348), (0.50903, -0.42715, 0.40537), (-0.59447, -0.42261, 0.03771), (0.48482, -0.43876, -0.49840), (-0.02277, -0.45517, 0.63722), (-0.47806, -0.45045, -0.56741), (0.67542, -0.46714, 0.09160), (-0.65213, -0.46220, 0.44717), (0.16862, -0.47917, -0.70782), (0.40499, -0.49639, 0.73781), (-0.73316, -0.49127, -0.25353), (0.82313, -0.50877, -0.35086), (-0.34585, -0.52653, 0.75015), (-0.22555, -0.52122, -0.71927), (0.75751, -0.53926, 0.44492), (-0.78650, -0.55755, 0.16336), (0.54990, -0.55205, -0.75399), (0.09022, -0.57063, 0.85017), (-0.73841, -0.56492, -0.65976), (0.90881, -0.58377, -0.00605), (-0.77328, -0.60288, 0.70966), (0.08905, -0.59698, -0.96088), (0.52593, -0.61636, 0.70131), (-1.00477, -0.63601, -0.19478), (0.79709, -0.62992, -0.48256), (-0.31063, -0.64984, 1.03888), (-0.42612, -0.64355, -0.89278), (1.06159, -0.66375, 0.43590), (-0.98684, -0.68420, 0.35603), (0.56961, -0.67772, -1.07131), (0.27191, -0.69846, 1.07756), (-1.06650, -0.71945, -0.71062), (1.16315, -0.71278, -0.17354), (-0.67608, -0.73404, 0.82448), (-0.06094, -0.75557, -1.24171), (0.79845, -0.74871, 0.79924), (-1.31129, -0.77052, -0.06565), (0.92535, -0.76345, -0.75727), (-0.20577, -0.78553, 1.36987), (-0.69996, -0.80787, -1.05276), (1.41546, -0.80062, 0.35866), (-1.17962, -0.82323, 0.62571), (0.52332, -0.84611, -1.44604), (0.53390, -0.83866, 1.30393), (-1.15059, -0.86182, -0.55056), (1.42354, -0.88523, -0.42412), (-0.69917, -0.87759, 1.15231), (-0.29622, -0.90128, -1.53617), (1.13744, -0.89344, 0.85475), (-1.63944, -0.91741, 0.15030), (1.01563, -0.94163, -1.10449), (-0.01323, -0.93360, 1.73093), (-1.05215, -0.95810, -1.17991), (1.80815, -0.98286, 0.19369), (-1.34547, -0.97464, 0.97925), (0.30744, -0.99968, -1.47288), (0.88488, -1.02497, 1.50997), (-1.51310, -1.01656, -0.47611), (1.67090, -1.04213, -0.76836), (-0.65662, -1.03352, 1.53624), (-0.62927, -1.05937, -1.82557), (1.54027, -1.08548, 0.84744), (-1.97116, -1.07667, 0.46752), (1.04673, -1.10306, -1.52327), (0.28332, -1.12970, 2.10475), (-1.48350, -1.12071, -1.25239), (1.75263, -1.14763, -0.06091), (-1.46202, -1.13843, 1.41939), (0.11861, -1.16562, -1.84128), (1.32960, -1.19308, 1.67297), (-1.91368, -1.18369, -0.31551), (1.88235, -1.21142, -1.21308), (-0.52853, -1.23941, 1.96722), (-1.06908, -1.22984, -2.08705), (1.99936, -1.25810, 0.75607), (-2.28379, -1.28663, 0.89719), (0.99621, -1.27686, -2.00767), (0.54981, -1.30567, 1.94672), (-1.98988, -1.29569, -1.24665), (2.09168, -1.32477, -0.37239), (-1.50477, -1.35411, 1.94391), (-0.17177, -1.34395, -2.22283), (1.86792, -1.37356, 1.76761), (-2.33699, -1.40344, -0.05130), (2.03192, -1.39309, -1.76038), (-0.29564, -1.42324, 2.43102), (-1.62007, -1.45365, -2.29420), (2.50178, -1.44311, 0.55967), (-2.01153, -1.47379, 1.14047), (0.84141, -1.46305, -2.54625), (0.98146, -1.49401, 2.21732), (-2.56153, -1.52523, -1.13846), (2.41356, -1.51430, -0.79352), (-1.44800, -1.54580, 2.54495), (-0.57676, -1.57755, -2.59661), (2.49404, -1.56643, 1.76685), (-2.76272, -1.59846, 0.33174), (2.09143, -1.58713, -2.40668), (0.05943, -1.61944, 2.90812), (-1.79948, -1.65201, -1.90738), (3.02904, -1.64049, 0.23868), (-2.17398, -1.67334, 1.67761), (0.56066, -1.70644, -3.12177), (1.52177, -1.69474, 2.43721), (-3.18271, -1.72812, -0.90409), (2.69308, -1.76176, -1.33124), (-1.26605, -1.74986, 3.20846), (-1.10572, -1.78378, -2.93739), (3.19586, -1.77168, 1.64317), (-0.00504, -0.00088, 0.02452), (-0.01280, -0.00258, -0.02170), (0.02444, -0.00392, 0.00761), (-0.02362, -0.00590, 0.01094), (0.01051, -0.00813, -0.02479), (0.00906, -0.00928, 0.02603), (-0.02550, -0.01180, -0.01393), (0.02901, -0.01457, -0.00697)],
                180: [(0.08419, -0.07104, 0.01376), (-0.08349, -0.07734, 0.05397), (0.02477, -0.08389, -0.09272), (0.05115, -0.08320, 0.09951), (-0.10081, -0.09003, -0.03796), (0.11680, -0.09712, -0.04607), (-0.05347, -0.09624, 0.10813), (-0.03837, -0.10361, -0.13514), (0.11426, -0.11123, 0.07136), (-0.15424, -0.11016, 0.02768), (0.09168, -0.11806, -0.11878), (0.01115, -0.11678, 0.14166), (-0.12121, -0.12496, -0.11438), (0.15765, -0.13340, 0.00324), (-0.13936, -0.13193, 0.12107), (0.02083, -0.14065, -0.17330), (0.11787, -0.14963, 0.16642), (-0.18813, -0.14797, -0.04181), (0.19529, -0.15722, -0.11109), (-0.06632, -0.16673, 0.20163), (-0.10025, -0.16488, -0.22563), (0.21324, -0.17467, 0.09441), (-0.20682, -0.17261, 0.06832), (0.12610, -0.18268, -0.22235), (0.05211, -0.19300, 0.23306), (-0.22831, -0.19076, -0.16127), (0.25935, -0.20136, -0.03151), (-0.19973, -0.21222, 0.23049), (-0.00623, -0.20978, -0.28513), (0.22820, -0.22092, 0.24121), (-0.30975, -0.23231, -0.02397), (0.28530, -0.22969, -0.22080), (-0.05924, -0.24136, 0.33250), (-0.16592, -0.23854, -0.26491), (0.35262, -0.25048, 0.09963), (-0.30413, -0.26269, 0.15087), (0.14513, -0.25967, -0.36930), (0.13014, -0.27216, 0.34425), (-0.38170, -0.28490, -0.19558), (0.38459, -0.28169, -0.10328), (-0.25073, -0.29471, 0.38896), (-0.06992, -0.29130, -0.42440), (0.39019, -0.30459, 0.31018), (-0.46283, -0.31815, 0.02976), (0.29718, -0.31455, -0.30604), (-0.01740, -0.32838, 0.49896), (-0.29663, -0.34247, -0.35145), (0.53178, -0.33868, 0.07164), (-0.40800, -0.35304, 0.28029), (0.13295, -0.36767, -0.56025), (0.25637, -0.36369, 0.46609), (-0.58327, -0.37859, -0.20113), (0.52487, -0.37441, -0.22427), (-0.27587, -0.38959, 0.59973), (-0.18349, -0.40502, -0.58336), (0.48309, -0.40065, 0.28318), (-0.64048, -0.41636, 0.13362), (0.35324, -0.43234, -0.48522), (0.07438, -0.42777, 0.69507), (-0.47938, -0.44402, -0.42756), (0.74585, -0.46053, -0.00562), (-0.50541, -0.45578, 0.46464), (0.07266, -0.47256, -0.79150), (0.44015, -0.46760, 0.58586), (-0.83063, -0.48467, -0.16027), (0.66785, -0.50199, -0.40512), (-0.20363, -0.49684, 0.68320), (-0.35887, -0.51444, -0.75020), (0.70375, -0.53229, 0.28825), (-0.83157, -0.52695, 0.30084), (0.37975, -0.54509, -0.71572), (0.23060, -0.53954, 0.91051), (-0.71787, -0.55795, -0.47742), (0.98546, -0.57662, -0.14791), (-0.58038, -0.57089, 0.70903), (-0.05269, -0.58984, -1.05476), (0.68807, -0.60904, 0.68755), (-0.88446, -0.60312, -0.04351), (0.79766, -0.62260, -0.65394), (-0.13897, -0.64234, 0.93068), (-0.60573, -0.63623, -0.90930), (0.96839, -0.65624, 0.24448), (-1.02087, -0.64993, 0.54265), (0.35948, -0.67022, -0.99603), (0.46408, -0.69077, 1.13060), (-1.01203, -0.68427, -0.48317), (1.23661, -0.70509, -0.36960), (-0.61457, -0.72618, 1.01488), (-0.20504, -0.71949, -1.05834), (1.00311, -0.74085, 0.75244), (-1.13699, -0.76248, 0.10524), (0.89532, -0.75559, -0.97537), (-0.00818, -0.77749, 1.20814), (-0.93042, -0.77040, -1.04158), (1.26988, -0.79258, 0.13491), (-1.18932, -0.81501, 0.86719), (0.27438, -0.80773, -1.32024), (0.61798, -0.83044, 1.05242), (-1.35730, -0.85342, -0.42579), (1.17202, -0.84595, -0.54019), (-0.58804, -0.86919, 1.37911), (-0.44537, -0.86152, -1.28841), (1.38383, -0.88504, 0.75980), (-1.39944, -0.90883, 0.33321), (0.93945, -0.90096, -1.36970), (0.20364, -0.92502, 1.50289), (-1.33509, -0.94934, -1.12511), (1.59642, -0.94129, -0.05687), (-1.03513, -0.96588, 1.00670), (0.10661, -0.99074, -1.67766), (0.94875, -0.98249, 1.19163), (-1.74421, -1.00763, -0.28601), (1.34855, -0.99917, -0.87074), (-0.48023, -1.02458, 1.79369), (-0.77185, -1.05025, -1.50357), (1.82375, -1.04161, 0.68785), (-1.65419, -1.06756, 0.65152), (0.90714, -1.09376, -1.83216), (0.50943, -1.08493, 1.79777), (-1.43062, -1.11141, -0.89454), (1.93154, -1.13815, -0.34562), (-1.08603, -1.12913, 1.40550), (-0.16042, -1.15615, -2.05263), (1.35799, -1.14692, 1.28281), (-2.15816, -1.17421, -0.04549), (1.48251, -1.20177, -1.28665), (-0.27105, -1.19235, 2.24520), (-1.19028, -1.22018, -1.68245), (2.31086, -1.24827, 0.51485), (-1.87979, -1.23866, 1.06795), (0.61041, -1.26703, -1.85263), (0.91905, -1.29565, 2.07144), (-1.87376, -1.28586, -0.83082), (2.25417, -1.31476, -0.74329), (-1.06255, -1.30476, 1.87129), (-0.54078, -1.33394, -2.42462), (1.84308, -1.36337, 1.30328), (-2.57931, -1.35318, 0.31199), (1.55036, -1.38289, -1.78719), (0.05785, -1.41286, 2.71475), (-1.70195, -1.40249, -1.80085), (2.22733, -1.43273, 0.17355), (-2.05152, -1.42215, 1.58596), (0.41230, -1.45268, -2.30728), (1.43818, -1.48346, 2.29886), (-2.36396, -1.47269, -0.66928), (2.53916, -1.50375, -1.25791), (-0.94244, -1.53506, 2.39448), (-1.04491, -1.52410, -2.76851), (2.39612, -1.55570, 1.22934), (-2.98287, -1.58755, 0.79935), (1.52714, -1.57640, -2.36634), (0.41124, -1.60853, 2.50434), (-2.30287, -1.59718, -1.83262), (2.65337, -1.62958, -0.16922), (-2.14222, -1.66225, 2.20374), (0.09844, -1.65070, -2.78139), (2.06735, -1.68364, 2.45203), (-2.88475, -1.71685, -0.39020), (2.75786, -1.70511, -1.89249), (-0.70403, -1.73859, 2.95992), (-1.67842, -1.77233, -3.05527), (3.00346, -1.76040, 1.03744), (-2.63254, -1.79442, 1.12321), (-0.01563, -0.00014, -0.01951), (0.02478, -0.00168, 0.00399), (-0.02130, -0.00348, 0.01384), (0.00659, -0.00479, -0.02493), (0.01220, -0.00686, 0.02360), (-0.02545, -0.00920, -0.00951), (0.02652, -0.01032, -0.01053), (-0.01293, -0.01293, 0.02630), (-0.00864, -0.01385, -0.03015), (0.02738, -0.01673, 0.01701), (-0.03241, -0.01988, 0.00590), (0.02193, -0.02061, -0.02856), (0.00297, -0.02403, 0.03657), (-0.02965, -0.02771, -0.02784), (0.04125, -0.02825, 0.00075), (-0.03486, -0.03221, 0.03043), (0.00546, -0.03643, -0.04639), (0.03065, -0.03678, 0.04305), (-0.05184, -0.04127, -0.01139), (0.05248, -0.04141, -0.03002), (-0.01874, -0.04619, 0.05743), (-0.02440, -0.05122, -0.05457), (0.06294, -0.05117, 0.02769), (-0.06425, -0.05648, 0.02140), (0.03840, -0.06204, -0.06810), (0.01691, -0.06181, 0.07478), (-0.07258, -0.06765, -0.05100), (0.08601, -0.07375, -0.01066)],
                182: [(0.19073, -0.15850, 0.05371), (-0.20835, -0.16812, 0.10358), (0.07949, -0.17801, -0.20279), (0.09042, -0.17593, 0.23856), (-0.21268, -0.18609, -0.10874), (0.26946, -0.19651, -0.07261), (-0.14143, -0.19424, 0.21982), (-0.04978, -0.20494, -0.30049), (0.22356, -0.21589, 0.17740), (-0.33099, -0.21343, 0.02157), (0.21642, -0.22466, -0.22326), (-0.00979, -0.22200, 0.28798), (-0.21828, -0.23351, -0.25816), (0.31082, -0.24528, 0.04160), (-0.30219, -0.24242, 0.20799), (0.07835, -0.25446, -0.33147), (0.19178, -0.26677, 0.34795), (-0.34918, -0.26372, -0.12007), (0.39480, -0.27630, -0.16910), (-0.16665, -0.28914, 0.36314), (-0.13944, -0.28591, -0.44198), (0.37251, -0.29903, 0.21792), (-0.38880, -0.29559, 0.08147), (0.27356, -0.30898, -0.37647), (0.04601, -0.32263, 0.42649), (-0.37415, -0.31900, -0.33313), (0.46241, -0.33293, -0.00389), (-0.39605, -0.34712, 0.36474), (0.04506, -0.34330, -0.49564), (0.34745, -0.35776, 0.46163), (-0.52519, -0.37249, -0.10086), (0.52903, -0.36848, -0.32154), (-0.16341, -0.38348, 0.55001), (-0.22723, -0.37927, -0.47395), (0.56904, -0.39454, 0.23249), (-0.53027, -0.41008, 0.19236), (0.30771, -0.40567, -0.58118), (0.14892, -0.42149, 0.58585), (-0.58534, -0.43756, -0.38854), (0.63960, -0.43297, -0.09657), (-0.47428, -0.44931, 0.58045), (-0.03509, -0.44451, -0.69034), (0.56548, -0.46114, 0.56407), (-0.73683, -0.47802, -0.03560), (0.52037, -0.47303, -0.42737), (-0.11544, -0.49019, 0.77772), (-0.39919, -0.50761, -0.59812), (0.81168, -0.50244, 0.20416), (-0.67689, -0.52013, 0.36056), (0.30137, -0.53809, -0.83730), (0.31086, -0.53272, 0.75545), (-0.85320, -0.55095, -0.40643), (0.83245, -0.54538, -0.24960), (-0.51855, -0.56389, 0.85800), (-0.17643, -0.58265, -0.90646), (0.67297, -0.57689, 0.50388), (-0.97590, -0.59593, 0.09119), (0.60410, -0.61524, -0.65926), (-0.00613, -0.60929, 1.03915), (-0.63346, -0.62887, -0.70789), (1.09450, -0.64870, 0.11531), (-0.81397, -0.64256, 0.59459), (0.23593, -0.66268, -1.14022), (0.54181, -0.65633, 0.92087), (-1.17456, -0.67672, -0.36734), (1.02699, -0.69737, -0.47443), (-0.40229, -0.69084, 0.94577), (-0.39192, -0.71177, -1.13058), (0.95547, -0.73295, 0.52352), (-1.22975, -0.72623, 0.29394), (0.65170, -0.74769, -0.95195), (0.18037, -0.74076, 1.32250), (-0.93383, -0.76250, -0.78557), (1.40676, -0.78450, -0.05134), (-0.92364, -0.77738, 0.89984), (0.09277, -0.79965, -1.48039), (0.84883, -0.82218, 1.06423), (-1.21863, -0.81488, -0.19873), (1.20544, -0.83769, -0.77982), (-0.33645, -0.86075, 1.26107), (-0.69204, -0.85326, -1.34520), (1.29000, -0.87660, 0.48525), (-1.48129, -0.86890, 0.58491), (0.64401, -0.89252, -1.30358), (0.45811, -0.91640, 1.61131), (-1.30004, -0.90851, -0.81131), (1.73277, -0.93267, -0.31161), (-0.98551, -0.95708, 1.27772), (-0.11516, -0.94900, -1.45718), (1.23510, -0.97370, 1.16469), (-1.54108, -0.99865, -0.03114), (1.34669, -0.99038, -1.17083), (-0.19322, -1.01561, 1.61232), (-1.08380, -1.00713, -1.52912), (1.66859, -1.03263, 0.37022), (-1.70938, -1.05840, 0.97311), (0.56097, -1.04973, -1.70757), (0.65928, -1.07577, 1.48246), (-1.72705, -1.10207, -0.76397), (1.62249, -1.09322, -0.53657), (-0.97743, -1.11979, 1.72488), (-0.39300, -1.11073, -1.75484), (1.69910, -1.13759, 1.19925), (-1.87678, -1.16470, 0.22868), (1.42701, -1.15545, -1.64790), (0.04404, -1.18284, 1.98554), (-1.56971, -1.21048, -1.65803), (2.07829, -1.20104, 0.16012), (-1.48634, -1.22897, 1.15111), (0.38266, -1.25715, -2.15223), (1.04972, -1.24752, 1.67468), (-2.20458, -1.27598, -0.62208), (1.85950, -1.26615, -0.92322), (-0.87650, -1.29488, 2.23266), (-0.77114, -1.32388, -2.03778), (2.23393, -1.31386, 1.14367), (-2.20634, -1.34313, 0.59332), (1.42097, -1.37266, -2.20605), (0.38997, -1.36245, 2.36190), (-1.68936, -1.39225, -1.34199), (2.50109, -1.42232, -0.16170), (-1.57703, -1.41192, 1.62516), (0.09046, -1.44226, -2.62050), (1.53238, -1.43165, 1.81430), (-2.71677, -1.46227, -0.36507), (2.05058, -1.49315, -1.40978), (-0.66024, -1.48235, 2.78659), (-1.25646, -1.51351, -2.28243), (2.82677, -1.54492, 0.97365), (-2.50619, -1.53394, 1.07188), (1.02526, -1.56563, -2.23093), (0.85594, -1.59758, 2.71802), (-2.22045, -1.58640, -1.30055), (2.91398, -1.61863, -0.60896), (-1.58526, -1.60725, 2.17917), (-0.33173, -1.63975, -3.09004), (2.10498, -1.67251, 1.87617), (-3.24216, -1.66094, 0.02553), (2.16974, -1.69398, -1.99610), (-0.30784, -1.72728, 3.36631), (-1.85108, -1.71552, -2.46210), (2.72327, -1.74909, 0.52448), (-2.74912, -1.73713, 1.66891), (0.82822, -1.77098, -2.78221), (1.44901, -1.80509, 3.02642), (-0.01884, -0.00087, 0.01648), (0.00293, -0.00251, -0.02507), (0.01485, -0.00441, 0.02081), (-0.02563, -0.00569, -0.00561), (0.02326, -0.00786, -0.01333), (-0.00867, -0.01029, 0.02666), (-0.01178, -0.01139, -0.02628), (0.02700, -0.01410, 0.01185), (-0.02997, -0.01499, 0.01001), (0.01586, -0.01797, -0.02818), (0.00780, -0.02122, 0.03436), (-0.02945, -0.02191, -0.02065), (0.03946, -0.02543, -0.00493), (-0.02638, -0.02921, 0.03065), (-0.00114, -0.02972, -0.04523), (0.03157, -0.03378, 0.03315), (-0.05156, -0.03810, -0.00382), (0.04106, -0.03842, -0.03199), (-0.00894, -0.04301, 0.05113), (-0.03164, -0.04312, -0.05015), (0.05667, -0.04799, 0.01581), (-0.06043, -0.05312, 0.03022), (0.02420, -0.05305, -0.06217), (0.02743, -0.05845, 0.07184), (-0.06740, -0.06411, -0.03425), (0.08428, -0.06385, -0.02293), (-0.04611, -0.06979, 0.07205), (-0.01641, -0.06932, -0.09758), (0.07580, -0.07554, 0.05985), (-0.09309, -0.08201, 0.00629), (0.07552, -0.08135, -0.07828), (-0.00331, -0.08811, 0.10474), (-0.07910, -0.09512, -0.09309), (0.11642, -0.09427, 0.01530), (-0.11248, -0.10156, 0.07782), (0.02988, -0.10910, -0.12777), (0.07403, -0.10807, 0.13354), (-0.13842, -0.11589, -0.04722), (0.15604, -0.11464, -0.06728), (-0.06744, -0.12274, 0.14790), (-0.04664, -0.13110, -0.14660), (0.15574, -0.12967, 0.09060), (-0.16668, -0.13831, 0.03534), (0.11669, -0.14720, -0.16140), (0.02064, -0.14558, 0.18711), (-0.16434, -0.15475, -0.14561), (0.20744, -0.16418, -0.00224)],
                184: [(0.34186, -0.27721, 0.13933), (-0.40679, -0.29016, 0.14797), (0.18654, -0.30337, -0.35306), (0.11539, -0.29991, 0.45228), (-0.35943, -0.31340, -0.23814), (0.49679, -0.32714, -0.07545), (-0.29376, -0.32349, 0.36016), (-0.02789, -0.33751, -0.53935), (0.35443, -0.35180, 0.35292), (-0.57891, -0.34795, -0.02747), (0.41502, -0.36251, -0.34145), (-0.07189, -0.35846, 0.48725), (-0.32049, -0.37330, -0.47930), (0.51343, -0.38840, 0.12867), (-0.54490, -0.38416, 0.29086), (0.19188, -0.39953, -0.53458), (0.25197, -0.41516, 0.61082), (-0.54964, -0.41073, -0.26124), (0.67595, -0.42664, -0.20332), (-0.33631, -0.44281, 0.55756), (-0.14452, -0.43819, -0.73906), (0.55727, -0.45463, 0.41650), (-0.63238, -0.44981, 0.05964), (0.50106, -0.46653, -0.54777), (-0.00341, -0.48351, 0.67909), (-0.52808, -0.47850, -0.58909), (0.72113, -0.49575, 0.07534), (-0.67954, -0.51327, 0.49730), (0.15599, -0.50807, -0.75722), (0.45464, -0.52586, 0.77117), (-0.78602, -0.54391, -0.24507), (0.86262, -0.53852, -0.39941), (-0.34208, -0.55684, 0.80617), (-0.26179, -0.55125, -0.75307), (0.81633, -0.56985, 0.44636), (-0.82538, -0.58871, 0.19805), (0.55703, -0.58293, -0.81519), (0.12275, -0.60207, 0.89418), (-0.80149, -0.62146, -0.67305), (0.95793, -0.61549, -0.03580), (-0.79315, -0.63516, 0.77406), (0.06272, -0.62898, -1.01502), (0.73182, -0.64893, 0.91588), (-1.06378, -0.66914, -0.17253), (0.82151, -0.66277, -0.53247), (-0.29312, -0.68326, 1.10252), (-0.47593, -0.70401, -0.92315), (1.12954, -0.69744, 0.42377), (-1.02339, -0.71847, 0.40513), (0.56352, -0.73975, -1.14317), (0.31962, -0.73300, 1.12046), (-1.14181, -0.75456, -0.71119), (1.21249, -0.74760, -0.21914), (-0.86533, -0.76944, 1.12393), (-0.10368, -0.79153, -1.29753), (0.85951, -0.78439, 0.80910), (-1.37353, -0.80676, -0.02656), (0.94161, -0.82939, -0.82010), (-0.17111, -0.82205, 1.43839), (-0.76395, -0.84496, -1.07585), (1.49003, -0.86813, 0.32924), (-1.20993, -0.86060, 0.69018), (0.49996, -0.88404, -1.52634), (0.59811, -0.87631, 1.34177), (-1.54529, -0.90003, -0.68196), (1.46917, -0.92401, -0.48729), (-0.69004, -0.91609, 1.22020), (-0.35749, -0.94035, -1.58976), (1.20919, -0.96486, 0.85188), (-1.70109, -0.95675, 0.20878), (1.01968, -0.98154, -1.17959), (0.04151, -0.97323, 1.80063), (-1.12999, -0.99829, -1.19149), (1.88581, -1.02362, 0.14363), (-1.36514, -1.01511, 1.05916), (0.34566, -1.04072, -1.95404), (0.96607, -1.06658, 1.53825), (-1.58187, -1.05788, -0.44488), (1.70822, -1.08402, -0.84997), (-0.63085, -1.11042, 1.61105), (-0.71039, -1.10154, -1.87230), (1.62077, -1.12821, 0.82798), (-2.02758, -1.11912, 0.54714), (1.03442, -1.14607, -1.60901), (0.36040, -1.17328, 2.17103), (-1.57390, -1.16400, -1.24803), (2.29957, -1.19149, -0.15068), (-1.46639, -1.21924, 1.51378), (0.06406, -1.20977, -1.90383), (1.42721, -1.23779, 1.68679), (-1.98431, -1.26607, -0.26488), (1.90629, -1.25641, -1.31303), (-0.48284, -1.28497, 2.04581), (-1.17038, -1.27511, -2.12170), (2.08567, -1.30394, 0.71635), (-2.32964, -1.33304, 0.99878), (0.96349, -1.32298, -2.10133), (0.62729, -1.35235, 1.98590), (-2.09042, -1.38198, -1.22194), (2.14033, -1.37174, -0.44923), (-1.48908, -1.40165, 2.05071), (-0.24691, -1.39120, -2.28122), (1.98025, -1.42138, 1.76190), (-2.40529, -1.45182, 0.02104), (2.03711, -1.44119, -1.87736), (-0.22726, -1.47190, 2.50928), (-1.74072, -1.50288, -2.31112), (2.58992, -1.49205, 0.49645), (-2.02854, -1.52331, 1.23389), (0.78458, -1.55482, -2.64405), (1.07706, -1.54380, 2.24453), (-2.66866, -1.57559, -1.08926), (2.45156, -1.56437, -0.89027), (-1.40767, -1.59644, 2.66089), (-0.67355, -1.62876, -2.64590), (2.61815, -1.61735, 1.73661), (-2.82370, -1.64995, 0.42734), (2.07245, -1.68281, -2.53815), (0.15256, -1.67121, 2.98106), (-1.90250, -1.70435, -1.89643), (3.11407, -1.73774, 0.14940), (-2.17313, -1.72596, 1.78599), (0.47664, -1.75963, -3.21888), (1.63461, -1.74763, 2.44738), (-3.29173, -1.78158, -0.82677), (-0.00065, -0.00019, -0.02499), (0.01734, -0.00164, 0.01817), (-0.02531, -0.00337, -0.00185), (0.02045, -0.00537, -0.01596), (-0.00453, -0.00662, 0.02608), (-0.01444, -0.00889, -0.02284), (0.02728, -0.01142, 0.00759), (-0.02593, -0.01249, 0.01300), (0.01121, -0.01529, -0.02887), (0.01135, -0.01616, 0.02964), (-0.03074, -0.01924, -0.01559), (0.03401, -0.02258, -0.00928), (-0.02092, -0.02325, 0.03276), (-0.00660, -0.02687, -0.03906), (0.03473, -0.03075, 0.02737), (-0.04475, -0.03123, 0.00306), (0.03127, -0.03538, -0.03247), (-0.00157, -0.03566, 0.05100), (-0.03306, -0.04009, -0.03885), (0.05768, -0.04478, 0.00753), (-0.04756, -0.04487, 0.03296), (0.01505, -0.04983, -0.06461), (0.03189, -0.05506, 0.05741), (-0.07156, -0.05496, -0.02434), (0.06839, -0.06046, -0.02956), (-0.03559, -0.06622, 0.07823), (-0.02565, -0.06593, -0.08039), (0.07091, -0.07196, 0.04117), (-0.09327, -0.07147, 0.01986), (0.05405, -0.07778, -0.07490), (0.01188, -0.08435, 0.10684), (-0.07777, -0.08367, -0.06878), (0.12083, -0.09052, -0.00141), (-0.08538, -0.09762, 0.07915), (0.01182, -0.09675, -0.13490), (0.07864, -0.10413, 0.10377), (-0.14867, -0.11178, -0.02804), (0.12385, -0.11071, -0.07583), (-0.03884, -0.11863, 0.13232), (-0.07030, -0.11736, -0.14541), (0.14202, -0.12556, 0.05748), (-0.16819, -0.13402, 0.06164), (0.07895, -0.13256, -0.15030), (0.04944, -0.14129, 0.19185), (-0.15668, -0.15028, -0.10326), (0.21597, -0.14863, -0.03333), (-0.13038, -0.15790, 0.16064), (-0.01299, -0.15604, -0.24005), (0.16161, -0.16559, 0.16015), (-0.21277, -0.17539, -0.00958), (0.19238, -0.17335, -0.15906), (-0.03355, -0.18343, 0.23129), (-0.15241, -0.19377, -0.22674), (0.24835, -0.19153, 0.06160), (-0.26285, -0.20215, 0.14112), (0.09380, -0.21303, -0.26331), (0.12469, -0.21060, 0.30020), (-0.27551, -0.22175, -0.13013), (0.33821, -0.21913, -0.10262), (-0.17051, -0.23055, 0.28423), (-0.05972, -0.24224, -0.30154), (0.28875, -0.23942, 0.21472), (-0.33248, -0.25139, 0.03217), (0.26246, -0.26361, -0.28832), (-0.00095, -0.26060, 0.36228), (-0.28221, -0.27310, -0.31330), (0.39016, -0.28586, 0.03981)],
                186: [(0.52523, -0.42717, 0.28659), (-0.68052, -0.44345, 0.16391), (0.36087, -0.45999, -0.52911), (0.10221, -0.45514, 0.73980), (-0.52464, -0.47195, -0.43979), (0.79522, -0.48903, -0.03041), (-0.52255, -0.48399, 0.51086), (0.05150, -0.50134, -0.84537), (0.48686, -0.51896, 0.60822), (-0.88880, -0.51373, -0.14335), (0.69570, -0.53162, -0.45179), (-0.19341, -0.52618, 0.73005), (-0.40493, -0.54434, -0.78375), (0.75381, -0.56277, 0.28206), (-0.87098, -0.55714, 0.34567), (0.37809, -0.57584, -0.76870), (0.27357, -0.59481, 0.95588), (-0.77342, -0.58899, -0.48079), (1.03682, -0.60823, -0.18832), (-0.58925, -0.62772, 0.76672), (-0.08984, -0.62172, -1.11207), (0.74741, -0.64149, 0.70234), (-0.93146, -0.63528, -0.01720), (0.81879, -0.65533, -0.71438), (-0.11599, -0.67564, 0.98239), (-0.66667, -0.66924, -0.93712), (1.02465, -0.68983, 0.22547), (-1.05567, -0.71067, 0.60341), (0.34507, -0.70408, -1.05661), (0.52394, -0.72520, 1.17263), (-1.07661, -0.74658, -0.47400), (1.28604, -0.73980, -0.42779), (-0.61125, -0.76146, 1.08307), (-0.24835, -0.75448, -1.09993), (1.07445, -0.77641, 0.75556), (-1.18467, -0.79860, 0.14644), (0.90546, -0.79143, -1.04931), (0.03020, -0.81389, 1.26193), (-1.00633, -0.83662, -1.05924), (1.32971, -0.82926, 0.10011), (-1.21499, -0.85226, 0.94436), (0.24393, -0.84470, -1.38598), (0.86244, -0.86798, 1.37058), (-1.42871, -0.89152, -0.40046), (1.20222, -0.88376, -0.59951), (-0.56862, -0.90757, 1.45587), (-0.50434, -0.93165, -1.32576), (1.46552, -0.92370, 0.74705), (-1.44418, -0.94805, 0.39106), (0.93413, -0.97266, -1.45580), (0.25956, -0.96453, 1.55518), (-1.42499, -0.98942, -1.12793), (1.65634, -0.98107, -0.10999), (-1.32629, -1.00624, 1.37154), (0.05720, -1.03166, -1.74519), (1.02105, -1.02313, 1.20464), (-1.81924, -1.04883, -0.24123), (1.36926, -1.07479, -0.94489), (-0.44103, -1.06607, 1.87600), (-0.84710, -1.09230, -1.53248), (1.91302, -1.11880, 0.65519), (-1.69171, -1.10989, 0.72703), (0.88196, -1.13666, -1.92795), (0.58431, -1.12754, 1.84424), (-1.91858, -1.15459, -1.11925), (1.98722, -1.18190, -0.41890), (-1.07688, -1.17259, 1.48576), (-0.23108, -1.20017, -2.11769), (1.44258, -1.22802, 1.28127), (-2.23263, -1.21852, 0.02148), (1.48931, -1.24664, -1.37492), (-0.20889, -1.23694, 2.32902), (-1.28147, -1.26534, -1.69830), (2.40386, -1.29399, 0.45862), (-1.90530, -1.28410, 1.16121), (0.72592, -1.31303, -2.45421), (1.01341, -1.34222, 2.10719), (-1.95523, -1.33214, -0.79607), (2.30062, -1.36161, -0.83773), (-1.03452, -1.39133, 1.95966), (-0.63416, -1.38107, -2.48214), (1.93788, -1.41107, 1.28295), (-2.64816, -1.40060, 0.40313), (1.53871, -1.43087, -1.88783), (0.14548, -1.46141, 2.79507), (-1.80769, -1.45075, -1.79879), (2.91923, -1.48156, 0.13750), (-2.05992, -1.51264, 1.69597), (0.35058, -1.50178, -2.38192), (1.55148, -1.53313, 2.31854), (-2.44793, -1.56474, -0.61257), (2.57083, -1.55370, -1.37343), (-0.89192, -1.58559, 2.48756), (-1.16145, -1.57434, -2.81280), (2.49796, -1.60650, 1.18620), (-3.04030, -1.63892, 0.91562), (1.49258, -1.62749, -2.47644), (0.50003, -1.66018, 2.55243), (-2.42060, -1.69314, -1.80781), (2.71254, -1.68151, -0.25679), (-2.12829, -1.71475, 2.32831), (0.01336, -1.70292, -2.85189), (2.19782, -1.73642, 2.45007), (-2.96670, -1.77019, -0.30891), (2.76888, -1.75817, -2.02780), (-0.62790, -1.79222, 3.05329), (-0.02498, -0.00102, 0.00173), (0.01749, -0.00244, -0.01819), (-0.00076, -0.00427, 0.02552), (-0.01698, -0.00636, -0.01991), (0.02647, -0.00759, 0.00343), (-0.02288, -0.00995, 0.01589), (0.00645, -0.01098, -0.02781), (0.01477, -0.01362, 0.02653), (-0.02950, -0.01652, -0.01001), (0.03094, -0.01736, -0.01341), (-0.01428, -0.02054, 0.03146), (-0.01158, -0.02398, -0.03618), (0.03356, -0.02462, 0.01945), (-0.03841, -0.02834, 0.00822), (0.02567, -0.03231, -0.03563), (0.00493, -0.03277, 0.04398), (-0.03747, -0.03702, -0.03308), (0.05010, -0.03727, -0.00063), (-0.04179, -0.04179, 0.03880), (0.00491, -0.04658, -0.05666), (0.03936, -0.04664, 0.05185), (-0.06350, -0.05170, -0.01192), (0.06329, -0.05702, -0.03883), (-0.02060, -0.05690, 0.07041), (-0.03129, -0.06249, -0.06457), (0.07713, -0.06835, 0.03114), (-0.07606, -0.06803, 0.02795), (0.04369, -0.07417, -0.08335), (0.02288, -0.07364, 0.08846), (-0.08871, -0.08005, -0.05836), (0.10158, -0.08672, -0.01577), (-0.07521, -0.08601, 0.09283), (-0.00634, -0.09296, -0.11519), (0.09526, -0.10016, 0.09424), (-0.12900, -0.09926, -0.00570), (0.09480, -0.10674, -0.07852), (-0.02057, -0.10563, 0.14264), (-0.07663, -0.11339, -0.11379), (0.15571, -0.12141, 0.03848), (-0.13429, -0.12011, 0.07225), (0.05958, -0.12840, -0.16773), (0.06499, -0.13696, 0.15609), (-0.17819, -0.13547, -0.08397), (0.17887, -0.14430, -0.05444), (-0.11167, -0.15339, 0.18652), (-0.04024, -0.15171, -0.20226), (0.15536, -0.16108, 0.11532), (-0.22581, -0.15920, 0.02205), (0.14316, -0.16884, -0.15754), (-0.00043, -0.17874, 0.24901), (-0.15653, -0.17667, -0.17346), (0.27125, -0.18685, 0.02744), (-0.20598, -0.19728, 0.15178), (0.05913, -0.19502, -0.29188), (0.14277, -0.20573, 0.24037), (-0.31018, -0.21671, -0.09559), (0.27618, -0.21426, -0.12898), (-0.10971, -0.22551, 0.26094), (-0.10992, -0.22285, -0.31289), (0.27093, -0.23438, 0.14699), (-0.34988, -0.24616, 0.08517), (0.18807, -0.24331, -0.27719), (0.05434, -0.25538, 0.38643), (-0.27900, -0.26770, -0.23273), (0.42174, -0.26466, -0.01715), (-0.28059, -0.27726, 0.27565), (0.02661, -0.27402, -0.45494), (0.26643, -0.28689, 0.33120), (-0.38715, -0.30002, -0.06148), (0.38396, -0.29659, -0.25066), (-0.10745, -0.31000, 0.40958), (-0.22773, -0.32367, -0.43818), (0.42806, -0.32005, 0.15899), (-0.49304, -0.33400, 0.19706), (0.21591, -0.34820, -0.44165), (0.15815, -0.34439, 0.54761), (-0.44944, -0.35887, -0.27790), (0.60086, -0.35486, -0.11064), (-0.34449, -0.36961, 0.45049), (-0.04316, -0.38463, -0.51864), (0.44389, -0.38043, 0.41511), (-0.55858, -0.39572, -0.00896), (0.48901, -0.41127, -0.42874), (-0.06878, -0.40688, 0.59482), (-0.40423, -0.42270, -0.56532), (0.62623, -0.43879, 0.13622)],
                188: [(0.72493, -0.60837, 0.50883), (-1.02609, -0.62798, 0.12775), (0.61431, -0.64785, -0.71316), (0.02716, -0.64162, 1.09497), (-0.68882, -0.66176, -0.72377), (1.15582, -0.68217, 0.08601), (-0.83590, -0.67574, 0.65088), (0.21132, -0.69642, -1.20684), (0.59844, -0.71736, 0.94919), (-1.24618, -0.71075, -0.34813), (1.06199, -0.73197, -0.53073), (-0.39069, -0.72514, 1.00287), (-0.44720, -0.74664, -1.17247), (1.01629, -0.76839, 0.51694), (-1.27868, -0.76138, 0.34744), (0.65075, -0.78341, -1.01611), (0.23131, -0.80570, 1.37855), (-1.00087, -0.79850, -0.79081), (1.46993, -0.82106, -0.09890), (-0.93561, -0.84389, 0.96922), (0.04947, -0.83650, -1.55058), (0.91994, -0.85960, 1.08342), (-1.27553, -0.85201, -0.16800), (1.23231, -0.87538, -0.85197), (-0.30993, -0.89902, 1.32351), (-0.76447, -0.89123, -1.38014), (1.35775, -0.91515, 0.46369), (-1.52461, -0.93932, 0.65679), (0.62816, -0.93135, -1.37632), (0.52857, -0.95579, 1.66326), (-1.37735, -0.98050, -0.80191), (1.79350, -0.97234, -0.37970), (-0.98327, -0.99732, 1.35910), (-0.16583, -0.98896, -1.50753), (1.31995, -1.01422, 1.17029), (-1.59863, -1.03974, 0.01677), (1.36078, -1.03118, -1.25847), (-0.14894, -1.05697, 1.67706), (-1.17342, -1.08303, -1.55229), (1.74038, -1.07428, 0.33046), (-1.74215, -1.10061, 1.06385), (0.52664, -1.09166, -1.78621), (0.92906, -1.11827, 1.92749), (-1.81220, -1.14514, -0.73600), (1.65952, -1.13600, -0.60592), (-0.95672, -1.16314, 1.81612), (-0.46165, -1.19054, -1.80035), (1.79588, -1.18121, 1.18669), (-1.93102, -1.20889, 0.29568), (1.42347, -1.23683, -1.74955), (0.10842, -1.22731, 2.04865), (-1.67546, -1.25552, -1.66431), (2.15031, -1.24580, 0.09940), (-1.90620, -1.27429, 1.57220), (0.32669, -1.30304, -2.23309), (1.13424, -1.29312, 1.69182), (-2.29408, -1.32215, -0.57194), (1.88584, -1.35144, -1.00960), (-0.83331, -1.34133, 2.33049), (-0.85845, -1.37090, -2.07386), (2.33964, -1.40072, 1.10852), (-2.25260, -1.39043, 0.68054), (1.39497, -1.42052, -2.31907), (0.47602, -1.41002, 2.41869), (-2.26650, -1.44040, -1.68964), (2.56864, -1.47103, -0.24542), (-1.56873, -1.46034, 1.71916), (0.01029, -1.49125, -2.69895), (1.63113, -1.52242, 1.81515), (-2.80610, -1.51155, -0.28971), (2.06143, -1.54299, -1.51246), (-0.59101, -1.53191, 2.88664), (-1.36212, -1.56363, -2.30404), (2.93725, -1.59561, 0.91188), (-2.53925, -1.58434, 1.17948), (1.24956, -1.61660, -2.95477), (0.96431, -1.64912, 2.76314), (-2.31634, -1.63765, -1.26288), (2.97163, -1.67045, -0.71685), (-1.55581, -1.70350, 2.28282), (-0.43779, -1.69185, -3.16059), (2.21576, -1.72518, 1.85608), (-3.32582, -1.71332, 0.12834), (2.16010, -1.74693, -2.11324), (-0.20977, -1.78079, 3.46317), (-1.97368, -1.76874, -2.46394), (0.01460, -0.00022, -0.02030), (0.00282, -0.00187, 0.02496), (-0.01903, -0.00326, -0.01677), (0.02588, -0.00519, -0.00035), (-0.01931, -0.00738, 0.01797), (0.00235, -0.00858, -0.02732), (0.01701, -0.01105, 0.02237), (-0.02927, -0.01204, -0.00547), (0.02605, -0.01478, -0.01601), (-0.00924, -0.01778, 0.03167), (-0.01479, -0.01859, -0.03045), (0.03199, -0.02187, 0.01288), (-0.03563, -0.02540, 0.01313), (0.01786, -0.02602, -0.03415), (0.01080, -0.02983, 0.04160), (-0.03630, -0.03024, -0.02383), (0.04835, -0.03433, -0.00755), (-0.03093, -0.03868, 0.03824), (-0.00312, -0.03890, -0.05578), (0.03975, -0.04353, 0.03925), (-0.06378, -0.04841, -0.00276), (0.04889, -0.04844, -0.04056), (-0.00888, -0.05360, 0.06194), (-0.04038, -0.05902, -0.05985), (0.06875, -0.05887, 0.01693), (-0.07213, -0.06456, 0.03889), (0.02673, -0.06420, -0.07545), (0.03575, -0.07017, 0.08565), (-0.08174, -0.07640, -0.03844), (0.10026, -0.07585, -0.03061), (-0.05218, -0.08236, 0.08732), (-0.02314, -0.08913, -0.11576), (0.09180, -0.08839, 0.06802), (-0.10888, -0.09543, 0.01073), (0.08599, -0.10273, -0.09479), (-0.00011, -0.10180, 0.12231), (-0.09586, -0.10938, -0.10605), (0.13571, -0.10825, 0.01361), (-0.12809, -0.11610, 0.09456), (0.02999, -0.12422, -0.14871), (0.09042, -0.12289, 0.15193), (-0.16087, -0.13128, -0.04942), (0.17731, -0.13993, -0.08299), (-0.07202, -0.13842, 0.17170), (-0.05820, -0.14735, -0.16519), (0.18068, -0.15653, 0.09782), (-0.18769, -0.15483, 0.04586), (0.12681, -0.16429, -0.18725), (0.02979, -0.16238, 0.21054), (-0.19081, -0.17212, -0.15888), (0.23326, -0.18212, -0.00969), (-0.19383, -0.18002, 0.19075), (0.01471, -0.19029, -0.25531), (0.18646, -0.20083, 0.23138), (-0.27608, -0.19854, -0.04360), (0.21754, -0.20935, -0.14229), (-0.07709, -0.20686, 0.29489), (-0.13104, -0.21794, -0.25160), (0.31104, -0.22929, 0.11522), (-0.28677, -0.22661, 0.11491), (0.15793, -0.23823, -0.32376), (0.09345, -0.25011, 0.32250), (-0.33226, -0.24724, -0.20504), (0.35813, -0.25940, -0.06627), (-0.25627, -0.27181, 0.33574), (-0.03304, -0.26875, -0.39294), (0.26606, -0.28144, 0.24838), (-0.42611, -0.27818, -0.00647), (0.29592, -0.29115, -0.25990), (-0.05241, -0.30438, 0.45675), (-0.24775, -0.30092, -0.34585), (0.48393, -0.31443, 0.10482), (-0.39754, -0.32819, 0.22896), (0.16362, -0.32455, -0.50664), (0.20295, -0.33859, 0.45025), (-0.52386, -0.35289, -0.22859), (0.50315, -0.34905, -0.16921), (-0.23815, -0.36363, 0.42524), (-0.12729, -0.35959, -0.55528), (0.42954, -0.37444, 0.29995), (-0.60561, -0.38955, 0.07688), (0.36595, -0.38532, -0.42692), (0.01777, -0.40071, 0.65299), (-0.41649, -0.41636, -0.43552), (0.69622, -0.41194, 0.05012), (-0.50787, -0.42787, 0.39743), (0.12670, -0.42324, -0.73404), (0.36896, -0.43944, 0.58210), (-0.60749, -0.45590, -0.16813), (0.65716, -0.45109, -0.33040), (-0.24314, -0.46783, 0.62860), (-0.28117, -0.48482, -0.73186), (0.64225, -0.47982, 0.32474), (-0.80490, -0.49709, 0.22079), (0.41235, -0.51462, -0.64729), (0.14897, -0.50943, 0.87486), (-0.64259, -0.52724, -0.50521), (0.94024, -0.52184, -0.06554), (-0.60240, -0.53992, 0.62706), (0.02337, -0.55827, -0.79262), (0.59969, -0.55268, 0.70282), (-0.83728, -0.57130, -0.10823), (0.80520, -0.59018, -0.55956), (-0.20258, -0.58440, 0.87459), (-0.50587, -0.60356, -0.90811), (0.90308, -0.62297, 0.30599)],
                190: [(0.92195, -0.82083, 0.81598), (-1.43488, -0.84377, 0.01631), (0.95491, -0.86697, -0.88466), (-0.13246, -0.85935, 1.50637), (-0.83004, -0.88282, -1.09604), (1.56443, -0.90655, 0.29564), (-1.23744, -0.89874, 0.75713), (0.47225, -0.92275, -1.60688), (0.66519, -0.94702, 1.37697), (-1.63157, -0.93902, -0.66098), (1.51235, -0.96357, -0.55369), (-0.67733, -0.95536, 1.28848), (-0.42235, -0.98018, -1.64115), (1.28173, -1.00526, 0.84534), (-1.76083, -0.99687, 0.27120), (1.02000, -1.02223, -1.25589), (0.10054, -1.04784, 1.86875), (-1.20947, -1.03926, -1.19932), (1.96225, -1.06515, 0.08899), (-1.38111, -1.09130, 1.14113), (0.29642, -1.08253, -2.03864), (1.04979, -1.10896, 1.56290), (-1.64984, -1.09998, -0.40980), (1.74206, -1.12668, -0.93458), (-0.60101, -1.15365, 1.68545), (-0.79495, -1.14448, -1.91574), (1.70128, -1.17172, 0.80425), (-2.08094, -1.19922, 0.63066), (1.01768, -1.18986, -1.69519), (0.44181, -1.21764, 2.23456), (-1.66522, -1.24567, -1.23915), (2.37338, -1.23613, -0.22886), (-1.46618, -1.26444, 1.60960), (0.00577, -1.25469, -1.96428), (1.52676, -1.28327, 1.69603), (-2.05317, -1.31212, -0.21017), (1.92570, -1.30218, -1.41546), (-0.43274, -1.33130, 2.12300), (-1.27472, -1.36069, -2.15192), (2.17100, -1.35056, 0.67192), (-2.37124, -1.38022, 1.10395), (0.92579, -1.36988, -2.19449), (0.90293, -1.39981, 2.58002), (-2.19096, -1.43001, -1.19205), (2.18560, -1.41948, -0.52925), (-1.46803, -1.44995, 2.15805), (-0.32571, -1.48069, -2.33646), (2.09369, -1.46997, 1.75072), (-2.47074, -1.50098, 0.09750), (2.03677, -1.53224, -1.99608), (-0.15432, -1.52134, 2.58503), (-1.86374, -1.55288, -2.32253), (2.67596, -1.54177, 0.42826), (-2.60407, -1.57359, 1.69559), (0.72240, -1.60567, -2.74022), (1.17488, -1.59437, 2.26723), (-2.77465, -1.62672, -1.03436), (2.48515, -1.65934, -0.98981), (-1.36135, -1.64785, 2.77626), (-0.77369, -1.68074, -2.69095), (2.74230, -1.71389, 1.70013), (-2.88067, -1.70221, 0.52686), (2.04706, -1.73564, -2.67033), (0.25015, -1.72375, 3.05028), (-2.55823, -1.75746, -2.39813), (3.19574, -1.79142, 0.05511), (-2.16693, -1.77934, 1.89526), (-0.02094, -0.00101, -0.01372), (0.02491, -0.00276, -0.00391), (-0.01611, -0.00412, 0.01995), (-0.00148, -0.00615, -0.02605), (0.01924, -0.00731, 0.01897), (-0.02765, -0.00961, -0.00117), (0.02247, -0.01217, -0.01867), (-0.00423, -0.01314, 0.02972), (-0.01807, -0.01598, -0.02674), (0.03220, -0.01907, 0.00790), (-0.02978, -0.01986, 0.01609), (0.01238, -0.02323, -0.03503), (0.01459, -0.02686, 0.03487), (-0.03806, -0.02745, -0.01786), (0.04071, -0.03136, -0.01247), (-0.02452, -0.03175, 0.04112), (-0.00950, -0.03593, -0.04730), (0.04398, -0.04038, 0.03253), (-0.05457, -0.04057, 0.00542), (0.04200, -0.04529, -0.04638), (0.00000, -0.05027, 0.06242), (-0.04138, -0.05028, -0.04570), (0.07067, -0.05554, 0.00702), (-0.05614, -0.06105, 0.04152), (0.01588, -0.06087, -0.07911), (0.04047, -0.06666, 0.06786), (-0.08746, -0.06627, -0.02679), (0.08080, -0.07234, -0.03791), (-0.03992, -0.07867, 0.09541), (-0.03351, -0.07809, -0.09485), (0.08517, -0.08470, 0.04601), (-0.10983, -0.09156, 0.02694), (0.06079, -0.09079, -0.08994), (0.01787, -0.09793, 0.12552), (-0.09340, -0.09696, -0.07763), (0.14160, -0.10438, -0.00600), (-0.09652, -0.11205, 0.09515), (0.00895, -0.11089, -0.15770), (0.09475, -0.11884, 0.11736), (-0.17340, -0.12705, -0.02723), (0.14003, -0.12570, -0.09177), (-0.03981, -0.13419, 0.15284), (-0.08575, -0.14294, -0.16430), (0.16391, -0.14140, 0.06056), (-0.18987, -0.15042, 0.07627), (0.08439, -0.14867, -0.17340), (0.06290, -0.15797, 0.21636), (-0.18077, -0.16753, -0.11134), (0.24331, -0.16560, -0.04524), (-0.14132, -0.17543, 0.18547), (-0.02296, -0.18553, -0.27019), (0.18691, -0.18340, 0.17418), (-0.23800, -0.19377, -0.00340), (0.20970, -0.20440, -0.18450), (-0.02945, -0.20209, 0.25868), (-0.17764, -0.21300, -0.24752), (0.27777, -0.21048, 0.05991), (-0.28722, -0.22166, 0.16576), (0.09486, -0.23310, -0.29460), (0.14831, -0.23039, 0.32826), (-0.30845, -0.24211, -0.13428), (0.37001, -0.25409, -0.12479), (-0.17805, -0.25119, 0.31858), (-0.07563, -0.26345, -0.32861), (0.32419, -0.27596, 0.22596), (-0.36259, -0.27287, 0.04635), (0.27768, -0.28566, -0.32451), (0.01111, -0.28237, 0.39539), (-0.31877, -0.29544, -0.33275), (0.42618, -0.30876, 0.03030), (-0.39059, -0.30528, 0.30620), (0.07797, -0.31888, -0.45407), (0.28610, -0.33274, 0.45051), (-0.47812, -0.32907, -0.13187), (0.40689, -0.34321, -0.20502), (-0.19187, -0.33933, 0.49735), (-0.17630, -0.35374, -0.45770), (0.51075, -0.36842, 0.25769), (-0.50827, -0.36435, 0.13990), (0.32890, -0.37930, -0.51730), (0.09545, -0.39451, 0.55763), (-0.51600, -0.39025, -0.40495), (0.60473, -0.40574, -0.04268), (-0.48512, -0.42148, 0.50586), (0.01855, -0.41704, -0.64843), (0.38560, -0.43306, 0.45111), (-0.68754, -0.42841, -0.08826), (0.52140, -0.44471, -0.36301), (-0.16630, -0.46126, 0.72080), (-0.33104, -0.45642, -0.59305), (0.74692, -0.47326, 0.25235), (-0.66500, -0.49035, 0.28907), (0.34593, -0.48532, -0.76460), (0.23657, -0.50269, 0.73604), (-0.77255, -0.52032, -0.44639), (0.80487, -0.51510, -0.17316), (-0.43812, -0.53300, 0.60979), (-0.09860, -0.52758, -0.87008), (0.60050, -0.54576, 0.52890), (-0.93016, -0.56420, 0.01282), (0.62343, -0.55858, -0.58037), (-0.08409, -0.57730, 0.98354), (-0.54842, -0.59628, -0.72055), (1.02861, -0.59047, 0.19181), (-0.81899, -0.60973, 0.50382), (0.30983, -0.60371, -1.06374), (0.44586, -0.62324, 0.91729), (-0.86092, -0.64303, -0.34636), (1.01386, -0.63683, -0.37396), (-0.45637, -0.65690, 0.87327), (-0.28773, -0.67722, -1.10698), (0.87376, -0.67083, 0.57326), (-1.19482, -0.69143, 0.18697), (0.69590, -0.71229, -0.86108), (0.07170, -0.70572, 1.27545), (-0.83397, -0.72685, -0.82299), (1.34688, -0.72007, 0.05783), (-0.95302, -0.74148, 0.79131), (0.15919, -0.76315, -1.11367), (0.73210, -0.75618, 1.08427), (-1.15639, -0.77813, -0.28427), (1.21488, -0.80034, -0.65554), (-0.42005, -0.79317, 1.18704), (-0.56100, -0.81566, -1.34277), (1.20387, -0.83840, 0.56556)],
                192: [(1.09486, -1.06454, 1.21411), (-1.89314, -1.09081, -0.19212), (1.38647, -1.11733, -1.02097), (-0.39724, -1.10833, 1.95758), (-0.92472, -1.13513, -1.55796), (2.00201, -1.16219, 0.61770), (-1.72593, -1.15299, 0.80536), (0.85176, -1.18033, -2.02394), (0.66245, -1.20793, 1.88760), (-2.02105, -1.19854, -1.09732), (2.04002, -1.22642, -0.49588), (-1.06357, -1.21683, 1.56641), (-0.30586, -1.24498, -2.18014), (1.52803, -1.27339, 1.27545), (-2.30484, -1.26360, 0.09297), (1.49178, -1.29229, -1.46452), (-0.14182, -1.32124, 2.41099), (-1.37450, -1.31127, -1.70980), (2.49544, -1.34049, 0.39714), (-1.92654, -1.36997, 1.25682), (0.67122, -1.35981, -2.55514), (1.11067, -1.38957, 2.13876), (-2.03575, -1.37920, -0.75688), (2.34306, -1.40923, -0.93559), (-1.00180, -1.43953, 2.04753), (-0.73150, -1.42897, -2.53588), (2.03267, -1.45954, 1.25773), (-2.71353, -1.49037, 0.49873), (1.52198, -1.47963, -1.98897), (0.23807, -1.51073, 2.87226), (-1.91450, -1.54210, -1.79155), (3.00832, -1.53116, 0.04925), (-2.06310, -1.56280, 1.80763), (0.28457, -1.55167, -2.45417), (1.66704, -1.58358, 2.33299), (-2.52989, -1.61576, -0.55116), (2.59736, -1.60443, -1.49183), (-0.83633, -1.63688, 2.57908), (-1.28150, -1.66960, -2.85209), (2.59873, -1.65808, 1.13767), (-3.09294, -1.69107, 1.03602), (1.45234, -1.67934, -2.58603), (0.75587, -1.71261, 3.31549), (-2.53840, -1.74613, -1.77709), (2.76789, -1.73422, -0.34803), (-2.10829, -1.76802, 2.45357), (-0.07594, -1.80208, -2.91884), (0.02390, -0.00024, -0.00734), (-0.01284, -0.00183, 0.02158), (-0.00503, -0.00368, -0.02493), (0.02079, -0.00502, 0.01534), (-0.02651, -0.00714, 0.00266), (0.01829, -0.00827, -0.02023), (0.00003, -0.01067, 0.02868), (-0.01980, -0.01333, -0.02183), (0.03003, -0.01427, 0.00296), (-0.02610, -0.01720, 0.01934), (0.00651, -0.02040, -0.03257), (0.01864, -0.02115, 0.03120), (-0.03544, -0.02462, -0.01082), (0.03720, -0.02835, -0.01749), (-0.01608, -0.02892, 0.03851), (-0.01564, -0.03292, -0.04414), (0.04164, -0.03328, 0.02245), (-0.05198, -0.03756, 0.01280), (0.03009, -0.04210, -0.04460), (0.00760, -0.04227, 0.05301), (-0.04717, -0.04709, -0.03914), (0.06064, -0.05217, -0.00262), (-0.04967, -0.05215, 0.04905), (0.00384, -0.05750, -0.06870), (0.04992, -0.05727, 0.06173), (-0.07700, -0.06290, -0.01202), (0.07532, -0.06879, -0.04945), (-0.02214, -0.06838, 0.08530), (-0.04727, -0.07454, -0.09037), (0.09329, -0.08097, 0.03437), (-0.08897, -0.08036, 0.03583), (0.04887, -0.08707, -0.10063), (0.03014, -0.09403, 0.10335), (-0.10694, -0.09323, -0.06573), (0.11848, -0.10047, -0.02214), (-0.08501, -0.09947, 0.11177), (-0.01151, -0.10698, -0.13410), (0.11468, -0.11476, 0.10668), (-0.14988, -0.11357, -0.00201), (0.13066, -0.12162, -0.11517), (-0.01869, -0.12992, 0.16543), (-0.09190, -0.12855, -0.12782), (0.18028, -0.13713, 0.03872), (-0.15084, -0.14597, 0.08723), (0.06226, -0.14441, -0.19393), (0.07936, -0.15353, 0.17524), (-0.20582, -0.15175, -0.08938), (0.20070, -0.16115, -0.06789), (-0.12010, -0.17081, 0.21534), (-0.05241, -0.16884, -0.22680), (0.17836, -0.17878, 0.12409), (-0.25305, -0.18897, 0.03257), (0.15473, -0.18682, -0.18114), (0.00808, -0.19728, 0.27888), (-0.18046, -0.19493, -0.18804), (0.30366, -0.20567, 0.02133), (-0.22375, -0.21668, 0.17572), (0.05580, -0.21413, -0.32669), (0.16638, -0.22541, 0.26148), (-0.34720, -0.23695, -0.09544), (0.30075, -0.23421, -0.15187), (-0.11192, -0.24603, 0.29086), (-0.13169, -0.25810, -0.34101), (0.30234, -0.25518, 0.15221), (-0.38157, -0.26753, 0.10539), (0.19662, -0.26440, -0.30983), (0.07256, -0.27703, 0.42169), (-0.31258, -0.28991, -0.24487), (0.46051, -0.28659, -0.03291), (-0.29660, -0.29976, 0.30982), (0.01379, -0.31318, -0.49711), (0.30081, -0.30967, 0.35130), (-0.42173, -0.32337, -0.05376), (0.40836, -0.33733, -0.28484), (-0.10265, -0.33363, 0.44673), (-0.26123, -0.34786, -0.46703), (0.46757, -0.34396, 0.15752), (-0.52646, -0.35847, 0.22939), (0.21815, -0.37324, -0.48329), (0.18880, -0.36915, 0.58567), (-0.49290, -0.38419, -0.28423), (0.64357, -0.39950, -0.13905), (-0.35529, -0.39522, 0.49542), (-0.06331, -0.41080, -0.55431), (0.48987, -0.42664, 0.43071), (-0.59796, -0.42217, 0.00876), (0.50971, -0.43829, -0.47534), (-0.05397, -0.43361, 0.63781), (-0.45093, -0.45000, -0.59139), (0.67268, -0.46666, 0.12483), (-0.67468, -0.46179, 0.41586), (0.20362, -0.47872, -0.70134), (0.36943, -0.49591, 0.75837), (-0.72253, -0.49085, -0.28995), (0.66603, -0.50832, -0.24632), (-0.38329, -0.50305, 0.73499), (-0.19122, -0.52080, -0.73307), (0.73747, -0.53880, 0.48292), (-0.79739, -0.53335, 0.12549), (0.58792, -0.55162, -0.72876), (0.04896, -0.57016, 0.85761), (-0.70773, -0.56452, -0.69720), (0.91222, -0.58333, 0.03837), (-0.80949, -0.60241, 0.67333), (0.13632, -0.59658, -0.95969), (0.49415, -0.61593, 0.73049), (-0.99845, -0.60989, -0.24452), (0.82446, -0.62952, -0.44580), (-0.36237, -0.64940, 1.02689), (-0.38434, -0.64317, -0.91768), (1.04343, -0.66334, 0.48908), (-1.00856, -0.68376, 0.30928), (0.62360, -0.67734, -1.04653), (0.22032, -0.69804, 1.09538), (-1.03472, -0.71900, -0.76470), (1.17633, -0.71239, -0.11733), (-0.72028, -0.73363, 0.79597), (-0.00043, -0.72681, -1.24952), (0.76360, -0.74832, 0.84267), (-1.31300, -0.77009, -0.13005), (0.96725, -0.76309, -0.71587), (-0.27352, -0.78514, 1.36477), (-0.65190, -0.80744, -1.09230), (1.40287, -0.80025, 0.42914), (-1.21594, -0.82283, 0.57096), (0.59580, -0.81544, -1.42534), (0.47254, -0.83830, 1.33613), (-1.13072, -0.86141, -0.61039), (1.45068, -0.85383, -0.35634), (-0.75983, -0.87722, 1.12491), (-0.22231, -0.90087, -1.55730), (1.10208, -0.89310, 0.91541), (-1.65364, -0.91703, 0.07070), (1.07538, -0.94122, -1.06084), (-0.09798, -0.93325, 1.73725), (-0.99995, -0.95772, -1.23776), (1.80571, -0.94955, 0.28291), (-1.40036, -0.97429, 0.91839), (0.38176, -0.99929, -1.46766), (0.81533, -0.99093, 1.56081), (-1.49950, -1.01621, -0.55340), (1.71654, -1.04175, -0.69022), (-0.73603, -1.03320, 1.51359), (-0.54281, -1.05901, -1.86483), (1.50795, -1.08508, 0.92803)],
                194: [(1.22047, -1.33950, 1.70488), (-2.38225, -1.36909, -0.51682), (1.90814, -1.39895, -1.09818), (-0.78483, -1.38856, 2.42747), (-0.94847, -1.41869, -2.10599), (2.44503, -1.44908, 1.06785), (-2.29507, -1.43849, 0.77099), (1.36323, -1.46916, -2.43231), (0.56581, -1.50009, 2.47190), (-2.38693, -1.48932, -1.66795), (2.63291, -1.52052, -0.33339), (-1.55564, -1.50954, 1.81362), (-0.07461, -1.54102, -2.77444), (1.73087, -1.57276, 1.81111), (-2.89287, -1.56159, -0.20918), (2.06733, -1.59361, -1.61669), (-0.51618, -1.62588, 2.98461), (-1.46992, -1.61452, -2.32072), (3.04618, -1.64707, 0.84411), (-2.56745, -1.67988, 1.28981), (1.19024, -1.66834, -3.07426), (1.07602, -1.70142, 2.80353), (-2.41118, -1.68967, -1.22013), (3.02476, -1.72304, -0.82868), (-1.52101, -1.75666, 2.38595), (-0.54839, -1.74472, -3.22689), (2.32660, -1.77861, 1.83041), (-3.40559, -1.81277, 0.23627), (-0.00838, -0.00100, -0.02359), (0.02225, -0.00268, 0.01197), (-0.02486, -0.00463, 0.00614), (0.01469, -0.00594, -0.02182), (0.00384, -0.00816, 0.02662), (-0.02117, -0.00926, -0.01753), (0.02893, -0.01176, -0.00128), (-0.02109, -0.01451, 0.02086), (0.00175, -0.01543, -0.03177), (0.02052, -0.01846, 0.02532), (-0.03513, -0.02175, -0.00545), (0.03034, -0.02248, -0.01996), (-0.01006, -0.02605, 0.03890), (-0.01898, -0.02657, -0.03621), (0.04296, -0.03041, 0.01579), (-0.04298, -0.03451, 0.01735), (0.02028, -0.03484, -0.04185), (0.01481, -0.03922, 0.05063), (-0.04488, -0.04386, -0.02753), (0.05911, -0.04400, -0.01110), (-0.03611, -0.04892, 0.04757), (-0.00592, -0.05409, -0.06831), (0.04966, -0.05405, 0.04611), (-0.07806, -0.05950, -0.00098), (0.05759, -0.05924, -0.05085), (-0.00988, -0.06497, 0.08815), (-0.05083, -0.07096, -0.07056), (0.08251, -0.07051, 0.01765), (-0.08497, -0.07678, 0.04923), (0.02895, -0.08330, -0.09046), (0.04572, -0.08267, 0.10071), (-0.09790, -0.08946, -0.04241), (0.11763, -0.09652, -0.03990), (-0.05814, -0.09570, 0.10445), (-0.03143, -0.10304, -0.13548), (0.10973, -0.10201, 0.07620), (-0.15395, -0.10962, 0.01995), (0.09660, -0.11749, -0.11329), (0.00421, -0.11627, 0.14119), (-0.11467, -0.12442, -0.11928), (0.15644, -0.13282, 0.01085), (-0.14411, -0.13142, 0.11338), (0.02909, -0.14010, -0.17120), (0.10894, -0.13849, 0.17088), (-0.18500, -0.14745, -0.05068), (0.19930, -0.15667, -0.10086), (-0.07572, -0.15487, 0.19731), (-0.08866, -0.16436, -0.22899), (0.20756, -0.17411, 0.10426), (-0.20941, -0.17212, 0.05803), (0.13627, -0.18215, -0.21515), (0.04062, -0.19244, 0.23483), (-0.21945, -0.19026, -0.17160), (0.26010, -0.20083, -0.01881), (-0.21006, -0.19844, 0.21980), (0.00765, -0.20928, -0.28463), (0.21557, -0.22038, 0.25131), (-0.30776, -0.21781, -0.03896), (0.29493, -0.22919, -0.20610), (-0.07525, -0.24082, 0.32880), (-0.15288, -0.23806, -0.27277), (0.34696, -0.24997, 0.11655), (-0.31125, -0.26215, 0.13594), (0.16277, -0.25919, -0.36144), (0.11328, -0.27164, 0.35035), (-0.37141, -0.26848, -0.21374), (0.38939, -0.28121, -0.08449), (-0.26916, -0.29419, 0.37601), (-0.04921, -0.29085, -0.42757), (0.29757, -0.30411, 0.26117), (-0.46405, -0.31763, 0.00720), (0.31243, -0.31409, -0.29187), (-0.04169, -0.32789, 0.49788), (-0.27980, -0.32414, -0.36630), (0.52807, -0.33822, 0.09752), (-0.42210, -0.35255, 0.26068), (0.16019, -0.34862, -0.55356), (0.23389, -0.36322, 0.47908), (-0.57328, -0.37809, -0.22947), (0.53634, -0.37397, -0.19889), (-0.24174, -0.38911, 0.46455), (-0.15521, -0.40452, -0.59288), (0.47049, -0.40021, 0.30750), (-0.64762, -0.41589, 0.10250), (0.37781, -0.41137, -0.46916), (0.04054, -0.42733, 0.69935), (-0.45963, -0.44354, -0.45200), (0.74681, -0.43884, 0.03076), (-0.52926, -0.45533, 0.44102), (0.11133, -0.47208, -0.78867), (0.41251, -0.46718, 0.60865), (-0.65164, -0.48421, -0.15899), (0.68907, -0.50150, -0.37337), (-0.23780, -0.49641, 0.67576), (-0.32297, -0.51398, -0.76928), (0.69215, -0.50869, 0.32369), (-0.84793, -0.52653, 0.26083), (0.41604, -0.54463, -0.69959), (0.18659, -0.53915, 0.92353), (-0.69689, -0.55752, -0.51409), (0.99453, -0.57616, -0.10007), (-0.61688, -0.57049, 0.68291), (-0.00102, -0.58940, -0.83729), (0.65656, -0.60857, 0.72328), (-0.88639, -0.60271, -0.08701), (0.83198, -0.62216, -0.61688), (-0.18514, -0.61609, 0.92798), (-0.56301, -0.63582, -0.94149), (0.96054, -0.65580, 0.29291), (-1.05019, -0.64955, 0.49425), (0.40969, -0.66981, -0.98251), (0.41007, -0.69032, 1.15627), (-0.99238, -0.68388, -0.53459), (0.99370, -0.70468, -0.24501), (-0.66655, -0.69803, 0.98866), (-0.15428, -0.71910, -1.07401), (0.96998, -0.74043, 0.80425), (-1.14796, -0.73359, 0.05008), (0.94619, -0.75520, -0.93503), (-0.06739, -0.77706, 1.21369), (-0.88266, -0.77004, -1.09063), (1.26929, -0.79218, 0.19773), (-1.23564, -0.81458, 0.81190), (0.34027, -0.80736, -1.31284), (0.57017, -0.83004, 1.08918), (-1.34244, -0.82262, -0.49410), (1.20543, -0.84557, -0.48593), (-0.65803, -0.86879, 1.35619), (-0.38476, -0.86118, -1.31757), (1.35233, -0.88467, 0.83063), (-1.42344, -0.90842, 0.26646), (1.01019, -0.90062, -1.32916), (0.13109, -0.92464, 1.52081), (-1.28516, -0.94893, -1.19473), (1.60734, -0.94094, 0.02103), (-1.09142, -0.96550, 0.96263), (0.18929, -0.95730, -1.68069), (0.89639, -0.98214, 1.24581), (-1.73849, -1.00724, -0.37277), (1.39958, -0.99885, -0.80999), (-0.57024, -1.02423, 1.77840), (-0.70274, -1.04986, -1.55036), (1.79816, -1.04128, 0.78017), (-1.69562, -1.06719, 0.57418), (1.00069, -1.05841, -1.79561), (0.42416, -1.08460, 1.83269), (-1.39687, -1.11104, -0.97110), (1.95880, -1.10207, -0.25283), (-1.16241, -1.12880, 1.36181), (-0.06069, -1.15578, -2.07109), (1.30400, -1.14662, 1.35788), (-2.16670, -1.17387, -0.15142), (1.55502, -1.20139, -1.22211), (-0.38231, -1.19204, 2.24276), (-1.11508, -1.21983, -1.75113), (2.29644, -1.21028, 0.63039), (-1.94327, -1.23835, 0.98212), (0.70593, -1.26668, -1.83649), (0.82277, -1.25693, 2.12833), (-1.84645, -1.28554, -0.92877), (2.30305, -1.31440, -0.63693), (-1.16175, -1.30447, 1.83212), (-0.42487, -1.33361, -2.46406), (1.79147, -1.36301, 1.40242)],
                196: [(1.27467, -1.64571, 2.28526), (-2.87919, -1.67863, -0.97378), (2.51413, -1.71181, -1.09191), (-1.30901, -1.70003, 2.89074), (-0.87697, -1.73349, -2.73152), (2.86616, -1.76721, 1.65736), (-2.93335, -1.75525, 0.63010), (2.01516, -1.78924, -2.80286), (0.02348, -0.00031, 0.00860), (-0.02330, -0.00179, 0.00943), (0.01106, -0.00357, -0.02288), (0.00726, -0.00484, 0.02474), (-0.02264, -0.00689, -0.01386), (0.02665, -0.00921, -0.00503), (-0.01719, -0.01029, 0.02268), (-0.00255, -0.01288, -0.02906), (0.02287, -0.01573, 0.02120), (-0.03197, -0.01662, -0.00037), (0.02604, -0.01975, -0.02303), (-0.00393, -0.02314, 0.03536), (-0.02298, -0.02384, -0.03184), (0.03916, -0.02750, 0.00834), (-0.03501, -0.02799, 0.02033), (0.01380, -0.03193, -0.04325), (0.01891, -0.03613, 0.04156), (-0.04745, -0.03644, -0.02051), (0.04897, -0.04092, -0.01666), (-0.02864, -0.04565, 0.05156), (-0.01332, -0.04577, -0.05719), (0.05532, -0.05078, 0.03834), (-0.06613, -0.05605, 0.00863), (0.04973, -0.05598, -0.05842), (0.00232, -0.06152, 0.07565), (-0.05126, -0.06124, -0.05323), (0.08556, -0.06707, 0.00586), (-0.06552, -0.07315, 0.05164), (0.01616, -0.07268, -0.09558), (0.05060, -0.07904, 0.07921), (-0.10543, -0.08566, -0.02878), (0.09424, -0.08500, -0.04780), (-0.04392, -0.09190, 0.11473), (-0.04288, -0.09103, -0.11047), (0.12307, -0.09820, 0.06169), (-0.12768, -0.10563, 0.03550), (0.06744, -0.10458, -0.10669), (0.02532, -0.11229, 0.14561), (-0.11080, -0.12025, -0.08649), (0.16392, -0.11901, -0.01200), (-0.10777, -0.12725, 0.11297), (0.00474, -0.13576, -0.18219), (0.11274, -0.13433, 0.13120), (-0.19997, -0.14310, -0.02514), (0.15659, -0.14147, -0.10963), (-0.04940, -0.15052, 0.21670), (-0.10318, -0.15984, -0.18371), (0.18734, -0.15801, 0.06275), (-0.21222, -0.16760, 0.09291), (0.08903, -0.17745, -0.19815), (0.07839, -0.17543, 0.24171), (-0.20664, -0.18556, -0.11868), (0.27167, -0.19594, -0.05919), (-0.15163, -0.19374, 0.21221), (-0.03497, -0.20440, -0.30152), (0.21423, -0.20199, 0.18770), (-0.33060, -0.21293, 0.00542), (0.22663, -0.22413, -0.21208), (-0.02379, -0.22152, 0.28713), (-0.20513, -0.23300, -0.26805), (0.30842, -0.24473, 0.05668), (-0.31151, -0.24194, 0.19276), (0.09440, -0.25395, -0.32729), (0.17440, -0.25096, 0.35642), (-0.34298, -0.26324, -0.13694), (0.40211, -0.27579, -0.14951), (-0.18418, -0.27260, 0.35469), (-0.11765, -0.28542, -0.44780), (0.36159, -0.29851, 0.23588), (-0.39307, -0.29513, 0.06256), (0.29168, -0.30849, -0.36285), (0.02525, -0.32211, 0.42905), (-0.35766, -0.31854, -0.35111), (0.46295, -0.33244, 0.01866), (-0.41355, -0.32867, 0.34521), (0.06927, -0.34284, -0.49381), (0.32475, -0.35726, 0.47827), (-0.52066, -0.35331, -0.12655), (0.54439, -0.36801, -0.29559), (-0.19036, -0.38298, 0.54245), (-0.20460, -0.37883, -0.48614), (0.55811, -0.39407, 0.26041), (-0.54085, -0.40957, 0.16689), (0.33628, -0.40523, -0.56659), (0.12063, -0.42101, 0.59439), (-0.56680, -0.41646, -0.41736), (0.64565, -0.43252, -0.06554), (-0.50291, -0.44883, 0.55772), (-0.00145, -0.44410, -0.69345), (0.42569, -0.46069, 0.46813), (-0.73653, -0.47753, -0.07165), (0.54310, -0.47261, -0.40342), (-0.15363, -0.48974, 0.77356), (-0.37129, -0.48461, -0.61967), (0.80320, -0.50201, 0.24417), (-0.69672, -0.51967, 0.32864), (0.34278, -0.51435, -0.82407), (0.27490, -0.53229, 0.77301), (-0.83482, -0.55049, -0.44878), (0.84717, -0.54498, -0.20966), (-0.44331, -0.56345, 0.65878), (-0.13264, -0.58218, -0.91773), (0.65131, -0.57649, 0.53907), (-0.98311, -0.59550, 0.04375), (0.63896, -0.58959, -0.63253), (-0.05693, -0.60888, 1.04167), (-0.60143, -0.62842, -0.74182), (1.09174, -0.62233, 0.16909), (-0.84630, -0.64215, 0.55713), (0.29224, -0.66223, -1.13158), (0.49884, -0.65595, 0.95090), (-0.91516, -0.67631, -0.33593), (1.05399, -0.69692, -0.42595), (-0.45073, -0.69045, 0.93100), (-0.33802, -0.71134, -1.15377), (0.93463, -0.70467, 0.57295), (-1.24835, -0.72584, 0.23481), (0.70147, -0.74726, -0.92464), (0.11631, -0.74040, 1.33570), (-0.89972, -0.76210, -0.83495), (1.41378, -0.78407, 0.01727), (-0.97184, -0.77701, 0.85867), (0.13052, -0.79925, -1.16806), (0.80042, -0.82175, 1.11038), (-1.21601, -0.81451, -0.25963), (1.24864, -0.83728, -0.72409), (-0.40015, -0.82983, 1.25168), (-0.62901, -0.85288, -1.38449), (1.27322, -0.87619, 0.55109), (-1.51567, -0.86856, 0.51471), (0.71123, -0.89214, -1.27884), (0.38102, -0.91599, 1.63978), (-1.26685, -0.90816, -0.87908), (1.38397, -0.93228, -0.17986), (-1.05287, -0.92425, 1.23567), (-0.04443, -0.94865, -1.47211), (1.18386, -0.97331, 1.23063), (-1.54901, -0.96509, -0.10690), (1.41011, -0.99002, -1.11021), (-0.27341, -1.01521, 1.61239), (-1.01370, -1.00680, -1.58886), (1.65995, -1.03227, 0.45411), (-1.76423, -1.05800, 0.89357), (0.64773, -1.04940, -1.68947), (0.59118, -1.07541, 1.52530), (-1.69878, -1.06660, -0.85264), (1.65987, -1.09288, -0.46062), (-1.06693, -1.11943, 1.68585), (-0.30950, -1.11043, -1.78563), (1.64878, -1.13725, 1.28840), (-1.89987, -1.16432, 0.13808), (1.51453, -1.15514, -1.58591), (-0.05304, -1.18249, 1.99982), (-1.49580, -1.21011, -1.74255), (2.08269, -1.20073, 0.26294), (-1.55394, -1.22862, 1.08672), (0.49032, -1.21904, -2.14572), (0.97506, -1.24721, 1.73823), (-2.18621, -1.27563, -0.73353), (1.91768, -1.26586, -0.83837), (-0.99054, -1.29456, 2.20158), (-0.67632, -1.32352, -2.08922), (2.18939, -1.31356, 1.25898), (-2.24967, -1.34280, 0.48892), (1.53608, -1.33264, -2.14743), (0.27657, -1.36215, 2.39573), (-1.63660, -1.39192, -1.43540), (2.52406, -1.38157, -0.04005), (-1.66866, -1.41162, 1.55991), (0.21944, -1.44193, -2.63131), (1.45441, -1.43138, 1.90265), (-2.71416, -1.46197, -0.50027), (2.13409, -1.49281, -1.31899), (-0.80037, -1.48208, 2.76941), (-1.15295, -1.51320, -2.35947), (2.79396, -1.50226, 1.11727), (-2.57510, -1.53366, 0.95593), (1.14313, -1.56532, -2.19855), (0.72804, -1.55419, 2.77712), (-2.17384, -1.58612, -1.41972), (2.96159, -1.61831, -0.46979), (-1.70415, -1.60699, 2.11769), (-0.18221, -1.63946, -3.12453), (2.02814, -1.67219, 1.99310)],
                198: [(0.03539, -0.02173, 0.00239), (-0.03076, -0.02523, 0.02429), (0.00659, -0.02899, -0.03917), (0.02395, -0.02945, 0.03743), (-0.04324, -0.03349, -0.01176), (0.04513, -0.03779, -0.02294), (-0.01812, -0.03807, 0.04745), (-0.02097, -0.04264, -0.05387), (0.05161, -0.04747, 0.02581), (-0.06361, -0.04756, 0.01775), (0.03500, -0.05267, -0.05548), (0.01110, -0.05255, 0.06354), (-0.05878, -0.05794, -0.04580), (0.07276, -0.06358, -0.00539), (-0.05829, -0.06327, 0.06120), (0.00207, -0.06919, -0.08240), (0.06239, -0.07537, 0.07248), (-0.09224, -0.07488, -0.01151), (0.08836, -0.08134, -0.06198), (-0.02316, -0.08805, 0.10201), (-0.05956, -0.08737, -0.10583), (0.11135, -0.09436, 0.03719), (-0.10282, -0.09347, 0.04512), (0.05374, -0.10074, -0.11990), (0.03880, -0.10826, 0.11929), (-0.12723, -0.10718, -0.07292), (0.13655, -0.11499, -0.02988), (-0.09475, -0.12305, 0.13286), (-0.01803, -0.12178, -0.15431), (0.13630, -0.13012, 0.11920), (-0.17220, -0.13872, 0.00297), (0.14616, -0.13726, -0.13702), (-0.01556, -0.14614, 0.18978), (-0.10890, -0.14447, -0.14204), (0.20655, -0.15362, 0.03777), (-0.16771, -0.16304, 0.10398), (0.06382, -0.16118, -0.22197), (0.09556, -0.17087, 0.19487), (-0.23544, -0.18082, -0.09377), (0.22315, -0.17877, -0.08319), (-0.12762, -0.18900, 0.24629), (-0.06647, -0.18675, -0.25211), (0.25386, -0.19725, 0.16529), (-0.28122, -0.20801, 0.04501), (0.16569, -0.20557, -0.20649), (0.01851, -0.21660, 0.30987), (-0.20625, -0.22790, -0.20212), (0.33738, -0.22527, 0.01331), (-0.24114, -0.23684, 0.20165), (0.05060, -0.24867, -0.36300), (0.19208, -0.24586, 0.28235), (-0.38591, -0.25796, -0.09344), (0.32524, -0.25494, -0.17696), (-0.14182, -0.26732, 0.40525), (-0.15576, -0.27996, -0.36920), (0.33521, -0.27675, 0.15605), (-0.41353, -0.28967, 0.12800), (0.20383, -0.30285, -0.34411), (0.09325, -0.29945, 0.45743), (-0.34798, -0.31290, -0.25577), (0.49998, -0.32662, -0.05119), (-0.31145, -0.32303, 0.34600), (-0.00160, -0.33702, -0.54021), (0.33738, -0.33322, 0.37037), (-0.57708, -0.34749, -0.05563), (0.43186, -0.36201, -0.32138), (-0.09583, -0.35803, 0.48475), (-0.29727, -0.37283, -0.49515), (0.50818, -0.38789, 0.15400), (-0.55934, -0.38372, 0.26443), (0.21836, -0.39905, -0.52625), (0.22231, -0.39467, 0.62339), (-0.53792, -0.41029, -0.28857), (0.68618, -0.42616, -0.17045), (-0.36414, -0.42159, 0.54215), (-0.10855, -0.43774, -0.74645), (0.53792, -0.45415, 0.44443), (-0.63740, -0.44939, 0.02892), (0.52865, -0.46608, -0.52424), (-0.03663, -0.48302, 0.68110), (-0.50019, -0.47807, -0.61584), (0.71968, -0.49529, 0.11083), (-0.70490, -0.49014, 0.46493), (0.19347, -0.50764, -0.75186), (0.41770, -0.52539, 0.79455), (-0.77630, -0.52005, -0.28419), (0.88340, -0.53808, -0.35791), (-0.38243, -0.55638, 0.79169), (-0.22606, -0.55084, -0.76915), (0.79671, -0.56941, 0.48744), (-0.83851, -0.58824, 0.15848), (0.59830, -0.58252, -0.79008), (0.07949, -0.60162, 0.90377), (-0.77061, -0.59569, -0.71388), (0.96338, -0.61508, 0.01093), (-0.83287, -0.63472, 0.73717), (0.11260, -0.62860, -1.01573), (0.54314, -0.64852, 0.75209), (-1.05915, -0.66869, -0.22517), (0.85181, -0.66239, -0.49496), (-0.34805, -0.68284, 1.09199), (-0.43307, -0.67633, -0.95102), (1.11258, -0.69705, 0.48041), (-1.04809, -0.71804, 0.35695), (0.62123, -0.71134, -1.11930), (0.26622, -0.73261, 1.14123), (-1.11059, -0.75413, -0.76922), (1.22857, -0.74724, -0.16076), (-0.72743, -0.76904, 0.85523), (-0.04062, -0.79110, -1.30812), (0.82483, -0.78402, 0.85591), (-1.37786, -0.80635, -0.09388), (0.98704, -0.79907, -0.77852), (-0.24216, -0.82168, 1.43571), (-0.71533, -0.84455, -1.11905), (1.47961, -0.83708, 0.40339), (-1.24999, -0.86022, 0.63448), (0.57646, -0.88363, -1.50752), (0.53538, -0.87597, 1.37775), (-1.19588, -0.89965, -0.59892), (1.50009, -0.92359, -0.41768), (-0.75425, -0.91574, 1.19408), (-0.28131, -0.93996, -1.61463), (1.17479, -0.93190, 0.91636), (-1.71892, -0.95640, 0.12644), (1.08349, -0.98115, -1.13653), (-0.04644, -0.97290, 1.81044), (-1.07799, -0.99793, -1.25361), (1.88665, -1.02322, 0.23652), (-1.42449, -1.01478, 0.99804), (0.34886, -1.04035, -1.53284), (0.89580, -1.06618, 1.59368), (-1.57077, -1.05755, -0.52551), (1.75854, -1.08365, -0.77062), (-0.71400, -1.07482, 1.59064), (-0.62218, -1.10120, -1.91628), (1.59038, -1.12784, 0.91268), (-2.06399, -1.11881, 0.45045), (1.11959, -1.14573, -1.56807), (0.25576, -1.17290, 2.19864), (-1.52195, -1.16369, -1.33250), (1.82634, -1.19114, -0.03057), (-1.54888, -1.18172, 1.45048), (0.15797, -1.20945, -1.91434), (1.35236, -1.23744, 1.76595), (-1.98503, -1.22783, -0.36408), (1.98069, -1.25609, -1.22657), (-0.58642, -1.28462, 2.03576), (-1.07244, -1.27482, -2.18987), (2.06394, -1.30362, 0.82326), (-2.39007, -1.33268, 0.88962), (1.07251, -1.32269, -2.06714), (0.53464, -1.35202, 2.03216), (-2.04305, -1.34183, -1.33176), (2.17844, -1.37144, -0.34751), (-1.59823, -1.40131, 1.98961), (-0.13672, -1.39093, -2.30984), (1.90500, -1.42108, 1.86882), (-2.42311, -1.45148, -0.09685), (2.14015, -1.44091, -1.78773), (-0.35190, -1.47159, 2.51504), (-1.63664, -1.50254, -2.40853), (2.58243, -1.49178, 0.62672), (-2.10553, -1.52299, 1.14419), (0.91919, -1.51203, -2.62221), (0.97520, -1.54352, 2.31490), (-2.63149, -1.57528, -1.22673), (2.51369, -1.56412, -0.77659), (-1.54640, -1.59615, 2.60754), (-0.54855, -1.62844, -2.69815), (2.54795, -1.61710, 1.87482), (-2.86445, -1.64966, 0.29175), (2.20826, -1.63811, -2.45060), (0.00733, -1.67095, 3.00873), (-1.82514, -1.70405, -2.00571), (3.12713, -1.69231, 0.30313), (-2.27832, -1.72569, 1.69358), (0.63752, -1.75933, -3.21589), (1.52709, -1.74740, 2.54664), (-3.27138, -1.78131, -0.99324), (2.80653, -1.81549, -1.32501), (0.01639, -0.00105, 0.01894), (-0.02506, -0.00275, -0.00307), (0.02101, -0.00405, -0.01482), (-0.00574, -0.00603, 0.02557), (-0.01317, -0.00826, -0.02326), (0.02650, -0.00938, 0.00878), (-0.02616, -0.01189, 0.01156), (0.01238, -0.01466, -0.02781), (0.00973, -0.01559, 0.02967), (-0.02938, -0.01863, -0.01674), (0.03381, -0.02194, -0.00748)],
                200: [(0.09785, -0.08293, 0.01781), (-0.09874, -0.08976, 0.06134), (0.03070, -0.09685, -0.10714), (0.05743, -0.09593, 0.11685), (-0.11580, -0.10330, -0.04600), (0.13622, -0.11092, -0.05092), (-0.06381, -0.10982, 0.12342), (-0.04142, -0.11772, -0.15656), (0.12956, -0.12588, 0.08420), (-0.17753, -0.12458, 0.02857), (0.10714, -0.13302, -0.13376), (0.00977, -0.13152, 0.16125), (-0.13552, -0.14023, -0.13257), (0.17848, -0.14920, 0.00688), (-0.16033, -0.14751, 0.13431), (0.02702, -0.15676, -0.19513), (0.12963, -0.16627, 0.19019), (-0.21070, -0.16439, -0.05082), (0.22181, -0.17417, -0.12094), (-0.07838, -0.18422, 0.22462), (-0.10776, -0.18215, -0.25479), (0.23628, -0.19247, 0.10975), (-0.23168, -0.19019, 0.07193), (0.14486, -0.20079, -0.24504), (0.05320, -0.21164, 0.25981), (-0.25022, -0.20918, -0.18357), (0.28778, -0.22031, -0.02972), (-0.22566, -0.23170, 0.25113), (-0.00121, -0.22905, -0.31496), (0.24708, -0.24072, 0.27076), (-0.34065, -0.25264, -0.03254), (0.31842, -0.24980, -0.23739), (-0.07165, -0.26200, 0.36409), (-0.17667, -0.25895, -0.29368), (0.38446, -0.27143, 0.11614), (-0.33562, -0.28417, 0.15902), (0.16594, -0.28093, -0.40091), (0.13526, -0.29395, 0.37826), (-0.41255, -0.30722, -0.22085), (0.42087, -0.30380, -0.10494), (-0.28055, -0.31735, 0.41848), (-0.06769, -0.31371, -0.46264), (0.41780, -0.32754, 0.34458), (-0.50263, -0.34163, 0.02325), (0.32785, -0.33780, -0.32568), (-0.02856, -0.35217, 0.53988), (-0.31387, -0.36679, -0.38576), (0.57332, -0.36278, 0.08778), (-0.44581, -0.37768, 0.29460), (0.15431, -0.39284, -0.60185), (0.26721, -0.38863, 0.50721), (-0.62432, -0.40407, -0.22793), (0.56900, -0.39966, -0.23111), (-0.30826, -0.41537, 0.63956), (-0.18581, -0.43134, -0.63017), (0.51287, -0.42675, 0.31317), (-0.68954, -0.44299, 0.13094), (0.38783, -0.45950, -0.51307), (0.06626, -0.45471, 0.74587), (-0.50468, -0.47150, -0.46671), (0.79783, -0.48854, 0.00835), (-0.54898, -0.48356, 0.48676), (0.09282, -0.50088, -0.84402), (0.45845, -0.49570, 0.63366), (-0.88299, -0.51329, -0.18692), (0.71959, -0.53115, -0.41898), (-0.22995, -0.52578, 0.72365), (-0.36766, -0.54391, -0.80551), (0.74305, -0.56230, 0.32008), (-0.88999, -0.55674, 0.30397), (0.41717, -0.57540, -0.75318), (0.22752, -0.56964, 0.97149), (-0.75279, -0.58858, -0.52042), (1.04837, -0.60778, -0.13811), (-0.62887, -0.60183, 0.74066), (-0.03572, -0.62131, -1.11890), (0.71565, -0.64104, 0.74133), (-0.93530, -0.63490, -0.06291), (0.85646, -0.65491, -0.67674), (-0.16466, -0.67519, 0.98146), (-0.62300, -0.66885, -0.97274), (1.01839, -0.68940, 0.27669), (-1.08845, -0.68286, 0.55368), (0.39834, -0.70369, -1.04445), (0.46820, -0.72477, 1.20177), (-1.05807, -0.71804, -0.52875), (1.31068, -0.73941, -0.36618), (-0.66679, -0.76103, 1.05767), (-0.19586, -0.75411, -1.11839), (1.04180, -0.77601, 0.81116), (-1.19837, -0.79816, 0.08920), (0.96030, -0.79106, -1.00907), (-0.03147, -0.81349, 1.27009), (-0.95828, -0.80618, -1.11243), (1.33159, -0.82888, 0.16575), (-1.26557, -0.85185, 0.88834), (0.31301, -0.84435, -1.38085), (0.62858, -0.86760, 1.11600), (-1.41587, -0.89110, -0.47232), (1.23918, -0.88341, -0.54432), (-0.64249, -0.90719, 1.43469), (-0.44239, -0.89929, -1.35850), (1.43542, -0.92335, 0.82209), (-1.47176, -0.94767, 0.32255), (1.00936, -0.93958, -1.41628), (0.18480, -0.96417, 1.57663), (-1.37566, -0.98902, -1.20230), (1.67069, -0.98075, -0.02942), (-1.10111, -1.00588, 1.03296), (0.14299, -1.03126, -1.75150), (0.96885, -1.02280, 1.26287), (-1.81660, -1.04846, -0.33155), (1.42452, -1.03979, -0.88387), (-0.53505, -1.06573, 1.86353), (-0.77726, -1.09193, -1.58363), (1.88994, -1.08307, 0.75194), (-1.73758, -1.10955, 0.64848), (0.98035, -1.13628, -1.89354), (0.49732, -1.12723, 1.88364), (-1.47406, -1.15425, -0.95903), (2.01894, -1.18152, -0.32387), (-1.15751, -1.17228, 1.44354), (-0.12857, -1.19983, -2.14052), (1.38966, -1.19038, 1.36089), (-2.24541, -1.21820, -0.08779), (1.56666, -1.24629, -1.31100), (-0.32403, -1.23665, 2.33062), (-1.20639, -1.26501, -1.77204), (2.39321, -1.29363, 0.57859), (-1.97404, -1.28381, 1.07497), (0.66900, -1.31270, -1.91384), (0.91617, -1.34186, 2.16947), (-1.93080, -1.33185, -0.89804), (2.35498, -1.36128, -0.72980), (-1.13819, -1.35106, 1.92304), (-0.51607, -1.38077, -2.52708), (1.88843, -1.41073, 1.38700), (-2.68222, -1.40032, 0.27556), (1.64168, -1.43057, -1.82504), (0.00931, -1.46107, 2.81682), (-1.73121, -1.45047, -1.89915), (2.30579, -1.48125, 0.22148), (-2.15603, -1.47045, 1.60560), (0.47030, -1.50150, -2.38326), (1.44722, -1.53282, 2.40869), (-2.43624, -1.52183, -0.73736), (2.65326, -1.55342, -1.25548), (-1.02050, -1.58527, 2.46182), (-1.03020, -1.57409, -2.88572), (2.45725, -1.60621, 1.31710), (-3.10190, -1.63860, 0.77168), (1.62419, -1.62723, -2.41998), (0.37877, -1.65989, 2.59829), (-2.34776, -1.64831, -1.93838), (2.74698, -1.68125, -0.12560), (-2.25595, -1.71445, 2.23867), (0.15352, -1.70268, -2.87337), (2.09116, -1.73616, 2.57285), (-2.97378, -1.76989, -0.45689), (2.88471, -1.75794, -1.90409), (-0.78233, -1.79195, 3.04458), (-0.02500, -0.00036, 0.00051), (0.01828, -0.00184, -0.01725), (-0.00199, -0.00364, 0.02530), (-0.01584, -0.00491, -0.02052), (0.02600, -0.00699, 0.00467), (-0.02331, -0.00932, 0.01456), (0.00769, -0.01041, -0.02709), (0.01323, -0.01302, 0.02676), (-0.02851, -0.01588, -0.01124), (0.03096, -0.01678, -0.01166), (-0.01551, -0.01993, 0.03018), (-0.00960, -0.02062, -0.03595), (0.03196, -0.02404, 0.02066), (-0.03811, -0.02772, 0.00623), (0.02685, -0.02823, -0.03369), (0.00274, -0.03218, 0.04341), (-0.03513, -0.03640, -0.03421), (0.04923, -0.03671, 0.00178), (-0.04282, -0.04121, 0.03605), (0.00754, -0.04596, -0.05543), (0.03614, -0.04608, 0.05276), (-0.06186, -0.05111, -0.01476), (0.06401, -0.05103, -0.03510), (-0.02365, -0.05634, 0.06829), (-0.02775, -0.06190, -0.06517), (0.07446, -0.06163, 0.03436), (-0.07639, -0.06747, 0.02392), (0.04706, -0.07357, -0.08004), (0.01833, -0.07311, 0.08844), (-0.08469, -0.07948, -0.06182), (0.10113, -0.08612, -0.01069)],
                202: [(0.21219, -0.17539, 0.06390), (-0.23505, -0.18555, 0.11163), (0.09268, -0.19597, -0.22446), (0.09599, -0.19366, 0.26770), (-0.23421, -0.20436, -0.12511), (0.30085, -0.21531, -0.07529), (-0.16112, -0.21282, 0.24078), (-0.04915, -0.22405, -0.33387), (0.24353, -0.23554, 0.20049), (-0.36605, -0.23286, 0.01725), (0.24296, -0.24462, -0.24178), (-0.01647, -0.24173, 0.31650), (-0.23486, -0.25377, -0.28813), (0.34017, -0.26607, 0.05178), (-0.33550, -0.26300, 0.22213), (0.09229, -0.27558, -0.36126), (0.20297, -0.28841, 0.38446), (-0.37898, -0.28515, -0.13799), (0.43428, -0.29826, -0.17683), (-0.18874, -0.31163, 0.39246), (-0.14322, -0.30818, -0.48415), (0.40085, -0.32182, 0.24429), (-0.42374, -0.31816, 0.08085), (0.30427, -0.33209, -0.40325), (0.04154, -0.34627, 0.46309), (-0.39881, -0.34242, -0.36817), (0.50029, -0.35688, 0.00480), (-0.43535, -0.37160, 0.38668), (0.05830, -0.36756, -0.53435), (0.36606, -0.38256, 0.50503), (-0.56422, -0.39781, -0.11892), (0.57630, -0.39359, -0.33622), (-0.18654, -0.40912, 0.58882), (-0.23510, -0.40468, -0.51390), (0.60701, -0.42049, 0.26085), (-0.57292, -0.43656, 0.19623), (0.34140, -0.43193, -0.61766), (0.14832, -0.44828, 0.63083), (-0.61966, -0.46488, -0.42759), (0.68648, -0.46007, -0.09104), (-0.51863, -0.47695, 0.61191), (-0.02422, -0.47193, -0.73861), (0.59337, -0.48909, 0.61359), (-0.78591, -0.50650, -0.05217), (0.56321, -0.50129, -0.44583), (-0.13801, -0.51898, 0.82700), (-0.41378, -0.53693, -0.64483), (0.86045, -0.53154, 0.23298), (-0.72714, -0.54976, 0.37068), (0.33658, -0.56825, -0.88483), (0.31594, -0.56266, 0.80886), (-0.89870, -0.58143, -0.44813), (0.88856, -0.57563, -0.24908), (-0.56672, -0.59467, 0.90067), (-0.16981, -0.61397, -0.96470), (0.70358, -0.60799, 0.54684), (-1.03565, -0.62757, 0.07799), (0.65214, -0.64740, -0.68646), (-0.02629, -0.64123, 1.09970), (-0.65652, -0.66134, -0.76079), (1.15508, -0.68171, 0.14276), (-0.87143, -0.67535, 0.61282), (0.27091, -0.69600, -1.20000), (0.55451, -0.68943, 0.98249), (-1.23266, -0.71035, -0.41000), (1.09228, -0.73154, -0.48093), (-0.44204, -0.72478, 0.98938), (-0.39159, -0.74624, -1.19895), (0.99648, -0.76796, 0.56955), (-1.30052, -0.76101, 0.28621), (0.70392, -0.78301, -0.98954), (0.16473, -0.77585, 1.39490), (-0.96717, -0.79812, -0.84381), (1.47995, -0.82066, -0.02736), (-0.98761, -0.81331, 0.92810), (0.12546, -0.83612, -1.55345), (0.87119, -0.85919, 1.13353), (-1.27524, -0.85166, -0.23160), (1.27957, -0.87500, -0.79548), (-0.37668, -0.89860, 1.31625), (-0.70024, -0.89088, -1.42356), (1.34286, -0.91476, 0.53292), (-1.56316, -0.90683, 0.58494), (0.69910, -0.93099, -1.35319), (0.44933, -0.95540, 1.69587), (-1.34545, -0.94729, -0.87369), (1.81911, -0.97198, -0.29344), (-1.05493, -0.99693, 1.31797), (-0.09298, -0.98862, -1.52580), (1.26922, -1.01385, 1.24078), (-1.60980, -1.03934, -0.06153), (1.42897, -1.03084, -1.19790), (-0.23211, -1.05660, 1.68021), (-1.10289, -1.04791, -1.61697), (1.73464, -1.07394, 0.41778), (-1.80207, -1.10024, 0.98336), (0.61725, -1.09135, -1.77075), (0.65967, -1.11793, 1.55828), (-1.78628, -1.14476, -0.82893), (1.70110, -1.13568, -0.52879), (-1.05088, -1.16279, 1.77906), (-0.37648, -1.15351, -1.83538), (1.74712, -1.18089, 1.28087), (-1.95832, -1.20854, 0.20291), (1.51634, -1.19907, -1.68866), (0.00864, -1.22699, 2.06706), (-1.60214, -1.25517, -1.75448), (2.15871, -1.24551, 0.20546), (-1.56707, -1.27396, 1.16913), (0.43811, -1.30268, -2.23038), (1.05967, -1.29283, 1.76019), (-2.27925, -1.32182, -0.68768), (1.94902, -1.31176, -0.92432), (-0.95215, -1.34103, 2.30262), (-0.76265, -1.37056, -2.13043), (2.29792, -1.36032, 1.22912), (-2.30113, -1.39012, 0.57460), (1.51584, -1.42018, -2.26280), (0.36047, -1.40975, 2.45774), (-1.72718, -1.44009, -1.42348), (2.59679, -1.47069, -0.12100), (-1.66539, -1.46006, 1.65552), (0.14268, -1.49094, -2.71480), (1.55427, -1.48011, 1.90889), (-2.80834, -1.51126, -0.42897), (2.15063, -1.54267, -1.42224), (-0.73584, -1.53165, 2.87405), (-1.25859, -1.56334, -2.38703), (2.90870, -1.59529, 1.06081), (-2.61431, -1.58408, 1.06288), (1.10265, -1.61631, -2.28977), (0.83508, -1.64879, 2.82852), (-2.27296, -1.63739, -1.38685), (3.02559, -1.67015, -0.57565), (-1.68002, -1.65855, 2.22415), (-0.28550, -1.69158, -3.20140), (2.14126, -1.72488, 1.97881), (-3.35182, -1.71308, -0.03394), (2.27949, -1.74666, -2.02253), (-0.38072, -1.78049, 3.47276), (-1.86659, -1.76850, -2.57807), (2.80314, -1.80261, 0.59238), (0.00160, -0.00103, 0.02500), (-0.01810, -0.00267, -0.01759), (0.02566, -0.00456, 0.00091), (-0.01998, -0.00581, 0.01685), (0.00363, -0.00798, -0.02683), (0.01569, -0.01041, 0.02286), (-0.02849, -0.01147, -0.00677), (0.02637, -0.01418, -0.01449), (-0.01056, -0.01714, 0.03059), (-0.01305, -0.01801, -0.03057), (0.03081, -0.02126, 0.01419), (-0.03553, -0.02192, 0.01116), (0.01917, -0.02544, -0.03267), (0.00859, -0.02922, 0.04126), (-0.03448, -0.02969, -0.02512), (0.04772, -0.03375, -0.00509), (-0.03218, -0.03806, 0.03605), (-0.00039, -0.03835, -0.05482), (0.03716, -0.04294, 0.04045), (-0.06242, -0.04779, -0.00576), (0.04998, -0.04788, -0.03752), (-0.01171, -0.05301, 0.06057), (-0.03684, -0.05290, -0.06080), (0.06694, -0.05830, 0.01998), (-0.07286, -0.06396, 0.03482), (0.02998, -0.06367, -0.07312), (0.03110, -0.06960, 0.08608), (-0.07883, -0.07580, -0.04187), (0.10031, -0.07532, -0.02536), (-0.05573, -0.08179, 0.08373), (-0.01726, -0.08110, -0.11533), (0.08746, -0.08784, 0.07165), (-0.10833, -0.09485, 0.00537), (0.08962, -0.09397, -0.08961), (-0.00601, -0.10126, 0.12119), (-0.08976, -0.10880, -0.10958), (0.13389, -0.10773, 0.02005), (-0.13141, -0.11555, 0.08746), (0.03694, -0.12363, -0.14606), (0.08226, -0.12237, 0.15491), (-0.15726, -0.13073, -0.05683), (0.17979, -0.12926, -0.07371), (-0.07981, -0.13789, 0.16700), (-0.04988, -0.14679, -0.16713), (0.17474, -0.14513, 0.10592), (-0.18898, -0.15430, 0.03653), (0.13508, -0.16373, -0.17993), (0.01944, -0.16188, 0.21100), (-0.18198, -0.17159, -0.16719), (0.23271, -0.18155, 0.00167)],
                204: [(0.36940, -0.29910, 0.15836), (-0.44555, -0.31259, 0.15304), (0.20956, -0.32633, -0.37992), (0.11647, -0.32264, 0.49342), (-0.38510, -0.33667, -0.26524), (0.53993, -0.35095, -0.07209), (-0.32497, -0.34707, 0.38409), (-0.01966, -0.36163, -0.58404), (0.37607, -0.37644, 0.38820), (-0.62464, -0.37238, -0.04092), (0.45426, -0.38747, -0.36023), (-0.08689, -0.38320, 0.52348), (-0.33582, -0.39857, -0.52233), (0.54972, -0.41420, 0.14833), (-0.59145, -0.40973, 0.30216), (0.21640, -0.42564, -0.57037), (0.25868, -0.44180, 0.66056), (-0.58435, -0.43715, -0.29074), (0.72845, -0.45359, -0.20489), (-0.37087, -0.47030, 0.59055), (-0.14045, -0.46546, -0.79384), (0.58790, -0.48243, 0.45611), (-0.67672, -0.47739, 0.05156), (0.54563, -0.49464, -0.57535), (-0.01669, -0.51215, 0.72449), (-0.55192, -0.50692, -0.63845), (0.76703, -0.52470, 0.09412), (-0.73342, -0.54275, 0.51673), (0.18055, -0.53733, -0.80299), (0.46896, -0.55565, 0.82923), (-0.83098, -0.57424, -0.27559), (0.92441, -0.56862, -0.40798), (-0.37870, -0.58748, 0.84960), (-0.26342, -0.58166, -0.80415), (0.85748, -0.60080, 0.48911), (-0.87875, -0.62020, 0.19419), (0.60586, -0.61419, -0.85326), (0.11295, -0.63386, 0.94929), (-0.83569, -0.65379, -0.72781), (1.01415, -0.64759, -0.01963), (-0.85359, -0.66780, 0.80357), (0.08561, -0.66139, -1.07165), (0.75584, -0.68188, 0.98167), (-1.12007, -0.70262, -0.20241), (0.87709, -0.69603, -0.54633), (-0.33020, -0.71705, 1.15765), (-0.48432, -0.73833, -0.98244), (1.18265, -0.73155, 0.46815), (-1.08588, -0.75310, 0.40742), (0.61521, -0.77492, -1.19337), (0.31522, -0.76794, 1.18555), (-1.18816, -0.79004, -0.77008), (1.27952, -0.78286, -0.20755), (-0.93122, -0.80523, 1.16549), (-0.08442, -0.82785, -1.36572), (0.88763, -0.82049, 0.86623), (-1.44205, -0.84339, -0.05386), (1.00395, -0.86655, -0.84310), (-0.20675, -0.85899, 1.50634), (-0.78106, -0.88243, -1.14299), (1.55643, -0.90613, 0.37342), (-1.28136, -0.89839, 0.70067), (0.55275, -0.92236, -1.59019), (0.60126, -0.91441, 1.41687), (-1.60553, -0.93866, -0.74335), (1.54722, -0.96317, -0.48244), (-0.74507, -0.95503, 1.26386), (-0.34406, -0.97982, -1.66995), (1.24851, -1.00486, 0.91365), (-1.78251, -0.99653, 0.18627), (1.08791, -1.02186, -1.21366), (0.00951, -1.01332, 1.88229), (-1.15790, -1.03892, -1.26579), (1.96663, -1.06478, 0.18545), (-1.44500, -1.05605, 1.08002), (0.39748, -1.08219, -2.03291), (0.97903, -1.10858, 1.62304), (-1.64147, -1.09967, -0.49369), (1.79720, -1.12634, -0.85424), (-0.68783, -1.15327, 1.66752), (-0.70523, -1.14416, -1.96461), (1.67306, -1.17137, 0.89302), (-2.12226, -1.16206, 0.53190), (1.10731, -1.18954, -1.65608), (0.33452, -1.21728, 2.26702), (-1.61470, -1.20778, -1.32842), (2.39571, -1.23580, -0.11372), (-1.55379, -1.26408, 1.54727), (0.10226, -1.25439, -1.97870), (1.45239, -1.28294, 1.78059), (-2.05767, -1.31176, -0.31247), (2.00573, -1.30188, -1.32893), (-0.53993, -1.33097, 2.11653), (-1.17612, -1.32089, -2.22591), (2.15261, -1.35025, 0.78294), (-2.43761, -1.37988, 0.99352), (1.03942, -1.36960, -2.16330), (0.61389, -1.39951, 2.07264), (-2.14621, -1.42967, -1.30695), (2.22863, -1.41920, -0.42603), (-1.58271, -1.44964, 2.09913), (-0.21344, -1.43897, -2.37002), (2.02012, -1.46969, 1.86359), (-2.49345, -1.50066, -0.02307), (2.14612, -1.48980, -1.90755), (-0.28226, -1.52105, 2.59556), (-1.76013, -1.55256, -2.42657), (2.67305, -1.54151, 0.56245), (-2.12340, -1.57330, 1.23979), (0.86154, -1.60534, -2.72270), (1.07297, -1.59411, 2.34324), (-2.74146, -1.62643, -1.17698), (2.55311, -1.61499, -0.87546), (-1.50580, -1.64758, 2.72649), (-0.64737, -1.68044, -2.74916), (2.67519, -1.66881, 1.84463), (-2.92744, -1.70194, 0.38927), (2.18968, -1.73534, -2.58530), (0.10221, -1.72351, 3.08395), (-1.93066, -1.75718, -1.99506), (3.21471, -1.79111, 0.21228), (-2.27806, -1.77910, 1.80452), (-0.02022, -0.00038, -0.01471), (0.02498, -0.00179, -0.00268), (-0.01694, -0.00352, 0.01901), (-0.00021, -0.00551, -0.02587), (0.01808, -0.00674, 0.01964), (-0.02721, -0.00900, -0.00249), (0.02298, -0.01153, -0.01728), (-0.00558, -0.01257, 0.02901), (-0.01569, -0.01537, -0.02584), (0.03121, -0.01843, 0.00929), (-0.03002, -0.01928, 0.01438), (0.01380, -0.02261, -0.03373), (0.01265, -0.02325, 0.03491), (-0.03642, -0.02687, -0.01930), (0.04053, -0.03074, -0.01029), (-0.02597, -0.03119, 0.03909), (-0.00706, -0.03534, -0.04686), (0.04153, -0.03975, 0.03396), (-0.05382, -0.04001, 0.00271), (0.03788, -0.04470, -0.03794), (-0.00299, -0.04476, 0.06130), (-0.03854, -0.04972, -0.04696), (0.06912, -0.05494, 0.01029), (-0.05728, -0.05481, 0.03820), (0.01942, -0.06030, -0.07706), (0.03663, -0.06606, 0.06883), (-0.08483, -0.06574, -0.03057), (0.08152, -0.07177, -0.03351), (-0.04392, -0.07806, 0.09210), (-0.02852, -0.07755, -0.09525), (0.08202, -0.08412, 0.04962), (-0.10980, -0.08340, 0.02133), (0.06451, -0.09025, -0.08609), (0.01162, -0.09735, 0.12495), (-0.08876, -0.09645, -0.08140), (0.14037, -0.10383, 0.00089), (-0.10024, -0.11147, 0.08963), (0.01647, -0.11037, -0.15568), (0.08828, -0.11829, 0.12095), (-0.17044, -0.12647, -0.03534), (0.14336, -0.12518, -0.08427), (-0.04697, -0.13363, 0.14997), (-0.07717, -0.13214, -0.16722), (0.16003, -0.14087, 0.06815), (-0.19223, -0.14986, 0.06655), (0.09234, -0.14818, -0.16837), (0.05201, -0.15744, 0.21797), (-0.17446, -0.16697, -0.11954), (0.24399, -0.16510, -0.03317), (-0.14964, -0.17490, 0.17774), (-0.00973, -0.17282, -0.26971), (0.17763, -0.18290, 0.18248), (-0.23717, -0.19323, -0.01496), (0.21777, -0.19097, -0.17355), (-0.04195, -0.20158, 0.25658), (-0.16493, -0.21245, -0.25517), (0.27419, -0.21000, 0.07327), (-0.29420, -0.22115, 0.15120), (0.10897, -0.23255, -0.28933), (0.13185, -0.22991, 0.33432), (-0.30128, -0.24159, -0.14900), (0.37485, -0.23874, -0.10641), (-0.19320, -0.25070, 0.30929), (-0.05960, -0.26292, -0.33218), (0.31261, -0.25988, 0.24132), (-0.36475, -0.27238, 0.02867), (0.29299, -0.28514, -0.31045), (-0.00816, -0.28191, 0.39584), (-0.30207, -0.29494, -0.34772), (0.42462, -0.30823, 0.05106)],
                206: [(0.55655, -0.45406, 0.31681), (-0.73114, -0.47087, 0.16224), (0.39585, -0.48795, -0.55852), (0.09497, -0.48287, 0.79232), (-0.55152, -0.50022, -0.47948), (0.84904, -0.51783, -0.01718), (-0.56685, -0.51257, 0.53456), (0.07109, -0.53046, -0.89986), (0.50672, -0.54860, 0.65693), (-0.94324, -0.54315, -0.16961), (0.74853, -0.56157, -0.46716), (-0.21950, -0.55591, 0.77209), (-0.41517, -0.57461, -0.84033), (0.79478, -0.59357, 0.31381), (-0.93085, -0.58772, 0.35018), (0.41560, -0.60696, -0.80790), (0.27175, -0.62645, 1.01848), (-0.81012, -0.62041, -0.52406), (1.10153, -0.64018, -0.17966), (-0.63818, -0.66021, 0.80016), (-0.07386, -0.65398, -1.17818), (0.77683, -0.67429, 0.75677), (-0.98382, -0.66786, -0.03589), (0.87844, -0.68844, -0.73901), (-0.14111, -0.70928, 1.03482), (-0.68574, -0.70266, -1.00162), (1.07641, -0.72378, 0.25726), (-1.12454, -0.74515, 0.61619), (0.38368, -0.73834, -1.10690), (0.52973, -0.76000, 1.24529), (-1.12461, -0.78191, -0.51950), (1.36182, -0.77491, -0.42593), (-0.66359, -0.79710, 1.12791), (-0.24032, -0.78989, -1.16131), (1.11523, -0.81236, 0.81462), (-1.24755, -0.83508, 0.13147), (0.97099, -0.82769, -1.08513), (0.00785, -0.85069, 1.32555), (-1.03631, -0.87395, -1.13089), (1.39325, -0.86636, 0.13015), (-1.29228, -0.88990, 0.96763), (0.28191, -0.88211, -1.44856), (0.87814, -0.90592, 1.45292), (-1.48938, -0.93000, -0.44653), (1.27039, -0.92202, -0.60520), (-0.62282, -0.94636, 1.51366), (-0.50288, -0.97097, -1.39707), (1.51942, -0.96280, 0.80931), (-1.51792, -0.98769, 0.38184), (1.00424, -1.01283, -1.50477), (0.24205, -1.00447, 1.63054), (-1.46801, -1.02989, -1.20558), (1.73243, -1.02133, -0.08375), (-1.41103, -1.04703, 1.40757), (0.09252, -1.07298, -1.82104), (1.04304, -1.06423, 1.27646), (-1.89382, -1.09046, -0.28590), (1.44604, -1.11695, -0.95992), (-0.49518, -1.10801, 1.94820), (-0.85438, -1.13478, -1.61358), (1.98171, -1.16180, 0.71882), (-1.77639, -1.15267, 0.72582), (0.95496, -1.17998, -1.99196), (0.57396, -1.17064, 1.93164), (-1.97672, -1.19822, -1.20137), (2.07639, -1.22606, -0.39881), (-1.14842, -1.21653, 1.52590), (-0.20075, -1.24465, -2.20758), (1.47642, -1.27302, 1.35964), (-2.32211, -1.26331, -0.01946), (1.57401, -1.29196, -1.40149), (-0.26070, -1.28204, 2.41689), (-1.29982, -1.31096, -1.78869), (2.48885, -1.34015, 0.52143), (-2.00064, -1.33004, 1.17045), (0.79972, -1.35950, -2.53501), (1.01272, -1.38922, 2.20658), (-2.01445, -1.37892, -0.86277), (2.40307, -1.40892, -0.82636), (-1.10987, -1.43918, 2.01374), (-0.61146, -1.42869, -2.58652), (1.98567, -1.45923, 1.36663), (-2.75328, -1.44853, 0.36856), (1.63025, -1.47934, -1.92820), (0.09863, -1.51041, 2.89961), (-1.83955, -1.49953, -1.89760), (3.02181, -1.53087, 0.19690), (-2.16524, -1.56248, 1.71823), (0.40744, -1.55141, -2.46002), (1.56315, -1.58329, 2.42948), (-2.52253, -1.61543, -0.67971), (2.68637, -1.60417, -1.37358), (-0.96926, -1.63659, 2.55741), (-1.14926, -1.62512, -2.93177), (2.56176, -1.65781, 1.27350), (-3.16142, -1.69076, 0.89036), (1.58945, -1.67911, -2.53290), (0.46943, -1.71234, 2.64799), (-2.46842, -1.74583, -1.91369), (2.80803, -1.73398, -0.21491), (-2.24248, -1.76774, 2.36625), (0.06684, -1.75569, -2.94601), (2.22469, -1.78973, 2.57168), (-0.01384, -0.00120, 0.02087), (-0.00379, -0.00258, -0.02500), (0.01986, -0.00441, 0.01621), (-0.02632, -0.00650, 0.00135), (0.01902, -0.00770, -0.01909), (-0.00132, -0.01006, 0.02751), (-0.01843, -0.01268, -0.02242), (0.02941, -0.01369, 0.00435), (-0.02653, -0.01659, 0.01772), (0.00795, -0.01739, -0.03168), (0.01677, -0.02057, 0.03145), (-0.03425, -0.02400, -0.01231), (0.03725, -0.02462, -0.01535), (-0.01760, -0.02833, 0.03700), (-0.01320, -0.03230, -0.04395), (0.03976, -0.03272, 0.02400), (-0.04571, -0.03697, 0.00892), (0.03165, -0.04148, -0.04232), (0.00493, -0.04171, 0.05248), (-0.04443, -0.04649, -0.04067), (0.05978, -0.04652, 0.00033), (-0.05114, -0.05158, 0.04581), (0.00707, -0.05690, -0.06745), (0.04613, -0.05674, 0.06309), (-0.07528, -0.06233, -0.01554), (0.07649, -0.06819, -0.04505), (-0.02593, -0.06784, 0.08303), (-0.03541, -0.07397, -0.07656), (0.09040, -0.08036, 0.03840), (-0.08969, -0.07982, 0.03114), (0.05310, -0.08649, -0.09702), (0.02484, -0.08574, 0.10370), (-0.10251, -0.09268, -0.07011), (0.11836, -0.09989, -0.01620), (-0.08945, -0.09895, 0.10644), (-0.00493, -0.10643, -0.13339), (0.10834, -0.11417, 0.11110), (-0.14846, -0.11304, -0.00923), (0.11022, -0.12106, -0.08800), (-0.02653, -0.11973, 0.16314), (-0.08511, -0.12802, -0.13142), (0.17699, -0.13657, 0.04713), (-0.15413, -0.13505, 0.07938), (0.07118, -0.14388, -0.18949), (0.07041, -0.15296, 0.17808), (-0.20006, -0.15125, -0.09872), (0.20290, -0.16062, -0.05779), (-0.12974, -0.17024, 0.20811), (-0.04114, -0.16834, -0.22819), (0.17173, -0.17824, 0.13233), (-0.25342, -0.17613, 0.02014), (0.16304, -0.18631, -0.17306), (-0.00549, -0.19674, 0.27802), (-0.17079, -0.19445, -0.19626), (0.30134, -0.20516, 0.03597), (-0.23168, -0.21613, 0.16437), (0.07144, -0.21365, -0.32267), (0.15324, -0.22489, 0.26890), (-0.34125, -0.23640, -0.11193), (0.30742, -0.23372, -0.13688), (-0.12600, -0.24551, 0.28519), (-0.11482, -0.24263, -0.34664), (0.29472, -0.25469, 0.16683), (-0.38589, -0.26700, 0.08661), (0.21159, -0.26394, -0.30007), (0.05191, -0.27653, 0.42438), (-0.30048, -0.28938, -0.25996), (0.46126, -0.28613, -0.01044), (-0.31155, -0.29926, 0.29523), (0.03795, -0.29579, -0.49557), (0.28357, -0.30920, 0.36580), (-0.41960, -0.32286, -0.07440), (0.42208, -0.31921, -0.26484), (-0.12457, -0.33315, 0.44223), (-0.23839, -0.34735, -0.47960), (0.46041, -0.34351, 0.18050), (-0.53747, -0.35799, 0.20368), (0.24197, -0.37273, -0.47318), (0.16022, -0.36870, 0.59470), (-0.47957, -0.38371, -0.30859), (0.65019, -0.37947, -0.10766), (-0.37984, -0.39476, 0.47861), (-0.03639, -0.41031, -0.55886), (0.46937, -0.40589, 0.45505), (-0.59990, -0.42171, -0.02043), (0.53341, -0.43779, -0.45095), (-0.08526, -0.43318, 0.63673), (-0.42252, -0.44954, -0.61397), (0.66818, -0.46616, 0.15799)],
                208: [(0.75716, -0.64027, 0.55206), (-1.08755, -0.66041, 0.11556), (0.66279, -0.68081, -0.74201), (0.00786, -0.67435, 1.15738), (-0.71355, -0.69503, -0.77731), (1.21841, -0.71597, 0.11275), (-0.89419, -0.70932, 0.67077), (0.24577, -0.73054, -1.26876), (0.61277, -0.75201, 1.01184), (-1.30654, -0.74517, -0.39047), (1.12851, -0.76692, -0.53882), (-0.43023, -0.75988, 1.04820), (-0.44838, -0.78191, -1.24227), (1.05911, -0.80419, 0.56294), (-1.35108, -0.79696, 0.34113), (0.70313, -0.81952, -1.05558), (0.21696, -0.84234, 1.45278), (-1.03614, -0.83492, -0.84940), (1.54513, -0.85802, -0.07605), (-1.00015, -0.88137, 0.99943), (0.08118, -0.87376, -1.62583), (0.94425, -0.89740, 1.15352), (-1.33383, -0.88958, -0.20017), (1.30747, -0.91349, -0.86957), (-0.34961, -0.93766, 1.38052), (-0.77456, -0.92965, -1.45976), (1.41256, -0.95410, 0.51098), (-1.60797, -0.97880, 0.65865), (0.68306, -0.97061, -1.42799), (0.52151, -0.99559, 1.74955), (-1.42492, -1.02083, -0.86431), (1.88180, -1.01245, -0.36314), (-1.05294, -1.03796, 1.40158), (-0.14486, -1.02937, -1.57767), (1.35635, -1.05517, 1.24688), (-1.66906, -1.08122, -0.01253), (1.44381, -1.07244, -1.28782), (-0.18688, -1.09877, 1.74683), (-1.19480, -1.12536, -1.64115), (1.80849, -1.11639, 0.37724), (-1.83612, -1.14325, 1.07635), (0.58234, -1.13408, -1.85160), (0.93186, -1.16122, 2.02573), (-1.87378, -1.18862, -0.80059), (1.73934, -1.17925, -0.59981), (-1.03004, -1.20693, 1.87276), (-0.44672, -1.23487, -1.88233), (1.84645, -1.22531, 1.26844), (-2.01423, -1.25352, 0.27142), (1.51321, -1.28200, -1.79294), (0.07438, -1.27225, 2.13206), (-1.71056, -1.30100, -1.76146), (2.23283, -1.29105, 0.14353), (-2.01004, -1.32008, 1.59794), (0.38111, -1.34936, -2.31354), (1.14625, -1.33922, 1.77812), (-2.37125, -1.36878, -0.63673), (1.97641, -1.39860, -1.01274), (-0.90838, -1.38828, 2.40311), (-0.85196, -1.41837, -2.16781), (2.40644, -1.44873, 1.19368), (-2.34896, -1.43821, 0.66376), (1.48982, -1.46884, -2.37875), (0.44836, -1.45812, 2.51636), (-2.31778, -1.48903, -1.79367), (2.66644, -1.52020, -0.20641), (-1.65733, -1.50928, 1.75186), (0.06099, -1.54073, -2.79560), (1.65542, -1.57243, 1.91025), (-2.90026, -1.56133, -0.35230), (2.16227, -1.59331, -1.52735), (-0.66554, -1.58200, 2.97692), (-1.36668, -1.61426, -2.40973), (3.02220, -1.64677, 0.99823), (-2.64877, -1.63528, 1.17286), (1.34747, -1.66807, -3.03294), (0.94577, -1.70112, 2.87534), (-2.37133, -1.68943, -1.34879), (3.08526, -1.72276, -0.68574), (-1.65046, -1.75635, 2.33042), (-0.39361, -1.74447, -3.27427), (2.25477, -1.77833, 1.95888), (-3.43810, -1.76625, 0.07074), (-0.00721, -0.00040, -0.02394), (0.02154, -0.00205, 0.01298), (-0.02497, -0.00341, 0.00489), (0.01558, -0.00533, -0.02086), (0.00251, -0.00752, 0.02648), (-0.02006, -0.00869, -0.01833), (0.02852, -0.01115, 0.00013), (-0.02176, -0.01387, 0.01952), (0.00323, -0.01485, -0.03109), (0.01894, -0.01785, 0.02585), (-0.03415, -0.01862, -0.00702), (0.03071, -0.02189, -0.01813), (-0.01170, -0.02543, 0.03759), (-0.01688, -0.02601, -0.03641), (0.03734, -0.02982, 0.01582), (-0.04296, -0.03389, 0.01496), (0.02192, -0.03428, -0.04014), (0.01211, -0.03863, 0.05036), (-0.04278, -0.03882, -0.02920), (0.05853, -0.04344, -0.00806), (-0.03778, -0.04832, 0.04504), (-0.00255, -0.04832, -0.06736), (0.04665, -0.05348, 0.04775), (-0.07667, -0.05889, -0.00470), (0.05915, -0.05871, -0.04731), (-0.01180, -0.06440, 0.07296), (-0.04670, -0.07035, -0.07197), (0.08062, -0.06997, 0.02139), (-0.08617, -0.07620, 0.04447), (0.03297, -0.07562, -0.08800), (0.04028, -0.08212, 0.10161), (-0.09476, -0.08888, -0.04666), (0.11811, -0.08811, -0.03375), (-0.06257, -0.09515, 0.10056), (-0.02454, -0.10245, -0.13543), (0.10497, -0.10149, 0.08074), (-0.12565, -0.10906, 0.01010), (0.10117, -0.11690, -0.10758), (-0.00265, -0.11575, 0.14034), (-0.10790, -0.12386, -0.12378), (0.15482, -0.12250, 0.01834), (-0.14841, -0.13089, 0.10548), (0.03719, -0.13954, -0.16867), (0.09983, -0.13799, 0.17483), (-0.18140, -0.14691, -0.05933), (0.20273, -0.15610, -0.09048), (-0.08485, -0.15436, 0.19250), (-0.06214, -0.16382, -0.18708), (0.20138, -0.17354, 0.11376), (-0.21144, -0.17162, 0.04765), (0.14600, -0.18161, -0.20744), (0.02907, -0.17948, 0.23598), (-0.21007, -0.18975, -0.18142), (0.26016, -0.20028, -0.00612), (-0.21977, -0.19796, 0.20862), (0.02145, -0.20877, -0.28338), (0.20245, -0.21983, 0.26069), (-0.30498, -0.21733, -0.05381), (0.24323, -0.22867, -0.15291), (-0.09103, -0.22595, 0.32425), (-0.13944, -0.23757, -0.27990), (0.34041, -0.24945, 0.13312), (-0.31755, -0.24655, 0.12065), (0.17996, -0.25870, -0.35267), (0.09612, -0.27111, 0.35554), (-0.36018, -0.26802, -0.23132), (0.39317, -0.28071, -0.06545), (-0.28688, -0.29366, 0.36212), (-0.02835, -0.29038, -0.42964), (0.28508, -0.30360, 0.27590), (-0.46407, -0.30011, -0.01540), (0.32693, -0.31362, -0.27688), (-0.06592, -0.32738, 0.49553), (-0.26217, -0.32370, -0.38025), (0.52301, -0.33774, 0.12318), (-0.43517, -0.35204, 0.24031), (0.18706, -0.34817, -0.54546), (0.21072, -0.36274, 0.49088), (-0.56181, -0.37758, -0.25728), (0.54647, -0.37352, -0.17289), (-0.26502, -0.38863, 0.45385), (-0.12642, -0.38437, -0.60092), (0.45656, -0.39975, 0.33120), (-0.65312, -0.41540, 0.07100), (0.40157, -0.41095, -0.45175), (0.00646, -0.42687, 0.70186), (-0.43855, -0.44305, -0.47542), (0.74587, -0.43841, 0.06721), (-0.55191, -0.45486, 0.41609), (0.14987, -0.45002, -0.78382), (0.38362, -0.46675, 0.63003), (-0.64621, -0.48374, -0.19143), (0.70865, -0.47871, -0.34045), (-0.27167, -0.49598, 0.66647), (-0.28602, -0.51351, -0.78650), (0.67863, -0.50828, 0.35861), (-0.86221, -0.52608, 0.21991), (0.45158, -0.54415, -0.68150), (0.14183, -0.53873, 0.93428), (-0.67392, -0.55708, -0.54975), (1.00111, -0.55145, -0.05169), (-0.65210, -0.57007, 0.65479), (0.03997, -0.58895, -0.84115), (0.62310, -0.58314, 0.75745), (-0.88600, -0.60229, -0.13078), (0.86444, -0.62170, -0.57793), (-0.23133, -0.61570, 0.92282), (-0.51851, -0.63539, -0.97153), (0.95009, -0.65534, 0.34110)],
                210: [(0.95182, -0.85773, 0.87347), (-1.50531, -0.88120, -0.00999), (1.01781, -0.90493, -0.90944), (-0.16726, -0.89708, 1.57639), (-0.84894, -0.92109, -1.16395), (1.63306, -0.94536, 0.33916), (-1.30986, -0.93732, 0.76939), (0.52460, -0.96186, -1.67309), (0.67006, -0.98667, 1.45328), (-1.69429, -0.97844, -0.72216), (1.59184, -1.00352, -0.55050), (-0.73222, -0.99509, 1.33403), (-0.41049, -1.02045, -1.72299), (1.32303, -1.04606, 0.90717), (-1.84412, -1.03745, 0.25013), (1.08850, -1.06334, -1.29201), (0.06982, -1.08948, 1.95249), (-1.23947, -1.08068, -1.27413), (2.04537, -1.10710, 0.12969), (-1.46171, -1.13379, 1.16411), (0.34733, -1.12479, -2.11999), (1.06485, -1.15176, 1.64869), (-1.71134, -1.14255, -0.45793), (1.83229, -1.16979, -0.94092), (-0.65748, -1.19729, 1.74396), (-0.79180, -1.18790, -2.00956), (1.75574, -1.21567, 0.86900), (-2.17740, -1.24370, 0.61733), (1.09050, -1.23412, -1.74455), (0.41771, -1.26243, 2.33258), (-1.70840, -1.29100, -1.31971), (2.47180, -1.28123, -0.19351), (-1.55401, -1.31008, 1.64553), (0.04274, -1.30010, -2.04091), (1.55442, -1.32922, 1.79054), (-2.12849, -1.35860, -0.25667), (2.02614, -1.34844, -1.43384), (-0.48892, -1.37810, 2.19589), (-1.28291, -1.40801, -2.25743), (2.24028, -1.39766, 0.73780), (-2.48081, -1.42785, 1.10108), (1.00125, -1.41729, -2.25896), (0.88824, -1.44776, 2.69253), (-2.24938, -1.47849, -1.27683), (2.27538, -1.46774, -0.50782), (-1.56173, -1.49875, 2.20922), (-0.29391, -1.53001, -2.42700), (2.13639, -1.51907, 1.85277), (-2.56087, -1.55061, 0.05492), (2.14646, -1.58241, -2.02913), (-0.20795, -1.57128, 2.67353), (-1.88604, -1.60336, -2.43899), (2.76153, -1.59203, 0.49309), (-2.72629, -1.62438, 1.70609), (0.79841, -1.65699, -2.82152), (1.17302, -1.64547, 2.36699), (-2.85031, -1.67836, -1.12140), (2.58804, -1.71150, -0.97719), (-1.45909, -1.69979, 2.84488), (-0.74963, -1.73322, -2.79584), (2.80250, -1.76690, 1.80807), (-2.98632, -1.75500, 0.49080), (2.16455, -1.78896, -2.72073), (0.20167, -1.77685, 3.15538), (-0.02366, -0.00118, 0.00826), (0.01210, -0.00293, -0.02219), (0.00601, -0.00426, 0.02489), (-0.02171, -0.00628, -0.01479), (0.02657, -0.00856, -0.00368), (-0.01801, -0.00971, 0.02150), (-0.00111, -0.01227, -0.02873), (0.02143, -0.01320, 0.02190), (-0.03138, -0.01604, -0.00190), (0.02661, -0.01913, -0.02132), (-0.00555, -0.01988, 0.03449), (-0.02096, -0.02325, -0.03225), (0.03798, -0.02688, 0.01004), (-0.03535, -0.02744, 0.01828), (0.01559, -0.03134, -0.04172), (0.01658, -0.03551, 0.04171), (-0.04553, -0.03588, -0.02237), (0.04890, -0.04032, -0.01402), (-0.03055, -0.04048, 0.04920), (-0.01035, -0.04520, -0.05684), (0.05246, -0.05018, 0.04028), (-0.06545, -0.05015, 0.00532), (0.05164, -0.05540, -0.05501), (-0.00134, -0.06092, 0.07457), (-0.04800, -0.06070, -0.05497), (0.08399, -0.06649, 0.00988), (-0.06715, -0.07254, 0.04781), (0.02052, -0.07214, -0.09345), (0.04616, -0.07846, 0.08067), (-0.10263, -0.07785, -0.03347), (0.09545, -0.08445, -0.04270), (-0.04888, -0.09131, 0.11117), (-0.03709, -0.09051, -0.11133), (0.09771, -0.09765, 0.05509), (-0.12808, -0.10505, 0.02898), (0.07203, -0.10406, -0.10253), (0.01804, -0.11173, 0.14543), (-0.10574, -0.11054, -0.09116), (0.16301, -0.11848, -0.00398), (-0.11244, -0.12669, 0.10692), (0.01350, -0.12531, -0.18041), (0.10561, -0.13379, 0.13574), (-0.19714, -0.14254, -0.03460), (0.16088, -0.14096, -0.10134), (-0.04813, -0.14998, 0.17201), (-0.09365, -0.15926, -0.18758), (0.18346, -0.15750, 0.07156), (-0.21550, -0.16706, 0.08209), (0.09827, -0.16509, -0.19300), (0.06624, -0.17492, 0.24419), (-0.20007, -0.18501, -0.12825), (0.27315, -0.18286, -0.04572), (-0.16138, -0.19322, 0.20407), (-0.02018, -0.20385, -0.30176), (0.20439, -0.20151, 0.19746), (-0.26389, -0.21241, -0.00853), (0.23621, -0.22357, -0.20040), (-0.03773, -0.22104, 0.28552), (-0.19149, -0.23248, -0.27722), (0.30522, -0.22973, 0.07161), (-0.32000, -0.24145, 0.17708), (0.11021, -0.25342, -0.32226), (0.15661, -0.25049, 0.36395), (-0.33589, -0.26275, -0.15347), (0.40837, -0.27526, -0.12959), (-0.20124, -0.27214, 0.34532), (-0.07619, -0.28492, -0.36061), (0.34972, -0.29797, 0.25323), (-0.39632, -0.29466, 0.04343), (0.30906, -0.30798, -0.34830), (0.00434, -0.30447, 0.43051), (-0.34024, -0.31807, -0.36820), (0.46228, -0.33192, 0.04125), (-0.43001, -0.32822, 0.32478), (0.09338, -0.34236, -0.49070), (0.30120, -0.35675, 0.49370), (-0.51477, -0.35286, -0.15200), (0.44364, -0.36753, -0.21361), (-0.21691, -0.36343, 0.53346), (-0.18129, -0.37837, -0.49714), (0.54571, -0.39358, 0.28777), (-0.55009, -0.38929, 0.14081), (0.36408, -0.40477, -0.55049), (0.09184, -0.42051, 0.60144), (-0.54675, -0.41604, -0.44522), (0.65007, -0.43205, -0.03414), (-0.53037, -0.44833, 0.53349), (0.03240, -0.44367, -0.69479), (0.40425, -0.46022, 0.49054), (-0.73433, -0.45535, -0.10774), (0.56461, -0.47218, -0.37819), (-0.19165, -0.48927, 0.76738), (-0.34217, -0.48420, -0.63978), (0.79261, -0.50157, 0.28378), (-0.71492, -0.51919, 0.29559), (0.38355, -0.51394, -0.80866), (0.23793, -0.53184, 0.78873), (-0.81421, -0.55001, -0.49022), (0.85982, -0.54456, -0.16885), (-0.47751, -0.56300, 0.63999), (-0.08816, -0.55735, -0.92672), (0.62769, -0.57607, 0.57324), (-0.98784, -0.59504, -0.00417), (0.67252, -0.58920, -0.60384), (-0.10797, -0.60845, 1.04155), (-0.56751, -0.62796, -0.77416), (1.08617, -0.62194, 0.22285), (-0.87676, -0.64172, 0.51784), (0.34821, -0.63549, -1.12000), (0.45415, -0.65555, 0.97877), (-0.90347, -0.67587, -0.38251), (1.07853, -0.66945, -0.37590), (-0.49858, -0.69005, 0.91359), (-0.28275, -0.71091, -1.17422), (0.91108, -0.70430, 0.62148), (-1.26392, -0.72543, 0.17454), (0.75000, -0.74682, -0.89460), (0.05137, -0.74002, 1.34562), (-0.86288, -0.76169, -0.88273), (1.41725, -0.75469, 0.08643), (-1.01806, -0.77663, 0.81481), (0.18855, -0.79884, -1.16852), (0.74941, -0.79164, 1.15417), (-1.21015, -0.81412, -0.32069), (1.28908, -0.83686, -0.66590), (-0.46365, -0.82948, 1.23888), (-0.56371, -0.85249, -1.42063), (1.25288, -0.87577, 0.61635)],
                212: [(1.11875, -1.10643, 1.28643), (-1.96987, -1.13323, -0.23580), (1.46398, -1.16029, -1.03793), (-0.45059, -1.15106, 2.03212), (-0.93392, -1.17840, -1.64002), (2.07319, -1.20599, 0.68077), (-1.81181, -1.19657, 0.80604), (0.92444, -1.22444, -2.09059), (0.65393, -1.25257, 1.97645), (-2.08194, -1.24297, -1.17939), (2.13089, -1.27137, -0.47752), (-1.13509, -1.26156, 1.60866), (-0.27714, -1.29024, -2.27197), (1.56406, -1.31918, 1.35403), (-2.39651, -1.30918, 0.05349), (1.57693, -1.33840, -1.49334), (-0.19236, -1.36788, 2.50126), (-1.39513, -1.35769, -1.80091), (2.58305, -1.38744, 0.45890), (-2.02286, -1.41745, 1.26835), (0.74421, -1.40707, -2.63875), (1.11223, -1.43736, 2.23942), (-2.09714, -1.42678, -0.82297), (2.44706, -1.45734, -0.92640), (-1.07675, -1.48817, 2.10392), (-0.71089, -1.47739, -2.64211), (2.08291, -1.50849, 1.34125), (-2.82077, -1.53985, 0.46612), (1.61364, -1.52889, -2.03190), (0.19302, -1.56053, 2.97921), (-1.94898, -1.59242, -1.89075), (3.11357, -1.58127, 0.10706), (-2.16911, -1.61344, 1.83256), (0.34020, -1.60208, -2.53434), (1.68139, -1.63453, 2.44495), (-2.60678, -1.66724, -0.61726), (2.71423, -1.65569, -1.49464), (-0.91285, -1.68868, 2.65141), (-1.27190, -1.72192, -2.97274), (2.66519, -1.71018, 1.22440), (-3.21606, -1.74370, 1.01326), (1.54891, -1.73176, -2.64530), (0.71931, -1.76556, 3.43970), (-2.58917, -1.79961, -1.88298), (0.00873, -0.00041, -0.02343), (0.00931, -0.00200, 0.02336), (-0.02282, -0.00384, -0.01119), (0.02497, -0.00515, -0.00718), (-0.01396, -0.00727, 0.02252), (-0.00497, -0.00964, -0.02714), (0.02245, -0.01076, 0.01721), (-0.02993, -0.01342, 0.00246), (0.02110, -0.01433, -0.02251), (-0.00057, -0.01726, 0.03333), (-0.02253, -0.02045, -0.02575), (0.03464, -0.02117, 0.00404), (-0.03130, -0.02464, 0.02233), (0.00834, -0.02836, -0.03813), (0.02167, -0.02889, 0.03780), (-0.04187, -0.03290, -0.01361), (0.04531, -0.03716, -0.02032), (-0.02005, -0.03750, 0.04571), (-0.01798, -0.04204, -0.05381), (0.04945, -0.04218, 0.02782), (-0.06325, -0.04699, 0.01437), (0.03706, -0.05206, -0.05285), (0.00789, -0.05201, 0.06312), (-0.05563, -0.05736, -0.04787), (0.07198, -0.06297, -0.00182), (-0.06032, -0.06273, 0.05746), (0.00600, -0.06862, -0.08119), (0.05800, -0.06817, 0.07442), (-0.09051, -0.07433, -0.01581), (0.09011, -0.08075, -0.05687), (-0.02779, -0.08012, 0.09966), (-0.05369, -0.08681, -0.10731), (0.10829, -0.09377, 0.04213), (-0.10402, -0.09295, 0.03973), (0.05895, -0.10018, -0.11603), (0.03269, -0.10767, 0.12010), (-0.12243, -0.10666, -0.07833), (0.13686, -0.11443, -0.02303), (-0.10027, -0.11320, 0.12703), (-0.01043, -0.12125, -0.15398), (0.12932, -0.12956, 0.12472), (-0.17108, -0.12815, -0.00538), (0.15156, -0.13673, -0.12881), (-0.02464, -0.14557, 0.18771), (-0.10145, -0.14397, -0.14659), (0.20338, -0.15309, 0.04753), (-0.17194, -0.16246, 0.09534), (0.07418, -0.16067, -0.21753), (0.08567, -0.17033, 0.19862), (-0.22954, -0.16833, -0.10463), (0.22624, -0.17826, -0.07201), (-0.13887, -0.18845, 0.23877), (-0.05397, -0.18626, -0.25434), (0.19610, -0.19673, 0.14173), (-0.28236, -0.20745, 0.03119), (0.17539, -0.20508, -0.19800), (0.00339, -0.21608, 0.30968), (-0.19602, -0.21350, -0.21176), (0.33562, -0.22478, 0.02965), (-0.25052, -0.23631, 0.18956), (0.06807, -0.23355, -0.35941), (0.17802, -0.24536, 0.29123), (-0.38024, -0.25743, -0.11192), (0.33335, -0.25447, -0.16086), (-0.12841, -0.26682, 0.31660), (-0.13757, -0.27943, -0.37625), (0.32765, -0.27628, 0.17241), (-0.41921, -0.28917, 0.10770), (0.22064, -0.28581, -0.33424), (0.07087, -0.29897, 0.46139), (-0.33559, -0.31239, -0.27278), (0.50189, -0.30885, -0.02679), (-0.32839, -0.32255, 0.33090), (0.02470, -0.33650, -0.53970), (0.31941, -0.33277, 0.38691), (-0.45569, -0.34700, -0.06645), (0.44764, -0.36149, -0.30041), (-0.11967, -0.35757, 0.48096), (-0.27322, -0.37234, -0.50978), (0.50156, -0.36821, 0.17908), (-0.57239, -0.38326, 0.23724), (0.24442, -0.39856, -0.51649), (0.19198, -0.39425, 0.63441), (-0.52473, -0.40983, -0.31531), (0.69469, -0.42566, -0.13705), (-0.39119, -0.42116, 0.52525), (-0.05722, -0.43727, -0.59593), (0.51707, -0.45365, 0.47139), (-0.64079, -0.44895, -0.00215), (0.55504, -0.46561, -0.49924), (-0.07003, -0.46070, 0.68135), (-0.47087, -0.47763, -0.64116), (0.71634, -0.49482, 0.14632), (-0.72859, -0.48973, 0.43119), (0.23075, -0.50719, -0.74449), (0.37950, -0.52491, 0.81603), (-0.76450, -0.51964, -0.32289), (0.71395, -0.53763, -0.24953), (-0.42210, -0.53215, 0.77505), (-0.18936, -0.55042, -0.78337), (0.77488, -0.56896, 0.52758), (-0.84958, -0.56328, 0.11808), (0.63834, -0.58210, -0.76276), (0.03558, -0.60117, 0.91110), (-0.73753, -0.59530, -0.75319), (0.96638, -0.61465, 0.05809), (-0.87075, -0.63426, 0.69815), (0.16268, -0.62820, -1.01381), (0.50908, -0.64809, 0.78254), (-1.05175, -0.64183, -0.27773), (0.88023, -0.66198, -0.45568), (-0.40258, -0.68240, 1.07857), (-0.38856, -0.67595, -0.97673), (1.09263, -0.69665, 0.53633), (-1.07034, -0.71760, 0.30726), (0.67785, -0.71097, -1.09236), (0.21153, -0.73220, 1.15927), (-1.07628, -0.75369, -0.82577), (1.24163, -0.74686, -0.10131), (-0.77357, -0.76862, 0.82453), (0.02323, -0.76159, -1.31544), (0.78748, -0.78363, 0.90111), (-1.37869, -0.80594, -0.16166), (1.03049, -0.79871, -0.73434), (-0.31331, -0.82129, 1.42932), (-0.66421, -0.84413, -1.15987), (1.46531, -0.83672, 0.47724), (-1.28729, -0.85983, 0.57642), (0.65223, -0.85221, -1.48466), (0.47048, -0.87560, 1.41058), (-1.17412, -0.89925, -0.66138), (1.52749, -0.89145, -0.34618), (-0.81741, -0.91537, 1.16441), (-0.20353, -0.93956, -1.63562), (1.13680, -0.93156, 0.97936), (-1.73254, -0.95602, 0.04285), (1.14535, -0.98074, -1.08989), (-0.13523, -0.97256, 1.81573), (-1.02247, -0.99756, -1.31330), (1.88268, -0.98917, 0.32979), (-1.48091, -1.01444, 0.93353), (0.42646, -1.03997, -1.52620), (0.82230, -1.03139, 1.64568), (-1.55533, -1.05720, -0.60602), (1.80494, -1.08327, -0.68830), (-0.79654, -1.07450, 1.56571), (-0.53131, -1.10085, -1.95587), (1.55535, -1.12745, 0.99624)],
                214: [(1.23457, -1.38639, 1.79187), (-2.46189, -1.41652, -0.58069), (1.99965, -1.44691, -1.10342), (-0.85922, -1.43629, 2.50275), (-0.94405, -1.46696, -2.20116), (2.51464, -1.49788, 1.15258), (-2.39292, -1.48707, 0.75621), (1.45795, -1.51827, -2.49494), (0.54006, -1.54973, 2.57134), (-2.44126, -1.53874, -1.77216), (2.73274, -1.57047, -0.29616), (-1.64438, -1.55928, 1.84867), (-0.02553, -1.59129, -2.87339), (1.75759, -1.62356, 1.90662), (-2.98958, -1.61217, -0.27035), (2.16887, -1.64472, -1.63404), (-0.58951, -1.67752, 3.07767), (-1.47696, -1.66595, -2.42740), (3.13413, -1.69903, 0.92954), (-2.67828, -1.73237, 1.28565), (1.28752, -1.72060, -3.15562), (1.05987, -1.75422, 2.91735), (-2.46865, -1.74225, -1.30554), (3.14033, -1.77614, -0.79986), (-1.61542, -1.81030, 2.43617), (-0.02384, -0.00116, -0.00773), (0.02304, -0.00284, -0.01036), (-0.01031, -0.00478, 0.02357), (-0.00832, -0.00606, -0.02484), (0.02370, -0.00828, 0.01330), (-0.02715, -0.01075, 0.00619), (0.01689, -0.01184, -0.02413), (0.00378, -0.01460, 0.03004), (-0.02349, -0.01548, -0.02018), (0.03350, -0.01851, -0.00088), (-0.02476, -0.02180, 0.02363), (0.00274, -0.02249, -0.03751), (0.02355, -0.02605, 0.03017), (-0.04199, -0.02988, -0.00729), (0.03649, -0.03038, -0.02307), (-0.01301, -0.03448, 0.04681), (-0.02195, -0.03478, -0.04377), (0.05178, -0.03916, 0.02009), (-0.05201, -0.04379, 0.01992), (0.02501, -0.04390, -0.04933), (0.01671, -0.04881, 0.06118), (-0.05281, -0.05398, -0.03372), (0.07116, -0.05390, -0.01204), (-0.04394, -0.05935, 0.05576), (-0.00561, -0.06506, -0.08182), (0.05788, -0.06479, 0.05573), (-0.09294, -0.07077, -0.00284), (0.06911, -0.07030, -0.05884), (-0.01359, -0.07656, 0.10425), (-0.05829, -0.08308, -0.08407), (0.09595, -0.08241, 0.02233), (-0.10053, -0.08921, 0.05586), (0.03557, -0.09626, -0.10459), (0.05116, -0.09541, 0.11832), (-0.11249, -0.10274, -0.05116), (0.13725, -0.11033, -0.04382), (-0.06922, -0.10929, 0.11925), (-0.03346, -0.11715, -0.15701), (0.12443, -0.11591, 0.08977), (-0.17726, -0.12405, 0.01974), (0.11278, -0.13245, -0.12755), (0.00190, -0.13101, 0.16077), (-0.12812, -0.13969, -0.13816), (0.17715, -0.14863, 0.01549), (-0.16574, -0.14700, 0.12563), (0.03634, -0.15622, -0.19280), (0.11958, -0.15438, 0.19524), (-0.20720, -0.16388, -0.06079), (0.22633, -0.17363, -0.10946), (-0.08892, -0.17160, 0.21979), (-0.09479, -0.18163, -0.25855), (0.22994, -0.19192, 0.12074), (-0.23456, -0.18970, 0.06048), (0.15616, -0.20027, -0.23702), (0.04044, -0.21109, 0.26176), (-0.24035, -0.20869, -0.19502), (0.28857, -0.21978, -0.01566), (-0.23704, -0.21718, 0.23927), (0.01411, -0.22855, -0.31435), (0.23309, -0.24019, 0.28184), (-0.33839, -0.23739, -0.04904), (0.32894, -0.24930, -0.22116), (-0.08923, -0.26147, 0.35993), (-0.16232, -0.25848, -0.30222), (0.37815, -0.27093, 0.13464), (-0.34331, -0.28363, 0.14264), (0.18518, -0.28046, -0.39219), (0.11681, -0.29344, 0.38480), (-0.40118, -0.29006, -0.24059), (0.42595, -0.30332, -0.08442), (-0.30052, -0.31684, 0.40424), (-0.04514, -0.31327, -0.46591), (0.31795, -0.32706, 0.28935), (-0.50375, -0.34111, -0.00125), (0.34425, -0.33735, -0.31018), (-0.05487, -0.35168, 0.53849), (-0.29552, -0.34772, -0.40166), (0.56905, -0.36232, 0.11572), (-0.46085, -0.37719, 0.27328), (0.18365, -0.37303, -0.59435), (0.24284, -0.38817, 0.52097), (-0.61324, -0.40357, -0.25837), (0.58107, -0.39923, -0.20366), (-0.26885, -0.41491, 0.49469), (-0.15531, -0.43084, -0.64009), (0.49906, -0.42631, 0.33915), (-0.69683, -0.44252, 0.09747), (0.41399, -0.43779, -0.49555), (0.02995, -0.45428, 0.75005), (-0.48324, -0.47102, -0.49263), (0.79841, -0.46610, 0.04729), (-0.57420, -0.48312, 0.46121), (0.13412, -0.50040, -0.84050), (0.42865, -0.49529, 0.65765), (-0.69193, -0.51285, -0.18207), (0.74181, -0.53067, -0.38484), (-0.26627, -0.52536, 0.71527), (-0.32917, -0.54346, -0.82536), (0.73023, -0.53794, 0.35765), (-0.90685, -0.55632, 0.26119), (0.45554, -0.57495, -0.73555), (0.18057, -0.56925, 0.98473), (-0.73000, -0.58816, -0.55908), (1.05733, -0.60732, -0.08720), (-0.66723, -0.60143, 0.71243), (0.01489, -0.62088, -0.88731), (0.68176, -0.64058, 0.77876), (-0.93673, -0.63450, -0.10901), (0.89227, -0.65448, -0.63701), (-0.21348, -0.64819, 0.97795), (-0.57736, -0.66845, -1.00617), (1.00938, -0.68896, 0.32778), (-1.11873, -0.68249, 0.50211), (0.45117, -0.70328, -1.02944), (0.41080, -0.72433, 1.22808), (-1.03657, -0.71767, -0.58271), (1.05215, -0.73899, -0.23941), (-0.72121, -0.73212, 1.02927), (-0.14213, -0.75373, -1.13415), (1.00612, -0.77559, 0.86525), (-1.20908, -0.76853, 0.03096), (1.01322, -0.79067, -0.96585), (-0.09384, -0.81307, 1.27503), (-0.90730, -0.80582, -1.16328), (1.33002, -0.82849, 0.23178), (-1.31339, -0.85143, 0.82953), (0.38210, -0.84399, -1.37207), (0.57782, -0.86720, 1.15388), (-1.39921, -0.85956, -0.54379), (1.27339, -0.88304, -0.48687), (-0.71555, -0.90679, 1.40956), (-0.37839, -0.89896, -1.38813), (1.40129, -0.92298, 0.89584), (-1.49586, -0.94726, 0.25224), (1.08281, -0.93924, -1.37271), (0.10855, -0.96380, 1.59424), (-1.32230, -0.98862, -1.27439), (1.68088, -0.98040, 0.05227), (-1.15928, -1.00550, 0.98596), (0.22950, -0.99708, -1.75335), (0.91324, -1.02245, 1.31867), (-1.80922, -1.04808, -0.42213), (1.47685, -1.03947, -0.81959), (-0.62882, -1.06538, 1.84612), (-0.70434, -1.09154, -1.63137), (1.86173, -1.08275, 0.84789), (-1.77956, -1.10919, 0.56711), (1.07735, -1.10019, -1.85389), (0.40782, -1.12691, 1.91868), (-1.43762, -1.15388, -1.03831), (2.04584, -1.14469, -0.22671), (-1.23639, -1.17195, 1.39677), (-0.02438, -1.19946, -2.15812), (1.33220, -1.19008, 1.43819), (-2.25257, -1.21787, -0.19822), (1.64108, -1.24592, -1.24263), (-0.43977, -1.23635, 2.32625), (-1.12702, -1.26467, -1.84225), (2.37630, -1.25490, 0.69854), (-2.03863, -1.28350, 0.98466), (0.76804, -1.31236, -1.89548), (0.81516, -1.30239, 2.22700), (-1.90080, -1.33153, -0.99937), (2.40399, -1.36093, -0.61849), (-1.24057, -1.35077, 1.88071), (-0.39505, -1.38045, -2.56611), (1.83320, -1.41038, 1.48907)],
                216: [(1.27509, -1.69760, 2.38597), (-2.95768, -1.73106, -1.06002), (2.61827, -1.76477, -1.08154), (-1.40624, -1.75277, 2.96236), (-0.85511, -1.78676, -2.83795), (0.02113, -0.00050, -0.01338), (-0.00671, -0.00195, 0.02423), (-0.01145, -0.00372, -0.02279), (0.02418, -0.00576, 0.00936), (-0.02500, -0.00701, 0.00960), (0.01238, -0.00932, -0.02448), (0.00742, -0.01037, 0.02706), (-0.02506, -0.01296, -0.01597), (0.03000, -0.01581, -0.00510), (-0.02029, -0.01667, 0.02579), (-0.00233, -0.01979, -0.03349), (0.02652, -0.02317, 0.02549), (-0.03749, -0.02384, -0.00111), (0.03170, -0.02750, -0.02704), (-0.00543, -0.03142, 0.04195), (-0.02710, -0.03190, -0.03902), (0.04676, -0.03610, 0.01084), (-0.04197, -0.03637, 0.02337), (0.01754, -0.04084, -0.05174), (0.02163, -0.04558, 0.04991), (-0.05670, -0.04566, -0.02573), (0.05875, -0.05067, -0.01881), (-0.03556, -0.05593, 0.06138), (-0.01464, -0.05583, -0.06840), (0.06548, -0.06137, 0.04715), (-0.07875, -0.06718, 0.00884), (0.06061, -0.06688, -0.06866), (0.00114, -0.07296, 0.08961), (-0.05906, -0.07246, -0.06358), (0.10072, -0.07882, 0.00872), (-0.07773, -0.08543, 0.05903), (0.02097, -0.08474, -0.11180), (0.05729, -0.09163, 0.09336), (-0.12249, -0.09878, -0.03582), (0.11035, -0.09790, -0.05349), (-0.05342, -0.10533, 0.13237), (-0.04724, -0.10425, -0.12851), (0.14100, -0.11195, 0.07388), (-0.14759, -0.11991, 0.03819), (0.07936, -0.11864, -0.12067), (0.02599, -0.12688, 0.16727), (-0.12450, -0.13538, -0.10084), (0.18716, -0.13391, -0.01032), (-0.12467, -0.14269, 0.12606), (0.00910, -0.15172, -0.20679), (0.12485, -0.15007, 0.15069), (-0.22565, -0.15938, -0.03250), (0.17870, -0.15752, -0.12038), (-0.06005, -0.16711, 0.24314), (-0.11216, -0.17696, -0.20839), (0.20840, -0.17491, 0.07400), (-0.23938, -0.18503, 0.09971), (0.10330, -0.19541, -0.21928), (0.08258, -0.19317, 0.27119), (-0.22747, -0.20383, -0.13615), (0.30326, -0.21475, -0.06038), (-0.17240, -0.21233, 0.23232), (-0.03275, -0.22352, -0.33496), (0.23319, -0.22089, 0.21184), (-0.36555, -0.23236, -0.00059), (0.25417, -0.24409, -0.22941), (-0.03187, -0.24127, 0.31550), (-0.22035, -0.25327, -0.29894), (0.33745, -0.26554, 0.06831), (-0.34563, -0.26253, 0.20536), (0.10984, -0.27507, -0.35659), (0.18389, -0.27185, 0.39361), (-0.37209, -0.28467, -0.15639), (0.44212, -0.29775, -0.15539), (-0.20778, -0.29434, 0.38311), (-0.11942, -0.30770, -0.49031), (0.38881, -0.32131, 0.26373), (-0.42822, -0.31771, 0.06028), (0.32382, -0.33160, -0.38831), (0.01900, -0.34575, 0.46569), (-0.38077, -0.34197, -0.38750), (0.50066, -0.35639, 0.02922), (-0.45409, -0.35240, 0.36538), (0.08444, -0.36710, -0.53214), (0.34138, -0.38207, 0.52276), (-0.55907, -0.37788, -0.14659), (0.59258, -0.39312, -0.30808), (-0.21548, -0.40862, 0.58038), (-0.21062, -0.40425, -0.52678), (0.59494, -0.42002, 0.29075), (-0.58400, -0.43606, 0.16875), (0.37190, -0.43150, -0.60167), (0.11787, -0.44781, 0.63966), (-0.59945, -0.44304, -0.45827), (0.69259, -0.45963, -0.05773), (-0.54901, -0.47647, 0.58723), (0.01180, -0.47152, -0.74152), (0.44573, -0.48864, 0.50826), (-0.78514, -0.50602, -0.09067), (0.58717, -0.50088, -0.41997), (-0.17870, -0.51853, 0.82206), (-0.38376, -0.51318, -0.66743), (0.85089, -0.53112, 0.27549), (-0.74784, -0.54931, 0.33643), (0.38048, -0.54377, -0.87020), (0.27746, -0.56224, 0.82706), (-0.87859, -0.58097, -0.49289), (0.90365, -0.57524, -0.20645), (-0.48299, -0.59425, 0.69058), (-0.12318, -0.61351, -0.97605), (0.68011, -0.60759, 0.58386), (-1.04262, -0.62713, 0.02761), (0.68869, -0.62101, -0.65764), (-0.08012, -0.64083, 1.10165), (-0.62215, -0.66090, -0.79624), (1.15139, -0.65459, 0.19962), (-0.90507, -0.67494, 0.57274), (0.33030, -0.69555, -1.19006), (0.50868, -0.68905, 1.01360), (-0.95939, -0.70994, -0.37190), (1.12007, -0.73109, -0.42937), (-0.49292, -0.72440, 0.97309), (-0.33441, -0.74582, -1.22261), (0.97378, -0.73893, 0.62134), (-1.31923, -0.76063, 0.22364), (0.75593, -0.78259, -0.96004), (0.09709, -0.77550, 1.40784), (-0.93054, -0.79774, -0.89526), (1.48629, -0.82023, 0.04492), (-1.03766, -0.81296, 0.88408), (0.15920, -0.83573, -1.22456), (0.81962, -0.85876, 1.18127), (-1.27156, -0.85129, -0.29552), (1.32406, -0.87460, -0.73631), (-0.44338, -0.86693, 1.30541), (-0.63351, -0.89051, -1.46380), (1.32424, -0.91436, 0.60170), (-1.59810, -0.90650, 0.51082), (0.76916, -0.93062, -1.32622), (0.36811, -0.95500, 1.72448), (-1.30963, -0.94695, -0.94413), (1.45159, -0.97160, -0.16214), (-1.12476, -0.96335, 1.27289), (-0.01875, -0.98828, -1.54030), (1.21459, -1.01347, 1.30893), (-1.61689, -1.00502, -0.14086), (1.49428, -1.03049, -1.13352), (-0.31589, -1.05622, 1.67899), (-1.02870, -1.04759, -1.67825), (1.72428, -1.07359, 0.50524), (-1.85805, -1.09985, 0.89944), (0.70750, -1.09103, -1.75046), (0.58793, -1.11757, 1.60188), (-1.75536, -1.10854, -0.92095), (1.73884, -1.13535, -0.44898), (-1.14355, -1.16243, 1.73691), (-0.28895, -1.15321, -1.86611), (1.69324, -1.18056, 1.37293), (-1.98089, -1.20817, 0.10817), (1.60647, -1.19876, -1.62267), (-0.09267, -1.22665, 2.08034), (-1.52382, -1.25479, -1.84124), (2.16159, -1.24520, 0.31252), (-1.63633, -1.27362, 1.10102), (0.54997, -1.26382, -2.22183), (0.98099, -1.29252, 1.82503), (-2.25831, -1.32147, -0.80323), (2.00808, -1.31148, -0.83517), (-1.07013, -1.34072, 2.26843), (-0.66330, -1.37021, -2.18229), (2.24974, -1.36003, 1.34814), (-2.34438, -1.38980, 0.46548), (1.63436, -1.37941, -2.20002), (0.24222, -1.40946, 2.49095), (-1.67087, -1.43976, -1.51953), (2.61858, -1.42919, 0.00559), (-1.75933, -1.45977, 1.58631), (0.27661, -1.49061, -2.72384), (1.47195, -1.47985, 1.99917), (-2.80337, -1.51096, -0.56906), (2.23564, -1.54234, -1.32675), (-0.88075, -1.53139, 2.85388), (-1.15006, -1.56304, -2.46509), (2.87230, -1.55188, 1.20900), (-2.68370, -1.58381, 0.94165), (1.22413, -1.61600, -2.25425), (0.70169, -1.60465, 2.88752), (-2.22270, -1.63711, -1.50939), (3.07249, -1.66984, -0.43084), (-1.80198, -1.65830, 2.15853), (-0.13026, -1.69130, -3.23453), (2.05981, -1.72456, 2.09842)],
                218: [(0.04165, -0.02942, 0.00357), (-0.03742, -0.03345, 0.02847), (0.00866, -0.03775, -0.04639), (0.02805, -0.03799, 0.04562), (-0.05133, -0.04256, -0.01496), (0.05495, -0.04739, -0.02670), (-0.02266, -0.04745, 0.05629), (-0.02410, -0.05255, -0.06537), (0.06104, -0.05792, 0.03192), (-0.07680, -0.05778, 0.01994), (0.04286, -0.06342, -0.06530), (0.01175, -0.06309, 0.07520), (-0.06876, -0.06900, -0.05559), (0.08571, -0.07518, -0.00480), (-0.07015, -0.07465, 0.07106), (0.00417, -0.08111, -0.09655), (0.07182, -0.08782, 0.08653), (-0.10745, -0.08710, -0.01538), (0.10467, -0.09409, -0.07064), (-0.02906, -0.10134, 0.11809), (-0.06710, -0.10043, -0.12442), (0.12809, -0.10796, 0.04536), (-0.11923, -0.10684, 0.04978), (0.06440, -0.11464, -0.13702), (0.04200, -0.12270, 0.13750), (-0.14441, -0.12140, -0.08626), (0.15648, -0.12974, -0.03130), (-0.11093, -0.13833, 0.14977), (-0.01734, -0.13684, -0.17581), (0.15254, -0.14572, 0.13834), (-0.19509, -0.15485, -0.00014), (0.16832, -0.15317, -0.15219), (-0.02141, -0.16258, 0.21382), (-0.11954, -0.16069, -0.16189), (0.23146, -0.17037, 0.04665), (-0.19001, -0.18032, 0.11312), (0.07597, -0.17824, -0.24740), (0.10281, -0.18846, 0.21957), (-0.26100, -0.19894, -0.10943), (0.25013, -0.19668, -0.08816), (-0.14698, -0.20743, 0.27157), (-0.06875, -0.20496, -0.28119), (0.27838, -0.21599, 0.18847), (-0.31218, -0.22729, 0.04422), (0.18706, -0.22463, -0.22471), (0.01427, -0.23619, 0.34242), (-0.22314, -0.24802, -0.22669), (0.37117, -0.24517, 0.02134), (-0.26891, -0.25728, 0.21676), (0.06274, -0.26964, -0.39761), (0.20494, -0.26660, 0.31324), (-0.42090, -0.27924, -0.10997), (0.35912, -0.27599, -0.18710), (-0.16296, -0.28891, 0.44010), (-0.16269, -0.30209, -0.40587), (0.36203, -0.29865, 0.17653), (-0.45273, -0.31210, 0.13125), (0.22829, -0.32581, -0.37005), (0.09237, -0.32219, 0.49882), (-0.37251, -0.33618, -0.28426), (0.54316, -0.35042, -0.04575), (-0.34400, -0.34661, 0.36859), (0.00879, -0.36113, -0.58472), (0.35747, -0.35712, 0.40689), (-0.62237, -0.37192, -0.07133), (0.47223, -0.38697, -0.33838), (-0.11268, -0.38277, 0.52053), (-0.31063, -0.39810, -0.53916), (0.54378, -0.41370, 0.17554), (-0.60669, -0.40930, 0.27357), (0.24476, -0.42517, -0.56112), (0.22667, -0.42057, 0.67372), (-0.57145, -0.43671, -0.31993), (0.73904, -0.45312, -0.16952), (-0.40051, -0.44833, 0.57371), (-0.10184, -0.46501, -0.80132), (0.56685, -0.48195, 0.48576), (-0.68171, -0.47697, 0.01865), (0.57482, -0.49419, -0.54986), (-0.05218, -0.51167, 0.72622), (-0.52182, -0.50650, -0.66664), (0.76503, -0.52425, 0.13195), (-0.76003, -0.51887, 0.48189), (0.22040, -0.53690, -0.79678), (0.42933, -0.55519, 0.85363), (-0.82012, -0.54963, -0.31708), (0.94595, -0.56820, -0.36357), (-0.42138, -0.58702, 0.83366), (-0.22526, -0.58127, -0.82073), (0.83608, -0.60037, 0.53245), (-0.89213, -0.61973, 0.15203), (0.64927, -0.61378, -0.82606), (0.06697, -0.63342, 0.95885), (-0.80240, -0.62727, -0.77063), (1.01926, -0.64719, 0.02991), (-0.89510, -0.66736, 0.76397), (0.13838, -0.66102, -1.07168), (0.55954, -0.68147, 0.80493), (-1.11442, -0.70218, -0.25797), (0.90855, -0.69565, -0.50628), (-0.38803, -0.71663, 1.14573), (-0.43869, -0.70990, -1.01122), (1.16393, -0.73116, 0.52764), (-1.11120, -0.75268, 0.35625), (0.67566, -0.74576, -1.16735), (0.25867, -0.76756, 1.20664), (-1.15442, -0.78961, -0.83071), (1.29555, -0.78250, -0.14586), (-0.78107, -0.80483, 0.88550), (-0.01794, -0.82743, -1.37590), (0.85046, -0.82012, 0.91491), (-1.44557, -0.84299, -0.12467), (1.05103, -0.83548, -0.79873), (-0.28131, -0.85863, 1.50243), (-0.72937, -0.88203, -1.18758), (1.54435, -0.87433, 0.45106), (-1.32251, -0.89802, 0.64162), (0.63267, -0.92196, -1.56926), (0.53494, -0.91407, 1.45360), (-1.24112, -0.93829, -0.64977), (1.57851, -0.96276, -0.40905), (-0.81189, -0.95469, 1.23550), (-0.26393, -0.97944, -1.69477), (1.21150, -0.97116, 0.98057), (-1.79985, -0.99618, 0.09986), (1.15395, -1.02147, -1.16762), (-0.08259, -1.01300, 1.89114), (-1.10256, -1.03857, -1.32987), (1.96602, -1.06439, 0.28250), (-1.50600, -1.05573, 1.01524), (0.39290, -1.08183, -1.59322), (0.90479, -1.10819, 1.67976), (-1.62859, -1.09934, -0.57765), (1.84841, -1.12597, -0.77065), (-0.77421, -1.11692, 1.64487), (-0.61255, -1.14383, -2.00904), (1.64000, -1.17100, 0.98081), (-2.15862, -1.16176, 0.43056), (1.19537, -1.18920, -1.61204), (0.22509, -1.21691, 2.29405), (-1.55922, -1.20748, -1.41551), (1.90101, -1.23546, 0.00240), (-1.63859, -1.22582, 1.48004), (0.20014, -1.25408, -1.98808), (1.37323, -1.28260, 1.86169), (-2.05677, -1.27277, -0.41564), (2.08165, -1.30157, -1.23782), (-0.64743, -1.33062, 2.10437), (-1.07321, -1.32060, -2.29512), (2.12826, -1.34993, 0.89364), (-2.49856, -1.37952, 0.87913), (1.15207, -1.36932, -2.12597), (0.51692, -1.39918, 2.11912), (-2.09521, -1.38877, -1.42014), (2.26648, -1.41891, -0.31983), (-1.69494, -1.44931, 2.03391), (-0.09866, -1.43871, -2.39786), (1.94029, -1.46939, 1.97322), (-2.50994, -1.50033, -0.14561), (2.25143, -1.48954, -1.81290), (-0.41154, -1.52075, 2.59943), (-1.65064, -1.55222, -2.52576), (2.66309, -1.54124, 0.69729), (-2.20163, -1.57299, 1.14557), (1.00056, -1.56181, -2.69781), (0.96632, -1.59383, 2.41438), (-2.70066, -1.62612, -1.31866), (2.61548, -1.61474, -0.75674), (-1.64845, -1.64730, 2.66894), (-0.51716, -1.68013, -2.80109), (2.60023, -1.66856, 1.98641), (-2.96727, -1.70166, 0.24836), (2.32862, -1.68989, -2.49245), (-0.04841, -1.72326, 3.11008), (-1.84884, -1.75689, -2.10670), (3.22558, -1.74493, 0.37139), (-2.38518, -1.77884, 1.70723), (0.71832, -1.81301, -3.30997), (0.02501, -0.00121, -0.00146), (-0.01774, -0.00291, 0.01806), (0.00104, -0.00486, -0.02565), (0.01691, -0.00615, 0.02027), (-0.02674, -0.00838, -0.00376), (0.02342, -0.00947, -0.01589), (-0.00688, -0.01198, 0.02826), (-0.01420, -0.01474, -0.02618), (0.03018, -0.01564, 0.01060), (-0.03018, -0.01868, 0.01269), (0.01513, -0.02198, -0.03238), (0.01074, -0.02269, 0.03486), (-0.03473, -0.02627, -0.02063), (0.04024, -0.03011, -0.00815)],
                220: [(0.11284, -0.09563, 0.02264), (-0.11575, -0.10299, 0.06905), (0.03760, -0.11061, -0.12284), (0.06384, -0.10947, 0.13604), (-0.13196, -0.11737, -0.05519), (0.15753, -0.12553, -0.05568), (-0.07549, -0.12420, 0.13977), (-0.04415, -0.13263, -0.17989), (0.14579, -0.14132, 0.09852), (-0.20273, -0.13981, 0.02890), (0.12424, -0.14878, -0.14951), (0.00776, -0.14705, 0.18233), (-0.15041, -0.15630, -0.15253), (0.20075, -0.16580, 0.01136), (-0.18319, -0.16389, 0.14793), (0.03425, -0.17367, -0.21834), (0.14155, -0.18371, 0.21593), (-0.23456, -0.18161, -0.06106), (0.25036, -0.19193, -0.13072), (-0.09187, -0.20250, 0.24878), (-0.11494, -0.20021, -0.28602), (0.26035, -0.21106, 0.12667), (-0.25817, -0.20857, 0.07509), (0.16537, -0.21969, -0.26859), (0.05362, -0.23108, 0.28819), (-0.27278, -0.22840, -0.20778), (0.31779, -0.24006, -0.02705), (-0.25361, -0.25199, 0.27221), (0.00491, -0.24911, -0.34631), (0.26617, -0.26131, 0.30244), (-0.37297, -0.27377, -0.04241), (0.35374, -0.27070, -0.25395), (-0.08557, -0.28344, 0.39698), (-0.18717, -0.28017, -0.32422), (0.41745, -0.29318, 0.13435), (-0.36889, -0.30645, 0.16673), (0.18864, -0.30299, -0.43350), (0.13971, -0.31654, 0.41405), (-0.44418, -0.33035, -0.24817), (0.45890, -0.32670, -0.10569), (-0.31256, -0.34078, 0.44856), (-0.06432, -0.33693, -0.50255), (0.44572, -0.35129, 0.38129), (-0.54403, -0.36591, 0.01535), (0.36040, -0.36186, -0.34535), (-0.04132, -0.37676, 0.58228), (-0.33092, -0.39191, -0.42200), (0.61618, -0.38768, 0.10572), (-0.48560, -0.40311, 0.30848), (0.17769, -0.41880, -0.64459), (0.27737, -0.41438, 0.55030), (-0.66629, -0.43035, -0.25694), (0.61509, -0.42572, -0.23702), (-0.34301, -0.44196, 0.68009), (-0.18696, -0.45846, -0.67887), (0.54299, -0.45365, 0.34513), (-0.74040, -0.47043, 0.12684), (0.42448, -0.48746, -0.54104), (0.05646, -0.48246, 0.79835), (-0.52986, -0.49977, -0.50799), (0.85133, -0.51735, 0.02424), (-0.59474, -0.51215, 0.50851), (0.11514, -0.53000, -0.89788), (0.47612, -0.52460, 0.68366), (-0.93647, -0.54272, -0.21592), (0.77352, -0.56111, -0.43192), (-0.25827, -0.55552, 0.76479), (-0.37526, -0.57418, -0.86296), (0.78283, -0.59310, 0.35406), (-0.95046, -0.58732, 0.30563), (0.45685, -0.60652, -0.79090), (0.22269, -0.60053, 1.03440), (-0.78770, -0.62001, -0.56578), (1.11307, -0.63974, -0.12629), (-0.67977, -0.63357, 0.77200), (-0.01648, -0.65358, -1.18464), (0.74268, -0.67385, 0.79756), (-0.98723, -0.66748, -0.08427), (0.91771, -0.68803, -0.69868), (-0.19251, -0.70883, 1.03314), (-0.63911, -0.70228, -1.03859), (1.06905, -0.72336, 0.31122), (-1.15839, -0.71660, 0.56324), (0.43967, -0.73796, -1.09330), (0.47054, -0.75957, 1.27517), (-1.10425, -0.75262, -0.57689), (1.38685, -0.77452, -0.36068), (-0.72169, -0.79667, 1.10033), (-0.18481, -0.78953, -1.17995), (1.08004, -0.81196, 0.87261), (-1.26107, -0.83465, 0.07107), (1.02801, -0.82732, -1.04201), (-0.05706, -0.85029, 1.33318), (-0.98503, -0.84275, -1.18600), (1.39421, -0.86599, 0.19909), (-1.34448, -0.88950, 0.90806), (0.35430, -0.88177, -1.44210), (0.63780, -0.90555, 1.18161), (-1.47480, -0.92959, -0.52166), (1.30825, -0.92167, -0.54678), (-0.69988, -0.94599, 1.49031), (-0.43748, -0.93787, -1.43038), (1.48672, -0.96246, 0.88738), (-1.54570, -0.98731, 0.30971), (1.08232, -0.97900, -1.46224), (0.16353, -1.00412, 1.65178), (-1.41525, -1.02951, -1.28256), (1.74614, -1.02101, 0.00068), (-1.16945, -1.04667, 1.05815), (0.18224, -1.07259, -1.82626), (0.98758, -1.06390, 1.33643), (-1.88960, -1.09010, -0.38014), (1.50272, -1.08121, -0.89534), (-0.59307, -1.10768, 1.93367), (-0.78070, -1.13441, -1.66579), (1.95607, -1.12533, 0.81933), (-1.82293, -1.15234, 0.64319), (1.05694, -1.17961, -1.95450), (0.48268, -1.17034, 1.97127), (-1.51686, -1.19788, -1.02621), (2.10786, -1.22568, -0.29933), (-1.23167, -1.21622, 1.48062), (-0.09368, -1.24430, -2.22966), (1.42004, -1.23464, 1.44162), (-2.33361, -1.26299, -0.13334), (1.65340, -1.29161, -1.33373), (-0.38044, -1.28175, 2.41665), (-1.22056, -1.31065, -1.86411), (2.47579, -1.33980, 0.64594), (-2.07063, -1.32975, 1.07970), (0.73050, -1.35918, -1.97493), (0.91069, -1.38887, 2.26964), (-1.98738, -1.37863, -0.96824), (2.45769, -1.40860, -0.71341), (-1.21685, -1.39816, 1.97400), (-0.48816, -1.42840, -2.63118), (1.93263, -1.45890, 1.47374), (-2.78647, -1.44827, 0.23567), (1.73598, -1.47904, -1.86137), (-0.04291, -1.51008, 2.91986), (-1.75858, -1.49926, -2.00034), (2.38472, -1.53057, 0.27247), (-2.26330, -1.51954, 1.62298), (0.53148, -1.55113, -2.45938), (1.45365, -1.58298, 2.52109), (-2.50833, -1.57176, -0.80874), (2.76971, -1.60389, -1.25007), (-1.10192, -1.63627, 2.52859), (-1.01218, -1.62487, -3.00501), (2.51741, -1.65753, 1.40826), (-3.22270, -1.69045, 0.74040), (1.72461, -1.67885, -2.47225), (0.34325, -1.71205, 2.69336), (-2.39089, -1.70025, -2.04746), (2.84139, -1.73372, -0.07870), (-2.37290, -1.76745, 2.27143), (0.21206, -1.75546, -2.96582), (2.11238, -1.78947, 2.69671), (-0.01482, -0.00055, 0.02015), (-0.00255, -0.00200, -0.02504), (0.01892, -0.00379, 0.01705), (-0.02608, -0.00584, 0.00007), (0.01970, -0.00711, -0.01793), (-0.00262, -0.00944, 0.02709), (-0.01706, -0.01049, -0.02294), (0.02873, -0.01310, 0.00569), (-0.02688, -0.01596, 0.01612), (0.00933, -0.01683, -0.03074), (0.01493, -0.01997, 0.03161), (-0.03301, -0.02337, -0.01371), (0.03719, -0.02405, -0.01324), (-0.01903, -0.02773, 0.03543), (-0.01082, -0.02820, -0.04363), (0.03783, -0.03215, 0.02543), (-0.04533, -0.03636, 0.00657), (0.03307, -0.03665, -0.03999), (0.00233, -0.04114, 0.05181), (-0.04165, -0.04588, -0.04204), (0.05877, -0.04598, 0.00318), (-0.05241, -0.05100, 0.04254), (0.01020, -0.05629, -0.06603), (0.04232, -0.05619, 0.06422), (-0.07339, -0.06175, -0.01892), (0.07741, -0.06145, -0.04065), (-0.02954, -0.06728, 0.08059), (-0.03129, -0.07338, -0.07731), (0.08732, -0.07289, 0.04222), (-0.09014, -0.07926, 0.02645), (0.05709, -0.08589, -0.09322), (0.01956, -0.08521, 0.10375), (-0.09789, -0.09212, -0.07419), (0.11791, -0.09929, -0.01032)],
                222: [(0.23475, -0.19309, 0.07533), (-0.26366, -0.20378, 0.11944), (0.10728, -0.21473, -0.24712), (0.10110, -0.21220, 0.29876), (-0.25657, -0.22343, -0.14305), (0.33415, -0.23491, -0.07726), (-0.18252, -0.23220, 0.26242), (-0.04757, -0.24396, -0.36912), (0.26399, -0.25598, 0.22543), (-0.40291, -0.25308, 0.01172), (0.27145, -0.26538, -0.26057), (-0.02428, -0.26227, 0.34635), (-0.25149, -0.27484, -0.32013), (0.37075, -0.28767, 0.06328), (-0.37090, -0.28438, 0.23607), (0.10774, -0.29749, -0.39216), (0.21371, -0.31085, 0.42307), (-0.40973, -0.30737, -0.15760), (0.47587, -0.32101, -0.18385), (-0.21266, -0.33492, 0.42257), (-0.14601, -0.33124, -0.52838), (0.42976, -0.34542, 0.27264), (-0.46025, -0.34154, 0.07926), (0.33708, -0.35600, -0.43040), (0.03588, -0.37071, 0.50119), (-0.42360, -0.36664, -0.40541), (0.53957, -0.38163, 0.01489), (-0.47692, -0.39689, 0.40849), (0.07314, -0.39262, -0.57433), (0.38427, -0.40815, 0.55074), (-0.60438, -0.42394, -0.13879), (0.62589, -0.41949, -0.35020), (-0.21165, -0.43556, 0.62855), (-0.24221, -0.43090, -0.55566), (0.64570, -0.44724, 0.29136), (-0.61733, -0.46384, 0.19911), (0.37738, -0.45899, -0.65464), (0.14648, -0.47587, 0.67751), (-0.65422, -0.49301, -0.46904), (0.73495, -0.48797, -0.08404), (-0.56548, -0.50538, 0.64334), (-0.01166, -0.50014, -0.78835), (0.62092, -0.51783, 0.66565), (-0.83631, -0.53578, -0.07065), (0.60808, -0.53035, -0.46378), (-0.16270, -0.54857, 0.87740), (-0.42762, -0.56706, -0.69355), (0.91013, -0.56144, 0.26410), (-0.77939, -0.58020, 0.37980), (0.37427, -0.59922, -0.93302), (0.31975, -0.59341, 0.86420), (-0.94460, -0.61271, -0.49244), (0.94650, -0.60669, -0.24704), (-0.61761, -0.62626, 0.94344), (-0.16140, -0.64609, -1.02465), (0.73402, -0.63989, 0.59199), (-1.09695, -0.66000, 0.06278), (0.70242, -0.68036, -0.71323), (-0.04870, -0.67397, 1.16161), (-0.67889, -0.69462, -0.81596), (1.21681, -0.71552, 0.17268), (-0.93114, -0.70894, 0.63007), (0.30856, -0.73012, -1.26067), (0.56595, -0.72333, 1.04632), (-1.29136, -0.74478, -0.45550), (1.15969, -0.76650, -0.48588), (-0.48412, -0.75952, 1.03323), (-0.38943, -0.78151, -1.26932), (1.03746, -0.80376, 0.61800), (-1.37313, -0.79659, 0.27637), (0.75865, -0.81912, -1.02682), (0.14672, -0.81175, 1.46896), (-0.99991, -0.83455, -0.90458), (1.55456, -0.85761, -0.00075), (-1.05411, -0.85005, 0.95546), (0.16099, -0.87339, -1.62766), (0.89233, -0.89699, 1.20533), (-1.33253, -0.88924, -0.26687), (1.35614, -0.91311, -0.80961), (-0.41945, -0.93725, 1.37187), (-0.70659, -0.92931, -1.50424), (1.39588, -0.95372, 0.58326), (-1.64720, -0.94557, 0.58281), (0.75695, -0.97026, -1.40266), (0.43808, -0.99520, 1.78241), (-1.39041, -0.98687, -0.93889), (1.90720, -1.01209, -0.27253), (-1.12720, -1.03757, 1.35743), (-0.06844, -1.02905, -1.59560), (1.30222, -1.05481, 1.31971), (-1.67947, -1.08082, -0.09449), (1.51403, -1.07211, -1.22348), (-0.27374, -1.09840, 1.74878), (-1.12015, -1.08948, -1.70751), (1.80109, -1.11605, 0.46823), (-1.89731, -1.14288, 0.99143), (0.67656, -1.13377, -1.83401), (0.65809, -1.16088, 1.63597), (-1.84524, -1.18824, -0.89700), (1.78140, -1.17895, -0.51878), (-1.12750, -1.20659, 1.83262), (-0.35747, -1.19708, -1.91741), (1.79415, -1.22500, 1.36567), (-2.04112, -1.25318, 0.17442), (1.60883, -1.24348, -1.72805), (-0.02971, -1.27194, 2.14957), (-1.63281, -1.30065, -1.85402), (2.23980, -1.29077, 0.25393), (-1.65013, -1.31976, 1.18547), (0.49685, -1.34901, -2.30888), (1.06764, -1.33893, 1.84790), (-2.35392, -1.36846, -0.75669), (2.04059, -1.35818, -0.92313), (-1.03130, -1.38798, 2.37220), (-0.75159, -1.41804, -2.22493), (2.36113, -1.40757, 1.31813), (-2.39754, -1.43791, 0.55303), (1.61426, -1.46851, -2.31836), (0.32787, -1.45785, 2.55492), (-1.76373, -1.48872, -1.50773), (2.69352, -1.51986, -0.07695), (-1.75644, -1.50901, 1.68427), (0.19844, -1.54042, -2.80980), (1.57421, -1.52937, 2.00606), (-2.90024, -1.56105, -0.49658), (2.25312, -1.59300, -1.43241), (-0.81528, -1.58175, 2.96143), (-1.25810, -1.61398, -2.49389), (2.99012, -1.64646, 1.15190), (-2.72446, -1.63502, 1.05093), (1.18314, -1.66778, -2.34786), (0.81098, -1.70080, 2.94077), (-2.32436, -1.68918, -1.47627), (3.13865, -1.72247, -0.53881), (-1.77788, -1.71064, 2.26765), (-0.23549, -1.74421, -3.31386), (2.17568, -1.77804, 2.08445), (-3.46220, -1.76602, -0.09740), (2.39213, -1.80013, -2.04672), (0.02082, -0.00139, 0.01397), (-0.02503, -0.00282, 0.00365), (0.01632, -0.00471, -0.01977), (0.00121, -0.00593, 0.02629), (-0.01893, -0.00809, -0.01907), (0.02807, -0.01052, 0.00150), (-0.02236, -0.01155, 0.01818), (0.00466, -0.01425, -0.03036), (0.01736, -0.01721, 0.02630), (-0.03311, -0.01805, -0.00850), (0.03099, -0.02129, -0.01631), (-0.01324, -0.02479, 0.03622), (-0.01480, -0.02544, -0.03649), (0.03591, -0.02921, 0.01733), (-0.04281, -0.02966, 0.01261), (0.02345, -0.03371, -0.03836), (0.00946, -0.03802, 0.04994), (-0.04062, -0.03827, -0.03073), (0.05779, -0.04286, -0.00511), (-0.03929, -0.04771, 0.04245), (0.00072, -0.04777, -0.06624), (0.04359, -0.05289, 0.04920), (-0.07510, -0.05827, -0.00829), (0.06049, -0.05815, -0.04373), (-0.01515, -0.06381, 0.07140), (-0.04255, -0.06348, -0.07314), (0.07855, -0.06941, 0.02500), (-0.08709, -0.07561, 0.03971), (0.03680, -0.07509, -0.08534), (0.03486, -0.08156, 0.10219), (-0.09142, -0.08829, -0.05069), (0.11826, -0.08758, -0.02764), (-0.06674, -0.09459, 0.09645), (-0.01773, -0.09367, -0.13502), (0.10001, -0.10095, 0.08498), (-0.12509, -0.10849, 0.00394), (0.10540, -0.10739, -0.10166), (-0.00941, -0.11521, 0.13911), (-0.10095, -0.12328, -0.12787), (0.15280, -0.12199, 0.02570), (-0.15225, -0.13035, 0.09742), (0.04510, -0.13896, -0.16571), (0.09059, -0.13748, 0.17826), (-0.17736, -0.14637, -0.06773), (0.20558, -0.14468, -0.08000), (-0.09366, -0.15384, 0.18722), (-0.05280, -0.16327, -0.18928), (0.19472, -0.16139, 0.12287), (-0.21290, -0.17109, 0.03719), (0.15527, -0.18105, -0.19925), (0.01751, -0.17899, 0.23649), (-0.20021, -0.18922, -0.19069), (0.25953, -0.19972, 0.00654)],
                224: [(0.39772, -0.32179, 0.17905), (-0.48625, -0.33581, 0.15730), (0.23437, -0.35009, -0.40738), (0.11647, -0.34618, 0.53645), (-0.41117, -0.36073, -0.29424), (0.58487, -0.37555, -0.06740), (-0.35818, -0.37145, 0.40821), (-0.00987, -0.38654, -0.63042), (0.39767, -0.40189, 0.42557), (-0.67192, -0.39760, -0.05618), (0.49564, -0.41323, -0.37871), (-0.10348, -0.40873, 0.56078), (-0.35059, -0.42463, -0.56751), (0.58692, -0.44080, 0.16976), (-0.64015, -0.43611, 0.31264), (0.24284, -0.45255, -0.60690), (0.26429, -0.46925, 0.71240), (-0.61959, -0.46438, -0.32232), (0.78300, -0.48135, -0.20509), (-0.40762, -0.49858, 0.62385), (-0.13474, -0.49352, -0.85055), (0.61858, -0.51103, 0.49800), (-0.72246, -0.50576, 0.04198), (0.59255, -0.52355, -0.60272), (-0.03166, -0.54159, 0.77116), (-0.57528, -0.53613, -0.69020), (0.81403, -0.55446, 0.11480), (-0.78970, -0.57304, 0.53537), (0.20718, -0.56739, -0.84967), (0.48221, -0.58625, 0.88965), (-0.87664, -0.60536, -0.30836), (0.98850, -0.59953, -0.41517), (-0.41770, -0.61892, 0.89349), (-0.26373, -0.61288, -0.85694), (0.89881, -0.63255, 0.53435), (-0.93373, -0.65248, 0.18878), (0.65728, -0.64625, -0.89125), (0.10135, -0.66645, 1.00588), (-0.86949, -0.68691, -0.78521), (1.07169, -0.68049, -0.00145), (-0.91671, -0.70124, 0.83237), (0.11071, -0.69461, -1.12942), (0.77883, -0.71563, 1.05011), (-1.17727, -0.73690, -0.23470), (0.93473, -0.73009, -0.55914), (-0.36985, -0.75164, 1.21344), (-0.49138, -0.77345, -1.04372), (1.23614, -0.76645, 0.51525), (-1.15025, -0.78854, 0.40811), (0.66973, -0.81088, -1.24364), (0.30897, -0.80369, 1.25241), (-1.23427, -0.82631, -0.83189), (1.34814, -0.81891, -0.19384), (-1.00007, -0.84181, 1.20648), (-0.06282, -0.86497, -1.43531), (0.91502, -0.85738, 0.92569), (-1.51174, -0.88082, -0.08373), (1.06861, -0.90452, -0.86509), (-0.24516, -0.89674, 1.57519), (-0.79687, -0.92071, -1.21241), (1.62346, -0.94494, 0.42054), (-1.35498, -0.93697, 0.70954), (0.60864, -0.96148, -1.65434), (0.60251, -0.95331, 1.49404), (-1.66573, -0.97809, -0.80794), (1.62718, -1.00313, -0.47541), (-0.80267, -0.99477, 1.30721), (-0.32818, -1.02009, -1.75185), (1.28722, -1.04567, 0.97803), (-1.86541, -1.03712, 0.16105), (1.15876, -1.06297, -1.24681), (-0.02545, -1.05421, 1.96516), (-1.18456, -1.08035, -1.34268), (2.04838, -1.10674, 0.23042), (-1.52738, -1.09779, 1.09931), (0.45264, -1.12446, -2.11237), (0.99010, -1.15138, 1.71025), (-1.70125, -1.14225, -0.54525), (1.88845, -1.16945, -0.85629), (-0.74765, -1.19691, 1.72385), (-0.69754, -1.18759, -2.05901), (1.72491, -1.21533, 0.96098), (-2.21879, -1.20579, 0.51383), (1.18314, -1.23381, -1.70237), (0.30554, -1.26208, 2.36459), (-1.65437, -1.25236, -1.41174), (2.49312, -1.28091, -0.07340), (-1.64408, -1.30972, 1.57928), (0.14328, -1.29981, -2.05430), (1.47572, -1.32890, 1.87719), (-2.13146, -1.35825, -0.36304), (2.10784, -1.34815, -1.34263), (-0.60013, -1.37777, 2.18738), (-1.17929, -1.36746, -2.33261), (2.21933, -1.39736, 0.85274), (-2.54785, -1.42752, 0.98535), (1.11864, -1.41702, -2.22469), (0.59795, -1.44746, 2.16095), (-2.20104, -1.47815, -1.39526), (2.31827, -1.46747, -0.40006), (-1.67964, -1.49844, 2.14620), (-0.17696, -1.48755, -2.45989), (2.05824, -1.51879, 1.96850), (-2.58237, -1.55030, -0.07039), (2.25825, -1.53922, -1.93558), (-0.34064, -1.57100, 2.68227), (-1.77700, -1.60304, -2.54498), (2.75624, -1.59178, 0.63197), (-2.22041, -1.62409, 1.24339), (0.94211, -1.65667, -2.80103), (1.06628, -1.64521, 2.44391), (-2.81355, -1.67807, -1.26838), (2.65638, -1.66640, -0.85776), (-1.60763, -1.69953, 2.79095), (-0.61804, -1.73292, -2.85387), (2.73065, -1.72107, 1.95631), (-3.03231, -1.75473, 0.34780), (2.31048, -1.78866, -2.63043), (0.04823, -1.77662, 3.18764), (-0.02399, -0.00056, 0.00708), (0.01310, -0.00227, -0.02148), (0.00476, -0.00367, 0.02499), (-0.02077, -0.00566, -0.01568), (0.02643, -0.00685, -0.00236), (-0.01877, -0.00911, 0.02031), (0.00028, -0.01164, -0.02835), (0.01999, -0.01264, 0.02252), (-0.03074, -0.01544, -0.00337), (0.02708, -0.01850, -0.01961), (-0.00709, -0.01931, 0.03356), (-0.01760, -0.02264, -0.03020), (0.03673, -0.02624, 0.01165), (-0.03557, -0.02686, 0.01626), (0.01726, -0.03073, -0.04012), (0.01428, -0.03115, 0.04174), (-0.04354, -0.03530, -0.02409), (0.04868, -0.03971, -0.01142), (-0.03230, -0.03993, 0.04677), (-0.00745, -0.04462, -0.05633), (0.04954, -0.04956, 0.04202), (-0.06459, -0.04960, 0.00209), (0.04577, -0.05482, -0.04423), (-0.00490, -0.05465, 0.07330), (-0.04468, -0.06015, -0.05649), (0.08222, -0.06590, 0.01376), (-0.06854, -0.06554, 0.04394), (0.02471, -0.07158, -0.09110), (0.04169, -0.07787, 0.08187), (-0.09961, -0.07732, -0.03794), (0.09637, -0.08389, -0.03760), (-0.05360, -0.09071, 0.10738), (-0.03131, -0.08998, -0.11186), (0.09414, -0.09708, 0.05929), (-0.12812, -0.09614, 0.02250), (0.07635, -0.10352, -0.09815), (0.01085, -0.11116, 0.14485), (-0.10046, -0.11003, -0.09552), (0.16167, -0.11794, 0.00393), (-0.11674, -0.12611, 0.10065), (0.02209, -0.12480, -0.17816), (0.09827, -0.13325, 0.13986), (-0.19383, -0.14195, -0.04384), (0.16469, -0.14045, -0.09286), (-0.05622, -0.14943, 0.16880), (-0.08397, -0.14772, -0.19092), (0.17912, -0.15698, 0.08012), (-0.21818, -0.16650, 0.07116), (0.10720, -0.16460, -0.18738), (0.05404, -0.17440, 0.24602), (-0.19302, -0.18445, -0.13743), (0.27390, -0.18236, -0.03223), (-0.17066, -0.19269, 0.19545), (-0.00544, -0.19040, -0.30121), (0.19405, -0.20101, 0.20667), (-0.26295, -0.21187, -0.02135), (0.24513, -0.20939, -0.18824), (-0.05155, -0.22053, 0.28316), (-0.17740, -0.23194, -0.28562), (0.30121, -0.22926, 0.08633), (-0.32763, -0.24094, 0.16099), (0.12571, -0.25288, -0.31639), (0.13848, -0.25002, 0.37052), (-0.32793, -0.26223, -0.16959), (0.41356, -0.25916, -0.10939), (-0.21777, -0.27165, 0.33505), (-0.05863, -0.28441, -0.36441), (0.33695, -0.28114, 0.26993), (-0.39855, -0.29417, 0.02412), (0.32565, -0.30746, -0.33284), (-0.01665, -0.30401, 0.43084), (-0.32194, -0.31758, -0.38436), (0.46041, -0.33140, 0.06379)],
                226: [(0.58821, -0.48175, 0.34900), (-0.78359, -0.49910, 0.15914), (0.43290, -0.51670, -0.58807), (0.08604, -0.51141, 0.84654), (-0.57830, -0.52929, -0.52133), (0.90442, -0.54743, -0.00201), (-0.61335, -0.54195, 0.55790), (0.09284, -0.56037, -0.95572), (0.52595, -0.57905, 0.70786), (-0.99884, -0.57337, -0.19823), (0.80357, -0.59233, -0.48163), (-0.24759, -0.58645, 0.81484), (-0.42423, -0.60568, -0.89907), (0.83625, -0.62517, 0.34771), (-0.99279, -0.61910, 0.35322), (0.45537, -0.63887, -0.84737), (0.26820, -0.65889, 1.08306), (-0.84683, -0.65263, -0.56968), (1.16806, -0.67294, -0.16899), (-0.68955, -0.69350, 0.83335), (-0.05562, -0.68705, -1.24592), (0.80570, -0.70789, 0.81367), (-1.03729, -0.70123, -0.05655), (0.94057, -0.72235, -0.76279), (-0.16839, -0.74372, 1.08817), (-0.70366, -0.73688, -1.06856), (1.12887, -0.75853, 0.29137), (-1.19578, -0.78044, 0.62751), (0.42476, -0.77341, -1.15765), (0.53375, -0.79559, 1.32022), (-1.17279, -0.81804, -0.56758), (1.43972, -0.81082, -0.42201), (-0.71862, -0.83354, 1.17262), (-0.23044, -0.82611, -1.22422), (1.15559, -0.84911, 0.87643), (-1.31178, -0.87236, 0.11440), (1.03929, -0.86475, -1.12022), (-0.01679, -0.88828, 1.39032), (-1.06522, -0.91207, -1.20529), (1.45772, -0.90427, 0.16269), (-1.37227, -0.92834, 0.98948), (0.32257, -0.92032, -1.51181), (0.89210, -0.94467, 1.53787), (-1.55045, -0.96927, -0.49543), (1.34050, -0.96107, -0.60924), (-0.67996, -0.98595, 1.57154), (-0.49950, -1.01109, -1.47020), (1.57307, -1.00271, 0.87459), (-1.59332, -1.02812, 0.37045), (1.07744, -1.05380, -1.55316), (0.22213, -1.04522, 1.70736), (-1.51007, -1.07117, -1.28633), (1.80975, -1.06239, -0.05486), (-1.49884, -1.08861, 1.44228), (0.13071, -1.11510, -1.89786), (1.06368, -1.10613, 1.35063), (-1.96906, -1.13289, -0.33361), (1.52509, -1.15992, -0.97331), (-0.55252, -1.15075, 2.02075), (-0.85972, -1.17805, -1.69683), (2.05040, -1.20561, 0.78578), (-1.86306, -1.19626, 0.72239), (1.03137, -1.22410, -2.05560), (0.56108, -1.21454, 2.02084), (-2.03410, -1.24265, -1.28694), (2.16713, -1.27102, -0.37592), (-1.22268, -1.26127, 1.56512), (-0.16739, -1.28992, -2.29877), (1.50902, -1.31883, 1.44071), (-2.41259, -1.30889, -0.06366), (1.66133, -1.33807, -1.42647), (-0.31596, -1.32793, 2.50542), (-1.31625, -1.35739, -1.88161), (2.57414, -1.38711, 0.58785), (-2.09835, -1.37678, 1.17744), (0.87725, -1.40677, -2.61572), (1.00945, -1.43703, 2.30816), (-2.07327, -1.42651, -0.93247), (2.50747, -1.45704, -0.81209), (-1.18826, -1.48783, 2.06706), (-0.58557, -1.47712, -2.69261), (2.03235, -1.50818, 1.45335), (-2.85978, -1.49727, 0.33054), (1.72480, -1.52861, -1.96710), (0.04809, -1.56021, 3.00519), (-1.86955, -1.54911, -1.99933), (3.12504, -1.58099, 0.26018), (-2.27336, -1.61312, 1.73828), (0.46750, -1.60183, -2.53831), (1.57223, -1.63424, 2.54305), (-2.59699, -1.66692, -0.75016), (2.80432, -1.65543, -1.37079), (-1.04998, -1.68838, 2.62674), (-1.13378, -1.67669, -3.05289), (2.62465, -1.70992, 1.36422), (-3.28438, -1.74341, 0.86150), (1.68973, -1.73153, -2.58804), (0.43577, -1.76529, 2.74472), (-2.51453, -1.79931, -2.02294), (2.90438, -1.78724, -0.16977), (0.00813, -0.00137, 0.02371), (-0.02213, -0.00273, -0.01222), (0.02507, -0.00455, -0.00591), (-0.01489, -0.00664, 0.02160), (-0.00359, -0.00780, -0.02699), (0.02130, -0.01016, 0.01804), (-0.02951, -0.01278, 0.00098), (0.02181, -0.01376, -0.02111), (-0.00204, -0.01665, 0.03097), (-0.02086, -0.01981, -0.02633), (0.03383, -0.02060, 0.00563), (-0.03173, -0.02403, 0.02038), (0.01001, -0.02461, -0.03702), (0.01942, -0.02832, 0.03805), (-0.04044, -0.03228, -0.01536), (0.04535, -0.03268, -0.01774), (-0.02187, -0.03692, 0.04390), (-0.01505, -0.04142, -0.05359), (0.04723, -0.04163, 0.02969), (-0.05451, -0.04641, 0.00962), (0.03894, -0.05144, -0.05016), (0.00474, -0.05146, 0.06253), (-0.05241, -0.05677, -0.04974), (0.07101, -0.05658, 0.00166), (-0.06212, -0.06217, 0.05366), (0.00982, -0.06802, -0.07977), (0.05356, -0.06764, 0.07608), (-0.08856, -0.07377, -0.01995), (0.09157, -0.08015, -0.05174), (-0.03224, -0.07958, 0.09708), (-0.03972, -0.08625, -0.09009), (0.10500, -0.09317, 0.04685), (-0.10492, -0.09241, 0.03432), (0.06389, -0.09961, -0.11191), (0.02659, -0.09864, 0.12057), (-0.11738, -0.10612, -0.08342), (0.13678, -0.11385, -0.01622), (-0.10542, -0.11269, 0.12095), (-0.00290, -0.12070, -0.15323), (0.12211, -0.12897, 0.12982), (-0.16951, -0.12763, -0.01361), (0.12720, -0.13618, -0.09786), (-0.03354, -0.13462, 0.18517), (-0.09379, -0.14345, -0.15070), (0.19971, -0.15253, 0.05705), (-0.17568, -0.15079, 0.08652), (0.08424, -0.16015, -0.21255), (0.07563, -0.16977, 0.20182), (-0.22309, -0.16784, -0.11513), (0.22872, -0.17773, -0.06071), (-0.14965, -0.18788, 0.23069), (-0.04140, -0.18577, -0.25588), (0.18871, -0.19620, 0.15090), (-0.28275, -0.19387, 0.01736), (0.18460, -0.20458, -0.18901), (-0.01166, -0.21554, 0.30869), (-0.18530, -0.21303, -0.22083), (0.33300, -0.22427, 0.04584), (-0.25923, -0.23577, 0.17699), (0.08530, -0.23307, -0.35491), (0.16352, -0.24485, 0.29933), (-0.37361, -0.25688, -0.13004), (0.34058, -0.25399, -0.14436), (-0.14382, -0.26631, 0.31030), (-0.11904, -0.26321, -0.38232), (0.31922, -0.27580, 0.18836), (-0.42380, -0.28865, 0.08713), (0.23692, -0.28536, -0.32347), (0.04831, -0.29848, 0.46417), (-0.32229, -0.31187, -0.28913), (0.50251, -0.30839, -0.00233), (-0.34452, -0.32205, 0.31490), (0.05094, -0.31837, -0.53781), (0.30057, -0.33231, 0.40249), (-0.45319, -0.34650, -0.08880), (0.46231, -0.34263, -0.27861), (-0.14334, -0.35711, 0.47588), (-0.24839, -0.37184, -0.52314), (0.49359, -0.36778, 0.20384), (-0.58401, -0.38279, 0.20937), (0.27000, -0.39805, -0.50534), (0.16108, -0.39380, 0.64384), (-0.51010, -0.40935, -0.34138), (0.70146, -0.40489, -0.10321), (-0.41738, -0.42071, 0.50690), (-0.02826, -0.43679, -0.60051), (0.49478, -0.43215, 0.49727), (-0.64254, -0.44850, -0.03347), (0.58015, -0.46512, -0.47282), (-0.10352, -0.46028, 0.67982), (-0.44020, -0.47718, -0.66497), (0.71111, -0.49433, 0.18172)],
                228: [(0.78925, -0.67296, 0.59750), (-1.15058, -0.69364, 0.10136), (0.71354, -0.71457, -0.77045), (-0.01368, -0.70789, 1.22118), (-0.73761, -0.72910, -0.83313), (1.28217, -0.75057, 0.14197), (-0.95476, -0.74370, 0.68970), (0.28290, -0.76545, -1.33159), (0.62585, -0.78745, 1.07672), (-1.36752, -0.78040, -0.43566), (1.19717, -0.80268, -0.54536), (-0.47212, -0.79541, 1.09379), (-0.44774, -0.81797, -1.31410), (1.10192, -0.84079, 0.61138), (-1.42536, -0.83334, 0.33271), (0.75802, -0.85643, -1.09475), (0.20024, -0.87978, 1.52870), (-1.07082, -0.87214, -0.91055), (1.62180, -0.89577, -0.05058), (-1.06724, -0.91966, 1.02876), (0.11575, -0.91183, -1.70228), (0.96738, -0.93599, 1.22614), (-1.39284, -0.92796, -0.23473), (1.38509, -0.95240, -0.88566), (-0.39183, -0.97710, 1.43799), (-0.78283, -0.96887, -1.54173), (1.46756, -0.99385, 0.56095), (-1.69355, -1.01909, 0.65836), (0.74074, -1.01067, -1.47955), (0.51201, -1.03618, 1.83787), (-1.47206, -1.06196, -0.92955), (1.97190, -1.05335, -0.34383), (-1.12548, -1.07940, 1.44329), (-0.12152, -1.07059, -1.64902), (1.39165, -1.09691, 1.32633), (-1.74047, -1.12350, -0.04441), (1.52965, -1.11450, -1.31573), (-0.22757, -1.14136, 1.81732), (-1.21437, -1.16848, -1.73274), (1.87703, -1.15929, 0.42693), (-1.93269, -1.18669, 1.08670), (0.64109, -1.17729, -1.91710), (0.93217, -1.20496, 2.12638), (-1.93513, -1.23290, -0.86832), (1.82089, -1.22331, -0.59148), (-1.10656, -1.25152, 1.92883), (-0.42932, -1.27999, -1.96585), (1.89608, -1.27021, 1.35340), (-2.09874, -1.29896, 0.24443), (1.60614, -1.32796, -1.83500), (0.03741, -1.31800, 2.21651), (-1.74394, -1.34728, -1.86174), (2.31608, -1.33711, 0.19080), (-2.11690, -1.36667, 1.62157), (0.43883, -1.39648, -2.39440), (1.15631, -1.38612, 1.86666), (-2.44847, -1.41622, -0.70495), (2.06906, -1.44657, -1.01362), (-0.98699, -1.43602, 2.47541), (-0.84292, -1.46665, -2.26367), (2.47252, -1.49753, 1.28241), (-2.44699, -1.48680, 0.64413), (1.58827, -1.51796, -2.43729), (0.41759, -1.50702, 2.61543), (-2.36750, -1.53846, -1.90126), (2.76533, -1.57016, -0.16406), (-1.74865, -1.55902, 1.78299), (0.11524, -1.59100, -2.89300), (1.67779, -1.62324, 2.00798), (-2.99480, -1.61191, -0.41861), (2.26560, -1.64442, -1.53997), (-0.74392, -1.63290, 3.06717), (-1.36864, -1.66568, -2.51774), (3.10671, -1.69873, 1.08855), (-2.76039, -1.68701, 1.16332), (1.44939, -1.72034, -3.11021), (0.92399, -1.75392, 2.98937), (-2.42527, -1.74201, -1.43785), (3.20040, -1.77587, -0.65111), (-1.74823, -1.80999, 2.37658), (-0.02339, -0.00057, -0.00886), (0.02342, -0.00222, -0.00918), (-0.01136, -0.00354, 0.02287), (-0.00704, -0.00547, -0.02499), (0.02273, -0.00765, 0.01426), (-0.02707, -0.00879, 0.00480), (0.01775, -0.01124, -0.02290), (0.00228, -0.01396, 0.02970), (-0.02214, -0.01491, -0.02098), (0.03289, -0.01790, 0.00074), (-0.02544, -0.02115, 0.02201), (0.00448, -0.02191, -0.03661), (0.02167, -0.02544, 0.03072), (-0.04076, -0.02600, -0.00914), (0.03689, -0.02980, -0.02089), (-0.01497, -0.03387, 0.04520), (-0.01944, -0.03423, -0.04398), (0.04394, -0.03857, 0.01956), (-0.05200, -0.04317, 0.01706), (0.02696, -0.04335, -0.04731), (0.01348, -0.04822, 0.06088), (-0.05036, -0.04819, -0.03572), (0.07052, -0.05335, -0.00842), (-0.04595, -0.05876, 0.05281), (-0.00160, -0.05854, -0.08075), (0.05437, -0.06423, 0.05770), (-0.09136, -0.07018, -0.00726), (0.07100, -0.06977, -0.05472), (-0.01539, -0.07599, 0.08537), (-0.05350, -0.08247, -0.08579), (0.09383, -0.08188, 0.02672), (-0.10200, -0.08864, 0.05034), (0.04024, -0.08783, -0.10180), (0.04487, -0.09487, 0.11944), (-0.10894, -0.10216, -0.05610), (0.13788, -0.10117, -0.03673), (-0.07435, -0.10874, 0.11482), (-0.02555, -0.11657, -0.15703), (0.11902, -0.11539, 0.09501), (-0.14392, -0.12350, 0.00896), (0.11804, -0.13187, -0.12107), (-0.00590, -0.13049, 0.15985), (-0.12047, -0.13914, -0.14332), (0.17536, -0.13756, 0.02399), (-0.17064, -0.14648, 0.11672), (0.04549, -0.15566, -0.18998), (0.10933, -0.15389, 0.19972), (-0.20319, -0.16335, -0.07052), (0.23020, -0.17306, -0.09781), (-0.09915, -0.17111, 0.21441), (-0.06577, -0.18110, -0.21059), (0.22303, -0.19135, 0.13134), (-0.23682, -0.18920, 0.04891), (0.16700, -0.19973, -0.22842), (0.02761, -0.19738, 0.26302), (-0.22992, -0.20818, -0.20590), (0.28860, -0.21924, -0.00159), (-0.24776, -0.21670, 0.22685), (0.02936, -0.22804, -0.31292), (0.21857, -0.23964, 0.29215), (-0.33526, -0.23691, -0.06539), (0.27065, -0.24878, -0.16343), (-0.10655, -0.24585, 0.35485), (-0.14752, -0.25800, -0.30998), (0.37087, -0.27041, 0.15278), (-0.35011, -0.26728, 0.12586), (0.20392, -0.27997, -0.38247), (0.09802, -0.29292, 0.39035), (-0.38879, -0.28960, -0.25970), (0.42992, -0.30283, -0.06364), (-0.31970, -0.31631, 0.38896), (-0.02243, -0.31280, -0.46798), (0.30426, -0.32656, 0.30526), (-0.50357, -0.32285, -0.02579), (0.35984, -0.33689, -0.29379), (-0.08110, -0.35118, 0.53571), (-0.27630, -0.34728, -0.41659), (0.56332, -0.36185, 0.14343), (-0.47476, -0.37668, 0.25113), (0.21258, -0.37259, -0.58532), (0.21771, -0.38770, 0.53346), (-0.60058, -0.40306, -0.28823), (0.59170, -0.39879, -0.17555), (-0.29377, -0.41443, 0.48292), (-0.12426, -0.40994, -0.64841), (0.48382, -0.42586, 0.36444), (-0.70237, -0.44204, 0.06358), (0.43927, -0.43737, -0.47661), (-0.00661, -0.45382, 0.75234), (-0.46037, -0.47053, -0.51747), (0.79695, -0.46567, 0.08629), (-0.59811, -0.48266, 0.43427), (0.17526, -0.47759, -0.83483), (0.39752, -0.49486, 0.68012), (-0.68572, -0.51238, -0.21663), (0.76227, -0.50713, -0.34947), (-0.30226, -0.52493, 0.70493), (-0.28958, -0.54299, -0.84323), (0.71537, -0.53754, 0.39466), (-0.92151, -0.55588, 0.21745), (0.49310, -0.57448, -0.71583), (0.13285, -0.56884, 0.99554), (-0.70511, -0.58771, -0.59665), (1.06366, -0.58187, -0.03574), (-0.70422, -0.60102, 0.68211), (0.05841, -0.62043, -0.89083), (0.64581, -0.61440, 0.81451), (-0.93570, -0.63408, -0.15537), (0.92608, -0.65403, -0.59531), (-0.26229, -0.64781, 0.97183), (-0.52985, -0.66803, -1.03730), (0.99765, -0.68851, 0.37858)],
                230: [(0.98099, -0.89542, 0.93331), (-1.57694, -0.91942, -0.03886), (1.08306, -0.94368, -0.93323), (-0.20483, -0.93562, 1.64735), (-0.86656, -0.96016, -1.23417), (1.70235, -0.98496, 0.38564), (-1.38449, -0.97670, 0.78006), (0.58006, -1.00178, -1.73964), (0.67306, -1.02711, 1.53169), (-1.75702, -1.01867, -0.78656), (1.67327, -1.04428, -0.54515), (-0.78970, -1.03563, 1.37931), (-0.39619, -1.06152, -1.80659), (1.36375, -1.08766, 0.97164), (-1.92893, -1.07882, 0.22636), (1.15965, -1.10525, -1.32723), (0.03616, -1.13193, 2.03750), (-1.26825, -1.12290, -1.35155), (2.12945, -1.14986, 0.17355), (-1.54488, -1.17708, 1.18553), (0.40158, -1.16786, -2.20198), (1.07805, -1.19535, 1.73694), (-1.77306, -1.18593, -0.50881), (1.92484, -1.21370, -0.94506), (-0.71682, -1.24173, 1.80238), (-0.78613, -1.23212, -2.10552), (1.80981, -1.26042, 0.93668), (-2.27576, -1.28899, 0.60118), (1.16630, -1.27919, -1.79316), (0.39051, -1.30803, 2.43224), (-1.75048, -1.33713, -1.40324), (2.57156, -1.32714, -0.15481), (-1.64478, -1.35652, 1.68001), (0.08253, -1.34632, -2.11833), (1.58026, -1.37597, 1.88790), (-2.20430, -1.40589, -0.30616), (2.12931, -1.39550, -1.45005), (-0.54822, -1.42569, 2.26894), (-1.28855, -1.45614, -2.36549), (2.30938, -1.44556, 0.80691), (-2.59272, -1.47629, 1.09532), (1.08002, -1.46551, -2.32288), (0.87034, -1.49651, 2.80712), (-2.30689, -1.52777, -1.36495), (2.36655, -1.51680, -0.48362), (-1.65875, -1.54834, 2.25908), (-0.25910, -1.58013, -2.51865), (2.17738, -1.56897, 1.95809), (-2.65182, -1.60105, 0.00913), (2.25931, -1.63338, -2.06009), (-0.26498, -1.62203, 2.76252), (-1.90583, -1.65464, -2.55846), (2.84723, -1.64308, 0.56145), (-2.85131, -1.67597, 1.71369), (0.87807, -1.70911, -2.90257), (1.16858, -1.69737, 2.46875), (-2.92530, -1.73079, -1.21215), (2.69270, -1.76447, -0.96170), (-1.56056, -1.75253, 2.91241), (-0.72243, -1.78649, -2.90224), (2.86116, -1.82071, 1.91973), (-0.00786, -0.00135, 0.02380), (-0.01026, -0.00309, -0.02317), (0.02350, -0.00439, 0.01044), (-0.02515, -0.00641, 0.00827), (0.01339, -0.00869, -0.02355), (0.00601, -0.00980, 0.02705), (-0.02387, -0.01236, -0.01690), (0.02976, -0.01517, -0.00358), (-0.02113, -0.01609, 0.02433), (-0.00068, -0.01918, -0.03299), (0.02476, -0.01990, 0.02623), (-0.03672, -0.02326, -0.00288), (0.03231, -0.02689, -0.02495), (-0.00733, -0.02742, 0.04087), (-0.02466, -0.03132, -0.03947), (0.04533, -0.03548, 0.01286), (-0.04236, -0.03582, 0.02095), (0.01968, -0.04026, -0.04992), (0.01887, -0.04495, 0.05010), (-0.05442, -0.04510, -0.02797), (0.05869, -0.05008, -0.01569), (-0.03787, -0.05002, 0.05859), (-0.01113, -0.05527, -0.06803), (0.06212, -0.06078, 0.04950), (-0.07800, -0.06053, 0.00493), (0.06293, -0.06632, -0.06466), (-0.00318, -0.07236, 0.08840), (-0.05528, -0.07192, -0.06565), (0.09896, -0.07825, 0.01345), (-0.07969, -0.08483, 0.05461), (0.02609, -0.08420, -0.10939), (0.05218, -0.09106, 0.09512), (-0.11931, -0.09023, -0.04130), (0.11181, -0.09736, -0.04762), (-0.05920, -0.10475, 0.12832), (-0.04059, -0.10373, -0.12956), (0.11124, -0.11140, 0.06538), (-0.14811, -0.11933, 0.03072), (0.08463, -0.11812, -0.11597), (0.01769, -0.12633, 0.16712), (-0.11879, -0.12491, -0.10619), (0.18617, -0.13339, -0.00119), (-0.12999, -0.14213, 0.11923), (0.01904, -0.14053, -0.20481), (0.11681, -0.14954, 0.15585), (-0.22250, -0.15882, -0.04320), (0.18355, -0.15703, -0.11105), (-0.05757, -0.16658, 0.19235), (-0.10147, -0.17639, -0.21275), (0.20407, -0.17441, 0.08386), (-0.24304, -0.18450, 0.08761), (0.11362, -0.18231, -0.21354), (0.06905, -0.19267, 0.27395), (-0.22016, -0.20329, -0.14678), (0.30488, -0.20092, -0.04540), (-0.18319, -0.21182, 0.22328), (-0.01636, -0.22298, -0.33518), (0.22227, -0.22041, 0.22261), (-0.29117, -0.23184, -0.01466), (0.26468, -0.24354, -0.21648), (-0.04720, -0.24078, 0.31366), (-0.20529, -0.25275, -0.30895), (0.33385, -0.24979, 0.08469), (-0.35485, -0.26204, 0.18810), (0.12712, -0.27455, -0.35097), (0.16436, -0.27139, 0.40173), (-0.36422, -0.28418, -0.17440), (0.44881, -0.29722, -0.13358), (-0.22631, -0.29388, 0.37276), (-0.07590, -0.30720, -0.39420), (0.37575, -0.32078, 0.28252), (-0.43159, -0.31725, 0.03945), (0.34257, -0.33110, -0.37234), (-0.00370, -0.32737, 0.46708), (-0.36172, -0.34150, -0.40587), (0.49972, -0.35589, 0.05367), (-0.47170, -0.35196, 0.34311), (0.11048, -0.36663, -0.52853), (0.31578, -0.38156, 0.53920), (-0.55245, -0.37744, -0.17400), (0.48219, -0.39264, -0.22157), (-0.24399, -0.38832, 0.57040), (-0.18541, -0.40380, -0.53836), (0.58130, -0.41954, 0.32003), (-0.59363, -0.41503, 0.14062), (0.40158, -0.43104, -0.58406), (0.08690, -0.44732, 0.64689), (-0.57761, -0.44262, -0.48790), (0.69694, -0.45917, -0.02403), (-0.57812, -0.47598, 0.56095), (0.04804, -0.47109, -0.74254), (0.42254, -0.48818, 0.53196), (-0.78234, -0.48308, -0.12920), (0.60982, -0.50045, -0.39276), (-0.21920, -0.51807, 0.81498), (-0.35245, -0.51278, -0.68851), (0.83908, -0.53068, 0.31757), (-0.76678, -0.54884, 0.30099), (0.42368, -0.54337, -0.85325), (0.23792, -0.56180, 0.84328), (-0.85612, -0.58049, -0.53668), (0.91654, -0.57483, -0.16292), (-0.51906, -0.59380, 0.67016), (-0.07584, -0.58793, -0.98498), (0.65459, -0.60718, 0.61977), (-1.04697, -0.62668, -0.02327), (0.72386, -0.62063, -0.62677), (-0.13418, -0.64041, 1.10080), (-0.58577, -0.66045, -0.83000), (1.14472, -0.65420, 0.25642), (-0.93672, -0.67452, 0.53075), (0.38930, -0.66807, -1.17700), (0.46105, -0.68866, 1.04239), (-0.94637, -0.70951, -0.42092), (1.14524, -0.70287, -0.37618), (-0.54316, -0.72400, 0.95402), (-0.27582, -0.74539, -1.24336), (0.94824, -0.73856, 0.67215), (-1.33474, -0.76022, 0.15990), (0.80660, -0.78215, -0.92766), (0.02858, -0.77513, 1.41730), (-0.89104, -0.79733, -0.94498), (1.48890, -0.79010, 0.11773), (-1.08559, -0.81258, 0.83725), (0.22020, -0.83532, -1.22415), (0.76535, -0.82790, 1.22651), (-1.26447, -0.85091, -0.35956), (1.36563, -0.87419, -0.67459), (-0.50983, -0.86658, 1.29099), (-0.56444, -0.89013, -1.50070), (1.30190, -0.91394, 0.66983)],
                232: [(1.14134, -1.14913, 1.36112), (-2.04732, -1.17646, -0.28253), (1.54378, -1.20405, -1.05328), (-0.50716, -1.19460, 2.10705), (-0.94121, -1.22247, -1.72427), (2.14442, -1.25059, 0.74718), (-1.89973, -1.24095, 0.80451), (1.00056, -1.26936, -2.15690), (0.64289, -1.29802, 2.06715), (-2.14212, -1.28819, -1.26494), (2.22337, -1.31713, -0.45638), (-1.20934, -1.30709, 1.65003), (-0.24539, -1.33631, -2.36516), (1.59888, -1.36578, 1.43533), (-2.48922, -1.35556, 0.01074), (1.66475, -1.38531, -1.52061), (-0.24636, -1.41532, 2.59225), (-1.41388, -1.40491, -1.89459), (2.67101, -1.43519, 0.52428), (-2.12160, -1.46574, 1.27765), (0.82096, -1.45514, -2.72233), (1.11124, -1.48596, 2.34232), (-2.15817, -1.47515, -0.89207), (2.55308, -1.50625, -0.91435), (-1.15477, -1.53761, 2.15961), (-0.68711, -1.52661, -2.75010), (2.13208, -1.55825, 1.42784), (-2.92947, -1.59014, 0.43007), (1.70834, -1.57895, -2.07339), (0.14427, -1.61112, 3.08727), (-1.98165, -1.64355, -1.99292), (3.21955, -1.63218, 0.16876), (-2.27798, -1.66488, 1.85531), (0.39903, -1.65330, -2.61476), (1.69319, -1.68628, 2.55959), (-2.68358, -1.71952, -0.68668), (2.83358, -1.70775, -1.49453), (-0.99277, -1.74127, 2.72328), (-1.25904, -1.77505, -3.09559), (2.73080, -1.76309, 1.31457), (-3.34110, -1.79714, 0.98691), (-0.01327, -0.00058, -0.02120), (0.02424, -0.00216, 0.00686), (-0.02285, -0.00400, 0.01133), (0.00948, -0.00527, -0.02410), (0.00944, -0.00739, 0.02501), (-0.02431, -0.00976, -0.01247), (0.02775, -0.01085, -0.00744), (-0.01597, -0.01350, 0.02476), (-0.00512, -0.01641, -0.03114), (0.02533, -0.01731, 0.02015), (-0.03519, -0.02049, 0.00225), (0.02515, -0.02118, -0.02588), (-0.00140, -0.02464, 0.03986), (-0.02622, -0.02837, -0.03108), (0.04073, -0.02887, 0.00550), (-0.03804, -0.03287, 0.02612), (0.01073, -0.03713, -0.04514), (0.02533, -0.03744, 0.04607), (-0.04972, -0.04197, -0.01716), (0.05519, -0.04677, -0.02356), (-0.02498, -0.04689, 0.05426), (-0.02053, -0.05196, -0.06534), (0.05852, -0.05187, 0.03433), (-0.07642, -0.05722, 0.01592), (0.04534, -0.06283, -0.06224), (0.00798, -0.06255, 0.07476), (-0.06508, -0.06844, -0.05808), (0.08486, -0.07458, -0.00062), (-0.07260, -0.07411, 0.06671), (0.00876, -0.08053, -0.09520), (0.06672, -0.07986, 0.08886), (-0.10550, -0.08656, -0.02039), (0.10678, -0.09351, -0.06473), (-0.03444, -0.09265, 0.11544), (-0.06033, -0.09988, -0.12621), (0.12462, -0.10737, 0.05108), (-0.12067, -0.10633, 0.04362), (0.07042, -0.11409, -0.13263), (0.03503, -0.12212, 0.13849), (-0.13898, -0.12088, -0.09248), (0.15688, -0.12918, -0.02350), (-0.11725, -0.12774, 0.14316), (-0.00872, -0.13632, -0.17548), (0.14467, -0.14516, 0.14464), (-0.19386, -0.14352, -0.00959), (0.17444, -0.15264, -0.14293), (-0.03164, -0.16201, 0.21152), (-0.11119, -0.16019, -0.16701), (0.22792, -0.16984, 0.05761), (-0.19476, -0.17975, 0.10346), (0.08757, -0.17774, -0.24243), (0.09177, -0.18792, 0.22376), (-0.25442, -0.18571, -0.12155), (0.25356, -0.19617, -0.07571), (-0.15947, -0.20689, 0.26318), (-0.05487, -0.20448, -0.28364), (0.21444, -0.21548, 0.16094), (-0.31339, -0.22674, 0.02892), (0.19774, -0.22414, -0.21530), (-0.00241, -0.23568, 0.34215), (-0.21183, -0.23288, -0.23727), (0.36915, -0.24469, 0.03932), (-0.27915, -0.25675, 0.20342), (0.08191, -0.25376, -0.39357), (0.18948, -0.26611, 0.32288), (-0.41456, -0.27871, -0.13017), (0.36788, -0.27553, -0.16943), (-0.14645, -0.28842, 0.34321), (-0.14279, -0.30156, -0.41343), (0.35367, -0.29819, 0.19431), (-0.45875, -0.31160, 0.10909), (0.24649, -0.30803, -0.35917), (0.06801, -0.32172, 0.50293), (-0.35891, -0.33567, -0.30263), (0.54501, -0.33191, -0.01927), (-0.36221, -0.34614, 0.35207), (0.03727, -0.36063, -0.58391), (0.33787, -0.35667, 0.42460), (-0.49080, -0.37144, -0.08062), (0.48905, -0.38646, -0.31558), (-0.13835, -0.38232, 0.51619), (-0.28454, -0.39762, -0.55466), (0.53638, -0.39327, 0.20247), (-0.62043, -0.40885, 0.24416), (0.27267, -0.42468, -0.55034), (0.19396, -0.42015, 0.68521), (-0.55698, -0.43626, -0.34848), (0.74778, -0.45263, -0.13359), (-0.42930, -0.44790, 0.55527), (-0.04976, -0.46455, -0.63900), (0.54420, -0.48146, 0.51436), (-0.68496, -0.47654, -0.01463), (0.60272, -0.49373, -0.52280), (-0.08786, -0.48860, 0.72606), (-0.49020, -0.50606, -0.69330), (0.76101, -0.52378, 0.16977), (-0.78485, -0.51847, 0.44561), (0.26002, -0.53647, -0.78845), (0.38837, -0.55472, 0.87600), (-0.80704, -0.54922, -0.35811), (0.76362, -0.56775, -0.25156), (-0.46332, -0.56205, 0.81544), (-0.18607, -0.58085, -0.83534), (0.81235, -0.59992, 0.57477), (-0.90332, -0.59402, 0.10901), (0.69136, -0.61337, -0.79652), (0.02032, -0.63297, 0.96600), (-0.76680, -0.62689, -0.81180), (1.02176, -0.64676, 0.07990), (-0.93464, -0.66690, 0.72213), (0.19132, -0.66063, -1.06894), (0.52308, -0.68104, 0.83664), (-1.10583, -0.67456, -0.31341), (0.93801, -0.69525, -0.46437), (-0.44541, -0.71620, 1.13076), (-0.39133, -0.70954, -1.03769), (1.14205, -0.73076, 0.58633), (-1.13393, -0.75225, 0.30353), (0.73493, -0.74539, -1.13811), (0.20078, -0.76715, 1.22482), (-1.11743, -0.78917, -0.88975), (1.30841, -0.78213, -0.08308), (-0.82916, -0.80442, 0.85250), (0.04932, -0.79717, -1.38263), (0.81051, -0.81974, 0.96186), (-1.44540, -0.84258, -0.19592), (1.09600, -0.83514, -0.75165), (-0.35594, -0.85825, 1.49462), (-0.67507, -0.88162, -1.22965), (1.52819, -0.87398, 0.52833), (-1.36073, -0.89763, 0.58013), (0.71177, -0.88979, -1.54411), (0.46640, -0.91371, 1.48700), (-1.21733, -0.93789, -0.71489), (1.60609, -0.92987, -0.33371), (-0.87757, -0.95433, 1.20344), (-0.18218, -0.97904, -1.71552), (1.17074, -0.97083, 1.04589), (-1.81276, -0.99582, 0.01220), (1.21790, -1.02107, -1.11785), (-0.17551, -1.01267, 1.89524), (-1.04358, -1.03820, -1.39137), (1.96039, -1.02958, 0.37989), (-1.56390, -1.05539, 0.94695), (0.47382, -1.08145, -1.58504), (0.82723, -1.07265, 1.73287), (-1.61117, -1.09899, -0.66143), (1.89549, -1.12560, -0.68401), (-0.85990, -1.11661, 1.61753), (-0.51715, -1.14348, -2.04884), (1.60213, -1.17062, 1.06735)],
                234: [(1.24675, -1.43409, 1.88113), (-2.54164, -1.46475, -0.64800), (2.09330, -1.49566, -1.10642), (-0.93717, -1.48483, 2.57775), (-0.93710, -1.51602, -2.29828), (2.58357, -1.54748, 1.24092), (-2.49249, -1.53645, 0.73861), (1.55630, -1.56819, -2.55648), (0.51121, -1.60018, 2.67223), (-2.49409, -1.58896, -1.87997), (2.83372, -1.62123, -0.25559), (-1.73588, -1.60981, 1.88219), (0.02710, -1.64235, -2.97315), (1.78242, -1.67516, 2.00480), (-3.08674, -1.66355, -0.33525), (2.27294, -1.69663, -1.64917), (-0.66673, -1.72996, 3.17078), (-1.48142, -1.71817, -2.53646), (3.22170, -1.75178, 1.01895), (-2.79125, -1.78565, 1.27858), (1.38883, -1.77367, -3.23615), (1.04050, -1.80782, 3.03306), (-0.02065, -0.00132, 0.01421), (0.00583, -0.00300, -0.02465), (0.01239, -0.00494, 0.02249), (-0.02496, -0.00618, -0.00859), (0.02478, -0.00840, -0.01061), (-0.01179, -0.01087, 0.02566), (-0.00871, -0.01193, -0.02763), (0.02668, -0.01467, 0.01562), (-0.03107, -0.01768, 0.00650), (0.02027, -0.01855, -0.02788), (0.00378, -0.02183, 0.03514), (-0.02685, -0.02250, -0.02392), (0.03979, -0.02606, -0.00032), (-0.02967, -0.02988, 0.02731), (0.00410, -0.03035, -0.04498), (0.02737, -0.03445, 0.03639), (-0.05056, -0.03880, -0.00972), (0.04414, -0.03909, -0.02681), (-0.01677, -0.04372, 0.05638), (-0.02536, -0.04379, -0.05293), (0.06220, -0.04870, 0.02543), (-0.06274, -0.05387, 0.02274), (0.03072, -0.05376, -0.05797), (0.01866, -0.05920, 0.07348), (-0.06182, -0.06491, -0.04106), (0.08502, -0.06461, -0.01281), (-0.05307, -0.07059, 0.06491), (-0.00491, -0.07682, -0.09715), (0.06692, -0.07634, 0.06679), (-0.10961, -0.08285, -0.00533), (0.08222, -0.08215, -0.06748), (-0.01816, -0.08895, 0.12209), (-0.06623, -0.09600, -0.09929), (0.11072, -0.09511, 0.02788), (-0.11788, -0.10244, 0.06275), (0.04322, -0.11003, -0.11997), (0.05666, -0.10895, 0.13780), (-0.12824, -0.11682, -0.06113), (0.15877, -0.12494, -0.04756), (-0.08168, -0.12367, 0.13507), (-0.03508, -0.13207, -0.18047), (0.13999, -0.13060, 0.10488), (-0.20248, -0.13928, 0.01886), (0.13065, -0.14821, -0.14251), (-0.00112, -0.14655, 0.18181), (-0.14208, -0.15576, -0.15886), (0.19928, -0.16524, 0.02105), (-0.18928, -0.16339, 0.13819), (0.04470, -0.17313, -0.21575), (0.13030, -0.17108, 0.22160), (-0.23065, -0.18110, -0.07221), (0.25540, -0.19138, -0.11790), (-0.10360, -0.18914, 0.24338), (-0.10051, -0.19970, -0.29019), (0.25328, -0.21052, 0.13887), (-0.26134, -0.20809, 0.06239), (0.17787, -0.21918, -0.25967), (0.03951, -0.23053, 0.29030), (-0.26184, -0.22791, -0.22039), (0.31860, -0.23954, -0.01154), (-0.26609, -0.23671, 0.25909), (0.02175, -0.24862, -0.34556), (0.25073, -0.26079, 0.31454), (-0.37040, -0.25777, -0.06051), (0.36517, -0.27021, -0.23609), (-0.10478, -0.28291, 0.39231), (-0.17143, -0.27971, -0.33345), (0.41042, -0.29268, 0.15452), (-0.37715, -0.30592, 0.14880), (0.20953, -0.30253, -0.42384), (0.11957, -0.31604, 0.42102), (-0.43164, -0.31244, -0.26954), (0.46423, -0.32623, -0.08335), (-0.33410, -0.34028, 0.43292), (-0.03984, -0.33649, -0.50589), (0.33849, -0.35081, 0.31937), (-0.54500, -0.36540, -0.01116), (0.37798, -0.36142, -0.32844), (-0.06973, -0.37628, 0.58050), (-0.31095, -0.37209, -0.43897), (0.61129, -0.38723, 0.13581), (-0.50156, -0.40263, 0.28535), (0.20919, -0.39825, -0.63619), (0.25100, -0.41393, 0.56483), (-0.65404, -0.42986, -0.28954), (0.62774, -0.42529, -0.20741), (-0.29785, -0.44150, 0.52529), (-0.15414, -0.45797, -0.68914), (0.52787, -0.45322, 0.37280), (-0.74780, -0.46996, 0.09091), (0.45226, -0.46500, -0.52198), (0.01758, -0.48202, 0.80237), (-0.50662, -0.49930, -0.53542), (0.85146, -0.49415, 0.06583), (-0.62133, -0.51171, 0.48092), (0.15913, -0.52953, -0.89359), (0.44405, -0.52419, 0.70885), (-0.73302, -0.54228, -0.20706), (0.79672, -0.56063, -0.39529), (-0.29679, -0.55511, 0.75539), (-0.33407, -0.57374, -0.88354), (0.76870, -0.56800, 0.39381), (-0.96778, -0.58691, 0.25996), (0.49734, -0.60607, -0.77165), (0.17270, -0.60015, 1.04779), (-0.76300, -0.61959, -0.60645), (1.12185, -0.63929, -0.07222), (-0.72000, -0.63318, 0.74157), (0.03266, -0.65315, -0.93851), (0.70628, -0.67339, 0.83668), (-0.98807, -0.66709, -0.13305), (0.95498, -0.68760, -0.65617), (-0.24404, -0.68109, 1.02871), (-0.59042, -0.70188, -1.07323), (1.05880, -0.72293, 0.36502), (-1.18958, -0.71623, 0.50839), (0.49517, -0.73755, -1.07669), (0.40964, -0.75914, 1.30205), (-1.08080, -0.75225, -0.63344), (1.11218, -0.77411, -0.23210), (-0.77854, -0.76702, 1.06960), (-0.12803, -0.78915, -1.19571), (1.04169, -0.81155, 0.92897), (-1.27146, -0.80427, 0.00966), (1.08299, -0.82694, -0.99577), (-0.12267, -0.84987, 1.33741), (-0.93071, -0.84240, -1.23864), (1.39154, -0.86561, 0.26840), (-1.39377, -0.88908, 0.84559), (0.42666, -0.88142, -1.43181), (0.58397, -0.90516, 1.22054), (-1.45622, -0.89729, -0.59633), (1.34321, -0.92131, -0.48604), (-0.77603, -0.94559, 1.46284), (-0.36998, -0.93754, -1.46041), (1.44983, -0.96209, 0.96406), (-1.56981, -0.98691, 0.23573), (1.15848, -0.97866, -1.41549), (0.08349, -1.00375, 1.66900), (-1.35830, -1.02910, -1.35708), (1.75549, -1.02067, 0.08624), (-1.22949, -1.04630, 1.00810), (0.27265, -1.03766, -1.82680), (0.92862, -1.06356, 1.39381), (-1.88044, -1.08972, -0.47460), (1.55631, -1.08089, -0.82740), (-0.69063, -1.10733, 1.91398), (-0.70386, -1.13403, -1.71441), (1.92510, -1.12501, 0.91894), (-1.86537, -1.15199, 0.55767), (1.15740, -1.14276, -1.91159), (0.38884, -1.17002, 2.00632), (-1.47761, -1.19753, -1.10820), (2.13429, -1.18811, -0.19770), (-1.31304, -1.21590, 1.43063), (0.01506, -1.24394, -2.24627), (1.35898, -1.23434, 1.52112), (-2.33924, -1.26266, -0.24835), (1.72969, -1.29125, -1.26139), (-0.50073, -1.28145, 2.41019), (-1.13687, -1.31031, -1.93579), (2.45623, -1.30031, 0.77033), (-2.13625, -1.32945, 0.98479), (0.83309, -1.35884, -1.95421), (0.80481, -1.34866, 2.32772), (-1.95454, -1.37833, -1.07297), (2.50671, -1.40825, -0.59703), (-1.32242, -1.39788, 1.92835), (-0.36193, -1.42808, -2.66966), (1.87362, -1.45855, 1.57872)],
                236: [(1.27296, -1.75029, 2.48874), (-3.03556, -1.78428, -1.15000), (0.00225, -0.00069, -0.02491), (0.01516, -0.00210, 0.02011), (-0.02502, -0.00387, -0.00479), (0.02228, -0.00591, -0.01356), (-0.00757, -0.00713, 0.02552), (-0.01202, -0.00944, -0.02504), (0.02638, -0.01200, 0.01076), (-0.02847, -0.01304, 0.01035), (0.01455, -0.01588, -0.02753), (0.00786, -0.01670, 0.03084), (-0.02884, -0.01983, -0.01912), (0.03488, -0.02321, -0.00529), (-0.02462, -0.02384, 0.03016), (-0.00203, -0.02750, -0.03949), (0.03130, -0.03142, 0.03118), (-0.04461, -0.03186, -0.00213), (0.03892, -0.03606, -0.03201), (-0.00741, -0.04051, 0.05013), (-0.03201, -0.04077, -0.04790), (0.05590, -0.04550, 0.01403), (-0.05037, -0.04555, 0.02687), (0.02218, -0.05055, -0.06173), (0.02464, -0.05582, 0.05978), (-0.06737, -0.05568, -0.03204), (0.07012, -0.06122, -0.02107), (-0.04376, -0.06702, 0.07250), (-0.01587, -0.06669, -0.08126), (0.07681, -0.07277, 0.05744), (-0.09304, -0.07910, 0.00875), (0.07313, -0.07859, -0.07990), (-0.00056, -0.08520, 0.10523), (-0.06749, -0.08448, -0.07533), (0.11753, -0.09137, 0.01231), (-0.09147, -0.09851, 0.06690), (0.02674, -0.09760, -0.12960), (0.06430, -0.10503, 0.10913), (-0.14104, -0.11271, -0.04402), (0.12815, -0.11161, -0.05929), (-0.06429, -0.11957, 0.15140), (-0.05151, -0.11826, -0.14829), (0.16016, -0.12650, 0.08763), (-0.16927, -0.13499, 0.04057), (0.09264, -0.13350, -0.13550), (0.02613, -0.14227, 0.19070), (-0.13890, -0.15130, -0.11671), (0.21215, -0.14961, -0.00787), (-0.14320, -0.15892, 0.13967), (0.01447, -0.16849, -0.23309), (0.13730, -0.16661, 0.17193), (-0.25295, -0.17646, -0.04110), (0.20263, -0.17438, -0.13126), (-0.07215, -0.18450, 0.27109), (-0.12105, -0.19488, -0.23495), (0.23053, -0.19261, 0.08656), (-0.26845, -0.20326, 0.10619), (0.11906, -0.21418, -0.24135), (0.08623, -0.21172, 0.30260), (-0.24908, -0.22291, -0.15524), (0.33676, -0.23436, -0.06077), (-0.19493, -0.23171, 0.25304), (-0.02948, -0.24344, -0.37025), (0.25255, -0.24058, 0.23787), (-0.40226, -0.25259, -0.00789), (0.28368, -0.26485, -0.24693), (-0.04116, -0.26181, 0.34516), (-0.23552, -0.27434, -0.33187), (0.36767, -0.28714, 0.08135), (-0.38185, -0.28391, 0.21768), (0.12686, -0.29698, -0.38693), (0.19283, -0.29355, 0.43290), (-0.40208, -0.30690, -0.17758), (0.48421, -0.32051, -0.16045), (-0.23328, -0.31688, 0.41224), (-0.12012, -0.33077, -0.53486), (0.41653, -0.34491, 0.29362), (-0.46491, -0.34109, 0.05693), (0.35810, -0.35552, -0.41403), (0.01148, -0.37020, 0.50378), (-0.40390, -0.36619, -0.42612), (0.53972, -0.38115, 0.04126), (-0.49691, -0.37694, 0.38531), (0.10129, -0.39217, -0.57167), (0.35749, -0.40767, 0.56957), (-0.59852, -0.40326, -0.16850), (0.64308, -0.41903, -0.31976), (-0.24264, -0.43506, 0.61915), (-0.21579, -0.43047, -0.56920), (0.63241, -0.44678, 0.32329), (-0.62888, -0.46334, 0.16952), (0.40986, -0.45856, -0.63714), (0.11378, -0.47541, 0.68659), (-0.63222, -0.47042, -0.50161), (0.74107, -0.48754, -0.04836), (-0.59761, -0.50491, 0.61659), (0.02683, -0.49974, -0.79100), (0.46543, -0.51739, 0.55039), (-0.83499, -0.53531, -0.11169), (0.63327, -0.52994, -0.43593), (-0.20596, -0.54813, 0.87160), (-0.39537, -0.54256, -0.71721), (0.89939, -0.56102, 0.30918), (-0.80092, -0.57975, 0.34312), (0.42070, -0.57399, -0.91688), (0.27865, -0.59299, 0.88300), (-0.92264, -0.61225, -0.53967), (0.96191, -0.60630, -0.20162), (-0.52483, -0.62584, 0.72236), (-0.11185, -0.64564, -1.03602), (0.70865, -0.63950, 0.63086), (-1.10361, -0.65957, 0.00935), (0.74068, -0.65323, -0.68222), (-0.10564, -0.67358, 1.16290), (-0.64205, -0.69418, -0.85292), (1.21207, -0.68765, 0.23268), (-0.96608, -0.70853, 0.58727), (0.37108, -0.72968, -1.24930), (0.51714, -0.72296, 1.07845), (-1.00400, -0.74438, -0.41012), (1.18821, -0.76606, -0.43112), (-0.53748, -0.75914, 1.01531), (-0.32887, -0.78110, -1.29337), (1.01279, -0.77398, 0.67218), (-1.39187, -0.79622, 0.21025), (0.81290, -0.81871, -0.99500), (0.07541, -0.81140, 1.48153), (-0.96062, -0.83417, -0.95809), (1.56011, -0.85720, 0.07528), (-1.10599, -0.84970, 0.90845), (0.19017, -0.87300, -1.28187), (0.83747, -0.89657, 1.25464), (-1.32768, -0.88888, -0.33386), (1.40187, -0.91272, -0.74686), (-0.48920, -0.90483, 1.35946), (-0.63603, -0.92894, -1.54536), (1.37529, -0.95332, 0.65502), (-1.68262, -0.94524, 0.50464), (0.82986, -0.96989, -1.37332), (0.35264, -0.99480, 1.81107), (-1.35181, -0.98653, -1.01201), (1.52049, -1.01172, -0.14218), (-1.19948, -1.00324, 1.30919), (0.00938, -1.02871, -1.60957), (1.24405, -1.05443, 1.39004), (-1.68560, -1.04576, -0.17747), (1.58119, -1.07176, -1.15521), (-0.36118, -1.09802, 1.74616), (-1.04174, -1.08917, -1.77026), (1.78886, -1.11570, 0.55932), (-1.95433, -1.14250, 0.90299), (0.77034, -1.13345, -1.81139), (0.58259, -1.16053, 1.68025), (-1.81153, -1.15127, -0.99240), (1.81942, -1.17862, -0.43501), (-1.22333, -1.20623, 1.78720), (-0.26582, -1.19679, -1.94798), (1.73655, -1.22467, 1.46063), (-2.06305, -1.25282, 0.07544), (1.70153, -1.24319, -1.65791), (-0.13532, -1.27161, 2.16171), (-1.54993, -1.30028, -1.94296), (2.24103, -1.29047, 0.36530), (-1.72100, -1.31942, 1.11352), (0.61296, -1.30940, -2.29814), (0.98481, -1.33863, 1.91398), (-2.33025, -1.36812, -0.87638), (2.10044, -1.35790, -0.82956), (-1.15323, -1.38767, 2.33474), (-0.64758, -1.41770, -2.27711), (2.30914, -1.40729, 1.44084), (-2.44059, -1.43760, 0.43908), (1.73615, -1.42699, -2.25125), (0.20466, -1.45757, 2.58738), (-1.70373, -1.48841, -1.60638), (2.71399, -1.47761, 0.05465), (-1.85265, -1.50872, 1.61095), (0.33738, -1.54010, -2.81691), (1.48739, -1.52911, 2.09822), (-2.89271, -1.56076, -0.64162), (2.33955, -1.59267, -1.33207), (-0.96499, -1.58149, 2.93810), (-1.14442, -1.61368, -2.57287), (2.94993, -1.60230, 1.30467), (-2.79423, -1.63476, 0.92429), (1.30824, -1.66748, -2.30904), (0.67197, -1.65591, 2.99955), (-2.27029, -1.68891, -1.60216), (3.18469, -1.72216, -0.38827), (-1.90286, -1.71040, 2.19772), (-0.07444, -1.74394, -3.34546), (2.08944, -1.77773, 2.20669)],
                238: [(0.04935, -0.03791, 0.00513), (-0.04563, -0.04248, 0.03343), (0.01130, -0.04730, -0.05504), (0.03276, -0.04733, 0.05549), (-0.06082, -0.05243, -0.01892), (0.06655, -0.05779, -0.03086), (-0.02816, -0.05763, 0.06646), (-0.02742, -0.06326, -0.07873), (0.07171, -0.06916, 0.03916), (-0.09189, -0.06881, 0.02211), (0.05203, -0.07498, -0.07625), (0.01219, -0.07442, 0.08837), (-0.07971, -0.08087, -0.06686), (0.10019, -0.08758, -0.00380), (-0.08364, -0.08683, 0.08173), (0.00687, -0.09382, -0.11221), (0.08188, -0.10106, 0.10234), (-0.12413, -0.10012, -0.02006), (0.12285, -0.10764, -0.07973), (-0.03596, -0.11542, 0.13558), (-0.07485, -0.11430, -0.14497), (0.14613, -0.12235, 0.05472), (-0.13722, -0.12102, 0.05442), (0.07645, -0.12935, -0.15533), (0.04498, -0.13794, 0.15733), (-0.16265, -0.13642, -0.10117), (0.17804, -0.14529, -0.03229), (-0.12884, -0.15442, 0.16755), (-0.01602, -0.15271, -0.19894), (0.16948, -0.16211, 0.15934), (-0.21957, -0.17178, -0.00411), (0.19247, -0.16987, -0.16783), (-0.02833, -0.17981, 0.23938), (-0.13038, -0.17771, -0.18337), (0.25778, -0.18792, 0.05680), (-0.21403, -0.19840, 0.12226), (0.08961, -0.19610, -0.27413), (0.10984, -0.20686, 0.24602), (-0.28772, -0.21787, -0.12677), (0.27888, -0.21538, -0.09268), (-0.16819, -0.22667, 0.29782), (-0.07037, -0.22398, -0.31205), (0.30367, -0.23554, 0.21367), (-0.34487, -0.24737, 0.04254), (0.21011, -0.24448, -0.24335), (0.00891, -0.25658, 0.37663), (-0.24028, -0.26894, -0.25305), (0.40652, -0.26587, 0.03072), (-0.29853, -0.27851, 0.23191), (0.07645, -0.29140, -0.43368), (0.21761, -0.28814, 0.34604), (-0.45718, -0.30132, -0.12828), (0.39494, -0.29785, -0.19681), (-0.18609, -0.31130, 0.47607), (-0.16895, -0.32501, -0.44449), (0.38955, -0.32135, 0.19871), (-0.49384, -0.33533, 0.13358), (0.25458, -0.34958, -0.39651), (0.09032, -0.34573, 0.54206), (-0.39737, -0.36025, -0.31471), (0.58810, -0.37503, -0.03889), (-0.37858, -0.37100, 0.39128), (0.02085, -0.38605, -0.63086), (0.37741, -0.38181, 0.44552), (-0.66915, -0.39715, -0.08892), (0.51474, -0.41274, -0.35500), (-0.13118, -0.40831, 0.55732), (-0.32333, -0.42417, -0.58531), (0.58023, -0.44030, 0.19890), (-0.65617, -0.43568, 0.28178), (0.27314, -0.45209, -0.59664), (0.22984, -0.44726, 0.72612), (-0.60542, -0.46394, -0.35341), (0.79388, -0.48088, -0.16712), (-0.43910, -0.47587, 0.60547), (-0.09339, -0.49308, -0.85805), (0.59572, -0.51056, 0.52940), (-0.72737, -0.50535, 0.00680), (0.62335, -0.52310, -0.57516), (-0.06950, -0.54111, 0.77254), (-0.54285, -0.53572, -0.71983), (0.81139, -0.55401, 0.15503), (-0.81754, -0.54841, 0.49795), (0.24946, -0.56697, -0.84253), (0.43976, -0.58580, 0.91504), (-0.86453, -0.58001, -0.35227), (1.01075, -0.59911, -0.36773), (-0.46275, -0.61846, 0.87599), (-0.22304, -0.61249, -0.87399), (0.87553, -0.63212, 0.57998), (-0.94731, -0.65202, 0.14394), (0.70284, -0.64585, -0.86183), (0.05257, -0.66602, 1.01534), (-0.83367, -0.65965, -0.83002), (1.07638, -0.68010, 0.05100), (-0.95999, -0.70080, 0.78993), (0.16644, -0.69424, -1.12868), (0.57502, -0.71522, 0.85983), (-1.17049, -0.73646, -0.29324), (0.96731, -0.72971, -0.51643), (-0.43064, -0.75123, 1.20002), (-0.44286, -0.74427, -1.07336), (1.21553, -0.76607, 0.57763), (-1.17615, -0.78812, 0.35386), (0.73296, -0.78098, -1.21535), (0.24917, -0.80331, 1.27373), (-1.19786, -0.82590, -0.89513), (1.36405, -0.81856, -0.12875), (-0.83704, -0.84143, 0.91520), (0.00717, -0.86455, -1.44498), (0.87524, -0.85703, 0.97623), (-1.51434, -0.88043, -0.15810), (1.11732, -0.87270, -0.81780), (-0.32330, -0.89638, 1.56993), (-0.74198, -0.92031, -1.25835), (1.60958, -0.91239, 0.50172), (-1.39716, -0.93661, 0.64703), (0.69202, -0.96108, -1.63116), (0.53249, -0.95297, 1.53145), (-1.28620, -0.97772, -0.70316), (1.65876, -1.00273, -0.39813), (-0.87211, -0.99443, 1.27649), (-0.24400, -1.01972, -1.77653), (1.24746, -1.01121, 1.04740), (-1.88215, -1.03677, 0.07047), (1.22701, -1.06259, -1.19765), (-0.12177, -1.05390, 1.97292), (-1.12575, -1.08000, -1.40870), (2.04618, -1.10635, 0.33171), (-1.58999, -1.09747, 1.03072), (0.43960, -1.12410, -1.65395), (0.91175, -1.15100, 1.76820), (-1.68645, -1.14193, -0.63257), (1.94046, -1.16909, -0.76833), (-0.83730, -1.15982, 1.69885), (-0.60027, -1.18726, -2.10377), (1.68904, -1.21496, 1.05187), (-2.25499, -1.20550, 0.40772), (1.27409, -1.23348, -1.65508), (0.19122, -1.26172, 2.39092), (-1.59522, -1.25206, -1.50145), (1.97657, -1.28058, 0.03808), (-1.73116, -1.27072, 1.50797), (0.24519, -1.29951, -2.06244), (1.39210, -1.32856, 1.96017), (-2.12882, -1.31851, -0.47024), (2.18521, -1.34784, -1.24671), (-0.71159, -1.37742, 2.17296), (-1.07127, -1.36718, -2.40277), (2.19221, -1.39705, 0.96727), (-2.60921, -1.42717, 0.86561), (1.23492, -1.41674, -2.18407), (0.49657, -1.44714, 2.20755), (-2.14624, -1.43651, -1.51182), (2.35574, -1.46718, -0.28929), (-1.79490, -1.49812, 2.07669), (-0.05751, -1.48729, -2.48682), (1.97366, -1.51850, 2.08078), (-2.59739, -1.54997, -0.19765), (2.36575, -1.53896, -1.83575), (-0.47462, -1.57071, 2.68410), (-1.66193, -1.60271, -2.64584), (2.74365, -1.59151, 0.77141), (-2.29980, -1.62379, 1.14453), (1.08558, -1.61238, -2.77291), (0.95471, -1.64494, 2.51571), (-2.76892, -1.67776, -1.41427), (2.71889, -1.66616, -0.73389), (-1.75418, -1.69926, 2.72900), (-0.48250, -1.73261, -2.90535), (2.65074, -1.72083, 2.10161), (-3.07109, -1.75446, 0.20146), (2.45249, -1.74246, -2.53210), (-0.10785, -1.77637, 3.21206), (-1.87044, -1.81054, -2.21034), (0.01409, -0.00137, -0.02075), (0.00352, -0.00306, 0.02506), (-0.01980, -0.00502, -0.01653), (0.02626, -0.00627, -0.00106), (-0.01947, -0.00850, 0.01912), (0.00164, -0.01099, -0.02792), (0.01855, -0.01206, 0.02307), (-0.03004, -0.01482, -0.00478), (0.02746, -0.01568, -0.01792), (-0.00856, -0.01872, 0.03258), (-0.01584, -0.02203, -0.03050), (0.03543, -0.02270, 0.01317), (-0.03569, -0.02627, 0.01425), (0.01882, -0.03011, -0.03847), (0.01201, -0.03059, 0.04164), (-0.04150, -0.03471, -0.02567), (0.04832, -0.03908, -0.00888)],
                240: [(0.12914, -0.10912, 0.02834), (-0.13455, -0.11701, 0.07701), (0.04555, -0.12517, -0.13977), (0.07030, -0.12381, 0.15709), (-0.14926, -0.13224, -0.06561), (0.18075, -0.14093, -0.06024), (-0.08856, -0.13938, 0.15714), (-0.04645, -0.14834, -0.20515), (0.16288, -0.15757, 0.11439), (-0.22984, -0.15583, 0.02855), (0.14303, -0.16533, -0.16596), (0.00502, -0.16339, 0.20486), (-0.16580, -0.17316, -0.17431), (0.22443, -0.18320, 0.01676), (-0.20797, -0.18107, 0.16184), (0.04260, -0.19138, -0.24290), (0.15353, -0.20195, 0.24367), (-0.25965, -0.19963, -0.07261), (0.28097, -0.21048, -0.14032), (-0.10685, -0.22159, 0.27404), (-0.12170, -0.21908, -0.31933), (0.28537, -0.23046, 0.14526), (-0.28628, -0.22774, 0.07770), (0.18771, -0.23940, -0.29292), (0.05330, -0.25132, 0.31816), (-0.29593, -0.24842, -0.23395), (0.34936, -0.26061, -0.02341), (-0.28363, -0.27307, 0.29366), (0.01220, -0.26997, -0.37914), (0.28538, -0.28271, 0.33628), (-0.40667, -0.29570, -0.05368), (0.39130, -0.29241, -0.27037), (-0.10108, -0.30568, 0.43111), (-0.19736, -0.30219, -0.35653), (0.45153, -0.31573, 0.15434), (-0.40395, -0.32954, 0.17389), (0.21329, -0.32585, -0.46699), (0.14338, -0.33993, 0.45162), (-0.47650, -0.35427, -0.27760), (0.49866, -0.35040, -0.10543), (-0.34682, -0.36502, 0.47911), (-0.05970, -0.36094, -0.54413), (0.47384, -0.37584, 0.42035), (-0.58698, -0.39099, 0.00600), (0.39486, -0.38672, -0.36497), (-0.05578, -0.40215, 0.62610), (-0.34769, -0.41784, -0.46021), (0.66031, -0.41338, 0.12557), (-0.52737, -0.42935, 0.32184), (0.20317, -0.44557, -0.68840), (0.28677, -0.44092, 0.59536), (-0.70912, -0.45742, -0.28823), (0.66312, -0.45257, -0.24191), (-0.38019, -0.46935, 0.72123), (-0.18683, -0.48639, -0.72945), (0.57337, -0.48134, 0.37910), (-0.79303, -0.49866, 0.12121), (0.46324, -0.51623, -0.56904), (0.04488, -0.51100, 0.85248), (-0.55483, -0.52885, -0.55144), (0.90632, -0.54695, 0.04215), (-0.64271, -0.54153, 0.52980), (0.13969, -0.55992, -0.95302), (0.49306, -0.55429, 0.73588), (-0.99101, -0.57295, -0.24736), (0.82964, -0.59187, -0.44386), (-0.28865, -0.58606, 0.80656), (-0.38157, -0.60525, -0.92253), (0.82302, -0.62471, 0.39022), (-1.01296, -0.61871, 0.30572), (0.49884, -0.63844, -0.82877), (0.21602, -0.63223, 1.09922), (-0.82251, -0.65223, -0.61352), (1.17950, -0.67250, -0.11237), (-0.73312, -0.66610, 0.80298), (0.00512, -0.68665, -1.25191), (0.76903, -0.70745, 0.85626), (-1.04018, -0.70086, -0.10768), (0.98142, -0.72194, -0.71965), (-0.22258, -0.74328, 1.08563), (-0.65394, -0.73650, -1.10685), (1.12030, -0.75812, 0.34814), (-1.23065, -0.75113, 0.57122), (0.48352, -0.77302, -1.14248), (0.47100, -0.79518, 1.35078), (-1.15050, -0.78800, -0.62767), (1.46505, -0.81043, -0.35299), (-0.77928, -0.83312, 1.14275), (-0.17182, -0.82575, -1.24295), (1.11773, -0.84872, 0.93681), (-1.32505, -0.87194, 0.05077), (1.09849, -0.86439, -1.07407), (-0.08502, -0.88789, 1.39732), (-1.01057, -0.88013, -1.26231), (1.45765, -0.90390, 0.23500), (-1.42606, -0.92794, 0.92622), (0.39832, -0.91999, -1.50391), (0.64552, -0.94430, 1.24921), (-1.53400, -0.96887, -0.57386), (1.37921, -0.96074, -0.54750), (-0.76023, -0.98558, 1.54589), (-0.43056, -0.97724, -1.50401), (1.53764, -1.00236, 0.95572), (-1.62121, -1.02774, 0.29459), (1.15836, -1.01921, -1.50746), (0.13974, -1.04487, 1.72830), (-1.45373, -1.07079, -1.36589), (1.82271, -1.06207, 0.03352), (-1.24017, -1.08826, 1.08219), (0.22442, -1.11472, -1.90185), (1.00486, -1.10581, 1.41230), (-1.96313, -1.13254, -0.43184), (1.58314, -1.12342, -0.90505), (-0.65433, -1.15043, 2.00401), (-0.78208, -1.17769, -1.75004), (2.02204, -1.16839, 0.89008), (-1.91018, -1.19593, 0.63556), (1.13695, -1.22373, -2.01491), (0.46540, -1.21424, 2.06060), (-1.55893, -1.24232, -1.09608), (2.19823, -1.27065, -0.27189), (-1.30854, -1.26097, 1.51664), (-0.05567, -1.28958, -2.31997), (1.44903, -1.27969, 1.52501), (-2.42266, -1.30858, -0.18223), (1.74272, -1.33773, -1.35473), (-0.44038, -1.32765, 2.50318), (-1.23266, -1.35708, -1.95863), (2.55850, -1.38676, 0.71695), (-2.16951, -1.37650, 1.08205), (0.79496, -1.40646, -2.03580), (0.90250, -1.43668, 2.37191), (-2.04342, -1.42622, -1.04146), (2.56225, -1.45672, -0.69401), (-1.29855, -1.44605, 2.02405), (-0.45697, -1.47683, -2.73685), (1.97556, -1.50786, 1.56350), (-2.89195, -1.49701, 0.19224), (1.83324, -1.52832, -1.89606), (-0.09889, -1.55988, 3.02379), (-1.78394, -1.54884, -2.10439), (2.46403, -1.58069, 0.32656), (-2.37329, -1.56944, 1.63799), (0.59591, -1.60156, -2.53555), (1.45734, -1.63394, 2.63602), (-2.58010, -1.62250, -0.88346), (2.88846, -1.65516, -1.24158), (-1.18673, -1.68808, 2.59467), (-0.99075, -1.67645, -3.12631), (2.57649, -1.70964, 1.50282), (-3.34519, -1.74309, 0.70541), (1.82843, -1.73128, -2.52304), (0.30458, -1.76501, 2.78946), (-2.43212, -1.75299, -2.15984), (2.93652, -1.78699, -0.02845), (0.00696, -0.00073, 0.02403), (-0.02142, -0.00215, -0.01323), (0.02514, -0.00394, -0.00464), (-0.01578, -0.00599, 0.02066), (-0.00225, -0.00722, -0.02680), (0.02013, -0.00955, 0.01880), (-0.02904, -0.01213, -0.00045), (0.02244, -0.01317, -0.01970), (-0.00349, -0.01604, 0.03036), (-0.01920, -0.01687, -0.02682), (0.03295, -0.02001, 0.00715), (-0.03205, -0.02341, 0.01845), (0.01159, -0.02405, -0.03585), (0.01720, -0.02773, 0.03818), (-0.03893, -0.03166, -0.01700), (0.04524, -0.03211, -0.01520), (-0.02355, -0.03632, 0.04203), (-0.01218, -0.03657, -0.05321), (0.04493, -0.04106, 0.03139), (-0.05408, -0.04580, 0.00685), (0.04065, -0.04587, -0.04740), (0.00166, -0.05089, 0.06177), (-0.04913, -0.05617, -0.05140), (0.06986, -0.05604, 0.00505), (-0.06368, -0.06160, 0.04981), (0.01351, -0.06741, -0.07815), (0.04908, -0.06710, 0.07748), (-0.08640, -0.07319, -0.02394), (0.09272, -0.07266, -0.04659), (-0.03650, -0.07903, 0.09429), (-0.03494, -0.08566, -0.09103), (0.10148, -0.08495, 0.05134), (-0.10550, -0.09185, 0.02891), (0.06856, -0.09902, -0.10756), (0.02052, -0.09812, 0.12070), (-0.11210, -0.10556, -0.08819), (0.13634, -0.11326, -0.00947)],
                    }
                    color3f[] primvars:displayColor = [(0.18, 0.62, 1)]
                    float[] primvars:displayOpacity = [0.72]
                    float[] widths.timeSamples = {
                0: [0.00000, 0.00111, 0.00246, 0.00404, 0.00443, 0.00611, 0.00803, 0.00769, 0.00972, 0.01198, 0.01090, 0.01327, 0.01587, 0.01407, 0.01678, 0.01972, 0.01719, 0.02024, 0.02352, 0.01997, 0.02215, 0.02432, 0.01982, 0.02200, 0.02417, 0.01967, 0.02185, 0.02402, 0.01952, 0.02170, 0.02387, 0.01937, 0.02155, 0.02372, 0.01922, 0.02140, 0.02357, 0.01907, 0.02125, 0.02342, 0.01892, 0.02110, 0.02327, 0.01878, 0.02095, 0.02312, 0.02530, 0.02080, 0.02297, 0.02515, 0.02065, 0.02283, 0.02500, 0.02050, 0.02268, 0.02485, 0.02035, 0.02252, 0.02470, 0.02020, 0.02237, 0.02455, 0.02005, 0.02222, 0.02440, 0.01990, 0.02207, 0.02425, 0.01975, 0.02193, 0.02410, 0.01960, 0.02177, 0.02395, 0.01945, 0.02162, 0.02380, 0.01930, 0.02147, 0.02365, 0.01915, 0.02132, 0.02350, 0.01900, 0.02117, 0.02335, 0.01885, 0.02102, 0.02320, 0.01870, 0.02087, 0.02305, 0.02522, 0.02072, 0.02290, 0.02507, 0.02057, 0.02275, 0.02492, 0.02042, 0.02260, 0.02477, 0.02028, 0.02245, 0.02462, 0.02013, 0.02230, 0.02447, 0.01997, 0.02215, 0.02432, 0.01982, 0.02200, 0.02417, 0.01967, 0.02185, 0.02402, 0.01952, 0.02170, 0.02387, 0.01937, 0.02155, 0.02372, 0.01922, 0.02140, 0.02357, 0.01907, 0.02125, 0.02342, 0.01892, 0.02110, 0.02327, 0.01878, 0.02095, 0.02312, 0.02530, 0.02080, 0.02297, 0.02515, 0.02065, 0.02283, 0.02500, 0.02050, 0.02268, 0.02485, 0.02035, 0.02252, 0.02470, 0.02020, 0.02237, 0.02455, 0.02005, 0.02222, 0.02440, 0.01990, 0.02207, 0.02425, 0.01975, 0.02193, 0.02410, 0.01960, 0.02177, 0.02395, 0.01945, 0.02162, 0.02380, 0.01930, 0.02147, 0.02365, 0.01915, 0.02132, 0.02350, 0.01900, 0.02117, 0.02244, 0.01711, 0.01796, 0.01858, 0.01398, 0.01449, 0.01477, 0.01481, 0.01106, 0.01100, 0.01071, 0.00769, 0.00729, 0.00665, 0.00436, 0.00362, 0.00265, 0.00108],
                2: [0.01870, 0.02087, 0.02305, 0.02522, 0.02072, 0.02290, 0.02507, 0.02057, 0.02275, 0.02492, 0.02042, 0.02260, 0.02477, 0.02028, 0.02245, 0.02462, 0.02013, 0.02230, 0.02447, 0.01997, 0.02215, 0.02432, 0.01982, 0.02200, 0.02417, 0.01967, 0.02185, 0.02402, 0.01952, 0.02170, 0.02387, 0.01937, 0.02155, 0.02372, 0.01922, 0.02140, 0.02357, 0.01907, 0.02125, 0.02342, 0.01892, 0.02110, 0.02327, 0.01878, 0.02095, 0.02312, 0.02530, 0.02080, 0.02297, 0.02515, 0.02065, 0.02283, 0.02500, 0.02050, 0.02268, 0.02485, 0.02035, 0.02252, 0.02470, 0.02020, 0.02237, 0.02455, 0.02005, 0.02222, 0.02440, 0.01990, 0.02207, 0.02425, 0.01975, 0.02193, 0.02410, 0.01960, 0.02177, 0.02395, 0.01945, 0.02162, 0.02380, 0.01930, 0.02147, 0.02365, 0.01915, 0.02132, 0.02350, 0.01900, 0.02117, 0.02335, 0.01885, 0.02102, 0.02320, 0.01870, 0.02087, 0.02305, 0.02522, 0.02072, 0.02290, 0.02507, 0.02057, 0.02275, 0.02492, 0.02042, 0.02260, 0.02477, 0.02028, 0.02245, 0.02462, 0.02013, 0.02230, 0.02447, 0.01997, 0.02215, 0.02432, 0.01982, 0.02200, 0.02417, 0.01967, 0.02185, 0.02402, 0.01952, 0.02170, 0.02387, 0.01937, 0.02155, 0.02372, 0.01922, 0.02140, 0.02357, 0.01907, 0.02125, 0.02342, 0.01892, 0.02110, 0.02327, 0.01878, 0.02095, 0.02312, 0.02530, 0.02080, 0.02297, 0.02515, 0.02065, 0.02283, 0.02500, 0.02050, 0.02268, 0.02485, 0.02035, 0.02252, 0.02470, 0.02020, 0.02237, 0.02455, 0.02005, 0.02222, 0.02440, 0.01964, 0.02061, 0.02135, 0.01633, 0.01696, 0.01735, 0.01307, 0.01335, 0.01341, 0.00985, 0.00980, 0.00951, 0.00668, 0.00629, 0.00567, 0.00357, 0.00283, 0.00187, 0.00049, 0.00058, 0.00189, 0.00253, 0.00394, 0.00559, 0.00550, 0.00726, 0.00924, 0.01146, 0.01052, 0.01285, 0.01541, 0.01374, 0.01641, 0.01931, 0.01691, 0.01992, 0.02316, 0.02004],
                4: [0.01870, 0.02087, 0.02305, 0.02522, 0.02072, 0.02290, 0.02507, 0.02057, 0.02275, 0.02492, 0.02042, 0.02260, 0.02477, 0.02028, 0.02245, 0.02462, 0.02013, 0.02230, 0.02447, 0.01997, 0.02215, 0.02432, 0.01982, 0.02200, 0.02417, 0.01967, 0.02185, 0.02402, 0.01952, 0.02170, 0.02387, 0.01937, 0.02155, 0.02372, 0.01922, 0.02140, 0.02357, 0.01907, 0.02125, 0.02342, 0.01892, 0.02110, 0.02327, 0.01878, 0.02095, 0.02312, 0.02530, 0.02080, 0.02297, 0.02515, 0.02065, 0.02283, 0.02500, 0.02050, 0.02268, 0.02485, 0.02035, 0.02252, 0.02470, 0.02020, 0.02237, 0.02455, 0.02005, 0.02222, 0.02440, 0.01990, 0.02207, 0.02425, 0.01975, 0.02193, 0.02410, 0.01960, 0.02177, 0.02395, 0.01945, 0.02162, 0.02380, 0.01930, 0.02147, 0.02365, 0.01915, 0.02132, 0.02350, 0.01900, 0.02117, 0.02335, 0.01885, 0.02102, 0.02320, 0.01870, 0.02087, 0.02305, 0.02522, 0.02072, 0.02290, 0.02507, 0.02057, 0.02275, 0.02492, 0.02042, 0.02260, 0.02477, 0.02028, 0.02245, 0.02462, 0.02013, 0.02230, 0.02447, 0.01997, 0.02215, 0.02432, 0.01982, 0.02200, 0.02417, 0.01967, 0.02185, 0.02402, 0.01952, 0.02170, 0.02387, 0.01937, 0.02155, 0.02372, 0.01922, 0.02140, 0.02357, 0.01907, 0.02125, 0.02342, 0.01892, 0.02110, 0.02327, 0.01878, 0.02095, 0.02312, 0.02428, 0.01885, 0.01959, 0.02011, 0.01541, 0.01581, 0.01598, 0.01201, 0.01208, 0.01191, 0.00866, 0.00839, 0.00788, 0.00537, 0.00475, 0.00390, 0.00211, 0.00116, 0.00003, 0.00109, 0.00239, 0.00392, 0.00424, 0.00588, 0.00775, 0.00735, 0.00933, 0.01154, 0.01041, 0.01273, 0.01528, 0.01342, 0.01608, 0.01897, 0.01638, 0.01938, 0.02261, 0.01900, 0.02117, 0.02335, 0.01885, 0.02102, 0.02320, 0.01870, 0.02087, 0.02305, 0.02522, 0.02072, 0.02290, 0.02507, 0.02057, 0.02275, 0.02492, 0.02042, 0.02260, 0.02477, 0.02028],
                6: [0.01870, 0.02087, 0.02305, 0.02522, 0.02072, 0.02290, 0.02507, 0.02057, 0.02275, 0.02492, 0.02042, 0.02260, 0.02477, 0.02028, 0.02245, 0.02462, 0.02013, 0.02230, 0.02447, 0.01997, 0.02215, 0.02432, 0.01982, 0.02200, 0.02417, 0.01967, 0.02185, 0.02402, 0.01952, 0.02170, 0.02387, 0.01937, 0.02155, 0.02372, 0.01922, 0.02140, 0.02357, 0.01907, 0.02125, 0.02342, 0.01892, 0.02110, 0.02327, 0.01878, 0.02095, 0.02312, 0.02530, 0.02080, 0.02297, 0.02515, 0.02065, 0.02283, 0.02500, 0.02050, 0.02268, 0.02485, 0.02035, 0.02252, 0.02470, 0.02020, 0.02237, 0.02455, 0.02005, 0.02222, 0.02440, 0.01990, 0.02207, 0.02425, 0.01975, 0.02193, 0.02410, 0.01960, 0.02177, 0.02395, 0.01945, 0.02162, 0.02380, 0.01930, 0.02147, 0.02365, 0.01915, 0.02132, 0.02350, 0.01900, 0.02117, 0.02335, 0.01885, 0.02102, 0.02320, 0.01870, 0.02087, 0.02305, 0.02522, 0.02072, 0.02290, 0.02507, 0.02057, 0.02275, 0.02492, 0.02042, 0.02260, 0.02477, 0.02028, 0.02245, 0.02462, 0.02013, 0.02230, 0.02447, 0.01997, 0.02215, 0.02432, 0.01982, 0.02200, 0.02417, 0.01967, 0.02154, 0.02240, 0.01716, 0.01791, 0.01843, 0.01393, 0.01434, 0.01452, 0.01074, 0.01081, 0.01065, 0.00760, 0.00733, 0.00683, 0.00451, 0.00390, 0.00306, 0.00147, 0.00052, 0.00066, 0.00208, 0.00282, 0.00434, 0.00609, 0.00610, 0.00796, 0.01006, 0.00934, 0.01154, 0.01398, 0.01253, 0.01508, 0.01785, 0.01568, 0.01856, 0.02167, 0.01877, 0.02199, 0.02440, 0.01990, 0.02207, 0.02425, 0.01975, 0.02193, 0.02410, 0.01960, 0.02177, 0.02395, 0.01945, 0.02162, 0.02380, 0.01930, 0.02147, 0.02365, 0.01915, 0.02132, 0.02350, 0.01900, 0.02117, 0.02335, 0.01885, 0.02102, 0.02320, 0.01870, 0.02087, 0.02305, 0.02522, 0.02072, 0.02290, 0.02507, 0.02057, 0.02275, 0.02492, 0.02042, 0.02260, 0.02477, 0.02028],
                8: [0.01870, 0.02087, 0.02305, 0.02522, 0.02072, 0.02290, 0.02507, 0.02057, 0.02275, 0.02492, 0.02042, 0.02260, 0.02477, 0.02028, 0.02245, 0.02462, 0.02013, 0.02230, 0.02447, 0.01997, 0.02215, 0.02432, 0.01982, 0.02200, 0.02417, 0.01967, 0.02185, 0.02402, 0.01952, 0.02170, 0.02387, 0.01937, 0.02155, 0.02372, 0.01922, 0.02140, 0.02357, 0.01907, 0.02125, 0.02342, 0.01892, 0.02110, 0.02327, 0.01878, 0.02095, 0.02312, 0.02530, 0.02080, 0.02297, 0.02515, 0.02065, 0.02283, 0.02500, 0.02050, 0.02268, 0.02485, 0.02035, 0.02252, 0.02470, 0.02020, 0.02237, 0.02455, 0.02005, 0.02222, 0.02440, 0.01990, 0.02207, 0.02425, 0.01975, 0.02193, 0.02410, 0.01960, 0.02177, 0.02395, 0.01945, 0.02162, 0.02380, 0.01930, 0.02147, 0.02365, 0.01915, 0.02132, 0.02350, 0.01900, 0.02117, 0.02335, 0.01885, 0.02102, 0.02320, 0.01870, 0.02087, 0.02305, 0.02522, 0.02072, 0.02290, 0.02507, 0.01972, 0.02059, 0.02123, 0.01630, 0.01683, 0.01713, 0.01294, 0.01313, 0.01308, 0.00962, 0.00947, 0.00908, 0.00635, 0.00585, 0.00513, 0.00312, 0.00229, 0.00123, 0.00005, 0.00122, 0.00263, 0.00318, 0.00469, 0.00644, 0.00626, 0.00811, 0.01019, 0.00929, 0.01148, 0.01391, 0.01227, 0.01480, 0.01757, 0.01520, 0.01808, 0.02118, 0.01809, 0.02095, 0.02312, 0.02530, 0.02080, 0.02297, 0.02515, 0.02065, 0.02283, 0.02500, 0.02050, 0.02268, 0.02485, 0.02035, 0.02252, 0.02470, 0.02020, 0.02237, 0.02455, 0.02005, 0.02222, 0.02440, 0.01990, 0.02207, 0.02425, 0.01975, 0.02193, 0.02410, 0.01960, 0.02177, 0.02395, 0.01945, 0.02162, 0.02380, 0.01930, 0.02147, 0.02365, 0.01915, 0.02132, 0.02350, 0.01900, 0.02117, 0.02335, 0.01885, 0.02102, 0.02320, 0.01870, 0.02087, 0.02305, 0.02522, 0.02072, 0.02290, 0.02507, 0.02057, 0.02275, 0.02492, 0.02042, 0.02260, 0.02477, 0.02028],
                10: [0.01870, 0.02087, 0.02305, 0.02522, 0.02072, 0.02290, 0.02507, 0.02057, 0.02275, 0.02492, 0.02042, 0.02260, 0.02477, 0.02028, 0.02245, 0.02462, 0.02013, 0.02230, 0.02447, 0.01997, 0.02215, 0.02432, 0.01982, 0.02200, 0.02417, 0.01967, 0.02185, 0.02402, 0.01952, 0.02170, 0.02387, 0.01937, 0.02155, 0.02372, 0.01922, 0.02140, 0.02357, 0.01907, 0.02125, 0.02342, 0.01892, 0.02110, 0.02327, 0.01878, 0.02095, 0.02312, 0.02530, 0.02080, 0.02297, 0.02515, 0.02065, 0.02283, 0.02500, 0.02050, 0.02268, 0.02485, 0.02035, 0.02252, 0.02470, 0.02020, 0.02237, 0.02455, 0.02005, 0.02222, 0.02440, 0.01990, 0.02207, 0.02425, 0.01975, 0.02193, 0.02410, 0.01960, 0.02177, 0.02395, 0.01945, 0.02162, 0.02343, 0.01797, 0.01885, 0.01949, 0.01476, 0.01530, 0.01561, 0.01160, 0.01180, 0.01177, 0.00849, 0.00835, 0.00797, 0.00543, 0.00495, 0.00423, 0.00328, 0.00159, 0.00054, 0.00075, 0.00171, 0.00311, 0.00474, 0.00497, 0.00671, 0.00868, 0.00818, 0.01026, 0.01257, 0.01135, 0.01376, 0.01641, 0.01446, 0.01722, 0.02021, 0.01753, 0.02063, 0.02395, 0.01967, 0.02185, 0.02402, 0.01952, 0.02170, 0.02387, 0.01937, 0.02155, 0.02372, 0.01922, 0.02140, 0.02357, 0.01907, 0.02125, 0.02342, 0.01892, 0.02110, 0.02327, 0.01878, 0.02095, 0.02312, 0.02530, 0.02080, 0.02297, 0.02515, 0.02065, 0.02283, 0.02500, 0.02050, 0.02268, 0.02485, 0.02035, 0.02252, 0.02470, 0.02020, 0.02237, 0.02455, 0.02005, 0.02222, 0.02440, 0.01990, 0.02207, 0.02425, 0.01975, 0.02193, 0.02410, 0.01960, 0.02177, 0.02395, 0.01945, 0.02162, 0.02380, 0.01930, 0.02147, 0.02365, 0.01915, 0.02132, 0.02350, 0.01900, 0.02117, 0.02335, 0.01885, 0.02102, 0.02320, 0.01870, 0.02087, 0.02305, 0.02522, 0.02072, 0.02290, 0.02507, 0.02057, 0.02275, 0.02492, 0.02042, 0.02260, 0.02477, 0.02028],
                12: [0.01870, 0.02087, 0.02305, 0.02522, 0.02072, 0.02290, 0.02507, 0.02057, 0.02275, 0.02492, 0.02042, 0.02260, 0.02477, 0.02028, 0.02245, 0.02462, 0.02013, 0.02230, 0.02447, 0.01997, 0.02215, 0.02432, 0.01982, 0.02200, 0.02417, 0.01967, 0.02185, 0.02402, 0.01952, 0.02170, 0.02387, 0.01937, 0.02155, 0.02372, 0.01922, 0.02140, 0.02357, 0.01907, 0.02125, 0.02342, 0.01892, 0.02110, 0.02327, 0.01878, 0.02095, 0.02312, 0.02530, 0.02080, 0.02297, 0.02515, 0.02065, 0.02283, 0.02500, 0.02050, 0.02268, 0.02485, 0.02035, 0.02156, 0.02232, 0.01718, 0.01783, 0.01825, 0.01384, 0.01415, 0.01423, 0.01055, 0.01052, 0.01026, 0.00730, 0.00694, 0.00634, 0.00411, 0.00340, 0.00246, 0.00096, 0.00008, 0.00136, 0.00214, 0.00352, 0.00514, 0.00519, 0.00691, 0.00887, 0.00819, 0.01026, 0.01256, 0.01114, 0.01355, 0.01619, 0.01405, 0.01680, 0.01978, 0.02299, 0.02000, 0.02290, 0.02507, 0.02057, 0.02275, 0.02492, 0.02042, 0.02260, 0.02477, 0.02028, 0.02245, 0.02462, 0.02013, 0.02230, 0.02447, 0.01997, 0.02215, 0.02432, 0.01982, 0.02200, 0.02417, 0.01967, 0.02185, 0.02402, 0.01952, 0.02170, 0.02387, 0.01937, 0.02155, 0.02372, 0.01922, 0.02140, 0.02357, 0.01907, 0.02125, 0.02342, 0.01892, 0.02110, 0.02327, 0.01878, 0.02095, 0.02312, 0.02530, 0.02080, 0.02297, 0.02515, 0.02065, 0.02283, 0.02500, 0.02050, 0.02268, 0.02485, 0.02035, 0.02252, 0.02470, 0.02020, 0.02237, 0.02455, 0.02005, 0.02222, 0.02440, 0.01990, 0.02207, 0.02425, 0.01975, 0.02193, 0.02410, 0.01960, 0.02177, 0.02395, 0.01945, 0.02162, 0.02380, 0.01930, 0.02147, 0.02365, 0.01915, 0.02132, 0.02350, 0.01900, 0.02117, 0.02335, 0.01885, 0.02102, 0.02320, 0.01870, 0.02087, 0.02305, 0.02522, 0.02072, 0.02290, 0.02507, 0.02057, 0.02275, 0.02492, 0.02042, 0.02260, 0.02477, 0.02028],
                14: [0.01870, 0.02087, 0.02305, 0.02522, 0.02072, 0.02290, 0.02507, 0.02057, 0.02275, 0.02492, 0.02042, 0.02260, 0.02477, 0.02028, 0.02245, 0.02462, 0.02013, 0.02230, 0.02447, 0.01997, 0.02215, 0.02432, 0.01982, 0.02200, 0.02417, 0.01967, 0.02185, 0.02402, 0.01952, 0.02170, 0.02387, 0.01937, 0.02155, 0.02372, 0.01922, 0.02140, 0.02357, 0.01875, 0.01976, 0.02053, 0.01557, 0.01624, 0.01667, 0.01244, 0.01277, 0.01286, 0.01272, 0.00934, 0.00909, 0.00861, 0.00597, 0.00538, 0.00456, 0.00264, 0.00171, 0.00055, 0.00064, 0.00191, 0.00341, 0.00387, 0.00548, 0.00732, 0.00705, 0.00900, 0.01118, 0.01018, 0.01247, 0.01500, 0.01327, 0.01590, 0.01877, 0.01631, 0.01928, 0.02248, 0.01930, 0.02162, 0.02380, 0.01930, 0.02147, 0.02365, 0.01915, 0.02132, 0.02350, 0.01900, 0.02117, 0.02335, 0.01885, 0.02102, 0.02320, 0.01870, 0.02087, 0.02305, 0.02522, 0.02072, 0.02290, 0.02507, 0.02057, 0.02275, 0.02492, 0.02042, 0.02260, 0.02477, 0.02028, 0.02245, 0.02462, 0.02013, 0.02230, 0.02447, 0.01997, 0.02215, 0.02432, 0.01982, 0.02200, 0.02417, 0.01967, 0.02185, 0.02402, 0.01952, 0.02170, 0.02387, 0.01937, 0.02155, 0.02372, 0.01922, 0.02140, 0.02357, 0.01907, 0.02125, 0.02342, 0.01892, 0.02110, 0.02327, 0.01878, 0.02095, 0.02312, 0.02530, 0.02080, 0.02297, 0.02515, 0.02065, 0.02283, 0.02500, 0.02050, 0.02268, 0.02485, 0.02035, 0.02252, 0.02470, 0.02020, 0.02237, 0.02455, 0.02005, 0.02222, 0.02440, 0.01990, 0.02207, 0.02425, 0.01975, 0.02193, 0.02410, 0.01960, 0.02177, 0.02395, 0.01945, 0.02162, 0.02380, 0.01930, 0.02147, 0.02365, 0.01915, 0.02132, 0.02350, 0.01900, 0.02117, 0.02335, 0.01885, 0.02102, 0.02320, 0.01870, 0.02087, 0.02305, 0.02522, 0.02072, 0.02290, 0.02507, 0.02057, 0.02275, 0.02492, 0.02042, 0.02260, 0.02477, 0.02028],
                16: [0.01870, 0.02087, 0.02305, 0.02522, 0.02072, 0.02290, 0.02507, 0.02057, 0.02275, 0.02492, 0.02042, 0.02260, 0.02477, 0.02028, 0.02245, 0.02462, 0.02013, 0.02230, 0.02339, 0.01802, 0.01880, 0.01935, 0.01471, 0.01515, 0.01536, 0.01145, 0.01155, 0.01142, 0.00824, 0.00800, 0.00752, 0.00507, 0.00449, 0.00368, 0.00195, 0.00103, 0.00012, 0.00112, 0.00238, 0.00387, 0.00414, 0.00574, 0.00758, 0.00711, 0.00906, 0.01123, 0.01364, 0.01232, 0.01484, 0.01759, 0.01554, 0.01840, 0.02148, 0.01871, 0.02191, 0.02485, 0.02035, 0.02252, 0.02470, 0.02020, 0.02237, 0.02455, 0.02005, 0.02222, 0.02440, 0.01990, 0.02207, 0.02425, 0.01975, 0.02193, 0.02410, 0.01960, 0.02177, 0.02395, 0.01945, 0.02162, 0.02380, 0.01930, 0.02147, 0.02365, 0.01915, 0.02132, 0.02350, 0.01900, 0.02117, 0.02335, 0.01885, 0.02102, 0.02320, 0.01870, 0.02087, 0.02305, 0.02522, 0.02072, 0.02290, 0.02507, 0.02057, 0.02275, 0.02492, 0.02042, 0.02260, 0.02477, 0.02028, 0.02245, 0.02462, 0.02013, 0.02230, 0.02447, 0.01997, 0.02215, 0.02432, 0.01982, 0.02200, 0.02417, 0.01967, 0.02185, 0.02402, 0.01952, 0.02170, 0.02387, 0.01937, 0.02155, 0.02372, 0.01922, 0.02140, 0.02357, 0.01907, 0.02125, 0.02342, 0.01892, 0.02110, 0.02327, 0.01878, 0.02095, 0.02312, 0.02530, 0.02080, 0.02297, 0.02515, 0.02065, 0.02283, 0.02500, 0.02050, 0.02268, 0.02485, 0.02035, 0.02252, 0.02470, 0.02020, 0.02237, 0.02455, 0.02005, 0.02222, 0.02440, 0.01990, 0.02207, 0.02425, 0.01975, 0.02193, 0.02410, 0.01960, 0.02177, 0.02395, 0.01945, 0.02162, 0.02380, 0.01930, 0.02147, 0.02365, 0.01915, 0.02132, 0.02350, 0.01900, 0.02117, 0.02335, 0.01885, 0.02102, 0.02320, 0.01870, 0.02087, 0.02305, 0.02522, 0.02072, 0.02290, 0.02507, 0.02057, 0.02275, 0.02492, 0.02042, 0.02260, 0.02477, 0.02028],
                18: [0.01636, 0.01715, 0.01771, 0.01803, 0.01371, 0.01392, 0.01391, 0.01031, 0.01019, 0.00983, 0.00697, 0.00650, 0.00581, 0.00367, 0.00286, 0.00183, 0.00042, 0.00073, 0.00210, 0.00278, 0.00427, 0.00599, 0.00594, 0.00776, 0.00982, 0.00904, 0.01121, 0.01361, 0.01210, 0.01461, 0.01735, 0.01511, 0.01796, 0.02104, 0.01807, 0.02126, 0.02357, 0.01907, 0.02125, 0.02342, 0.01892, 0.02110, 0.02327, 0.01878, 0.02095, 0.02312, 0.02530, 0.02080, 0.02297, 0.02515, 0.02065, 0.02283, 0.02500, 0.02050, 0.02268, 0.02485, 0.02035, 0.02252, 0.02470, 0.02020, 0.02237, 0.02455, 0.02005, 0.02222, 0.02440, 0.01990, 0.02207, 0.02425, 0.01975, 0.02193, 0.02410, 0.01960, 0.02177, 0.02395, 0.01945, 0.02162, 0.02380, 0.01930, 0.02147, 0.02365, 0.01915, 0.02132, 0.02350, 0.01900, 0.02117, 0.02335, 0.01885, 0.02102, 0.02320, 0.01870, 0.02087, 0.02305, 0.02522, 0.02072, 0.02290, 0.02507, 0.02057, 0.02275, 0.02492, 0.02042, 0.02260, 0.02477, 0.02028, 0.02245, 0.02462, 0.02013, 0.02230, 0.02447, 0.01997, 0.02215, 0.02432, 0.01982, 0.02200, 0.02417, 0.01967, 0.02185, 0.02402, 0.01952, 0.02170, 0.02387, 0.01937, 0.02155, 0.02372, 0.01922, 0.02140, 0.02357, 0.01907, 0.02125, 0.02342, 0.01892, 0.02110, 0.02327, 0.01878, 0.02095, 0.02312, 0.02530, 0.02080, 0.02297, 0.02515, 0.02065, 0.02283, 0.02500, 0.02050, 0.02268, 0.02485, 0.02035, 0.02252, 0.02470, 0.02020, 0.02237, 0.02455, 0.02005, 0.02222, 0.02440, 0.01990, 0.02207, 0.02425, 0.01975, 0.02193, 0.02410, 0.01960, 0.02177, 0.02395, 0.01945, 0.02162, 0.02380, 0.01930, 0.02147, 0.02365, 0.01915, 0.02132, 0.02350, 0.01900, 0.02117, 0.02335, 0.01885, 0.02102, 0.02320, 0.01870, 0.02087, 0.02305, 0.02522, 0.02072, 0.02290, 0.02507, 0.02057, 0.02275, 0.02492, 0.02042, 0.02260, 0.02432, 0.01882],
                20: [0.00312, 0.00459, 0.00630, 0.00824, 0.00788, 0.00993, 0.01221, 0.01112, 0.01351, 0.01613, 0.01431, 0.01704, 0.02000, 0.01745, 0.02052, 0.02382, 0.02013, 0.02230, 0.02447, 0.01997, 0.02215, 0.02432, 0.01982, 0.02200, 0.02417, 0.01967, 0.02185, 0.02402, 0.01952, 0.02170, 0.02387, 0.01937, 0.02155, 0.02372, 0.01922, 0.02140, 0.02357, 0.01907, 0.02125, 0.02342, 0.01892, 0.02110, 0.02327, 0.01878, 0.02095, 0.02312, 0.02530, 0.02080, 0.02297, 0.02515, 0.02065, 0.02283, 0.02500, 0.02050, 0.02268, 0.02485, 0.02035, 0.02252, 0.02470, 0.02020, 0.02237, 0.02455, 0.02005, 0.02222, 0.02440, 0.01990, 0.02207, 0.02425, 0.01975, 0.02193, 0.02410, 0.01960, 0.02177, 0.02395, 0.01945, 0.02162, 0.02380, 0.01930, 0.02147, 0.02365, 0.01915, 0.02132, 0.02350, 0.01900, 0.02117, 0.02335, 0.01885, 0.02102, 0.02320, 0.01870, 0.02087, 0.02305, 0.02522, 0.02072, 0.02290, 0.02507, 0.02057, 0.02275, 0.02492, 0.02042, 0.02260, 0.02477, 0.02028, 0.02245, 0.02462, 0.02013, 0.02230, 0.02447, 0.01997, 0.02215, 0.02432, 0.01982, 0.02200, 0.02417, 0.01967, 0.02185, 0.02402, 0.01952, 0.02170, 0.02387, 0.01937, 0.02155, 0.02372, 0.01922, 0.02140, 0.02357, 0.01907, 0.02125, 0.02342, 0.01892, 0.02110, 0.02327, 0.01878, 0.02095, 0.02312, 0.02530, 0.02080, 0.02297, 0.02515, 0.02065, 0.02283, 0.02500, 0.02050, 0.02268, 0.02485, 0.02035, 0.02252, 0.02470, 0.02020, 0.02237, 0.02455, 0.02005, 0.02222, 0.02440, 0.01990, 0.02207, 0.02425, 0.01975, 0.02193, 0.02410, 0.01960, 0.02177, 0.02395, 0.01945, 0.02162, 0.02380, 0.01930, 0.02147, 0.02365, 0.01915, 0.02132, 0.02243, 0.01712, 0.01795, 0.01855, 0.01397, 0.01445, 0.01471, 0.01086, 0.01101, 0.01092, 0.01061, 0.00761, 0.00719, 0.00653, 0.00426, 0.00350, 0.00250, 0.00096, 0.00015, 0.00148, 0.00230],
                22: [0.01870, 0.02087, 0.02305, 0.02522, 0.02072, 0.02290, 0.02507, 0.02057, 0.02275, 0.02492, 0.02042, 0.02260, 0.02477, 0.02028, 0.02245, 0.02462, 0.02013, 0.02230, 0.02447, 0.01997, 0.02215, 0.02432, 0.01982, 0.02200, 0.02417, 0.01967, 0.02185, 0.02402, 0.01952, 0.02170, 0.02387, 0.01937, 0.02155, 0.02372, 0.01922, 0.02140, 0.02357, 0.01907, 0.02125, 0.02342, 0.01892, 0.02110, 0.02327, 0.01878, 0.02095, 0.02312, 0.02530, 0.02080, 0.02297, 0.02515, 0.02065, 0.02283, 0.02500, 0.02050, 0.02268, 0.02485, 0.02035, 0.02252, 0.02470, 0.02020, 0.02237, 0.02455, 0.02005, 0.02222, 0.02440, 0.01990, 0.02207, 0.02425, 0.01975, 0.02193, 0.02410, 0.01960, 0.02177, 0.02395, 0.01945, 0.02162, 0.02380, 0.01930, 0.02147, 0.02365, 0.01915, 0.02132, 0.02350, 0.01900, 0.02117, 0.02335, 0.01885, 0.02102, 0.02320, 0.01870, 0.02087, 0.02305, 0.02522, 0.02072, 0.02290, 0.02507, 0.02057, 0.02275, 0.02492, 0.02042, 0.02260, 0.02477, 0.02028, 0.02245, 0.02462, 0.02013, 0.02230, 0.02447, 0.01997, 0.02215, 0.02432, 0.01982, 0.02200, 0.02417, 0.01967, 0.02185, 0.02402, 0.01952, 0.02170, 0.02387, 0.01937, 0.02155, 0.02372, 0.01922, 0.02140, 0.02357, 0.01907, 0.02125, 0.02342, 0.01892, 0.02110, 0.02327, 0.01878, 0.02095, 0.02312, 0.02530, 0.02080, 0.02297, 0.02515, 0.02065, 0.02283, 0.02500, 0.02050, 0.02268, 0.02485, 0.02035, 0.02252, 0.02470, 0.02020, 0.02237, 0.02455, 0.01966, 0.02060, 0.02132, 0.01632, 0.01693, 0.01730, 0.01304, 0.01330, 0.01334, 0.00980, 0.00973, 0.00942, 0.00661, 0.00619, 0.00555, 0.00347, 0.00271, 0.00172, 0.00037, 0.00072, 0.00205, 0.00267, 0.00411, 0.00578, 0.00567, 0.00745, 0.00946, 0.00862, 0.01074, 0.01309, 0.01567, 0.01398, 0.01667, 0.01959, 0.01717, 0.02020, 0.02346, 0.02032, 0.02260, 0.02477, 0.02028],
                24: [0.01870, 0.02087, 0.02305, 0.02522, 0.02072, 0.02290, 0.02507, 0.02057, 0.02275, 0.02492, 0.02042, 0.02260, 0.02477, 0.02028, 0.02245, 0.02462, 0.02013, 0.02230, 0.02447, 0.01997, 0.02215, 0.02432, 0.01982, 0.02200, 0.02417, 0.01967, 0.02185, 0.02402, 0.01952, 0.02170, 0.02387, 0.01937, 0.02155, 0.02372, 0.01922, 0.02140, 0.02357, 0.01907, 0.02125, 0.02342, 0.01892, 0.02110, 0.02327, 0.01878, 0.02095, 0.02312, 0.02530, 0.02080, 0.02297, 0.02515, 0.02065, 0.02283, 0.02500, 0.02050, 0.02268, 0.02485, 0.02035, 0.02252, 0.02470, 0.02020, 0.02237, 0.02455, 0.02005, 0.02222, 0.02440, 0.01990, 0.02207, 0.02425, 0.01975, 0.02193, 0.02410, 0.01960, 0.02177, 0.02395, 0.01945, 0.02162, 0.02380, 0.01930, 0.02147, 0.02365, 0.01915, 0.02132, 0.02350, 0.01900, 0.02117, 0.02335, 0.01885, 0.02102, 0.02320, 0.01870, 0.02087, 0.02305, 0.02522, 0.02072, 0.02290, 0.02507, 0.02057, 0.02275, 0.02492, 0.02042, 0.02260, 0.02477, 0.02028, 0.02245, 0.02462, 0.02013, 0.02230, 0.02447, 0.01997, 0.02215, 0.02432, 0.01982, 0.02200, 0.02417, 0.01967, 0.02185, 0.02402, 0.01952, 0.02170, 0.02387, 0.01937, 0.02155, 0.02372, 0.01922, 0.02140, 0.02357, 0.01907, 0.02125, 0.02342, 0.01892, 0.02110, 0.02327, 0.01789, 0.01885, 0.01957, 0.02006, 0.01538, 0.01577, 0.01592, 0.01197, 0.01201, 0.01182, 0.00860, 0.00830, 0.00777, 0.00527, 0.00463, 0.00376, 0.00200, 0.00102, 0.00019, 0.00123, 0.00255, 0.00410, 0.00440, 0.00606, 0.00796, 0.00753, 0.00954, 0.01177, 0.01062, 0.01296, 0.01553, 0.01365, 0.01633, 0.01924, 0.01664, 0.01966, 0.02291, 0.01915, 0.02132, 0.02350, 0.01900, 0.02117, 0.02335, 0.01885, 0.02102, 0.02320, 0.01870, 0.02087, 0.02305, 0.02522, 0.02072, 0.02290, 0.02507, 0.02057, 0.02275, 0.02492, 0.02042, 0.02260, 0.02477, 0.02028],
                26: [0.01870, 0.02087, 0.02305, 0.02522, 0.02072, 0.02290, 0.02507, 0.02057, 0.02275, 0.02492, 0.02042, 0.02260, 0.02477, 0.02028, 0.02245, 0.02462, 0.02013, 0.02230, 0.02447, 0.01997, 0.02215, 0.02432, 0.01982, 0.02200, 0.02417, 0.01967, 0.02185, 0.02402, 0.01952, 0.02170, 0.02387, 0.01937, 0.02155, 0.02372, 0.01922, 0.02140, 0.02357, 0.01907, 0.02125, 0.02342, 0.01892, 0.02110, 0.02327, 0.01878, 0.02095, 0.02312, 0.02530, 0.02080, 0.02297, 0.02515, 0.02065, 0.02283, 0.02500, 0.02050, 0.02268, 0.02485, 0.02035, 0.02252, 0.02470, 0.02020, 0.02237, 0.02455, 0.02005, 0.02222, 0.02440, 0.01990, 0.02207, 0.02425, 0.01975, 0.02193, 0.02410, 0.01960, 0.02177, 0.02395, 0.01945, 0.02162, 0.02380, 0.01930, 0.02147, 0.02365, 0.01915, 0.02132, 0.02350, 0.01900, 0.02117, 0.02335, 0.01885, 0.02102, 0.02320, 0.01870, 0.02087, 0.02305, 0.02522, 0.02072, 0.02290, 0.02507, 0.02057, 0.02275, 0.02492, 0.02042, 0.02260, 0.02477, 0.02028, 0.02245, 0.02462, 0.02013, 0.02230, 0.02447, 0.01997, 0.02215, 0.02432, 0.01982, 0.02154, 0.02238, 0.01716, 0.01790, 0.01839, 0.01391, 0.01430, 0.01446, 0.01070, 0.01075, 0.01057, 0.00753, 0.00724, 0.00672, 0.00442, 0.00379, 0.00293, 0.00136, 0.00038, 0.00082, 0.00166, 0.00297, 0.00452, 0.00629, 0.00628, 0.00817, 0.01028, 0.00955, 0.01177, 0.01423, 0.01276, 0.01532, 0.01812, 0.01592, 0.01883, 0.02197, 0.01904, 0.02229, 0.02455, 0.02005, 0.02222, 0.02440, 0.01990, 0.02207, 0.02425, 0.01975, 0.02193, 0.02410, 0.01960, 0.02177, 0.02395, 0.01945, 0.02162, 0.02380, 0.01930, 0.02147, 0.02365, 0.01915, 0.02132, 0.02350, 0.01900, 0.02117, 0.02335, 0.01885, 0.02102, 0.02320, 0.01870, 0.02087, 0.02305, 0.02522, 0.02072, 0.02290, 0.02507, 0.02057, 0.02275, 0.02492, 0.02042, 0.02260, 0.02477, 0.02028],
                28: [0.01870, 0.02087, 0.02305, 0.02522, 0.02072, 0.02290, 0.02507, 0.02057, 0.02275, 0.02492, 0.02042, 0.02260, 0.02477, 0.02028, 0.02245, 0.02462, 0.02013, 0.02230, 0.02447, 0.01997, 0.02215, 0.02432, 0.01982, 0.02200, 0.02417, 0.01967, 0.02185, 0.02402, 0.01952, 0.02170, 0.02387, 0.01937, 0.02155, 0.02372, 0.01922, 0.02140, 0.02357, 0.01907, 0.02125, 0.02342, 0.01892, 0.02110, 0.02327, 0.01878, 0.02095, 0.02312, 0.02530, 0.02080, 0.02297, 0.02515, 0.02065, 0.02283, 0.02500, 0.02050, 0.02268, 0.02485, 0.02035, 0.02252, 0.02470, 0.02020, 0.02237, 0.02455, 0.02005, 0.02222, 0.02440, 0.01990, 0.02207, 0.02425, 0.01975, 0.02193, 0.02410, 0.01960, 0.02177, 0.02395, 0.01945, 0.02162, 0.02380, 0.01930, 0.02147, 0.02365, 0.01915, 0.02132, 0.02350, 0.01900, 0.02117, 0.02335, 0.01885, 0.02102, 0.02320, 0.01870, 0.02087, 0.02305, 0.02522, 0.01973, 0.02057, 0.02119, 0.01629, 0.01680, 0.01707, 0.01290, 0.01307, 0.01300, 0.00956, 0.00938, 0.00898, 0.00626, 0.00575, 0.00500, 0.00302, 0.00216, 0.00108, 0.00018, 0.00138, 0.00280, 0.00333, 0.00487, 0.00663, 0.00643, 0.00831, 0.01041, 0.00949, 0.01170, 0.01415, 0.01249, 0.01505, 0.01783, 0.01545, 0.01834, 0.02147, 0.01836, 0.02110, 0.02327, 0.01878, 0.02095, 0.02312, 0.02530, 0.02080, 0.02297, 0.02515, 0.02065, 0.02283, 0.02500, 0.02050, 0.02268, 0.02485, 0.02035, 0.02252, 0.02470, 0.02020, 0.02237, 0.02455, 0.02005, 0.02222, 0.02440, 0.01990, 0.02207, 0.02425, 0.01975, 0.02193, 0.02410, 0.01960, 0.02177, 0.02395, 0.01945, 0.02162, 0.02380, 0.01930, 0.02147, 0.02365, 0.01915, 0.02132, 0.02350, 0.01900, 0.02117, 0.02335, 0.01885, 0.02102, 0.02320, 0.01870, 0.02087, 0.02305, 0.02522, 0.02072, 0.02290, 0.02507, 0.02057, 0.02275, 0.02492, 0.02042, 0.02260, 0.02477, 0.02028],
                30: [0.01870, 0.02087, 0.02305, 0.02522, 0.02072, 0.02290, 0.02507, 0.02057, 0.02275, 0.02492, 0.02042, 0.02260, 0.02477, 0.02028, 0.02245, 0.02462, 0.02013, 0.02230, 0.02447, 0.01997, 0.02215, 0.02432, 0.01982, 0.02200, 0.02417, 0.01967, 0.02185, 0.02402, 0.01952, 0.02170, 0.02387, 0.01937, 0.02155, 0.02372, 0.01922, 0.02140, 0.02357, 0.01907, 0.02125, 0.02342, 0.01892, 0.02110, 0.02327, 0.01878, 0.02095, 0.02312, 0.02530, 0.02080, 0.02297, 0.02515, 0.02065, 0.02283, 0.02500, 0.02050, 0.02268, 0.02485, 0.02035, 0.02252, 0.02470, 0.02020, 0.02237, 0.02455, 0.02005, 0.02222, 0.02440, 0.01990, 0.02207, 0.02425, 0.01975, 0.02193, 0.02410, 0.01960, 0.02177, 0.02342, 0.01798, 0.01884, 0.01946, 0.01475, 0.01527, 0.01555, 0.01157, 0.01175, 0.01169, 0.00844, 0.00827, 0.00787, 0.00535, 0.00485, 0.00411, 0.00231, 0.00147, 0.00039, 0.00092, 0.00186, 0.00328, 0.00493, 0.00514, 0.00690, 0.00889, 0.00838, 0.01048, 0.01281, 0.01156, 0.01400, 0.01667, 0.01470, 0.01748, 0.02049, 0.01779, 0.02091, 0.02426, 0.01982, 0.02200, 0.02417, 0.01967, 0.02185, 0.02402, 0.01952, 0.02170, 0.02387, 0.01937, 0.02155, 0.02372, 0.01922, 0.02140, 0.02357, 0.01907, 0.02125, 0.02342, 0.01892, 0.02110, 0.02327, 0.01878, 0.02095, 0.02312, 0.02530, 0.02080, 0.02297, 0.02515, 0.02065, 0.02283, 0.02500, 0.02050, 0.02268, 0.02485, 0.02035, 0.02252, 0.02470, 0.02020, 0.02237, 0.02455, 0.02005, 0.02222, 0.02440, 0.01990, 0.02207, 0.02425, 0.01975, 0.02193, 0.02410, 0.01960, 0.02177, 0.02395, 0.01945, 0.02162, 0.02380, 0.01930, 0.02147, 0.02365, 0.01915, 0.02132, 0.02350, 0.01900, 0.02117, 0.02335, 0.01885, 0.02102, 0.02320, 0.01870, 0.02087, 0.02305, 0.02522, 0.02072, 0.02290, 0.02507, 0.02057, 0.02275, 0.02492, 0.02042, 0.02260, 0.02477, 0.02028],
                32: [0.01870, 0.02087, 0.02305, 0.02522, 0.02072, 0.02290, 0.02507, 0.02057, 0.02275, 0.02492, 0.02042, 0.02260, 0.02477, 0.02028, 0.02245, 0.02462, 0.02013, 0.02230, 0.02447, 0.01997, 0.02215, 0.02432, 0.01982, 0.02200, 0.02417, 0.01967, 0.02185, 0.02402, 0.01952, 0.02170, 0.02387, 0.01937, 0.02155, 0.02372, 0.01922, 0.02140, 0.02357, 0.01907, 0.02125, 0.02342, 0.01892, 0.02110, 0.02327, 0.01878, 0.02095, 0.02312, 0.02530, 0.02080, 0.02297, 0.02515, 0.02065, 0.02283, 0.02500, 0.02050, 0.02155, 0.02229, 0.01717, 0.01780, 0.01820, 0.01381, 0.01410, 0.01416, 0.01049, 0.01045, 0.01017, 0.00723, 0.00684, 0.00622, 0.00401, 0.00328, 0.00232, 0.00084, 0.00023, 0.00153, 0.00228, 0.00369, 0.00533, 0.00535, 0.00710, 0.00908, 0.00838, 0.01047, 0.01279, 0.01136, 0.01379, 0.01645, 0.01428, 0.01706, 0.02006, 0.01717, 0.02028, 0.02305, 0.02522, 0.02072, 0.02290, 0.02507, 0.02057, 0.02275, 0.02492, 0.02042, 0.02260, 0.02477, 0.02028, 0.02245, 0.02462, 0.02013, 0.02230, 0.02447, 0.01997, 0.02215, 0.02432, 0.01982, 0.02200, 0.02417, 0.01967, 0.02185, 0.02402, 0.01952, 0.02170, 0.02387, 0.01937, 0.02155, 0.02372, 0.01922, 0.02140, 0.02357, 0.01907, 0.02125, 0.02342, 0.01892, 0.02110, 0.02327, 0.01878, 0.02095, 0.02312, 0.02530, 0.02080, 0.02297, 0.02515, 0.02065, 0.02283, 0.02500, 0.02050, 0.02268, 0.02485, 0.02035, 0.02252, 0.02470, 0.02020, 0.02237, 0.02455, 0.02005, 0.02222, 0.02440, 0.01990, 0.02207, 0.02425, 0.01975, 0.02193, 0.02410, 0.01960, 0.02177, 0.02395, 0.01945, 0.02162, 0.02380, 0.01930, 0.02147, 0.02365, 0.01915, 0.02132, 0.02350, 0.01900, 0.02117, 0.02335, 0.01885, 0.02102, 0.02320, 0.01870, 0.02087, 0.02305, 0.02522, 0.02072, 0.02290, 0.02507, 0.02057, 0.02275, 0.02492, 0.02042, 0.02260, 0.02477, 0.02028],
                34: [0.01870, 0.02087, 0.02305, 0.02522, 0.02072, 0.02290, 0.02507, 0.02057, 0.02275, 0.02492, 0.02042, 0.02260, 0.02477, 0.02028, 0.02245, 0.02462, 0.02013, 0.02230, 0.02447, 0.01997, 0.02215, 0.02432, 0.01982, 0.02200, 0.02417, 0.01967, 0.02185, 0.02402, 0.01952, 0.02170, 0.02387, 0.01937, 0.02155, 0.02372, 0.01877, 0.01976, 0.02051, 0.01557, 0.01621, 0.01662, 0.01242, 0.01272, 0.01279, 0.00931, 0.00927, 0.00900, 0.00850, 0.00588, 0.00527, 0.00442, 0.00253, 0.00158, 0.00039, 0.00077, 0.00207, 0.00359, 0.00403, 0.00566, 0.00753, 0.00723, 0.00921, 0.01141, 0.01039, 0.01270, 0.01525, 0.01350, 0.01615, 0.01904, 0.01656, 0.01956, 0.02278, 0.01957, 0.02177, 0.02395, 0.01945, 0.02162, 0.02380, 0.01930, 0.02147, 0.02365, 0.01915, 0.02132, 0.02350, 0.01900, 0.02117, 0.02335, 0.01885, 0.02102, 0.02320, 0.01870, 0.02087, 0.02305, 0.02522, 0.02072, 0.02290, 0.02507, 0.02057, 0.02275, 0.02492, 0.02042, 0.02260, 0.02477, 0.02028, 0.02245, 0.02462, 0.02013, 0.02230, 0.02447, 0.01997, 0.02215, 0.02432, 0.01982, 0.02200, 0.02417, 0.01967, 0.02185, 0.02402, 0.01952, 0.02170, 0.02387, 0.01937, 0.02155, 0.02372, 0.01922, 0.02140, 0.02357, 0.01907, 0.02125, 0.02342, 0.01892, 0.02110, 0.02327, 0.01878, 0.02095, 0.02312, 0.02530, 0.02080, 0.02297, 0.02515, 0.02065, 0.02283, 0.02500, 0.02050, 0.02268, 0.02485, 0.02035, 0.02252, 0.02470, 0.02020, 0.02237, 0.02455, 0.02005, 0.02222, 0.02440, 0.01990, 0.02207, 0.02425, 0.01975, 0.02193, 0.02410, 0.01960, 0.02177, 0.02395, 0.01945, 0.02162, 0.02380, 0.01930, 0.02147, 0.02365, 0.01915, 0.02132, 0.02350, 0.01900, 0.02117, 0.02335, 0.01885, 0.02102, 0.02320, 0.01870, 0.02087, 0.02305, 0.02522, 0.02072, 0.02290, 0.02507, 0.02057, 0.02275, 0.02492, 0.02042, 0.02260, 0.02477, 0.02028],
                36: [0.01870, 0.02087, 0.02305, 0.02522, 0.02072, 0.02290, 0.02507, 0.02057, 0.02275, 0.02492, 0.02042, 0.02260, 0.02477, 0.02028, 0.02245, 0.02337, 0.01803, 0.01879, 0.01931, 0.01470, 0.01511, 0.01530, 0.01141, 0.01149, 0.01133, 0.00817, 0.00791, 0.00741, 0.00498, 0.00438, 0.00354, 0.00184, 0.00090, 0.00028, 0.00125, 0.00254, 0.00405, 0.00430, 0.00592, 0.00778, 0.00729, 0.00926, 0.01146, 0.01024, 0.01255, 0.01509, 0.01785, 0.01579, 0.01867, 0.02178, 0.01898, 0.02220, 0.02500, 0.02050, 0.02268, 0.02485, 0.02035, 0.02252, 0.02470, 0.02020, 0.02237, 0.02455, 0.02005, 0.02222, 0.02440, 0.01990, 0.02207, 0.02425, 0.01975, 0.02193, 0.02410, 0.01960, 0.02177, 0.02395, 0.01945, 0.02162, 0.02380, 0.01930, 0.02147, 0.02365, 0.01915, 0.02132, 0.02350, 0.01900, 0.02117, 0.02335, 0.01885, 0.02102, 0.02320, 0.01870, 0.02087, 0.02305, 0.02522, 0.02072, 0.02290, 0.02507, 0.02057, 0.02275, 0.02492, 0.02042, 0.02260, 0.02477, 0.02028, 0.02245, 0.02462, 0.02013, 0.02230, 0.02447, 0.01997, 0.02215, 0.02432, 0.01982, 0.02200, 0.02417, 0.01967, 0.02185, 0.02402, 0.01952, 0.02170, 0.02387, 0.01937, 0.02155, 0.02372, 0.01922, 0.02140, 0.02357, 0.01907, 0.02125, 0.02342, 0.01892, 0.02110, 0.02327, 0.01878, 0.02095, 0.02312, 0.02530, 0.02080, 0.02297, 0.02515, 0.02065, 0.02283, 0.02500, 0.02050, 0.02268, 0.02485, 0.02035, 0.02252, 0.02470, 0.02020, 0.02237, 0.02455, 0.02005, 0.02222, 0.02440, 0.01990, 0.02207, 0.02425, 0.01975, 0.02193, 0.02410, 0.01960, 0.02177, 0.02395, 0.01945, 0.02162, 0.02380, 0.01930, 0.02147, 0.02365, 0.01915, 0.02132, 0.02350, 0.01900, 0.02117, 0.02335, 0.01885, 0.02102, 0.02320, 0.01870, 0.02087, 0.02305, 0.02522, 0.02072, 0.02290, 0.02507, 0.02057, 0.02275, 0.02492, 0.02042, 0.02260, 0.02477, 0.02028],
                38: [0.01325, 0.01367, 0.01387, 0.01383, 0.01025, 0.01011, 0.00973, 0.00689, 0.00640, 0.00568, 0.00356, 0.00274, 0.00168, 0.00029, 0.00088, 0.00228, 0.00293, 0.00444, 0.00618, 0.00611, 0.00796, 0.01004, 0.00924, 0.01143, 0.01385, 0.01232, 0.01485, 0.01761, 0.01536, 0.01822, 0.02133, 0.01834, 0.02155, 0.02372, 0.01922, 0.02140, 0.02357, 0.01907, 0.02125, 0.02342, 0.01892, 0.02110, 0.02327, 0.01878, 0.02095, 0.02312, 0.02530, 0.02080, 0.02297, 0.02515, 0.02065, 0.02283, 0.02500, 0.02050, 0.02268, 0.02485, 0.02035, 0.02252, 0.02470, 0.02020, 0.02237, 0.02455, 0.02005, 0.02222, 0.02440, 0.01990, 0.02207, 0.02425, 0.01975, 0.02193, 0.02410, 0.01960, 0.02177, 0.02395, 0.01945, 0.02162, 0.02380, 0.01930, 0.02147, 0.02365, 0.01915, 0.02132, 0.02350, 0.01900, 0.02117, 0.02335, 0.01885, 0.02102, 0.02320, 0.01870, 0.02087, 0.02305, 0.02522, 0.02072, 0.02290, 0.02507, 0.02057, 0.02275, 0.02492, 0.02042, 0.02260, 0.02477, 0.02028, 0.02245, 0.02462, 0.02013, 0.02230, 0.02447, 0.01997, 0.02215, 0.02432, 0.01982, 0.02200, 0.02417, 0.01967, 0.02185, 0.02402, 0.01952, 0.02170, 0.02387, 0.01937, 0.02155, 0.02372, 0.01922, 0.02140, 0.02357, 0.01907, 0.02125, 0.02342, 0.01892, 0.02110, 0.02327, 0.01878, 0.02095, 0.02312, 0.02530, 0.02080, 0.02297, 0.02515, 0.02065, 0.02283, 0.02500, 0.02050, 0.02268, 0.02485, 0.02035, 0.02252, 0.02470, 0.02020, 0.02237, 0.02455, 0.02005, 0.02222, 0.02440, 0.01990, 0.02207, 0.02425, 0.01975, 0.02193, 0.02410, 0.01960, 0.02177, 0.02395, 0.01945, 0.02162, 0.02380, 0.01930, 0.02147, 0.02365, 0.01915, 0.02132, 0.02350, 0.01900, 0.02117, 0.02335, 0.01885, 0.02102, 0.02320, 0.01870, 0.02087, 0.02305, 0.02522, 0.02072, 0.02290, 0.02507, 0.02057, 0.02275, 0.02431, 0.01883, 0.01963, 0.02019, 0.01544],
                40: [0.00623, 0.00807, 0.01014, 0.01245, 0.01133, 0.01375, 0.01639, 0.01455, 0.01730, 0.02028, 0.01771, 0.02080, 0.02413, 0.02028, 0.02245, 0.02462, 0.02013, 0.02230, 0.02447, 0.01997, 0.02215, 0.02432, 0.01982, 0.02200, 0.02417, 0.01967, 0.02185, 0.02402, 0.01952, 0.02170, 0.02387, 0.01937, 0.02155, 0.02372, 0.01922, 0.02140, 0.02357, 0.01907, 0.02125, 0.02342, 0.01892, 0.02110, 0.02327, 0.01878, 0.02095, 0.02312, 0.02530, 0.02080, 0.02297, 0.02515, 0.02065, 0.02283, 0.02500, 0.02050, 0.02268, 0.02485, 0.02035, 0.02252, 0.02470, 0.02020, 0.02237, 0.02455, 0.02005, 0.02222, 0.02440, 0.01990, 0.02207, 0.02425, 0.01975, 0.02193, 0.02410, 0.01960, 0.02177, 0.02395, 0.01945, 0.02162, 0.02380, 0.01930, 0.02147, 0.02365, 0.01915, 0.02132, 0.02350, 0.01900, 0.02117, 0.02335, 0.01885, 0.02102, 0.02320, 0.01870, 0.02087, 0.02305, 0.02522, 0.02072, 0.02290, 0.02507, 0.02057, 0.02275, 0.02492, 0.02042, 0.02260, 0.02477, 0.02028, 0.02245, 0.02462, 0.02013, 0.02230, 0.02447, 0.01997, 0.02215, 0.02432, 0.01982, 0.02200, 0.02417, 0.01967, 0.02185, 0.02402, 0.01952, 0.02170, 0.02387, 0.01937, 0.02155, 0.02372, 0.01922, 0.02140, 0.02357, 0.01907, 0.02125, 0.02342, 0.01892, 0.02110, 0.02327, 0.01878, 0.02095, 0.02312, 0.02530, 0.02080, 0.02297, 0.02515, 0.02065, 0.02283, 0.02500, 0.02050, 0.02268, 0.02485, 0.02035, 0.02252, 0.02470, 0.02020, 0.02237, 0.02455, 0.02005, 0.02222, 0.02440, 0.01990, 0.02207, 0.02425, 0.01975, 0.02193, 0.02410, 0.01960, 0.02177, 0.02395, 0.01945, 0.02162, 0.02380, 0.01930, 0.02147, 0.02242, 0.01713, 0.01794, 0.01851, 0.01395, 0.01442, 0.01465, 0.01082, 0.01095, 0.01084, 0.00774, 0.00753, 0.00708, 0.00640, 0.00416, 0.00337, 0.00235, 0.00083, 0.00030, 0.00166, 0.00245, 0.00391, 0.00561, 0.00568],
                42: [0.01870, 0.02087, 0.02305, 0.02522, 0.02072, 0.02290, 0.02507, 0.02057, 0.02275, 0.02492, 0.02042, 0.02260, 0.02477, 0.02028, 0.02245, 0.02462, 0.02013, 0.02230, 0.02447, 0.01997, 0.02215, 0.02432, 0.01982, 0.02200, 0.02417, 0.01967, 0.02185, 0.02402, 0.01952, 0.02170, 0.02387, 0.01937, 0.02155, 0.02372, 0.01922, 0.02140, 0.02357, 0.01907, 0.02125, 0.02342, 0.01892, 0.02110, 0.02327, 0.01878, 0.02095, 0.02312, 0.02530, 0.02080, 0.02297, 0.02515, 0.02065, 0.02283, 0.02500, 0.02050, 0.02268, 0.02485, 0.02035, 0.02252, 0.02470, 0.02020, 0.02237, 0.02455, 0.02005, 0.02222, 0.02440, 0.01990, 0.02207, 0.02425, 0.01975, 0.02193, 0.02410, 0.01960, 0.02177, 0.02395, 0.01945, 0.02162, 0.02380, 0.01930, 0.02147, 0.02365, 0.01915, 0.02132, 0.02350, 0.01900, 0.02117, 0.02335, 0.01885, 0.02102, 0.02320, 0.01870, 0.02087, 0.02305, 0.02522, 0.02072, 0.02290, 0.02507, 0.02057, 0.02275, 0.02492, 0.02042, 0.02260, 0.02477, 0.02028, 0.02245, 0.02462, 0.02013, 0.02230, 0.02447, 0.01997, 0.02215, 0.02432, 0.01982, 0.02200, 0.02417, 0.01967, 0.02185, 0.02402, 0.01952, 0.02170, 0.02387, 0.01937, 0.02155, 0.02372, 0.01922, 0.02140, 0.02357, 0.01907, 0.02125, 0.02342, 0.01892, 0.02110, 0.02327, 0.01878, 0.02095, 0.02312, 0.02530, 0.02080, 0.02297, 0.02515, 0.02065, 0.02283, 0.02500, 0.02050, 0.02268, 0.02485, 0.02035, 0.02252, 0.02470, 0.01967, 0.02060, 0.02129, 0.01632, 0.01690, 0.01725, 0.01301, 0.01325, 0.01326, 0.00975, 0.00965, 0.00932, 0.00653, 0.00610, 0.00543, 0.00337, 0.00259, 0.00158, 0.00025, 0.00087, 0.00222, 0.00282, 0.00428, 0.00597, 0.00584, 0.00764, 0.00967, 0.00881, 0.01095, 0.01332, 0.01174, 0.01422, 0.01693, 0.01987, 0.01743, 0.02048, 0.02377, 0.02057, 0.02275, 0.02492, 0.02042, 0.02260, 0.02477, 0.02028],
                44: [0.01870, 0.02087, 0.02305, 0.02522, 0.02072, 0.02290, 0.02507, 0.02057, 0.02275, 0.02492, 0.02042, 0.02260, 0.02477, 0.02028, 0.02245, 0.02462, 0.02013, 0.02230, 0.02447, 0.01997, 0.02215, 0.02432, 0.01982, 0.02200, 0.02417, 0.01967, 0.02185, 0.02402, 0.01952, 0.02170, 0.02387, 0.01937, 0.02155, 0.02372, 0.01922, 0.02140, 0.02357, 0.01907, 0.02125, 0.02342, 0.01892, 0.02110, 0.02327, 0.01878, 0.02095, 0.02312, 0.02530, 0.02080, 0.02297, 0.02515, 0.02065, 0.02283, 0.02500, 0.02050, 0.02268, 0.02485, 0.02035, 0.02252, 0.02470, 0.02020, 0.02237, 0.02455, 0.02005, 0.02222, 0.02440, 0.01990, 0.02207, 0.02425, 0.01975, 0.02193, 0.02410, 0.01960, 0.02177, 0.02395, 0.01945, 0.02162, 0.02380, 0.01930, 0.02147, 0.02365, 0.01915, 0.02132, 0.02350, 0.01900, 0.02117, 0.02335, 0.01885, 0.02102, 0.02320, 0.01870, 0.02087, 0.02305, 0.02522, 0.02072, 0.02290, 0.02507, 0.02057, 0.02275, 0.02492, 0.02042, 0.02260, 0.02477, 0.02028, 0.02245, 0.02462, 0.02013, 0.02230, 0.02447, 0.01997, 0.02215, 0.02432, 0.01982, 0.02200, 0.02417, 0.01967, 0.02185, 0.02402, 0.01952, 0.02170, 0.02387, 0.01937, 0.02155, 0.02372, 0.01922, 0.02140, 0.02357, 0.01907, 0.02125, 0.02342, 0.01791, 0.01885, 0.01955, 0.01477, 0.01536, 0.01572, 0.01585, 0.01192, 0.01194, 0.01172, 0.00852, 0.00820, 0.00765, 0.00518, 0.00452, 0.00362, 0.00188, 0.00088, 0.00035, 0.00137, 0.00271, 0.00428, 0.00457, 0.00625, 0.00817, 0.00772, 0.00974, 0.01200, 0.01083, 0.01319, 0.01578, 0.01388, 0.01659, 0.01952, 0.01689, 0.01994, 0.02321, 0.01930, 0.02147, 0.02365, 0.01915, 0.02132, 0.02350, 0.01900, 0.02117, 0.02335, 0.01885, 0.02102, 0.02320, 0.01870, 0.02087, 0.02305, 0.02522, 0.02072, 0.02290, 0.02507, 0.02057, 0.02275, 0.02492, 0.02042, 0.02260, 0.02477, 0.02028],
                46: [0.01870, 0.02087, 0.02305, 0.02522, 0.02072, 0.02290, 0.02507, 0.02057, 0.02275, 0.02492, 0.02042, 0.02260, 0.02477, 0.02028, 0.02245, 0.02462, 0.02013, 0.02230, 0.02447, 0.01997, 0.02215, 0.02432, 0.01982, 0.02200, 0.02417, 0.01967, 0.02185, 0.02402, 0.01952, 0.02170, 0.02387, 0.01937, 0.02155, 0.02372, 0.01922, 0.02140, 0.02357, 0.01907, 0.02125, 0.02342, 0.01892, 0.02110, 0.02327, 0.01878, 0.02095, 0.02312, 0.02530, 0.02080, 0.02297, 0.02515, 0.02065, 0.02283, 0.02500, 0.02050, 0.02268, 0.02485, 0.02035, 0.02252, 0.02470, 0.02020, 0.02237, 0.02455, 0.02005, 0.02222, 0.02440, 0.01990, 0.02207, 0.02425, 0.01975, 0.02193, 0.02410, 0.01960, 0.02177, 0.02395, 0.01945, 0.02162, 0.02380, 0.01930, 0.02147, 0.02365, 0.01915, 0.02132, 0.02350, 0.01900, 0.02117, 0.02335, 0.01885, 0.02102, 0.02320, 0.01870, 0.02087, 0.02305, 0.02522, 0.02072, 0.02290, 0.02507, 0.02057, 0.02275, 0.02492, 0.02042, 0.02260, 0.02477, 0.02028, 0.02245, 0.02462, 0.02013, 0.02230, 0.02447, 0.01997, 0.02154, 0.02236, 0.01717, 0.01787, 0.01835, 0.01389, 0.01425, 0.01439, 0.01065, 0.01068, 0.01048, 0.00747, 0.00716, 0.00661, 0.00433, 0.00368, 0.00279, 0.00124, 0.00025, 0.00098, 0.00180, 0.00313, 0.00470, 0.00479, 0.00647, 0.00837, 0.01051, 0.00975, 0.01200, 0.01447, 0.01299, 0.01557, 0.01839, 0.01618, 0.01910, 0.02226, 0.01932, 0.02252, 0.02470, 0.02020, 0.02237, 0.02455, 0.02005, 0.02222, 0.02440, 0.01990, 0.02207, 0.02425, 0.01975, 0.02193, 0.02410, 0.01960, 0.02177, 0.02395, 0.01945, 0.02162, 0.02380, 0.01930, 0.02147, 0.02365, 0.01915, 0.02132, 0.02350, 0.01900, 0.02117, 0.02335, 0.01885, 0.02102, 0.02320, 0.01870, 0.02087, 0.02305, 0.02522, 0.02072, 0.02290, 0.02507, 0.02057, 0.02275, 0.02492, 0.02042, 0.02260, 0.02477, 0.02028],
                48: [0.01870, 0.02087, 0.02305, 0.02522, 0.02072, 0.02290, 0.02507, 0.02057, 0.02275, 0.02492, 0.02042, 0.02260, 0.02477, 0.02028, 0.02245, 0.02462, 0.02013, 0.02230, 0.02447, 0.01997, 0.02215, 0.02432, 0.01982, 0.02200, 0.02417, 0.01967, 0.02185, 0.02402, 0.01952, 0.02170, 0.02387, 0.01937, 0.02155, 0.02372, 0.01922, 0.02140, 0.02357, 0.01907, 0.02125, 0.02342, 0.01892, 0.02110, 0.02327, 0.01878, 0.02095, 0.02312, 0.02530, 0.02080, 0.02297, 0.02515, 0.02065, 0.02283, 0.02500, 0.02050, 0.02268, 0.02485, 0.02035, 0.02252, 0.02470, 0.02020, 0.02237, 0.02455, 0.02005, 0.02222, 0.02440, 0.01990, 0.02207, 0.02425, 0.01975, 0.02193, 0.02410, 0.01960, 0.02177, 0.02395, 0.01945, 0.02162, 0.02380, 0.01930, 0.02147, 0.02365, 0.01915, 0.02132, 0.02350, 0.01900, 0.02117, 0.02335, 0.01885, 0.02102, 0.02320, 0.01868, 0.01973, 0.02056, 0.02115, 0.01627, 0.01676, 0.01701, 0.01286, 0.01300, 0.01292, 0.00949, 0.00930, 0.00887, 0.00618, 0.00564, 0.00487, 0.00291, 0.00203, 0.00092, 0.00031, 0.00153, 0.00298, 0.00348, 0.00504, 0.00683, 0.00661, 0.00851, 0.01064, 0.00969, 0.01192, 0.01439, 0.01271, 0.01529, 0.01810, 0.01570, 0.01861, 0.02176, 0.01863, 0.02125, 0.02342, 0.01892, 0.02110, 0.02327, 0.01878, 0.02095, 0.02312, 0.02530, 0.02080, 0.02297, 0.02515, 0.02065, 0.02283, 0.02500, 0.02050, 0.02268, 0.02485, 0.02035, 0.02252, 0.02470, 0.02020, 0.02237, 0.02455, 0.02005, 0.02222, 0.02440, 0.01990, 0.02207, 0.02425, 0.01975, 0.02193, 0.02410, 0.01960, 0.02177, 0.02395, 0.01945, 0.02162, 0.02380, 0.01930, 0.02147, 0.02365, 0.01915, 0.02132, 0.02350, 0.01900, 0.02117, 0.02335, 0.01885, 0.02102, 0.02320, 0.01870, 0.02087, 0.02305, 0.02522, 0.02072, 0.02290, 0.02507, 0.02057, 0.02275, 0.02492, 0.02042, 0.02260, 0.02477, 0.02028],
                50: [0.01870, 0.02087, 0.02305, 0.02522, 0.02072, 0.02290, 0.02507, 0.02057, 0.02275, 0.02492, 0.02042, 0.02260, 0.02477, 0.02028, 0.02245, 0.02462, 0.02013, 0.02230, 0.02447, 0.01997, 0.02215, 0.02432, 0.01982, 0.02200, 0.02417, 0.01967, 0.02185, 0.02402, 0.01952, 0.02170, 0.02387, 0.01937, 0.02155, 0.02372, 0.01922, 0.02140, 0.02357, 0.01907, 0.02125, 0.02342, 0.01892, 0.02110, 0.02327, 0.01878, 0.02095, 0.02312, 0.02530, 0.02080, 0.02297, 0.02515, 0.02065, 0.02283, 0.02500, 0.02050, 0.02268, 0.02485, 0.02035, 0.02252, 0.02470, 0.02020, 0.02237, 0.02455, 0.02005, 0.02222, 0.02440, 0.01990, 0.02207, 0.02425, 0.01975, 0.02193, 0.02341, 0.01799, 0.01883, 0.01943, 0.01474, 0.01523, 0.01549, 0.01153, 0.01169, 0.01161, 0.00838, 0.00819, 0.00777, 0.00527, 0.00474, 0.00398, 0.00221, 0.00134, 0.00024, 0.00080, 0.00201, 0.00345, 0.00512, 0.00532, 0.00710, 0.00911, 0.00857, 0.01069, 0.01305, 0.01178, 0.01424, 0.01694, 0.01494, 0.01774, 0.02078, 0.01805, 0.02120, 0.02447, 0.01997, 0.02215, 0.02432, 0.01982, 0.02200, 0.02417, 0.01967, 0.02185, 0.02402, 0.01952, 0.02170, 0.02387, 0.01937, 0.02155, 0.02372, 0.01922, 0.02140, 0.02357, 0.01907, 0.02125, 0.02342, 0.01892, 0.02110, 0.02327, 0.01878, 0.02095, 0.02312, 0.02530, 0.02080, 0.02297, 0.02515, 0.02065, 0.02283, 0.02500, 0.02050, 0.02268, 0.02485, 0.02035, 0.02252, 0.02470, 0.02020, 0.02237, 0.02455, 0.02005, 0.02222, 0.02440, 0.01990, 0.02207, 0.02425, 0.01975, 0.02193, 0.02410, 0.01960, 0.02177, 0.02395, 0.01945, 0.02162, 0.02380, 0.01930, 0.02147, 0.02365, 0.01915, 0.02132, 0.02350, 0.01900, 0.02117, 0.02335, 0.01885, 0.02102, 0.02320, 0.01870, 0.02087, 0.02305, 0.02522, 0.02072, 0.02290, 0.02507, 0.02057, 0.02275, 0.02492, 0.02042, 0.02260, 0.02477, 0.02028],
                52: [0.01870, 0.02087, 0.02305, 0.02522, 0.02072, 0.02290, 0.02507, 0.02057, 0.02275, 0.02492, 0.02042, 0.02260, 0.02477, 0.02028, 0.02245, 0.02462, 0.02013, 0.02230, 0.02447, 0.01997, 0.02215, 0.02432, 0.01982, 0.02200, 0.02417, 0.01967, 0.02185, 0.02402, 0.01952, 0.02170, 0.02387, 0.01937, 0.02155, 0.02372, 0.01922, 0.02140, 0.02357, 0.01907, 0.02125, 0.02342, 0.01892, 0.02110, 0.02327, 0.01878, 0.02095, 0.02312, 0.02530, 0.02080, 0.02297, 0.02515, 0.02060, 0.02155, 0.02227, 0.01716, 0.01777, 0.01815, 0.01378, 0.01405, 0.01409, 0.01044, 0.01037, 0.01007, 0.00715, 0.00674, 0.00610, 0.00391, 0.00316, 0.00218, 0.00072, 0.00037, 0.00169, 0.00242, 0.00386, 0.00552, 0.00552, 0.00729, 0.00930, 0.00857, 0.01068, 0.01303, 0.01157, 0.01402, 0.01671, 0.01452, 0.01731, 0.02034, 0.01743, 0.02056, 0.02320, 0.01870, 0.02087, 0.02305, 0.02522, 0.02072, 0.02290, 0.02507, 0.02057, 0.02275, 0.02492, 0.02042, 0.02260, 0.02477, 0.02028, 0.02245, 0.02462, 0.02013, 0.02230, 0.02447, 0.01997, 0.02215, 0.02432, 0.01982, 0.02200, 0.02417, 0.01967, 0.02185, 0.02402, 0.01952, 0.02170, 0.02387, 0.01937, 0.02155, 0.02372, 0.01922, 0.02140, 0.02357, 0.01907, 0.02125, 0.02342, 0.01892, 0.02110, 0.02327, 0.01878, 0.02095, 0.02312, 0.02530, 0.02080, 0.02297, 0.02515, 0.02065, 0.02283, 0.02500, 0.02050, 0.02268, 0.02485, 0.02035, 0.02252, 0.02470, 0.02020, 0.02237, 0.02455, 0.02005, 0.02222, 0.02440, 0.01990, 0.02207, 0.02425, 0.01975, 0.02193, 0.02410, 0.01960, 0.02177, 0.02395, 0.01945, 0.02162, 0.02380, 0.01930, 0.02147, 0.02365, 0.01915, 0.02132, 0.02350, 0.01900, 0.02117, 0.02335, 0.01885, 0.02102, 0.02320, 0.01870, 0.02087, 0.02305, 0.02522, 0.02072, 0.02290, 0.02507, 0.02057, 0.02275, 0.02492, 0.02042, 0.02260, 0.02477, 0.02028],
                54: [0.01870, 0.02087, 0.02305, 0.02522, 0.02072, 0.02290, 0.02507, 0.02057, 0.02275, 0.02492, 0.02042, 0.02260, 0.02477, 0.02028, 0.02245, 0.02462, 0.02013, 0.02230, 0.02447, 0.01997, 0.02215, 0.02432, 0.01982, 0.02200, 0.02417, 0.01967, 0.02185, 0.02402, 0.01952, 0.02170, 0.02387, 0.01879, 0.01975, 0.02048, 0.01557, 0.01619, 0.01658, 0.01239, 0.01267, 0.01272, 0.00927, 0.00920, 0.00891, 0.00618, 0.00578, 0.00515, 0.00428, 0.00241, 0.00144, 0.00023, 0.00091, 0.00223, 0.00378, 0.00419, 0.00585, 0.00773, 0.00742, 0.00941, 0.01164, 0.01060, 0.01294, 0.01550, 0.01373, 0.01641, 0.01932, 0.01682, 0.01983, 0.02308, 0.01975, 0.02193, 0.02410, 0.01960, 0.02177, 0.02395, 0.01945, 0.02162, 0.02380, 0.01930, 0.02147, 0.02365, 0.01915, 0.02132, 0.02350, 0.01900, 0.02117, 0.02335, 0.01885, 0.02102, 0.02320, 0.01870, 0.02087, 0.02305, 0.02522, 0.02072, 0.02290, 0.02507, 0.02057, 0.02275, 0.02492, 0.02042, 0.02260, 0.02477, 0.02028, 0.02245, 0.02462, 0.02013, 0.02230, 0.02447, 0.01997, 0.02215, 0.02432, 0.01982, 0.02200, 0.02417, 0.01967, 0.02185, 0.02402, 0.01952, 0.02170, 0.02387, 0.01937, 0.02155, 0.02372, 0.01922, 0.02140, 0.02357, 0.01907, 0.02125, 0.02342, 0.01892, 0.02110, 0.02327, 0.01878, 0.02095, 0.02312, 0.02530, 0.02080, 0.02297, 0.02515, 0.02065, 0.02283, 0.02500, 0.02050, 0.02268, 0.02485, 0.02035, 0.02252, 0.02470, 0.02020, 0.02237, 0.02455, 0.02005, 0.02222, 0.02440, 0.01990, 0.02207, 0.02425, 0.01975, 0.02193, 0.02410, 0.01960, 0.02177, 0.02395, 0.01945, 0.02162, 0.02380, 0.01930, 0.02147, 0.02365, 0.01915, 0.02132, 0.02350, 0.01900, 0.02117, 0.02335, 0.01885, 0.02102, 0.02320, 0.01870, 0.02087, 0.02305, 0.02522, 0.02072, 0.02290, 0.02507, 0.02057, 0.02275, 0.02492, 0.02042, 0.02260, 0.02477, 0.02028],
                56: [0.01870, 0.02087, 0.02305, 0.02522, 0.02072, 0.02290, 0.02507, 0.02057, 0.02275, 0.02492, 0.02042, 0.02251, 0.02336, 0.01803, 0.01877, 0.01927, 0.01467, 0.01507, 0.01523, 0.01137, 0.01142, 0.01124, 0.00811, 0.00782, 0.00730, 0.00489, 0.00427, 0.00341, 0.00173, 0.00076, 0.00044, 0.00139, 0.00269, 0.00423, 0.00446, 0.00610, 0.00798, 0.00748, 0.00946, 0.01168, 0.01045, 0.01278, 0.01533, 0.01337, 0.01604, 0.01894, 0.02207, 0.01926, 0.02250, 0.02515, 0.02065, 0.02283, 0.02500, 0.02050, 0.02268, 0.02485, 0.02035, 0.02252, 0.02470, 0.02020, 0.02237, 0.02455, 0.02005, 0.02222, 0.02440, 0.01990, 0.02207, 0.02425, 0.01975, 0.02193, 0.02410, 0.01960, 0.02177, 0.02395, 0.01945, 0.02162, 0.02380, 0.01930, 0.02147, 0.02365, 0.01915, 0.02132, 0.02350, 0.01900, 0.02117, 0.02335, 0.01885, 0.02102, 0.02320, 0.01870, 0.02087, 0.02305, 0.02522, 0.02072, 0.02290, 0.02507, 0.02057, 0.02275, 0.02492, 0.02042, 0.02260, 0.02477, 0.02028, 0.02245, 0.02462, 0.02013, 0.02230, 0.02447, 0.01997, 0.02215, 0.02432, 0.01982, 0.02200, 0.02417, 0.01967, 0.02185, 0.02402, 0.01952, 0.02170, 0.02387, 0.01937, 0.02155, 0.02372, 0.01922, 0.02140, 0.02357, 0.01907, 0.02125, 0.02342, 0.01892, 0.02110, 0.02327, 0.01878, 0.02095, 0.02312, 0.02530, 0.02080, 0.02297, 0.02515, 0.02065, 0.02283, 0.02500, 0.02050, 0.02268, 0.02485, 0.02035, 0.02252, 0.02470, 0.02020, 0.02237, 0.02455, 0.02005, 0.02222, 0.02440, 0.01990, 0.02207, 0.02425, 0.01975, 0.02193, 0.02410, 0.01960, 0.02177, 0.02395, 0.01945, 0.02162, 0.02380, 0.01930, 0.02147, 0.02365, 0.01915, 0.02132, 0.02350, 0.01900, 0.02117, 0.02335, 0.01885, 0.02102, 0.02320, 0.01870, 0.02087, 0.02305, 0.02522, 0.02072, 0.02290, 0.02507, 0.02057, 0.02275, 0.02492, 0.02042, 0.02260, 0.02477, 0.02028],
                58: [0.01013, 0.01019, 0.01002, 0.00962, 0.00680, 0.00629, 0.00555, 0.00346, 0.00261, 0.00153, 0.00016, 0.00103, 0.00245, 0.00309, 0.00462, 0.00638, 0.00629, 0.00816, 0.01026, 0.00944, 0.01165, 0.01409, 0.01255, 0.01510, 0.01788, 0.01560, 0.01849, 0.02162, 0.01861, 0.02170, 0.02387, 0.01937, 0.02155, 0.02372, 0.01922, 0.02140, 0.02357, 0.01907, 0.02125, 0.02342, 0.01892, 0.02110, 0.02327, 0.01878, 0.02095, 0.02312, 0.02530, 0.02080, 0.02297, 0.02515, 0.02065, 0.02283, 0.02500, 0.02050, 0.02268, 0.02485, 0.02035, 0.02252, 0.02470, 0.02020, 0.02237, 0.02455, 0.02005, 0.02222, 0.02440, 0.01990, 0.02207, 0.02425, 0.01975, 0.02193, 0.02410, 0.01960, 0.02177, 0.02395, 0.01945, 0.02162, 0.02380, 0.01930, 0.02147, 0.02365, 0.01915, 0.02132, 0.02350, 0.01900, 0.02117, 0.02335, 0.01885, 0.02102, 0.02320, 0.01870, 0.02087, 0.02305, 0.02522, 0.02072, 0.02290, 0.02507, 0.02057, 0.02275, 0.02492, 0.02042, 0.02260, 0.02477, 0.02028, 0.02245, 0.02462, 0.02013, 0.02230, 0.02447, 0.01997, 0.02215, 0.02432, 0.01982, 0.02200, 0.02417, 0.01967, 0.02185, 0.02402, 0.01952, 0.02170, 0.02387, 0.01937, 0.02155, 0.02372, 0.01922, 0.02140, 0.02357, 0.01907, 0.02125, 0.02342, 0.01892, 0.02110, 0.02327, 0.01878, 0.02095, 0.02312, 0.02530, 0.02080, 0.02297, 0.02515, 0.02065, 0.02283, 0.02500, 0.02050, 0.02268, 0.02485, 0.02035, 0.02252, 0.02470, 0.02020, 0.02237, 0.02455, 0.02005, 0.02222, 0.02440, 0.01990, 0.02207, 0.02425, 0.01975, 0.02193, 0.02410, 0.01960, 0.02177, 0.02395, 0.01945, 0.02162, 0.02380, 0.01930, 0.02147, 0.02365, 0.01915, 0.02132, 0.02350, 0.01900, 0.02117, 0.02335, 0.01885, 0.02102, 0.02320, 0.01870, 0.02087, 0.02305, 0.02522, 0.02072, 0.02290, 0.02429, 0.01883, 0.01961, 0.02015, 0.01543, 0.01586, 0.01607, 0.01206],
                60: [0.00935, 0.01155, 0.01399, 0.01665, 0.01479, 0.01756, 0.02057, 0.01798, 0.02109, 0.02444, 0.02042, 0.02260, 0.02477, 0.02028, 0.02245, 0.02462, 0.02013, 0.02230, 0.02447, 0.01997, 0.02215, 0.02432, 0.01982, 0.02200, 0.02417, 0.01967, 0.02185, 0.02402, 0.01952, 0.02170, 0.02387, 0.01937, 0.02155, 0.02372, 0.01922, 0.02140, 0.02357, 0.01907, 0.02125, 0.02342, 0.01892, 0.02110, 0.02327, 0.01878, 0.02095, 0.02312, 0.02530, 0.02080, 0.02297, 0.02515, 0.02065, 0.02283, 0.02500, 0.02050, 0.02268, 0.02485, 0.02035, 0.02252, 0.02470, 0.02020, 0.02237, 0.02455, 0.02005, 0.02222, 0.02440, 0.01990, 0.02207, 0.02425, 0.01975, 0.02193, 0.02410, 0.01960, 0.02177, 0.02395, 0.01945, 0.02162, 0.02380, 0.01930, 0.02147, 0.02365, 0.01915, 0.02132, 0.02350, 0.01900, 0.02117, 0.02335, 0.01885, 0.02102, 0.02320, 0.01870, 0.02087, 0.02305, 0.02522, 0.02072, 0.02290, 0.02507, 0.02057, 0.02275, 0.02492, 0.02042, 0.02260, 0.02477, 0.02028, 0.02245, 0.02462, 0.02013, 0.02230, 0.02447, 0.01997, 0.02215, 0.02432, 0.01982, 0.02200, 0.02417, 0.01967, 0.02185, 0.02402, 0.01952, 0.02170, 0.02387, 0.01937, 0.02155, 0.02372, 0.01922, 0.02140, 0.02357, 0.01907, 0.02125, 0.02342, 0.01892, 0.02110, 0.02327, 0.01878, 0.02095, 0.02312, 0.02530, 0.02080, 0.02297, 0.02515, 0.02065, 0.02283, 0.02500, 0.02050, 0.02268, 0.02485, 0.02035, 0.02252, 0.02470, 0.02020, 0.02237, 0.02455, 0.02005, 0.02222, 0.02440, 0.01990, 0.02207, 0.02425, 0.01975, 0.02193, 0.02410, 0.01960, 0.02177, 0.02395, 0.01945, 0.02151, 0.02241, 0.01714, 0.01792, 0.01848, 0.01394, 0.01438, 0.01460, 0.01079, 0.01089, 0.01076, 0.00768, 0.00745, 0.00698, 0.00463, 0.00405, 0.00324, 0.00220, 0.00070, 0.00045, 0.00183, 0.00260, 0.00409, 0.00581, 0.00585, 0.00768, 0.00974, 0.00906],
                62: [0.01870, 0.02087, 0.02305, 0.02522, 0.02072, 0.02290, 0.02507, 0.02057, 0.02275, 0.02492, 0.02042, 0.02260, 0.02477, 0.02028, 0.02245, 0.02462, 0.02013, 0.02230, 0.02447, 0.01997, 0.02215, 0.02432, 0.01982, 0.02200, 0.02417, 0.01967, 0.02185, 0.02402, 0.01952, 0.02170, 0.02387, 0.01937, 0.02155, 0.02372, 0.01922, 0.02140, 0.02357, 0.01907, 0.02125, 0.02342, 0.01892, 0.02110, 0.02327, 0.01878, 0.02095, 0.02312, 0.02530, 0.02080, 0.02297, 0.02515, 0.02065, 0.02283, 0.02500, 0.02050, 0.02268, 0.02485, 0.02035, 0.02252, 0.02470, 0.02020, 0.02237, 0.02455, 0.02005, 0.02222, 0.02440, 0.01990, 0.02207, 0.02425, 0.01975, 0.02193, 0.02410, 0.01960, 0.02177, 0.02395, 0.01945, 0.02162, 0.02380, 0.01930, 0.02147, 0.02365, 0.01915, 0.02132, 0.02350, 0.01900, 0.02117, 0.02335, 0.01885, 0.02102, 0.02320, 0.01870, 0.02087, 0.02305, 0.02522, 0.02072, 0.02290, 0.02507, 0.02057, 0.02275, 0.02492, 0.02042, 0.02260, 0.02477, 0.02028, 0.02245, 0.02462, 0.02013, 0.02230, 0.02447, 0.01997, 0.02215, 0.02432, 0.01982, 0.02200, 0.02417, 0.01967, 0.02185, 0.02402, 0.01952, 0.02170, 0.02387, 0.01937, 0.02155, 0.02372, 0.01922, 0.02140, 0.02357, 0.01907, 0.02125, 0.02342, 0.01892, 0.02110, 0.02327, 0.01878, 0.02095, 0.02312, 0.02530, 0.02080, 0.02297, 0.02515, 0.02065, 0.02283, 0.02500, 0.02050, 0.02268, 0.02485, 0.01969, 0.02059, 0.02126, 0.01631, 0.01687, 0.01720, 0.01298, 0.01320, 0.01318, 0.00969, 0.00957, 0.00922, 0.00645, 0.00600, 0.00530, 0.00327, 0.00247, 0.00143, 0.00013, 0.00101, 0.00239, 0.00297, 0.00445, 0.00616, 0.00601, 0.00783, 0.00988, 0.00901, 0.01117, 0.01356, 0.01195, 0.01445, 0.01719, 0.01485, 0.01769, 0.02077, 0.02408, 0.02072, 0.02290, 0.02507, 0.02057, 0.02275, 0.02492, 0.02042, 0.02260, 0.02477, 0.02028],
                64: [0.01870, 0.02087, 0.02305, 0.02522, 0.02072, 0.02290, 0.02507, 0.02057, 0.02275, 0.02492, 0.02042, 0.02260, 0.02477, 0.02028, 0.02245, 0.02462, 0.02013, 0.02230, 0.02447, 0.01997, 0.02215, 0.02432, 0.01982, 0.02200, 0.02417, 0.01967, 0.02185, 0.02402, 0.01952, 0.02170, 0.02387, 0.01937, 0.02155, 0.02372, 0.01922, 0.02140, 0.02357, 0.01907, 0.02125, 0.02342, 0.01892, 0.02110, 0.02327, 0.01878, 0.02095, 0.02312, 0.02530, 0.02080, 0.02297, 0.02515, 0.02065, 0.02283, 0.02500, 0.02050, 0.02268, 0.02485, 0.02035, 0.02252, 0.02470, 0.02020, 0.02237, 0.02455, 0.02005, 0.02222, 0.02440, 0.01990, 0.02207, 0.02425, 0.01975, 0.02193, 0.02410, 0.01960, 0.02177, 0.02395, 0.01945, 0.02162, 0.02380, 0.01930, 0.02147, 0.02365, 0.01915, 0.02132, 0.02350, 0.01900, 0.02117, 0.02335, 0.01885, 0.02102, 0.02320, 0.01870, 0.02087, 0.02305, 0.02522, 0.02072, 0.02290, 0.02507, 0.02057, 0.02275, 0.02492, 0.02042, 0.02260, 0.02477, 0.02028, 0.02245, 0.02462, 0.02013, 0.02230, 0.02447, 0.01997, 0.02215, 0.02432, 0.01982, 0.02200, 0.02417, 0.01967, 0.02185, 0.02402, 0.01952, 0.02170, 0.02387, 0.01937, 0.02155, 0.02372, 0.01922, 0.02140, 0.02342, 0.01793, 0.01884, 0.01952, 0.01476, 0.01533, 0.01567, 0.01164, 0.01187, 0.01186, 0.01163, 0.00845, 0.00811, 0.00753, 0.00508, 0.00440, 0.00348, 0.00176, 0.00074, 0.00052, 0.00151, 0.00287, 0.00447, 0.00473, 0.00644, 0.00838, 0.00791, 0.00995, 0.01223, 0.01104, 0.01342, 0.01604, 0.01412, 0.01684, 0.01980, 0.01715, 0.02022, 0.02351, 0.01945, 0.02162, 0.02380, 0.01930, 0.02147, 0.02365, 0.01915, 0.02132, 0.02350, 0.01900, 0.02117, 0.02335, 0.01885, 0.02102, 0.02320, 0.01870, 0.02087, 0.02305, 0.02522, 0.02072, 0.02290, 0.02507, 0.02057, 0.02275, 0.02492, 0.02042, 0.02260, 0.02477, 0.02028],
                66: [0.01870, 0.02087, 0.02305, 0.02522, 0.02072, 0.02290, 0.02507, 0.02057, 0.02275, 0.02492, 0.02042, 0.02260, 0.02477, 0.02028, 0.02245, 0.02462, 0.02013, 0.02230, 0.02447, 0.01997, 0.02215, 0.02432, 0.01982, 0.02200, 0.02417, 0.01967, 0.02185, 0.02402, 0.01952, 0.02170, 0.02387, 0.01937, 0.02155, 0.02372, 0.01922, 0.02140, 0.02357, 0.01907, 0.02125, 0.02342, 0.01892, 0.02110, 0.02327, 0.01878, 0.02095, 0.02312, 0.02530, 0.02080, 0.02297, 0.02515, 0.02065, 0.02283, 0.02500, 0.02050, 0.02268, 0.02485, 0.02035, 0.02252, 0.02470, 0.02020, 0.02237, 0.02455, 0.02005, 0.02222, 0.02440, 0.01990, 0.02207, 0.02425, 0.01975, 0.02193, 0.02410, 0.01960, 0.02177, 0.02395, 0.01945, 0.02162, 0.02380, 0.01930, 0.02147, 0.02365, 0.01915, 0.02132, 0.02350, 0.01900, 0.02117, 0.02335, 0.01885, 0.02102, 0.02320, 0.01870, 0.02087, 0.02305, 0.02522, 0.02072, 0.02290, 0.02507, 0.02057, 0.02275, 0.02492, 0.02042, 0.02260, 0.02477, 0.02028, 0.02245, 0.02462, 0.02013, 0.02155, 0.02234, 0.01717, 0.01785, 0.01831, 0.01386, 0.01421, 0.01432, 0.01061, 0.01061, 0.01039, 0.00740, 0.00706, 0.00650, 0.00424, 0.00356, 0.00266, 0.00113, 0.00011, 0.00114, 0.00194, 0.00329, 0.00488, 0.00495, 0.00665, 0.00858, 0.00792, 0.00996, 0.01222, 0.01473, 0.01322, 0.01583, 0.01867, 0.01643, 0.01938, 0.02256, 0.01959, 0.02268, 0.02485, 0.02035, 0.02252, 0.02470, 0.02020, 0.02237, 0.02455, 0.02005, 0.02222, 0.02440, 0.01990, 0.02207, 0.02425, 0.01975, 0.02193, 0.02410, 0.01960, 0.02177, 0.02395, 0.01945, 0.02162, 0.02380, 0.01930, 0.02147, 0.02365, 0.01915, 0.02132, 0.02350, 0.01900, 0.02117, 0.02335, 0.01885, 0.02102, 0.02320, 0.01870, 0.02087, 0.02305, 0.02522, 0.02072, 0.02290, 0.02507, 0.02057, 0.02275, 0.02492, 0.02042, 0.02260, 0.02477, 0.02028],
                68: [0.01870, 0.02087, 0.02305, 0.02522, 0.02072, 0.02290, 0.02507, 0.02057, 0.02275, 0.02492, 0.02042, 0.02260, 0.02477, 0.02028, 0.02245, 0.02462, 0.02013, 0.02230, 0.02447, 0.01997, 0.02215, 0.02432, 0.01982, 0.02200, 0.02417, 0.01967, 0.02185, 0.02402, 0.01952, 0.02170, 0.02387, 0.01937, 0.02155, 0.02372, 0.01922, 0.02140, 0.02357, 0.01907, 0.02125, 0.02342, 0.01892, 0.02110, 0.02327, 0.01878, 0.02095, 0.02312, 0.02530, 0.02080, 0.02297, 0.02515, 0.02065, 0.02283, 0.02500, 0.02050, 0.02268, 0.02485, 0.02035, 0.02252, 0.02470, 0.02020, 0.02237, 0.02455, 0.02005, 0.02222, 0.02440, 0.01990, 0.02207, 0.02425, 0.01975, 0.02193, 0.02410, 0.01960, 0.02177, 0.02395, 0.01945, 0.02162, 0.02380, 0.01930, 0.02147, 0.02365, 0.01915, 0.02132, 0.02350, 0.01900, 0.02117, 0.02335, 0.01870, 0.01974, 0.02054, 0.01556, 0.01625, 0.01672, 0.01695, 0.01282, 0.01294, 0.01283, 0.00943, 0.00921, 0.00876, 0.00609, 0.00553, 0.00474, 0.00280, 0.00190, 0.00077, 0.00045, 0.00168, 0.00315, 0.00364, 0.00522, 0.00703, 0.00679, 0.00871, 0.01086, 0.00989, 0.01215, 0.01464, 0.01294, 0.01554, 0.01837, 0.01594, 0.01888, 0.02206, 0.01890, 0.02140, 0.02357, 0.01907, 0.02125, 0.02342, 0.01892, 0.02110, 0.02327, 0.01878, 0.02095, 0.02312, 0.02530, 0.02080, 0.02297, 0.02515, 0.02065, 0.02283, 0.02500, 0.02050, 0.02268, 0.02485, 0.02035, 0.02252, 0.02470, 0.02020, 0.02237, 0.02455, 0.02005, 0.02222, 0.02440, 0.01990, 0.02207, 0.02425, 0.01975, 0.02193, 0.02410, 0.01960, 0.02177, 0.02395, 0.01945, 0.02162, 0.02380, 0.01930, 0.02147, 0.02365, 0.01915, 0.02132, 0.02350, 0.01900, 0.02117, 0.02335, 0.01885, 0.02102, 0.02320, 0.01870, 0.02087, 0.02305, 0.02522, 0.02072, 0.02290, 0.02507, 0.02057, 0.02275, 0.02492, 0.02042, 0.02260, 0.02477, 0.02028],
                70: [0.01870, 0.02087, 0.02305, 0.02522, 0.02072, 0.02290, 0.02507, 0.02057, 0.02275, 0.02492, 0.02042, 0.02260, 0.02477, 0.02028, 0.02245, 0.02462, 0.02013, 0.02230, 0.02447, 0.01997, 0.02215, 0.02432, 0.01982, 0.02200, 0.02417, 0.01967, 0.02185, 0.02402, 0.01952, 0.02170, 0.02387, 0.01937, 0.02155, 0.02372, 0.01922, 0.02140, 0.02357, 0.01907, 0.02125, 0.02342, 0.01892, 0.02110, 0.02327, 0.01878, 0.02095, 0.02312, 0.02530, 0.02080, 0.02297, 0.02515, 0.02065, 0.02283, 0.02500, 0.02050, 0.02268, 0.02485, 0.02035, 0.02252, 0.02470, 0.02020, 0.02237, 0.02455, 0.02005, 0.02222, 0.02440, 0.01990, 0.02207, 0.02340, 0.01800, 0.01881, 0.01939, 0.01473, 0.01520, 0.01544, 0.01150, 0.01163, 0.01153, 0.00832, 0.00811, 0.00767, 0.00519, 0.00464, 0.00386, 0.00210, 0.00121, 0.00009, 0.00093, 0.00216, 0.00363, 0.00392, 0.00549, 0.00729, 0.00933, 0.00877, 0.01091, 0.01329, 0.01200, 0.01449, 0.01720, 0.01519, 0.01801, 0.02107, 0.01832, 0.02149, 0.02462, 0.02013, 0.02230, 0.02447, 0.01997, 0.02215, 0.02432, 0.01982, 0.02200, 0.02417, 0.01967, 0.02185, 0.02402, 0.01952, 0.02170, 0.02387, 0.01937, 0.02155, 0.02372, 0.01922, 0.02140, 0.02357, 0.01907, 0.02125, 0.02342, 0.01892, 0.02110, 0.02327, 0.01878, 0.02095, 0.02312, 0.02530, 0.02080, 0.02297, 0.02515, 0.02065, 0.02283, 0.02500, 0.02050, 0.02268, 0.02485, 0.02035, 0.02252, 0.02470, 0.02020, 0.02237, 0.02455, 0.02005, 0.02222, 0.02440, 0.01990, 0.02207, 0.02425, 0.01975, 0.02193, 0.02410, 0.01960, 0.02177, 0.02395, 0.01945, 0.02162, 0.02380, 0.01930, 0.02147, 0.02365, 0.01915, 0.02132, 0.02350, 0.01900, 0.02117, 0.02335, 0.01885, 0.02102, 0.02320, 0.01870, 0.02087, 0.02305, 0.02522, 0.02072, 0.02290, 0.02507, 0.02057, 0.02275, 0.02492, 0.02042, 0.02260, 0.02477, 0.02028],
                72: [0.01870, 0.02087, 0.02305, 0.02522, 0.02072, 0.02290, 0.02507, 0.02057, 0.02275, 0.02492, 0.02042, 0.02260, 0.02477, 0.02028, 0.02245, 0.02462, 0.02013, 0.02230, 0.02447, 0.01997, 0.02215, 0.02432, 0.01982, 0.02200, 0.02417, 0.01967, 0.02185, 0.02402, 0.01952, 0.02170, 0.02387, 0.01937, 0.02155, 0.02372, 0.01922, 0.02140, 0.02357, 0.01907, 0.02125, 0.02342, 0.01892, 0.02110, 0.02327, 0.01878, 0.02095, 0.02312, 0.02530, 0.02061, 0.02154, 0.02224, 0.01715, 0.01774, 0.01810, 0.01375, 0.01399, 0.01401, 0.01039, 0.01029, 0.00997, 0.00708, 0.00664, 0.00598, 0.00381, 0.00304, 0.00203, 0.00060, 0.00052, 0.00186, 0.00257, 0.00403, 0.00571, 0.00569, 0.00749, 0.00951, 0.00876, 0.01090, 0.01326, 0.01179, 0.01426, 0.01697, 0.01476, 0.01758, 0.02062, 0.01769, 0.02084, 0.02335, 0.01885, 0.02102, 0.02320, 0.01870, 0.02087, 0.02305, 0.02522, 0.02072, 0.02290, 0.02507, 0.02057, 0.02275, 0.02492, 0.02042, 0.02260, 0.02477, 0.02028, 0.02245, 0.02462, 0.02013, 0.02230, 0.02447, 0.01997, 0.02215, 0.02432, 0.01982, 0.02200, 0.02417, 0.01967, 0.02185, 0.02402, 0.01952, 0.02170, 0.02387, 0.01937, 0.02155, 0.02372, 0.01922, 0.02140, 0.02357, 0.01907, 0.02125, 0.02342, 0.01892, 0.02110, 0.02327, 0.01878, 0.02095, 0.02312, 0.02530, 0.02080, 0.02297, 0.02515, 0.02065, 0.02283, 0.02500, 0.02050, 0.02268, 0.02485, 0.02035, 0.02252, 0.02470, 0.02020, 0.02237, 0.02455, 0.02005, 0.02222, 0.02440, 0.01990, 0.02207, 0.02425, 0.01975, 0.02193, 0.02410, 0.01960, 0.02177, 0.02395, 0.01945, 0.02162, 0.02380, 0.01930, 0.02147, 0.02365, 0.01915, 0.02132, 0.02350, 0.01900, 0.02117, 0.02335, 0.01885, 0.02102, 0.02320, 0.01870, 0.02087, 0.02305, 0.02522, 0.02072, 0.02290, 0.02507, 0.02057, 0.02275, 0.02492, 0.02042, 0.02260, 0.02477, 0.02028],
                74: [0.01870, 0.02087, 0.02305, 0.02522, 0.02072, 0.02290, 0.02507, 0.02057, 0.02275, 0.02492, 0.02042, 0.02260, 0.02477, 0.02028, 0.02245, 0.02462, 0.02013, 0.02230, 0.02447, 0.01997, 0.02215, 0.02432, 0.01982, 0.02200, 0.02417, 0.01967, 0.02185, 0.02402, 0.01881, 0.01975, 0.02046, 0.01557, 0.01616, 0.01653, 0.01237, 0.01262, 0.01265, 0.00921, 0.00913, 0.00881, 0.00611, 0.00569, 0.00503, 0.00306, 0.00229, 0.00129, 0.00007, 0.00106, 0.00239, 0.00396, 0.00436, 0.00603, 0.00794, 0.00761, 0.00963, 0.01187, 0.01081, 0.01317, 0.01576, 0.01397, 0.01666, 0.01960, 0.01707, 0.02011, 0.02338, 0.01990, 0.02207, 0.02425, 0.01975, 0.02193, 0.02410, 0.01960, 0.02177, 0.02395, 0.01945, 0.02162, 0.02380, 0.01930, 0.02147, 0.02365, 0.01915, 0.02132, 0.02350, 0.01900, 0.02117, 0.02335, 0.01885, 0.02102, 0.02320, 0.01870, 0.02087, 0.02305, 0.02522, 0.02072, 0.02290, 0.02507, 0.02057, 0.02275, 0.02492, 0.02042, 0.02260, 0.02477, 0.02028, 0.02245, 0.02462, 0.02013, 0.02230, 0.02447, 0.01997, 0.02215, 0.02432, 0.01982, 0.02200, 0.02417, 0.01967, 0.02185, 0.02402, 0.01952, 0.02170, 0.02387, 0.01937, 0.02155, 0.02372, 0.01922, 0.02140, 0.02357, 0.01907, 0.02125, 0.02342, 0.01892, 0.02110, 0.02327, 0.01878, 0.02095, 0.02312, 0.02530, 0.02080, 0.02297, 0.02515, 0.02065, 0.02283, 0.02500, 0.02050, 0.02268, 0.02485, 0.02035, 0.02252, 0.02470, 0.02020, 0.02237, 0.02455, 0.02005, 0.02222, 0.02440, 0.01990, 0.02207, 0.02425, 0.01975, 0.02193, 0.02410, 0.01960, 0.02177, 0.02395, 0.01945, 0.02162, 0.02380, 0.01930, 0.02147, 0.02365, 0.01915, 0.02132, 0.02350, 0.01900, 0.02117, 0.02335, 0.01885, 0.02102, 0.02320, 0.01870, 0.02087, 0.02305, 0.02522, 0.02072, 0.02290, 0.02507, 0.02057, 0.02275, 0.02492, 0.02042, 0.02260, 0.02477, 0.02028],
                76: [0.01870, 0.02087, 0.02305, 0.02522, 0.02072, 0.02290, 0.02507, 0.02057, 0.02251, 0.02333, 0.01803, 0.01875, 0.01923, 0.01465, 0.01503, 0.01517, 0.01132, 0.01135, 0.01115, 0.00804, 0.00773, 0.00719, 0.00480, 0.00415, 0.00327, 0.00161, 0.00063, 0.00059, 0.00153, 0.00285, 0.00441, 0.00462, 0.00629, 0.00819, 0.00766, 0.00967, 0.01191, 0.01066, 0.01300, 0.01559, 0.01360, 0.01629, 0.01921, 0.01650, 0.01953, 0.02279, 0.02530, 0.02080, 0.02297, 0.02515, 0.02065, 0.02283, 0.02500, 0.02050, 0.02268, 0.02485, 0.02035, 0.02252, 0.02470, 0.02020, 0.02237, 0.02455, 0.02005, 0.02222, 0.02440, 0.01990, 0.02207, 0.02425, 0.01975, 0.02193, 0.02410, 0.01960, 0.02177, 0.02395, 0.01945, 0.02162, 0.02380, 0.01930, 0.02147, 0.02365, 0.01915, 0.02132, 0.02350, 0.01900, 0.02117, 0.02335, 0.01885, 0.02102, 0.02320, 0.01870, 0.02087, 0.02305, 0.02522, 0.02072, 0.02290, 0.02507, 0.02057, 0.02275, 0.02492, 0.02042, 0.02260, 0.02477, 0.02028, 0.02245, 0.02462, 0.02013, 0.02230, 0.02447, 0.01997, 0.02215, 0.02432, 0.01982, 0.02200, 0.02417, 0.01967, 0.02185, 0.02402, 0.01952, 0.02170, 0.02387, 0.01937, 0.02155, 0.02372, 0.01922, 0.02140, 0.02357, 0.01907, 0.02125, 0.02342, 0.01892, 0.02110, 0.02327, 0.01878, 0.02095, 0.02312, 0.02530, 0.02080, 0.02297, 0.02515, 0.02065, 0.02283, 0.02500, 0.02050, 0.02268, 0.02485, 0.02035, 0.02252, 0.02470, 0.02020, 0.02237, 0.02455, 0.02005, 0.02222, 0.02440, 0.01990, 0.02207, 0.02425, 0.01975, 0.02193, 0.02410, 0.01960, 0.02177, 0.02395, 0.01945, 0.02162, 0.02380, 0.01930, 0.02147, 0.02365, 0.01915, 0.02132, 0.02350, 0.01900, 0.02117, 0.02335, 0.01885, 0.02102, 0.02320, 0.01870, 0.02087, 0.02305, 0.02522, 0.02072, 0.02290, 0.02507, 0.02057, 0.02275, 0.02492, 0.02042, 0.02260, 0.02477, 0.02028],
                78: [0.00701, 0.00671, 0.00618, 0.00542, 0.00335, 0.00247, 0.00137, 0.00003, 0.00118, 0.00263, 0.00324, 0.00480, 0.00658, 0.00647, 0.00836, 0.01048, 0.00964, 0.01188, 0.01434, 0.01277, 0.01534, 0.01815, 0.01585, 0.01876, 0.02191, 0.01888, 0.02185, 0.02402, 0.01952, 0.02170, 0.02387, 0.01937, 0.02155, 0.02372, 0.01922, 0.02140, 0.02357, 0.01907, 0.02125, 0.02342, 0.01892, 0.02110, 0.02327, 0.01878, 0.02095, 0.02312, 0.02530, 0.02080, 0.02297, 0.02515, 0.02065, 0.02283, 0.02500, 0.02050, 0.02268, 0.02485, 0.02035, 0.02252, 0.02470, 0.02020, 0.02237, 0.02455, 0.02005, 0.02222, 0.02440, 0.01990, 0.02207, 0.02425, 0.01975, 0.02193, 0.02410, 0.01960, 0.02177, 0.02395, 0.01945, 0.02162, 0.02380, 0.01930, 0.02147, 0.02365, 0.01915, 0.02132, 0.02350, 0.01900, 0.02117, 0.02335, 0.01885, 0.02102, 0.02320, 0.01870, 0.02087, 0.02305, 0.02522, 0.02072, 0.02290, 0.02507, 0.02057, 0.02275, 0.02492, 0.02042, 0.02260, 0.02477, 0.02028, 0.02245, 0.02462, 0.02013, 0.02230, 0.02447, 0.01997, 0.02215, 0.02432, 0.01982, 0.02200, 0.02417, 0.01967, 0.02185, 0.02402, 0.01952, 0.02170, 0.02387, 0.01937, 0.02155, 0.02372, 0.01922, 0.02140, 0.02357, 0.01907, 0.02125, 0.02342, 0.01892, 0.02110, 0.02327, 0.01878, 0.02095, 0.02312, 0.02530, 0.02080, 0.02297, 0.02515, 0.02065, 0.02283, 0.02500, 0.02050, 0.02268, 0.02485, 0.02035, 0.02252, 0.02470, 0.02020, 0.02237, 0.02455, 0.02005, 0.02222, 0.02440, 0.01990, 0.02207, 0.02425, 0.01975, 0.02193, 0.02410, 0.01960, 0.02177, 0.02395, 0.01945, 0.02162, 0.02380, 0.01930, 0.02147, 0.02365, 0.01915, 0.02132, 0.02350, 0.01900, 0.02117, 0.02335, 0.01885, 0.02102, 0.02320, 0.01870, 0.02087, 0.02305, 0.02427, 0.01884, 0.01959, 0.02011, 0.01540, 0.01582, 0.01600, 0.01202, 0.01209, 0.01194, 0.00869],
                80: [0.01247, 0.01503, 0.01783, 0.02086, 0.01824, 0.02138, 0.02475, 0.02057, 0.02275, 0.02492, 0.02042, 0.02260, 0.02477, 0.02028, 0.02245, 0.02462, 0.02013, 0.02230, 0.02447, 0.01997, 0.02215, 0.02432, 0.01982, 0.02200, 0.02417, 0.01967, 0.02185, 0.02402, 0.01952, 0.02170, 0.02387, 0.01937, 0.02155, 0.02372, 0.01922, 0.02140, 0.02357, 0.01907, 0.02125, 0.02342, 0.01892, 0.02110, 0.02327, 0.01878, 0.02095, 0.02312, 0.02530, 0.02080, 0.02297, 0.02515, 0.02065, 0.02283, 0.02500, 0.02050, 0.02268, 0.02485, 0.02035, 0.02252, 0.02470, 0.02020, 0.02237, 0.02455, 0.02005, 0.02222, 0.02440, 0.01990, 0.02207, 0.02425, 0.01975, 0.02193, 0.02410, 0.01960, 0.02177, 0.02395, 0.01945, 0.02162, 0.02380, 0.01930, 0.02147, 0.02365, 0.01915, 0.02132, 0.02350, 0.01900, 0.02117, 0.02335, 0.01885, 0.02102, 0.02320, 0.01870, 0.02087, 0.02305, 0.02522, 0.02072, 0.02290, 0.02507, 0.02057, 0.02275, 0.02492, 0.02042, 0.02260, 0.02477, 0.02028, 0.02245, 0.02462, 0.02013, 0.02230, 0.02447, 0.01997, 0.02215, 0.02432, 0.01982, 0.02200, 0.02417, 0.01967, 0.02185, 0.02402, 0.01952, 0.02170, 0.02387, 0.01937, 0.02155, 0.02372, 0.01922, 0.02140, 0.02357, 0.01907, 0.02125, 0.02342, 0.01892, 0.02110, 0.02327, 0.01878, 0.02095, 0.02312, 0.02530, 0.02080, 0.02297, 0.02515, 0.02065, 0.02283, 0.02500, 0.02050, 0.02268, 0.02485, 0.02035, 0.02252, 0.02470, 0.02020, 0.02237, 0.02455, 0.02005, 0.02222, 0.02440, 0.01990, 0.02207, 0.02425, 0.01975, 0.02193, 0.02410, 0.01960, 0.02152, 0.02239, 0.01715, 0.01791, 0.01844, 0.01392, 0.01434, 0.01453, 0.01075, 0.01083, 0.01068, 0.00762, 0.00736, 0.00687, 0.00454, 0.00394, 0.00311, 0.00151, 0.00057, 0.00060, 0.00200, 0.00275, 0.00426, 0.00601, 0.00603, 0.00788, 0.00996, 0.00926, 0.01145, 0.01387, 0.01243],
                82: [0.01870, 0.02087, 0.02305, 0.02522, 0.02072, 0.02290, 0.02507, 0.02057, 0.02275, 0.02492, 0.02042, 0.02260, 0.02477, 0.02028, 0.02245, 0.02462, 0.02013, 0.02230, 0.02447, 0.01997, 0.02215, 0.02432, 0.01982, 0.02200, 0.02417, 0.01967, 0.02185, 0.02402, 0.01952, 0.02170, 0.02387, 0.01937, 0.02155, 0.02372, 0.01922, 0.02140, 0.02357, 0.01907, 0.02125, 0.02342, 0.01892, 0.02110, 0.02327, 0.01878, 0.02095, 0.02312, 0.02530, 0.02080, 0.02297, 0.02515, 0.02065, 0.02283, 0.02500, 0.02050, 0.02268, 0.02485, 0.02035, 0.02252, 0.02470, 0.02020, 0.02237, 0.02455, 0.02005, 0.02222, 0.02440, 0.01990, 0.02207, 0.02425, 0.01975, 0.02193, 0.02410, 0.01960, 0.02177, 0.02395, 0.01945, 0.02162, 0.02380, 0.01930, 0.02147, 0.02365, 0.01915, 0.02132, 0.02350, 0.01900, 0.02117, 0.02335, 0.01885, 0.02102, 0.02320, 0.01870, 0.02087, 0.02305, 0.02522, 0.02072, 0.02290, 0.02507, 0.02057, 0.02275, 0.02492, 0.02042, 0.02260, 0.02477, 0.02028, 0.02245, 0.02462, 0.02013, 0.02230, 0.02447, 0.01997, 0.02215, 0.02432, 0.01982, 0.02200, 0.02417, 0.01967, 0.02185, 0.02402, 0.01952, 0.02170, 0.02387, 0.01937, 0.02155, 0.02372, 0.01922, 0.02140, 0.02357, 0.01907, 0.02125, 0.02342, 0.01892, 0.02110, 0.02327, 0.01878, 0.02095, 0.02312, 0.02530, 0.02080, 0.02297, 0.02515, 0.02065, 0.02283, 0.02500, 0.01970, 0.02058, 0.02123, 0.01630, 0.01684, 0.01714, 0.01294, 0.01314, 0.01311, 0.00963, 0.00949, 0.00912, 0.00637, 0.00589, 0.00518, 0.00316, 0.00234, 0.00129, 0.00000, 0.00116, 0.00256, 0.00312, 0.00462, 0.00635, 0.00618, 0.00803, 0.01010, 0.00920, 0.01138, 0.01380, 0.01217, 0.01470, 0.01745, 0.01509, 0.01796, 0.02106, 0.01797, 0.02087, 0.02305, 0.02522, 0.02072, 0.02290, 0.02507, 0.02057, 0.02275, 0.02492, 0.02042, 0.02260, 0.02477, 0.02028],
                84: [0.01870, 0.02087, 0.02305, 0.02522, 0.02072, 0.02290, 0.02507, 0.02057, 0.02275, 0.02492, 0.02042, 0.02260, 0.02477, 0.02028, 0.02245, 0.02462, 0.02013, 0.02230, 0.02447, 0.01997, 0.02215, 0.02432, 0.01982, 0.02200, 0.02417, 0.01967, 0.02185, 0.02402, 0.01952, 0.02170, 0.02387, 0.01937, 0.02155, 0.02372, 0.01922, 0.02140, 0.02357, 0.01907, 0.02125, 0.02342, 0.01892, 0.02110, 0.02327, 0.01878, 0.02095, 0.02312, 0.02530, 0.02080, 0.02297, 0.02515, 0.02065, 0.02283, 0.02500, 0.02050, 0.02268, 0.02485, 0.02035, 0.02252, 0.02470, 0.02020, 0.02237, 0.02455, 0.02005, 0.02222, 0.02440, 0.01990, 0.02207, 0.02425, 0.01975, 0.02193, 0.02410, 0.01960, 0.02177, 0.02395, 0.01945, 0.02162, 0.02380, 0.01930, 0.02147, 0.02365, 0.01915, 0.02132, 0.02350, 0.01900, 0.02117, 0.02335, 0.01885, 0.02102, 0.02320, 0.01870, 0.02087, 0.02305, 0.02522, 0.02072, 0.02290, 0.02507, 0.02057, 0.02275, 0.02492, 0.02042, 0.02260, 0.02477, 0.02028, 0.02245, 0.02462, 0.02013, 0.02230, 0.02447, 0.01997, 0.02215, 0.02432, 0.01982, 0.02200, 0.02417, 0.01967, 0.02185, 0.02402, 0.01952, 0.02170, 0.02387, 0.01937, 0.02155, 0.02342, 0.01795, 0.01884, 0.01949, 0.01475, 0.01530, 0.01562, 0.01161, 0.01181, 0.01179, 0.00851, 0.00837, 0.00801, 0.00741, 0.00498, 0.00428, 0.00334, 0.00164, 0.00059, 0.00068, 0.00165, 0.00304, 0.00466, 0.00490, 0.00663, 0.00859, 0.00810, 0.01017, 0.01247, 0.01125, 0.01366, 0.01630, 0.01435, 0.01710, 0.02008, 0.01741, 0.02050, 0.02382, 0.01960, 0.02177, 0.02395, 0.01945, 0.02162, 0.02380, 0.01930, 0.02147, 0.02365, 0.01915, 0.02132, 0.02350, 0.01900, 0.02117, 0.02335, 0.01885, 0.02102, 0.02320, 0.01870, 0.02087, 0.02305, 0.02522, 0.02072, 0.02290, 0.02507, 0.02057, 0.02275, 0.02492, 0.02042, 0.02260, 0.02477, 0.02028],
                86: [0.01870, 0.02087, 0.02305, 0.02522, 0.02072, 0.02290, 0.02507, 0.02057, 0.02275, 0.02492, 0.02042, 0.02260, 0.02477, 0.02028, 0.02245, 0.02462, 0.02013, 0.02230, 0.02447, 0.01997, 0.02215, 0.02432, 0.01982, 0.02200, 0.02417, 0.01967, 0.02185, 0.02402, 0.01952, 0.02170, 0.02387, 0.01937, 0.02155, 0.02372, 0.01922, 0.02140, 0.02357, 0.01907, 0.02125, 0.02342, 0.01892, 0.02110, 0.02327, 0.01878, 0.02095, 0.02312, 0.02530, 0.02080, 0.02297, 0.02515, 0.02065, 0.02283, 0.02500, 0.02050, 0.02268, 0.02485, 0.02035, 0.02252, 0.02470, 0.02020, 0.02237, 0.02455, 0.02005, 0.02222, 0.02440, 0.01990, 0.02207, 0.02425, 0.01975, 0.02193, 0.02410, 0.01960, 0.02177, 0.02395, 0.01945, 0.02162, 0.02380, 0.01930, 0.02147, 0.02365, 0.01915, 0.02132, 0.02350, 0.01900, 0.02117, 0.02335, 0.01885, 0.02102, 0.02320, 0.01870, 0.02087, 0.02305, 0.02522, 0.02072, 0.02290, 0.02507, 0.02057, 0.02275, 0.02492, 0.02042, 0.02260, 0.02477, 0.02028, 0.02154, 0.02232, 0.01716, 0.01783, 0.01826, 0.01384, 0.01416, 0.01425, 0.01056, 0.01054, 0.01029, 0.00733, 0.00697, 0.00638, 0.00414, 0.00345, 0.00252, 0.00101, 0.00003, 0.00130, 0.00208, 0.00346, 0.00506, 0.00512, 0.00683, 0.00878, 0.00811, 0.01017, 0.01246, 0.01105, 0.01345, 0.01608, 0.01894, 0.01668, 0.01965, 0.02286, 0.01987, 0.02283, 0.02500, 0.02050, 0.02268, 0.02485, 0.02035, 0.02252, 0.02470, 0.02020, 0.02237, 0.02455, 0.02005, 0.02222, 0.02440, 0.01990, 0.02207, 0.02425, 0.01975, 0.02193, 0.02410, 0.01960, 0.02177, 0.02395, 0.01945, 0.02162, 0.02380, 0.01930, 0.02147, 0.02365, 0.01915, 0.02132, 0.02350, 0.01900, 0.02117, 0.02335, 0.01885, 0.02102, 0.02320, 0.01870, 0.02087, 0.02305, 0.02522, 0.02072, 0.02290, 0.02507, 0.02057, 0.02275, 0.02492, 0.02042, 0.02260, 0.02477, 0.02028],
                88: [0.01870, 0.02087, 0.02305, 0.02522, 0.02072, 0.02290, 0.02507, 0.02057, 0.02275, 0.02492, 0.02042, 0.02260, 0.02477, 0.02028, 0.02245, 0.02462, 0.02013, 0.02230, 0.02447, 0.01997, 0.02215, 0.02432, 0.01982, 0.02200, 0.02417, 0.01967, 0.02185, 0.02402, 0.01952, 0.02170, 0.02387, 0.01937, 0.02155, 0.02372, 0.01922, 0.02140, 0.02357, 0.01907, 0.02125, 0.02342, 0.01892, 0.02110, 0.02327, 0.01878, 0.02095, 0.02312, 0.02530, 0.02080, 0.02297, 0.02515, 0.02065, 0.02283, 0.02500, 0.02050, 0.02268, 0.02485, 0.02035, 0.02252, 0.02470, 0.02020, 0.02237, 0.02455, 0.02005, 0.02222, 0.02440, 0.01990, 0.02207, 0.02425, 0.01975, 0.02193, 0.02410, 0.01960, 0.02177, 0.02395, 0.01945, 0.02162, 0.02380, 0.01930, 0.02147, 0.02365, 0.01915, 0.02132, 0.02350, 0.01873, 0.01974, 0.02052, 0.01556, 0.01623, 0.01668, 0.01244, 0.01278, 0.01288, 0.01274, 0.00936, 0.00912, 0.00865, 0.00600, 0.00542, 0.00461, 0.00269, 0.00177, 0.00061, 0.00058, 0.00184, 0.00333, 0.00380, 0.00540, 0.00723, 0.00697, 0.00891, 0.01109, 0.01009, 0.01237, 0.01489, 0.01317, 0.01579, 0.01864, 0.01619, 0.01916, 0.02235, 0.01917, 0.02155, 0.02372, 0.01922, 0.02140, 0.02357, 0.01907, 0.02125, 0.02342, 0.01892, 0.02110, 0.02327, 0.01878, 0.02095, 0.02312, 0.02530, 0.02080, 0.02297, 0.02515, 0.02065, 0.02283, 0.02500, 0.02050, 0.02268, 0.02485, 0.02035, 0.02252, 0.02470, 0.02020, 0.02237, 0.02455, 0.02005, 0.02222, 0.02440, 0.01990, 0.02207, 0.02425, 0.01975, 0.02193, 0.02410, 0.01960, 0.02177, 0.02395, 0.01945, 0.02162, 0.02380, 0.01930, 0.02147, 0.02365, 0.01915, 0.02132, 0.02350, 0.01900, 0.02117, 0.02335, 0.01885, 0.02102, 0.02320, 0.01870, 0.02087, 0.02305, 0.02522, 0.02072, 0.02290, 0.02507, 0.02057, 0.02275, 0.02492, 0.02042, 0.02260, 0.02477, 0.02028],
                90: [0.01870, 0.02087, 0.02305, 0.02522, 0.02072, 0.02290, 0.02507, 0.02057, 0.02275, 0.02492, 0.02042, 0.02260, 0.02477, 0.02028, 0.02245, 0.02462, 0.02013, 0.02230, 0.02447, 0.01997, 0.02215, 0.02432, 0.01982, 0.02200, 0.02417, 0.01967, 0.02185, 0.02402, 0.01952, 0.02170, 0.02387, 0.01937, 0.02155, 0.02372, 0.01922, 0.02140, 0.02357, 0.01907, 0.02125, 0.02342, 0.01892, 0.02110, 0.02327, 0.01878, 0.02095, 0.02312, 0.02530, 0.02080, 0.02297, 0.02515, 0.02065, 0.02283, 0.02500, 0.02050, 0.02268, 0.02485, 0.02035, 0.02252, 0.02470, 0.02020, 0.02237, 0.02455, 0.02005, 0.02222, 0.02338, 0.01801, 0.01880, 0.01936, 0.01471, 0.01516, 0.01538, 0.01146, 0.01157, 0.01144, 0.00826, 0.00802, 0.00756, 0.00510, 0.00453, 0.00373, 0.00199, 0.00108, 0.00006, 0.00106, 0.00232, 0.00380, 0.00407, 0.00567, 0.00749, 0.00704, 0.00897, 0.01113, 0.01353, 0.01222, 0.01473, 0.01747, 0.01543, 0.01828, 0.02136, 0.01859, 0.02178, 0.02477, 0.02028, 0.02245, 0.02462, 0.02013, 0.02230, 0.02447, 0.01997, 0.02215, 0.02432, 0.01982, 0.02200, 0.02417, 0.01967, 0.02185, 0.02402, 0.01952, 0.02170, 0.02387, 0.01937, 0.02155, 0.02372, 0.01922, 0.02140, 0.02357, 0.01907, 0.02125, 0.02342, 0.01892, 0.02110, 0.02327, 0.01878, 0.02095, 0.02312, 0.02530, 0.02080, 0.02297, 0.02515, 0.02065, 0.02283, 0.02500, 0.02050, 0.02268, 0.02485, 0.02035, 0.02252, 0.02470, 0.02020, 0.02237, 0.02455, 0.02005, 0.02222, 0.02440, 0.01990, 0.02207, 0.02425, 0.01975, 0.02193, 0.02410, 0.01960, 0.02177, 0.02395, 0.01945, 0.02162, 0.02380, 0.01930, 0.02147, 0.02365, 0.01915, 0.02132, 0.02350, 0.01900, 0.02117, 0.02335, 0.01885, 0.02102, 0.02320, 0.01870, 0.02087, 0.02305, 0.02522, 0.02072, 0.02290, 0.02507, 0.02057, 0.02275, 0.02492, 0.02042, 0.02260, 0.02477, 0.02028],
                92: [0.01870, 0.02087, 0.02305, 0.02522, 0.02072, 0.02290, 0.02507, 0.02057, 0.02275, 0.02492, 0.02042, 0.02260, 0.02477, 0.02028, 0.02245, 0.02462, 0.02013, 0.02230, 0.02447, 0.01997, 0.02215, 0.02432, 0.01982, 0.02200, 0.02417, 0.01967, 0.02185, 0.02402, 0.01952, 0.02170, 0.02387, 0.01937, 0.02155, 0.02372, 0.01922, 0.02140, 0.02357, 0.01907, 0.02125, 0.02342, 0.01892, 0.02110, 0.02327, 0.01878, 0.02062, 0.02153, 0.02220, 0.01714, 0.01771, 0.01804, 0.01371, 0.01394, 0.01393, 0.01033, 0.01022, 0.00987, 0.00700, 0.00654, 0.00585, 0.00371, 0.00291, 0.00189, 0.00047, 0.00067, 0.00203, 0.00272, 0.00420, 0.00590, 0.00586, 0.00768, 0.00973, 0.00896, 0.01111, 0.01350, 0.01200, 0.01450, 0.01723, 0.01500, 0.01784, 0.02091, 0.01795, 0.02113, 0.02350, 0.01900, 0.02117, 0.02335, 0.01885, 0.02102, 0.02320, 0.01870, 0.02087, 0.02305, 0.02522, 0.02072, 0.02290, 0.02507, 0.02057, 0.02275, 0.02492, 0.02042, 0.02260, 0.02477, 0.02028, 0.02245, 0.02462, 0.02013, 0.02230, 0.02447, 0.01997, 0.02215, 0.02432, 0.01982, 0.02200, 0.02417, 0.01967, 0.02185, 0.02402, 0.01952, 0.02170, 0.02387, 0.01937, 0.02155, 0.02372, 0.01922, 0.02140, 0.02357, 0.01907, 0.02125, 0.02342, 0.01892, 0.02110, 0.02327, 0.01878, 0.02095, 0.02312, 0.02530, 0.02080, 0.02297, 0.02515, 0.02065, 0.02283, 0.02500, 0.02050, 0.02268, 0.02485, 0.02035, 0.02252, 0.02470, 0.02020, 0.02237, 0.02455, 0.02005, 0.02222, 0.02440, 0.01990, 0.02207, 0.02425, 0.01975, 0.02193, 0.02410, 0.01960, 0.02177, 0.02395, 0.01945, 0.02162, 0.02380, 0.01930, 0.02147, 0.02365, 0.01915, 0.02132, 0.02350, 0.01900, 0.02117, 0.02335, 0.01885, 0.02102, 0.02320, 0.01870, 0.02087, 0.02305, 0.02522, 0.02072, 0.02290, 0.02507, 0.02057, 0.02275, 0.02492, 0.02042, 0.02260, 0.02477, 0.02028],
                94: [0.01870, 0.02087, 0.02305, 0.02522, 0.02072, 0.02290, 0.02507, 0.02057, 0.02275, 0.02492, 0.02042, 0.02260, 0.02477, 0.02028, 0.02245, 0.02462, 0.02013, 0.02230, 0.02447, 0.01997, 0.02215, 0.02432, 0.01982, 0.02200, 0.02417, 0.01883, 0.01974, 0.02043, 0.01556, 0.01613, 0.01648, 0.01234, 0.01257, 0.01257, 0.00916, 0.00906, 0.00872, 0.00604, 0.00559, 0.00491, 0.00296, 0.00217, 0.00115, 0.00007, 0.00120, 0.00256, 0.00415, 0.00452, 0.00622, 0.00815, 0.00780, 0.00984, 0.01211, 0.01102, 0.01340, 0.01602, 0.01420, 0.01692, 0.01988, 0.01733, 0.02039, 0.02369, 0.02005, 0.02222, 0.02440, 0.01990, 0.02207, 0.02425, 0.01975, 0.02193, 0.02410, 0.01960, 0.02177, 0.02395, 0.01945, 0.02162, 0.02380, 0.01930, 0.02147, 0.02365, 0.01915, 0.02132, 0.02350, 0.01900, 0.02117, 0.02335, 0.01885, 0.02102, 0.02320, 0.01870, 0.02087, 0.02305, 0.02522, 0.02072, 0.02290, 0.02507, 0.02057, 0.02275, 0.02492, 0.02042, 0.02260, 0.02477, 0.02028, 0.02245, 0.02462, 0.02013, 0.02230, 0.02447, 0.01997, 0.02215, 0.02432, 0.01982, 0.02200, 0.02417, 0.01967, 0.02185, 0.02402, 0.01952, 0.02170, 0.02387, 0.01937, 0.02155, 0.02372, 0.01922, 0.02140, 0.02357, 0.01907, 0.02125, 0.02342, 0.01892, 0.02110, 0.02327, 0.01878, 0.02095, 0.02312, 0.02530, 0.02080, 0.02297, 0.02515, 0.02065, 0.02283, 0.02500, 0.02050, 0.02268, 0.02485, 0.02035, 0.02252, 0.02470, 0.02020, 0.02237, 0.02455, 0.02005, 0.02222, 0.02440, 0.01990, 0.02207, 0.02425, 0.01975, 0.02193, 0.02410, 0.01960, 0.02177, 0.02395, 0.01945, 0.02162, 0.02380, 0.01930, 0.02147, 0.02365, 0.01915, 0.02132, 0.02350, 0.01900, 0.02117, 0.02335, 0.01885, 0.02102, 0.02320, 0.01870, 0.02087, 0.02305, 0.02522, 0.02072, 0.02290, 0.02507, 0.02057, 0.02275, 0.02492, 0.02042, 0.02260, 0.02477, 0.02028],
                96: [0.01870, 0.02087, 0.02305, 0.02522, 0.02072, 0.02251, 0.02331, 0.01803, 0.01872, 0.01918, 0.01463, 0.01498, 0.01510, 0.01127, 0.01128, 0.01106, 0.00797, 0.00764, 0.00707, 0.00471, 0.00404, 0.00314, 0.00150, 0.00049, 0.00076, 0.00167, 0.00302, 0.00460, 0.00478, 0.00647, 0.00839, 0.00785, 0.00988, 0.01214, 0.01086, 0.01324, 0.01584, 0.01383, 0.01655, 0.01949, 0.01676, 0.01981, 0.02309, 0.01878, 0.02095, 0.02312, 0.02530, 0.02080, 0.02297, 0.02515, 0.02065, 0.02283, 0.02500, 0.02050, 0.02268, 0.02485, 0.02035, 0.02252, 0.02470, 0.02020, 0.02237, 0.02455, 0.02005, 0.02222, 0.02440, 0.01990, 0.02207, 0.02425, 0.01975, 0.02193, 0.02410, 0.01960, 0.02177, 0.02395, 0.01945, 0.02162, 0.02380, 0.01930, 0.02147, 0.02365, 0.01915, 0.02132, 0.02350, 0.01900, 0.02117, 0.02335, 0.01885, 0.02102, 0.02320, 0.01870, 0.02087, 0.02305, 0.02522, 0.02072, 0.02290, 0.02507, 0.02057, 0.02275, 0.02492, 0.02042, 0.02260, 0.02477, 0.02028, 0.02245, 0.02462, 0.02013, 0.02230, 0.02447, 0.01997, 0.02215, 0.02432, 0.01982, 0.02200, 0.02417, 0.01967, 0.02185, 0.02402, 0.01952, 0.02170, 0.02387, 0.01937, 0.02155, 0.02372, 0.01922, 0.02140, 0.02357, 0.01907, 0.02125, 0.02342, 0.01892, 0.02110, 0.02327, 0.01878, 0.02095, 0.02312, 0.02530, 0.02080, 0.02297, 0.02515, 0.02065, 0.02283, 0.02500, 0.02050, 0.02268, 0.02485, 0.02035, 0.02252, 0.02470, 0.02020, 0.02237, 0.02455, 0.02005, 0.02222, 0.02440, 0.01990, 0.02207, 0.02425, 0.01975, 0.02193, 0.02410, 0.01960, 0.02177, 0.02395, 0.01945, 0.02162, 0.02380, 0.01930, 0.02147, 0.02365, 0.01915, 0.02132, 0.02350, 0.01900, 0.02117, 0.02335, 0.01885, 0.02102, 0.02320, 0.01870, 0.02087, 0.02305, 0.02522, 0.02072, 0.02290, 0.02507, 0.02057, 0.02275, 0.02492, 0.02042, 0.02260, 0.02477, 0.02028],
                98: [0.00390, 0.00323, 0.00234, 0.00122, 0.00011, 0.00134, 0.00281, 0.00340, 0.00498, 0.00678, 0.00665, 0.00856, 0.01071, 0.00985, 0.01210, 0.01459, 0.01300, 0.01559, 0.01842, 0.01610, 0.01904, 0.02220, 0.01915, 0.02200, 0.02417, 0.01967, 0.02185, 0.02402, 0.01952, 0.02170, 0.02387, 0.01937, 0.02155, 0.02372, 0.01922, 0.02140, 0.02357, 0.01907, 0.02125, 0.02342, 0.01892, 0.02110, 0.02327, 0.01878, 0.02095, 0.02312, 0.02530, 0.02080, 0.02297, 0.02515, 0.02065, 0.02283, 0.02500, 0.02050, 0.02268, 0.02485, 0.02035, 0.02252, 0.02470, 0.02020, 0.02237, 0.02455, 0.02005, 0.02222, 0.02440, 0.01990, 0.02207, 0.02425, 0.01975, 0.02193, 0.02410, 0.01960, 0.02177, 0.02395, 0.01945, 0.02162, 0.02380, 0.01930, 0.02147, 0.02365, 0.01915, 0.02132, 0.02350, 0.01900, 0.02117, 0.02335, 0.01885, 0.02102, 0.02320, 0.01870, 0.02087, 0.02305, 0.02522, 0.02072, 0.02290, 0.02507, 0.02057, 0.02275, 0.02492, 0.02042, 0.02260, 0.02477, 0.02028, 0.02245, 0.02462, 0.02013, 0.02230, 0.02447, 0.01997, 0.02215, 0.02432, 0.01982, 0.02200, 0.02417, 0.01967, 0.02185, 0.02402, 0.01952, 0.02170, 0.02387, 0.01937, 0.02155, 0.02372, 0.01922, 0.02140, 0.02357, 0.01907, 0.02125, 0.02342, 0.01892, 0.02110, 0.02327, 0.01878, 0.02095, 0.02312, 0.02530, 0.02080, 0.02297, 0.02515, 0.02065, 0.02283, 0.02500, 0.02050, 0.02268, 0.02485, 0.02035, 0.02252, 0.02470, 0.02020, 0.02237, 0.02455, 0.02005, 0.02222, 0.02440, 0.01990, 0.02207, 0.02425, 0.01975, 0.02193, 0.02410, 0.01960, 0.02177, 0.02395, 0.01945, 0.02162, 0.02380, 0.01930, 0.02147, 0.02365, 0.01915, 0.02132, 0.02350, 0.01900, 0.02117, 0.02335, 0.01885, 0.02102, 0.02320, 0.01787, 0.01884, 0.01957, 0.02007, 0.01538, 0.01577, 0.01593, 0.01198, 0.01203, 0.01185, 0.00862, 0.00833, 0.00781, 0.00531],
                100: [0.01558, 0.01851, 0.02167, 0.02506, 0.02072, 0.02290, 0.02507, 0.02057, 0.02275, 0.02492, 0.02042, 0.02260, 0.02477, 0.02028, 0.02245, 0.02462, 0.02013, 0.02230, 0.02447, 0.01997, 0.02215, 0.02432, 0.01982, 0.02200, 0.02417, 0.01967, 0.02185, 0.02402, 0.01952, 0.02170, 0.02387, 0.01937, 0.02155, 0.02372, 0.01922, 0.02140, 0.02357, 0.01907, 0.02125, 0.02342, 0.01892, 0.02110, 0.02327, 0.01878, 0.02095, 0.02312, 0.02530, 0.02080, 0.02297, 0.02515, 0.02065, 0.02283, 0.02500, 0.02050, 0.02268, 0.02485, 0.02035, 0.02252, 0.02470, 0.02020, 0.02237, 0.02455, 0.02005, 0.02222, 0.02440, 0.01990, 0.02207, 0.02425, 0.01975, 0.02193, 0.02410, 0.01960, 0.02177, 0.02395, 0.01945, 0.02162, 0.02380, 0.01930, 0.02147, 0.02365, 0.01915, 0.02132, 0.02350, 0.01900, 0.02117, 0.02335, 0.01885, 0.02102, 0.02320, 0.01870, 0.02087, 0.02305, 0.02522, 0.02072, 0.02290, 0.02507, 0.02057, 0.02275, 0.02492, 0.02042, 0.02260, 0.02477, 0.02028, 0.02245, 0.02462, 0.02013, 0.02230, 0.02447, 0.01997, 0.02215, 0.02432, 0.01982, 0.02200, 0.02417, 0.01967, 0.02185, 0.02402, 0.01952, 0.02170, 0.02387, 0.01937, 0.02155, 0.02372, 0.01922, 0.02140, 0.02357, 0.01907, 0.02125, 0.02342, 0.01892, 0.02110, 0.02327, 0.01878, 0.02095, 0.02312, 0.02530, 0.02080, 0.02297, 0.02515, 0.02065, 0.02283, 0.02500, 0.02050, 0.02268, 0.02485, 0.02035, 0.02252, 0.02470, 0.02020, 0.02237, 0.02455, 0.02005, 0.02222, 0.02440, 0.01990, 0.02207, 0.02425, 0.01975, 0.02153, 0.02237, 0.01715, 0.01789, 0.01840, 0.01390, 0.01430, 0.01447, 0.01071, 0.01077, 0.01059, 0.00756, 0.00727, 0.00676, 0.00445, 0.00383, 0.00298, 0.00140, 0.00044, 0.00076, 0.00161, 0.00291, 0.00444, 0.00621, 0.00621, 0.00808, 0.01019, 0.00946, 0.01167, 0.01412, 0.01266, 0.01521, 0.01800, 0.01581],
                102: [0.01870, 0.02087, 0.02305, 0.02522, 0.02072, 0.02290, 0.02507, 0.02057, 0.02275, 0.02492, 0.02042, 0.02260, 0.02477, 0.02028, 0.02245, 0.02462, 0.02013, 0.02230, 0.02447, 0.01997, 0.02215, 0.02432, 0.01982, 0.02200, 0.02417, 0.01967, 0.02185, 0.02402, 0.01952, 0.02170, 0.02387, 0.01937, 0.02155, 0.02372, 0.01922, 0.02140, 0.02357, 0.01907, 0.02125, 0.02342, 0.01892, 0.02110, 0.02327, 0.01878, 0.02095, 0.02312, 0.02530, 0.02080, 0.02297, 0.02515, 0.02065, 0.02283, 0.02500, 0.02050, 0.02268, 0.02485, 0.02035, 0.02252, 0.02470, 0.02020, 0.02237, 0.02455, 0.02005, 0.02222, 0.02440, 0.01990, 0.02207, 0.02425, 0.01975, 0.02193, 0.02410, 0.01960, 0.02177, 0.02395, 0.01945, 0.02162, 0.02380, 0.01930, 0.02147, 0.02365, 0.01915, 0.02132, 0.02350, 0.01900, 0.02117, 0.02335, 0.01885, 0.02102, 0.02320, 0.01870, 0.02087, 0.02305, 0.02522, 0.02072, 0.02290, 0.02507, 0.02057, 0.02275, 0.02492, 0.02042, 0.02260, 0.02477, 0.02028, 0.02245, 0.02462, 0.02013, 0.02230, 0.02447, 0.01997, 0.02215, 0.02432, 0.01982, 0.02200, 0.02417, 0.01967, 0.02185, 0.02402, 0.01952, 0.02170, 0.02387, 0.01937, 0.02155, 0.02372, 0.01922, 0.02140, 0.02357, 0.01907, 0.02125, 0.02342, 0.01892, 0.02110, 0.02327, 0.01878, 0.02095, 0.02312, 0.02530, 0.02080, 0.02297, 0.02515, 0.01971, 0.02057, 0.02119, 0.01628, 0.01680, 0.01708, 0.01290, 0.01308, 0.01303, 0.00957, 0.00941, 0.00901, 0.00629, 0.00579, 0.00505, 0.00306, 0.00221, 0.00114, 0.00013, 0.00131, 0.00273, 0.00327, 0.00479, 0.00655, 0.00636, 0.00822, 0.01032, 0.00940, 0.01160, 0.01404, 0.01239, 0.01494, 0.01772, 0.01534, 0.01822, 0.02134, 0.01824, 0.02102, 0.02320, 0.01870, 0.02087, 0.02305, 0.02522, 0.02072, 0.02290, 0.02507, 0.02057, 0.02275, 0.02492, 0.02042, 0.02260, 0.02477, 0.02028],
                104: [0.01870, 0.02087, 0.02305, 0.02522, 0.02072, 0.02290, 0.02507, 0.02057, 0.02275, 0.02492, 0.02042, 0.02260, 0.02477, 0.02028, 0.02245, 0.02462, 0.02013, 0.02230, 0.02447, 0.01997, 0.02215, 0.02432, 0.01982, 0.02200, 0.02417, 0.01967, 0.02185, 0.02402, 0.01952, 0.02170, 0.02387, 0.01937, 0.02155, 0.02372, 0.01922, 0.02140, 0.02357, 0.01907, 0.02125, 0.02342, 0.01892, 0.02110, 0.02327, 0.01878, 0.02095, 0.02312, 0.02530, 0.02080, 0.02297, 0.02515, 0.02065, 0.02283, 0.02500, 0.02050, 0.02268, 0.02485, 0.02035, 0.02252, 0.02470, 0.02020, 0.02237, 0.02455, 0.02005, 0.02222, 0.02440, 0.01990, 0.02207, 0.02425, 0.01975, 0.02193, 0.02410, 0.01960, 0.02177, 0.02395, 0.01945, 0.02162, 0.02380, 0.01930, 0.02147, 0.02365, 0.01915, 0.02132, 0.02350, 0.01900, 0.02117, 0.02335, 0.01885, 0.02102, 0.02320, 0.01870, 0.02087, 0.02305, 0.02522, 0.02072, 0.02290, 0.02507, 0.02057, 0.02275, 0.02492, 0.02042, 0.02260, 0.02477, 0.02028, 0.02245, 0.02462, 0.02013, 0.02230, 0.02447, 0.01997, 0.02215, 0.02432, 0.01982, 0.02200, 0.02417, 0.01967, 0.02185, 0.02402, 0.01952, 0.02170, 0.02341, 0.01796, 0.01883, 0.01946, 0.01474, 0.01527, 0.01556, 0.01157, 0.01176, 0.01171, 0.00845, 0.00830, 0.00791, 0.00538, 0.00488, 0.00416, 0.00320, 0.00152, 0.00045, 0.00085, 0.00180, 0.00321, 0.00485, 0.00507, 0.00682, 0.00880, 0.00829, 0.01038, 0.01270, 0.01147, 0.01390, 0.01656, 0.01459, 0.01736, 0.02037, 0.01767, 0.02078, 0.02412, 0.01975, 0.02193, 0.02410, 0.01960, 0.02177, 0.02395, 0.01945, 0.02162, 0.02380, 0.01930, 0.02147, 0.02365, 0.01915, 0.02132, 0.02350, 0.01900, 0.02117, 0.02335, 0.01885, 0.02102, 0.02320, 0.01870, 0.02087, 0.02305, 0.02522, 0.02072, 0.02290, 0.02507, 0.02057, 0.02275, 0.02492, 0.02042, 0.02260, 0.02477, 0.02028],
                106: [0.01870, 0.02087, 0.02305, 0.02522, 0.02072, 0.02290, 0.02507, 0.02057, 0.02275, 0.02492, 0.02042, 0.02260, 0.02477, 0.02028, 0.02245, 0.02462, 0.02013, 0.02230, 0.02447, 0.01997, 0.02215, 0.02432, 0.01982, 0.02200, 0.02417, 0.01967, 0.02185, 0.02402, 0.01952, 0.02170, 0.02387, 0.01937, 0.02155, 0.02372, 0.01922, 0.02140, 0.02357, 0.01907, 0.02125, 0.02342, 0.01892, 0.02110, 0.02327, 0.01878, 0.02095, 0.02312, 0.02530, 0.02080, 0.02297, 0.02515, 0.02065, 0.02283, 0.02500, 0.02050, 0.02268, 0.02485, 0.02035, 0.02252, 0.02470, 0.02020, 0.02237, 0.02455, 0.02005, 0.02222, 0.02440, 0.01990, 0.02207, 0.02425, 0.01975, 0.02193, 0.02410, 0.01960, 0.02177, 0.02395, 0.01945, 0.02162, 0.02380, 0.01930, 0.02147, 0.02365, 0.01915, 0.02132, 0.02350, 0.01900, 0.02117, 0.02335, 0.01885, 0.02102, 0.02320, 0.01870, 0.02087, 0.02305, 0.02522, 0.02072, 0.02290, 0.02507, 0.02057, 0.02275, 0.02492, 0.02042, 0.02154, 0.02229, 0.01716, 0.01780, 0.01821, 0.01381, 0.01411, 0.01418, 0.01051, 0.01047, 0.01020, 0.00725, 0.00687, 0.00626, 0.00405, 0.00333, 0.00238, 0.00089, 0.00017, 0.00146, 0.00222, 0.00362, 0.00525, 0.00528, 0.00702, 0.00899, 0.00830, 0.01038, 0.01269, 0.01126, 0.01368, 0.01633, 0.01418, 0.01694, 0.01993, 0.02316, 0.02015, 0.02297, 0.02515, 0.02065, 0.02283, 0.02500, 0.02050, 0.02268, 0.02485, 0.02035, 0.02252, 0.02470, 0.02020, 0.02237, 0.02455, 0.02005, 0.02222, 0.02440, 0.01990, 0.02207, 0.02425, 0.01975, 0.02193, 0.02410, 0.01960, 0.02177, 0.02395, 0.01945, 0.02162, 0.02380, 0.01930, 0.02147, 0.02365, 0.01915, 0.02132, 0.02350, 0.01900, 0.02117, 0.02335, 0.01885, 0.02102, 0.02320, 0.01870, 0.02087, 0.02305, 0.02522, 0.02072, 0.02290, 0.02507, 0.02057, 0.02275, 0.02492, 0.02042, 0.02260, 0.02477, 0.02028],
                108: [0.01870, 0.02087, 0.02305, 0.02522, 0.02072, 0.02290, 0.02507, 0.02057, 0.02275, 0.02492, 0.02042, 0.02260, 0.02477, 0.02028, 0.02245, 0.02462, 0.02013, 0.02230, 0.02447, 0.01997, 0.02215, 0.02432, 0.01982, 0.02200, 0.02417, 0.01967, 0.02185, 0.02402, 0.01952, 0.02170, 0.02387, 0.01937, 0.02155, 0.02372, 0.01922, 0.02140, 0.02357, 0.01907, 0.02125, 0.02342, 0.01892, 0.02110, 0.02327, 0.01878, 0.02095, 0.02312, 0.02530, 0.02080, 0.02297, 0.02515, 0.02065, 0.02283, 0.02500, 0.02050, 0.02268, 0.02485, 0.02035, 0.02252, 0.02470, 0.02020, 0.02237, 0.02455, 0.02005, 0.02222, 0.02440, 0.01990, 0.02207, 0.02425, 0.01975, 0.02193, 0.02410, 0.01960, 0.02177, 0.02395, 0.01945, 0.02162, 0.02380, 0.01930, 0.02147, 0.02365, 0.01875, 0.01974, 0.02050, 0.01556, 0.01621, 0.01663, 0.01242, 0.01273, 0.01281, 0.00933, 0.00930, 0.00903, 0.00854, 0.00591, 0.00531, 0.00447, 0.00257, 0.00163, 0.00045, 0.00072, 0.00200, 0.00352, 0.00396, 0.00558, 0.00744, 0.00715, 0.00912, 0.01131, 0.01030, 0.01260, 0.01514, 0.01340, 0.01604, 0.01892, 0.01645, 0.01943, 0.02265, 0.01945, 0.02170, 0.02387, 0.01937, 0.02155, 0.02372, 0.01922, 0.02140, 0.02357, 0.01907, 0.02125, 0.02342, 0.01892, 0.02110, 0.02327, 0.01878, 0.02095, 0.02312, 0.02530, 0.02080, 0.02297, 0.02515, 0.02065, 0.02283, 0.02500, 0.02050, 0.02268, 0.02485, 0.02035, 0.02252, 0.02470, 0.02020, 0.02237, 0.02455, 0.02005, 0.02222, 0.02440, 0.01990, 0.02207, 0.02425, 0.01975, 0.02193, 0.02410, 0.01960, 0.02177, 0.02395, 0.01945, 0.02162, 0.02380, 0.01930, 0.02147, 0.02365, 0.01915, 0.02132, 0.02350, 0.01900, 0.02117, 0.02335, 0.01885, 0.02102, 0.02320, 0.01870, 0.02087, 0.02305, 0.02522, 0.02072, 0.02290, 0.02507, 0.02057, 0.02275, 0.02492, 0.02042, 0.02260, 0.02477, 0.02028],
                110: [0.01870, 0.02087, 0.02305, 0.02522, 0.02072, 0.02290, 0.02507, 0.02057, 0.02275, 0.02492, 0.02042, 0.02260, 0.02477, 0.02028, 0.02245, 0.02462, 0.02013, 0.02230, 0.02447, 0.01997, 0.02215, 0.02432, 0.01982, 0.02200, 0.02417, 0.01967, 0.02185, 0.02402, 0.01952, 0.02170, 0.02387, 0.01937, 0.02155, 0.02372, 0.01922, 0.02140, 0.02357, 0.01907, 0.02125, 0.02342, 0.01892, 0.02110, 0.02327, 0.01878, 0.02095, 0.02312, 0.02530, 0.02080, 0.02297, 0.02515, 0.02065, 0.02283, 0.02500, 0.02050, 0.02268, 0.02485, 0.02035, 0.02252, 0.02470, 0.02020, 0.02237, 0.02337, 0.01801, 0.01878, 0.01932, 0.01469, 0.01512, 0.01531, 0.01142, 0.01150, 0.01136, 0.00819, 0.00794, 0.00745, 0.00501, 0.00442, 0.00359, 0.00188, 0.00095, 0.00022, 0.00120, 0.00247, 0.00398, 0.00423, 0.00585, 0.00769, 0.00722, 0.00917, 0.01136, 0.01015, 0.01245, 0.01498, 0.01774, 0.01568, 0.01855, 0.02165, 0.01886, 0.02207, 0.02492, 0.02042, 0.02260, 0.02477, 0.02028, 0.02245, 0.02462, 0.02013, 0.02230, 0.02447, 0.01997, 0.02215, 0.02432, 0.01982, 0.02200, 0.02417, 0.01967, 0.02185, 0.02402, 0.01952, 0.02170, 0.02387, 0.01937, 0.02155, 0.02372, 0.01922, 0.02140, 0.02357, 0.01907, 0.02125, 0.02342, 0.01892, 0.02110, 0.02327, 0.01878, 0.02095, 0.02312, 0.02530, 0.02080, 0.02297, 0.02515, 0.02065, 0.02283, 0.02500, 0.02050, 0.02268, 0.02485, 0.02035, 0.02252, 0.02470, 0.02020, 0.02237, 0.02455, 0.02005, 0.02222, 0.02440, 0.01990, 0.02207, 0.02425, 0.01975, 0.02193, 0.02410, 0.01960, 0.02177, 0.02395, 0.01945, 0.02162, 0.02380, 0.01930, 0.02147, 0.02365, 0.01915, 0.02132, 0.02350, 0.01900, 0.02117, 0.02335, 0.01885, 0.02102, 0.02320, 0.01870, 0.02087, 0.02305, 0.02522, 0.02072, 0.02290, 0.02507, 0.02057, 0.02275, 0.02492, 0.02042, 0.02260, 0.02477, 0.02028],
                112: [0.01870, 0.02087, 0.02305, 0.02522, 0.02072, 0.02290, 0.02507, 0.02057, 0.02275, 0.02492, 0.02042, 0.02260, 0.02477, 0.02028, 0.02245, 0.02462, 0.02013, 0.02230, 0.02447, 0.01997, 0.02215, 0.02432, 0.01982, 0.02200, 0.02417, 0.01967, 0.02185, 0.02402, 0.01952, 0.02170, 0.02387, 0.01937, 0.02155, 0.02372, 0.01922, 0.02140, 0.02357, 0.01907, 0.02125, 0.02342, 0.01892, 0.02063, 0.02152, 0.01635, 0.01713, 0.01767, 0.01799, 0.01368, 0.01388, 0.01385, 0.01027, 0.01013, 0.00977, 0.00691, 0.00644, 0.00573, 0.00360, 0.00279, 0.00174, 0.00034, 0.00082, 0.00221, 0.00287, 0.00437, 0.00610, 0.00604, 0.00788, 0.00995, 0.00915, 0.01133, 0.01374, 0.01222, 0.01474, 0.01749, 0.01525, 0.01811, 0.02120, 0.01822, 0.02142, 0.02365, 0.01915, 0.02132, 0.02350, 0.01900, 0.02117, 0.02335, 0.01885, 0.02102, 0.02320, 0.01870, 0.02087, 0.02305, 0.02522, 0.02072, 0.02290, 0.02507, 0.02057, 0.02275, 0.02492, 0.02042, 0.02260, 0.02477, 0.02028, 0.02245, 0.02462, 0.02013, 0.02230, 0.02447, 0.01997, 0.02215, 0.02432, 0.01982, 0.02200, 0.02417, 0.01967, 0.02185, 0.02402, 0.01952, 0.02170, 0.02387, 0.01937, 0.02155, 0.02372, 0.01922, 0.02140, 0.02357, 0.01907, 0.02125, 0.02342, 0.01892, 0.02110, 0.02327, 0.01878, 0.02095, 0.02312, 0.02530, 0.02080, 0.02297, 0.02515, 0.02065, 0.02283, 0.02500, 0.02050, 0.02268, 0.02485, 0.02035, 0.02252, 0.02470, 0.02020, 0.02237, 0.02455, 0.02005, 0.02222, 0.02440, 0.01990, 0.02207, 0.02425, 0.01975, 0.02193, 0.02410, 0.01960, 0.02177, 0.02395, 0.01945, 0.02162, 0.02380, 0.01930, 0.02147, 0.02365, 0.01915, 0.02132, 0.02350, 0.01900, 0.02117, 0.02335, 0.01885, 0.02102, 0.02320, 0.01870, 0.02087, 0.02305, 0.02522, 0.02072, 0.02290, 0.02507, 0.02057, 0.02275, 0.02492, 0.02042, 0.02260, 0.02477, 0.02028],
                114: [0.01870, 0.02087, 0.02305, 0.02522, 0.02072, 0.02290, 0.02507, 0.02057, 0.02275, 0.02492, 0.02042, 0.02260, 0.02477, 0.02028, 0.02245, 0.02462, 0.02013, 0.02230, 0.02447, 0.01997, 0.02215, 0.02432, 0.01884, 0.01974, 0.02040, 0.01555, 0.01610, 0.01642, 0.01230, 0.01252, 0.01250, 0.00911, 0.00898, 0.00862, 0.00596, 0.00549, 0.00479, 0.00286, 0.00205, 0.00101, 0.00020, 0.00135, 0.00273, 0.00320, 0.00469, 0.00641, 0.00837, 0.00799, 0.01005, 0.01235, 0.01124, 0.01364, 0.01628, 0.01444, 0.01718, 0.02016, 0.01759, 0.02068, 0.02399, 0.02020, 0.02237, 0.02455, 0.02005, 0.02222, 0.02440, 0.01990, 0.02207, 0.02425, 0.01975, 0.02193, 0.02410, 0.01960, 0.02177, 0.02395, 0.01945, 0.02162, 0.02380, 0.01930, 0.02147, 0.02365, 0.01915, 0.02132, 0.02350, 0.01900, 0.02117, 0.02335, 0.01885, 0.02102, 0.02320, 0.01870, 0.02087, 0.02305, 0.02522, 0.02072, 0.02290, 0.02507, 0.02057, 0.02275, 0.02492, 0.02042, 0.02260, 0.02477, 0.02028, 0.02245, 0.02462, 0.02013, 0.02230, 0.02447, 0.01997, 0.02215, 0.02432, 0.01982, 0.02200, 0.02417, 0.01967, 0.02185, 0.02402, 0.01952, 0.02170, 0.02387, 0.01937, 0.02155, 0.02372, 0.01922, 0.02140, 0.02357, 0.01907, 0.02125, 0.02342, 0.01892, 0.02110, 0.02327, 0.01878, 0.02095, 0.02312, 0.02530, 0.02080, 0.02297, 0.02515, 0.02065, 0.02283, 0.02500, 0.02050, 0.02268, 0.02485, 0.02035, 0.02252, 0.02470, 0.02020, 0.02237, 0.02455, 0.02005, 0.02222, 0.02440, 0.01990, 0.02207, 0.02425, 0.01975, 0.02193, 0.02410, 0.01960, 0.02177, 0.02395, 0.01945, 0.02162, 0.02380, 0.01930, 0.02147, 0.02365, 0.01915, 0.02132, 0.02350, 0.01900, 0.02117, 0.02335, 0.01885, 0.02102, 0.02320, 0.01870, 0.02087, 0.02305, 0.02522, 0.02072, 0.02290, 0.02507, 0.02057, 0.02275, 0.02492, 0.02042, 0.02260, 0.02477, 0.02028],
                116: [0.01870, 0.02087, 0.02251, 0.02329, 0.01803, 0.01870, 0.01913, 0.01460, 0.01493, 0.01503, 0.01122, 0.01121, 0.01097, 0.00789, 0.00754, 0.00696, 0.00461, 0.00392, 0.00300, 0.00138, 0.00035, 0.00092, 0.00181, 0.00318, 0.00478, 0.00494, 0.00666, 0.00860, 0.00803, 0.01009, 0.01237, 0.01108, 0.01347, 0.01609, 0.01407, 0.01680, 0.01977, 0.01701, 0.02009, 0.02339, 0.01892, 0.02110, 0.02327, 0.01878, 0.02095, 0.02312, 0.02530, 0.02080, 0.02297, 0.02515, 0.02065, 0.02283, 0.02500, 0.02050, 0.02268, 0.02485, 0.02035, 0.02252, 0.02470, 0.02020, 0.02237, 0.02455, 0.02005, 0.02222, 0.02440, 0.01990, 0.02207, 0.02425, 0.01975, 0.02193, 0.02410, 0.01960, 0.02177, 0.02395, 0.01945, 0.02162, 0.02380, 0.01930, 0.02147, 0.02365, 0.01915, 0.02132, 0.02350, 0.01900, 0.02117, 0.02335, 0.01885, 0.02102, 0.02320, 0.01870, 0.02087, 0.02305, 0.02522, 0.02072, 0.02290, 0.02507, 0.02057, 0.02275, 0.02492, 0.02042, 0.02260, 0.02477, 0.02028, 0.02245, 0.02462, 0.02013, 0.02230, 0.02447, 0.01997, 0.02215, 0.02432, 0.01982, 0.02200, 0.02417, 0.01967, 0.02185, 0.02402, 0.01952, 0.02170, 0.02387, 0.01937, 0.02155, 0.02372, 0.01922, 0.02140, 0.02357, 0.01907, 0.02125, 0.02342, 0.01892, 0.02110, 0.02327, 0.01878, 0.02095, 0.02312, 0.02530, 0.02080, 0.02297, 0.02515, 0.02065, 0.02283, 0.02500, 0.02050, 0.02268, 0.02485, 0.02035, 0.02252, 0.02470, 0.02020, 0.02237, 0.02455, 0.02005, 0.02222, 0.02440, 0.01990, 0.02207, 0.02425, 0.01975, 0.02193, 0.02410, 0.01960, 0.02177, 0.02395, 0.01945, 0.02162, 0.02380, 0.01930, 0.02147, 0.02365, 0.01915, 0.02132, 0.02350, 0.01900, 0.02117, 0.02335, 0.01885, 0.02102, 0.02320, 0.01870, 0.02087, 0.02305, 0.02522, 0.02072, 0.02290, 0.02507, 0.02057, 0.02275, 0.02492, 0.02042, 0.02260, 0.02477, 0.02028],
                118: [0.00078, 0.00024, 0.00150, 0.00299, 0.00356, 0.00516, 0.00699, 0.00683, 0.00877, 0.01094, 0.01005, 0.01233, 0.01484, 0.01323, 0.01584, 0.01869, 0.01635, 0.01931, 0.02250, 0.01943, 0.02215, 0.02432, 0.01982, 0.02200, 0.02417, 0.01967, 0.02185, 0.02402, 0.01952, 0.02170, 0.02387, 0.01937, 0.02155, 0.02372, 0.01922, 0.02140, 0.02357, 0.01907, 0.02125, 0.02342, 0.01892, 0.02110, 0.02327, 0.01878, 0.02095, 0.02312, 0.02530, 0.02080, 0.02297, 0.02515, 0.02065, 0.02283, 0.02500, 0.02050, 0.02268, 0.02485, 0.02035, 0.02252, 0.02470, 0.02020, 0.02237, 0.02455, 0.02005, 0.02222, 0.02440, 0.01990, 0.02207, 0.02425, 0.01975, 0.02193, 0.02410, 0.01960, 0.02177, 0.02395, 0.01945, 0.02162, 0.02380, 0.01930, 0.02147, 0.02365, 0.01915, 0.02132, 0.02350, 0.01900, 0.02117, 0.02335, 0.01885, 0.02102, 0.02320, 0.01870, 0.02087, 0.02305, 0.02522, 0.02072, 0.02290, 0.02507, 0.02057, 0.02275, 0.02492, 0.02042, 0.02260, 0.02477, 0.02028, 0.02245, 0.02462, 0.02013, 0.02230, 0.02447, 0.01997, 0.02215, 0.02432, 0.01982, 0.02200, 0.02417, 0.01967, 0.02185, 0.02402, 0.01952, 0.02170, 0.02387, 0.01937, 0.02155, 0.02372, 0.01922, 0.02140, 0.02357, 0.01907, 0.02125, 0.02342, 0.01892, 0.02110, 0.02327, 0.01878, 0.02095, 0.02312, 0.02530, 0.02080, 0.02297, 0.02515, 0.02065, 0.02283, 0.02500, 0.02050, 0.02268, 0.02485, 0.02035, 0.02252, 0.02470, 0.02020, 0.02237, 0.02455, 0.02005, 0.02222, 0.02440, 0.01990, 0.02207, 0.02425, 0.01975, 0.02193, 0.02410, 0.01960, 0.02177, 0.02395, 0.01945, 0.02162, 0.02380, 0.01930, 0.02147, 0.02365, 0.01915, 0.02132, 0.02350, 0.01900, 0.02117, 0.02335, 0.01789, 0.01883, 0.01954, 0.01476, 0.01536, 0.01573, 0.01586, 0.01193, 0.01196, 0.01175, 0.00855, 0.00824, 0.00769, 0.00521, 0.00456, 0.00368, 0.00193],
                120: [0.01870, 0.02087, 0.02305, 0.02522, 0.02072, 0.02290, 0.02507, 0.02057, 0.02275, 0.02492, 0.02042, 0.02260, 0.02477, 0.02028, 0.02245, 0.02462, 0.02013, 0.02230, 0.02447, 0.01997, 0.02215, 0.02432, 0.01982, 0.02200, 0.02417, 0.01967, 0.02185, 0.02402, 0.01952, 0.02170, 0.02387, 0.01937, 0.02155, 0.02372, 0.01922, 0.02140, 0.02357, 0.01907, 0.02125, 0.02342, 0.01892, 0.02110, 0.02327, 0.01878, 0.02095, 0.02312, 0.02530, 0.02080, 0.02297, 0.02515, 0.02065, 0.02283, 0.02500, 0.02050, 0.02268, 0.02485, 0.02035, 0.02252, 0.02470, 0.02020, 0.02237, 0.02455, 0.02005, 0.02222, 0.02440, 0.01990, 0.02207, 0.02425, 0.01975, 0.02193, 0.02410, 0.01960, 0.02177, 0.02395, 0.01945, 0.02162, 0.02380, 0.01930, 0.02147, 0.02365, 0.01915, 0.02132, 0.02350, 0.01900, 0.02117, 0.02335, 0.01885, 0.02102, 0.02320, 0.01870, 0.02087, 0.02305, 0.02522, 0.02072, 0.02290, 0.02507, 0.02057, 0.02275, 0.02492, 0.02042, 0.02260, 0.02477, 0.02028, 0.02245, 0.02462, 0.02013, 0.02230, 0.02447, 0.01997, 0.02215, 0.02432, 0.01982, 0.02200, 0.02417, 0.01967, 0.02185, 0.02402, 0.01952, 0.02170, 0.02387, 0.01937, 0.02155, 0.02372, 0.01922, 0.02140, 0.02357, 0.01907, 0.02125, 0.02342, 0.01892, 0.02110, 0.02327, 0.01878, 0.02095, 0.02312, 0.02530, 0.02080, 0.02297, 0.02515, 0.02065, 0.02283, 0.02500, 0.02050, 0.02268, 0.02485, 0.02035, 0.02252, 0.02470, 0.02020, 0.02237, 0.02455, 0.02005, 0.02222, 0.02440, 0.01990, 0.02153, 0.02236, 0.01715, 0.01787, 0.01836, 0.01388, 0.01426, 0.01441, 0.01066, 0.01070, 0.01051, 0.00749, 0.00719, 0.00665, 0.00436, 0.00372, 0.00285, 0.00129, 0.00030, 0.00091, 0.00174, 0.00307, 0.00462, 0.00472, 0.00639, 0.00828, 0.01041, 0.00966, 0.01190, 0.01437, 0.01289, 0.01546, 0.01827, 0.01606, 0.01898, 0.02213, 0.01919],
                122: [0.01870, 0.02087, 0.02305, 0.02522, 0.02072, 0.02290, 0.02507, 0.02057, 0.02275, 0.02492, 0.02042, 0.02260, 0.02477, 0.02028, 0.02245, 0.02462, 0.02013, 0.02230, 0.02447, 0.01997, 0.02215, 0.02432, 0.01982, 0.02200, 0.02417, 0.01967, 0.02185, 0.02402, 0.01952, 0.02170, 0.02387, 0.01937, 0.02155, 0.02372, 0.01922, 0.02140, 0.02357, 0.01907, 0.02125, 0.02342, 0.01892, 0.02110, 0.02327, 0.01878, 0.02095, 0.02312, 0.02530, 0.02080, 0.02297, 0.02515, 0.02065, 0.02283, 0.02500, 0.02050, 0.02268, 0.02485, 0.02035, 0.02252, 0.02470, 0.02020, 0.02237, 0.02455, 0.02005, 0.02222, 0.02440, 0.01990, 0.02207, 0.02425, 0.01975, 0.02193, 0.02410, 0.01960, 0.02177, 0.02395, 0.01945, 0.02162, 0.02380, 0.01930, 0.02147, 0.02365, 0.01915, 0.02132, 0.02350, 0.01900, 0.02117, 0.02335, 0.01885, 0.02102, 0.02320, 0.01870, 0.02087, 0.02305, 0.02522, 0.02072, 0.02290, 0.02507, 0.02057, 0.02275, 0.02492, 0.02042, 0.02260, 0.02477, 0.02028, 0.02245, 0.02462, 0.02013, 0.02230, 0.02447, 0.01997, 0.02215, 0.02432, 0.01982, 0.02200, 0.02417, 0.01967, 0.02185, 0.02402, 0.01952, 0.02170, 0.02387, 0.01937, 0.02155, 0.02372, 0.01922, 0.02140, 0.02357, 0.01907, 0.02125, 0.02342, 0.01892, 0.02110, 0.02327, 0.01878, 0.02095, 0.02312, 0.02530, 0.01972, 0.02055, 0.02115, 0.01627, 0.01676, 0.01702, 0.01287, 0.01302, 0.01294, 0.00951, 0.00933, 0.00891, 0.00621, 0.00568, 0.00492, 0.00295, 0.00208, 0.00098, 0.00026, 0.00147, 0.00290, 0.00342, 0.00497, 0.00675, 0.00653, 0.00842, 0.01054, 0.00960, 0.01183, 0.01429, 0.01262, 0.01518, 0.01798, 0.01558, 0.01849, 0.02163, 0.01851, 0.02117, 0.02335, 0.01885, 0.02102, 0.02320, 0.01870, 0.02087, 0.02305, 0.02522, 0.02072, 0.02290, 0.02507, 0.02057, 0.02275, 0.02492, 0.02042, 0.02260, 0.02477, 0.02028],
                124: [0.01870, 0.02087, 0.02305, 0.02522, 0.02072, 0.02290, 0.02507, 0.02057, 0.02275, 0.02492, 0.02042, 0.02260, 0.02477, 0.02028, 0.02245, 0.02462, 0.02013, 0.02230, 0.02447, 0.01997, 0.02215, 0.02432, 0.01982, 0.02200, 0.02417, 0.01967, 0.02185, 0.02402, 0.01952, 0.02170, 0.02387, 0.01937, 0.02155, 0.02372, 0.01922, 0.02140, 0.02357, 0.01907, 0.02125, 0.02342, 0.01892, 0.02110, 0.02327, 0.01878, 0.02095, 0.02312, 0.02530, 0.02080, 0.02297, 0.02515, 0.02065, 0.02283, 0.02500, 0.02050, 0.02268, 0.02485, 0.02035, 0.02252, 0.02470, 0.02020, 0.02237, 0.02455, 0.02005, 0.02222, 0.02440, 0.01990, 0.02207, 0.02425, 0.01975, 0.02193, 0.02410, 0.01960, 0.02177, 0.02395, 0.01945, 0.02162, 0.02380, 0.01930, 0.02147, 0.02365, 0.01915, 0.02132, 0.02350, 0.01900, 0.02117, 0.02335, 0.01885, 0.02102, 0.02320, 0.01870, 0.02087, 0.02305, 0.02522, 0.02072, 0.02290, 0.02507, 0.02057, 0.02275, 0.02492, 0.02042, 0.02260, 0.02477, 0.02028, 0.02245, 0.02462, 0.02013, 0.02230, 0.02447, 0.01997, 0.02215, 0.02432, 0.01982, 0.02200, 0.02417, 0.01967, 0.02185, 0.02340, 0.01797, 0.01882, 0.01943, 0.01473, 0.01524, 0.01551, 0.01154, 0.01170, 0.01163, 0.00839, 0.00822, 0.00781, 0.00530, 0.00478, 0.00403, 0.00225, 0.00139, 0.00030, 0.00102, 0.00195, 0.00338, 0.00504, 0.00524, 0.00701, 0.00902, 0.00849, 0.01060, 0.01294, 0.01169, 0.01414, 0.01682, 0.01483, 0.01763, 0.02065, 0.01794, 0.02107, 0.02440, 0.01990, 0.02207, 0.02425, 0.01975, 0.02193, 0.02410, 0.01960, 0.02177, 0.02395, 0.01945, 0.02162, 0.02380, 0.01930, 0.02147, 0.02365, 0.01915, 0.02132, 0.02350, 0.01900, 0.02117, 0.02335, 0.01885, 0.02102, 0.02320, 0.01870, 0.02087, 0.02305, 0.02522, 0.02072, 0.02290, 0.02507, 0.02057, 0.02275, 0.02492, 0.02042, 0.02260, 0.02477, 0.02028],
                126: [0.01870, 0.02087, 0.02305, 0.02522, 0.02072, 0.02290, 0.02507, 0.02057, 0.02275, 0.02492, 0.02042, 0.02260, 0.02477, 0.02028, 0.02245, 0.02462, 0.02013, 0.02230, 0.02447, 0.01997, 0.02215, 0.02432, 0.01982, 0.02200, 0.02417, 0.01967, 0.02185, 0.02402, 0.01952, 0.02170, 0.02387, 0.01937, 0.02155, 0.02372, 0.01922, 0.02140, 0.02357, 0.01907, 0.02125, 0.02342, 0.01892, 0.02110, 0.02327, 0.01878, 0.02095, 0.02312, 0.02530, 0.02080, 0.02297, 0.02515, 0.02065, 0.02283, 0.02500, 0.02050, 0.02268, 0.02485, 0.02035, 0.02252, 0.02470, 0.02020, 0.02237, 0.02455, 0.02005, 0.02222, 0.02440, 0.01990, 0.02207, 0.02425, 0.01975, 0.02193, 0.02410, 0.01960, 0.02177, 0.02395, 0.01945, 0.02162, 0.02380, 0.01930, 0.02147, 0.02365, 0.01915, 0.02132, 0.02350, 0.01900, 0.02117, 0.02335, 0.01885, 0.02102, 0.02320, 0.01870, 0.02087, 0.02305, 0.02522, 0.02072, 0.02290, 0.02507, 0.02057, 0.02154, 0.02226, 0.01715, 0.01777, 0.01816, 0.01378, 0.01406, 0.01411, 0.01046, 0.01040, 0.01010, 0.00718, 0.00678, 0.00614, 0.00395, 0.00321, 0.00223, 0.00077, 0.00031, 0.00163, 0.00236, 0.00379, 0.00544, 0.00545, 0.00721, 0.00921, 0.00849, 0.01059, 0.01292, 0.01147, 0.01392, 0.01659, 0.01442, 0.01720, 0.02021, 0.01731, 0.02043, 0.02312, 0.02530, 0.02080, 0.02297, 0.02515, 0.02065, 0.02283, 0.02500, 0.02050, 0.02268, 0.02485, 0.02035, 0.02252, 0.02470, 0.02020, 0.02237, 0.02455, 0.02005, 0.02222, 0.02440, 0.01990, 0.02207, 0.02425, 0.01975, 0.02193, 0.02410, 0.01960, 0.02177, 0.02395, 0.01945, 0.02162, 0.02380, 0.01930, 0.02147, 0.02365, 0.01915, 0.02132, 0.02350, 0.01900, 0.02117, 0.02335, 0.01885, 0.02102, 0.02320, 0.01870, 0.02087, 0.02305, 0.02522, 0.02072, 0.02290, 0.02507, 0.02057, 0.02275, 0.02492, 0.02042, 0.02260, 0.02477, 0.02028],
                128: [0.01870, 0.02087, 0.02305, 0.02522, 0.02072, 0.02290, 0.02507, 0.02057, 0.02275, 0.02492, 0.02042, 0.02260, 0.02477, 0.02028, 0.02245, 0.02462, 0.02013, 0.02230, 0.02447, 0.01997, 0.02215, 0.02432, 0.01982, 0.02200, 0.02417, 0.01967, 0.02185, 0.02402, 0.01952, 0.02170, 0.02387, 0.01937, 0.02155, 0.02372, 0.01922, 0.02140, 0.02357, 0.01907, 0.02125, 0.02342, 0.01892, 0.02110, 0.02327, 0.01878, 0.02095, 0.02312, 0.02530, 0.02080, 0.02297, 0.02515, 0.02065, 0.02283, 0.02500, 0.02050, 0.02268, 0.02485, 0.02035, 0.02252, 0.02470, 0.02020, 0.02237, 0.02455, 0.02005, 0.02222, 0.02440, 0.01990, 0.02207, 0.02425, 0.01975, 0.02193, 0.02410, 0.01960, 0.02177, 0.02395, 0.01945, 0.02162, 0.02380, 0.01877, 0.01974, 0.02048, 0.01556, 0.01619, 0.01658, 0.01239, 0.01268, 0.01274, 0.00928, 0.00923, 0.00894, 0.00621, 0.00582, 0.00519, 0.00434, 0.00246, 0.00149, 0.00029, 0.00086, 0.00216, 0.00370, 0.00412, 0.00577, 0.00765, 0.00734, 0.00932, 0.01154, 0.01051, 0.01283, 0.01539, 0.01363, 0.01630, 0.01919, 0.01670, 0.01971, 0.02295, 0.01967, 0.02185, 0.02402, 0.01952, 0.02170, 0.02387, 0.01937, 0.02155, 0.02372, 0.01922, 0.02140, 0.02357, 0.01907, 0.02125, 0.02342, 0.01892, 0.02110, 0.02327, 0.01878, 0.02095, 0.02312, 0.02530, 0.02080, 0.02297, 0.02515, 0.02065, 0.02283, 0.02500, 0.02050, 0.02268, 0.02485, 0.02035, 0.02252, 0.02470, 0.02020, 0.02237, 0.02455, 0.02005, 0.02222, 0.02440, 0.01990, 0.02207, 0.02425, 0.01975, 0.02193, 0.02410, 0.01960, 0.02177, 0.02395, 0.01945, 0.02162, 0.02380, 0.01930, 0.02147, 0.02365, 0.01915, 0.02132, 0.02350, 0.01900, 0.02117, 0.02335, 0.01885, 0.02102, 0.02320, 0.01870, 0.02087, 0.02305, 0.02522, 0.02072, 0.02290, 0.02507, 0.02057, 0.02275, 0.02492, 0.02042, 0.02260, 0.02477, 0.02028],
                130: [0.01870, 0.02087, 0.02305, 0.02522, 0.02072, 0.02290, 0.02507, 0.02057, 0.02275, 0.02492, 0.02042, 0.02260, 0.02477, 0.02028, 0.02245, 0.02462, 0.02013, 0.02230, 0.02447, 0.01997, 0.02215, 0.02432, 0.01982, 0.02200, 0.02417, 0.01967, 0.02185, 0.02402, 0.01952, 0.02170, 0.02387, 0.01937, 0.02155, 0.02372, 0.01922, 0.02140, 0.02357, 0.01907, 0.02125, 0.02342, 0.01892, 0.02110, 0.02327, 0.01878, 0.02095, 0.02312, 0.02530, 0.02080, 0.02297, 0.02515, 0.02065, 0.02283, 0.02500, 0.02050, 0.02268, 0.02485, 0.02035, 0.02250, 0.02335, 0.01802, 0.01876, 0.01928, 0.01467, 0.01508, 0.01525, 0.01138, 0.01144, 0.01127, 0.00813, 0.00785, 0.00734, 0.00493, 0.00431, 0.00346, 0.00177, 0.00082, 0.00037, 0.00133, 0.00263, 0.00416, 0.00439, 0.00603, 0.00789, 0.00740, 0.00937, 0.01158, 0.01036, 0.01268, 0.01523, 0.01327, 0.01593, 0.01882, 0.02194, 0.01913, 0.02236, 0.02507, 0.02057, 0.02275, 0.02492, 0.02042, 0.02260, 0.02477, 0.02028, 0.02245, 0.02462, 0.02013, 0.02230, 0.02447, 0.01997, 0.02215, 0.02432, 0.01982, 0.02200, 0.02417, 0.01967, 0.02185, 0.02402, 0.01952, 0.02170, 0.02387, 0.01937, 0.02155, 0.02372, 0.01922, 0.02140, 0.02357, 0.01907, 0.02125, 0.02342, 0.01892, 0.02110, 0.02327, 0.01878, 0.02095, 0.02312, 0.02530, 0.02080, 0.02297, 0.02515, 0.02065, 0.02283, 0.02500, 0.02050, 0.02268, 0.02485, 0.02035, 0.02252, 0.02470, 0.02020, 0.02237, 0.02455, 0.02005, 0.02222, 0.02440, 0.01990, 0.02207, 0.02425, 0.01975, 0.02193, 0.02410, 0.01960, 0.02177, 0.02395, 0.01945, 0.02162, 0.02380, 0.01930, 0.02147, 0.02365, 0.01915, 0.02132, 0.02350, 0.01900, 0.02117, 0.02335, 0.01885, 0.02102, 0.02320, 0.01870, 0.02087, 0.02305, 0.02522, 0.02072, 0.02290, 0.02507, 0.02057, 0.02275, 0.02492, 0.02042, 0.02260, 0.02477, 0.02028],
                132: [0.01870, 0.02087, 0.02305, 0.02522, 0.02072, 0.02290, 0.02507, 0.02057, 0.02275, 0.02492, 0.02042, 0.02260, 0.02477, 0.02028, 0.02245, 0.02462, 0.02013, 0.02230, 0.02447, 0.01997, 0.02215, 0.02432, 0.01982, 0.02200, 0.02417, 0.01967, 0.02185, 0.02402, 0.01952, 0.02170, 0.02387, 0.01937, 0.02155, 0.02372, 0.01922, 0.02140, 0.02357, 0.01907, 0.02064, 0.02150, 0.01636, 0.01712, 0.01764, 0.01323, 0.01364, 0.01382, 0.01377, 0.01021, 0.01005, 0.00966, 0.00683, 0.00633, 0.00560, 0.00350, 0.00266, 0.00159, 0.00021, 0.00097, 0.00238, 0.00302, 0.00454, 0.00630, 0.00621, 0.00807, 0.01017, 0.00935, 0.01155, 0.01399, 0.01245, 0.01499, 0.01776, 0.01549, 0.01837, 0.02149, 0.01849, 0.02162, 0.02380, 0.01930, 0.02147, 0.02365, 0.01915, 0.02132, 0.02350, 0.01900, 0.02117, 0.02335, 0.01885, 0.02102, 0.02320, 0.01870, 0.02087, 0.02305, 0.02522, 0.02072, 0.02290, 0.02507, 0.02057, 0.02275, 0.02492, 0.02042, 0.02260, 0.02477, 0.02028, 0.02245, 0.02462, 0.02013, 0.02230, 0.02447, 0.01997, 0.02215, 0.02432, 0.01982, 0.02200, 0.02417, 0.01967, 0.02185, 0.02402, 0.01952, 0.02170, 0.02387, 0.01937, 0.02155, 0.02372, 0.01922, 0.02140, 0.02357, 0.01907, 0.02125, 0.02342, 0.01892, 0.02110, 0.02327, 0.01878, 0.02095, 0.02312, 0.02530, 0.02080, 0.02297, 0.02515, 0.02065, 0.02283, 0.02500, 0.02050, 0.02268, 0.02485, 0.02035, 0.02252, 0.02470, 0.02020, 0.02237, 0.02455, 0.02005, 0.02222, 0.02440, 0.01990, 0.02207, 0.02425, 0.01975, 0.02193, 0.02410, 0.01960, 0.02177, 0.02395, 0.01945, 0.02162, 0.02380, 0.01930, 0.02147, 0.02365, 0.01915, 0.02132, 0.02350, 0.01900, 0.02117, 0.02335, 0.01885, 0.02102, 0.02320, 0.01870, 0.02087, 0.02305, 0.02522, 0.02072, 0.02290, 0.02507, 0.02057, 0.02275, 0.02492, 0.02042, 0.02260, 0.02477, 0.02028],
                134: [0.01870, 0.02087, 0.02305, 0.02522, 0.02072, 0.02290, 0.02507, 0.02057, 0.02275, 0.02492, 0.02042, 0.02260, 0.02477, 0.02028, 0.02245, 0.02462, 0.02013, 0.02230, 0.02441, 0.01886, 0.01973, 0.02037, 0.01554, 0.01607, 0.01637, 0.01227, 0.01246, 0.01242, 0.00905, 0.00890, 0.00852, 0.00588, 0.00539, 0.00466, 0.00275, 0.00192, 0.00086, 0.00032, 0.00149, 0.00290, 0.00335, 0.00486, 0.00661, 0.00633, 0.00818, 0.01027, 0.01258, 0.01146, 0.01388, 0.01654, 0.01468, 0.01745, 0.02044, 0.01786, 0.02096, 0.02430, 0.02035, 0.02252, 0.02470, 0.02020, 0.02237, 0.02455, 0.02005, 0.02222, 0.02440, 0.01990, 0.02207, 0.02425, 0.01975, 0.02193, 0.02410, 0.01960, 0.02177, 0.02395, 0.01945, 0.02162, 0.02380, 0.01930, 0.02147, 0.02365, 0.01915, 0.02132, 0.02350, 0.01900, 0.02117, 0.02335, 0.01885, 0.02102, 0.02320, 0.01870, 0.02087, 0.02305, 0.02522, 0.02072, 0.02290, 0.02507, 0.02057, 0.02275, 0.02492, 0.02042, 0.02260, 0.02477, 0.02028, 0.02245, 0.02462, 0.02013, 0.02230, 0.02447, 0.01997, 0.02215, 0.02432, 0.01982, 0.02200, 0.02417, 0.01967, 0.02185, 0.02402, 0.01952, 0.02170, 0.02387, 0.01937, 0.02155, 0.02372, 0.01922, 0.02140, 0.02357, 0.01907, 0.02125, 0.02342, 0.01892, 0.02110, 0.02327, 0.01878, 0.02095, 0.02312, 0.02530, 0.02080, 0.02297, 0.02515, 0.02065, 0.02283, 0.02500, 0.02050, 0.02268, 0.02485, 0.02035, 0.02252, 0.02470, 0.02020, 0.02237, 0.02455, 0.02005, 0.02222, 0.02440, 0.01990, 0.02207, 0.02425, 0.01975, 0.02193, 0.02410, 0.01960, 0.02177, 0.02395, 0.01945, 0.02162, 0.02380, 0.01930, 0.02147, 0.02365, 0.01915, 0.02132, 0.02350, 0.01900, 0.02117, 0.02335, 0.01885, 0.02102, 0.02320, 0.01870, 0.02087, 0.02305, 0.02522, 0.02072, 0.02290, 0.02507, 0.02057, 0.02275, 0.02492, 0.02042, 0.02260, 0.02477, 0.02028],
                136: [0.01714, 0.01802, 0.01867, 0.01908, 0.01457, 0.01488, 0.01495, 0.01117, 0.01114, 0.01087, 0.00782, 0.00745, 0.00684, 0.00451, 0.00380, 0.00285, 0.00126, 0.00020, 0.00108, 0.00195, 0.00335, 0.00497, 0.00511, 0.00685, 0.00881, 0.00822, 0.01030, 0.01261, 0.01129, 0.01370, 0.01635, 0.01430, 0.01706, 0.02005, 0.01727, 0.02037, 0.02357, 0.01907, 0.02125, 0.02342, 0.01892, 0.02110, 0.02327, 0.01878, 0.02095, 0.02312, 0.02530, 0.02080, 0.02297, 0.02515, 0.02065, 0.02283, 0.02500, 0.02050, 0.02268, 0.02485, 0.02035, 0.02252, 0.02470, 0.02020, 0.02237, 0.02455, 0.02005, 0.02222, 0.02440, 0.01990, 0.02207, 0.02425, 0.01975, 0.02193, 0.02410, 0.01960, 0.02177, 0.02395, 0.01945, 0.02162, 0.02380, 0.01930, 0.02147, 0.02365, 0.01915, 0.02132, 0.02350, 0.01900, 0.02117, 0.02335, 0.01885, 0.02102, 0.02320, 0.01870, 0.02087, 0.02305, 0.02522, 0.02072, 0.02290, 0.02507, 0.02057, 0.02275, 0.02492, 0.02042, 0.02260, 0.02477, 0.02028, 0.02245, 0.02462, 0.02013, 0.02230, 0.02447, 0.01997, 0.02215, 0.02432, 0.01982, 0.02200, 0.02417, 0.01967, 0.02185, 0.02402, 0.01952, 0.02170, 0.02387, 0.01937, 0.02155, 0.02372, 0.01922, 0.02140, 0.02357, 0.01907, 0.02125, 0.02342, 0.01892, 0.02110, 0.02327, 0.01878, 0.02095, 0.02312, 0.02530, 0.02080, 0.02297, 0.02515, 0.02065, 0.02283, 0.02500, 0.02050, 0.02268, 0.02485, 0.02035, 0.02252, 0.02470, 0.02020, 0.02237, 0.02455, 0.02005, 0.02222, 0.02440, 0.01990, 0.02207, 0.02425, 0.01975, 0.02193, 0.02410, 0.01960, 0.02177, 0.02395, 0.01945, 0.02162, 0.02380, 0.01930, 0.02147, 0.02365, 0.01915, 0.02132, 0.02350, 0.01900, 0.02117, 0.02335, 0.01885, 0.02102, 0.02320, 0.01870, 0.02087, 0.02305, 0.02522, 0.02072, 0.02290, 0.02507, 0.02057, 0.02275, 0.02492, 0.02042, 0.02260, 0.02477, 0.01967],
                138: [0.00234, 0.00372, 0.00534, 0.00719, 0.00702, 0.00898, 0.01117, 0.01026, 0.01256, 0.01509, 0.01346, 0.01610, 0.01897, 0.01661, 0.01959, 0.02280, 0.01971, 0.02230, 0.02447, 0.01997, 0.02215, 0.02432, 0.01982, 0.02200, 0.02417, 0.01967, 0.02185, 0.02402, 0.01952, 0.02170, 0.02387, 0.01937, 0.02155, 0.02372, 0.01922, 0.02140, 0.02357, 0.01907, 0.02125, 0.02342, 0.01892, 0.02110, 0.02327, 0.01878, 0.02095, 0.02312, 0.02530, 0.02080, 0.02297, 0.02515, 0.02065, 0.02283, 0.02500, 0.02050, 0.02268, 0.02485, 0.02035, 0.02252, 0.02470, 0.02020, 0.02237, 0.02455, 0.02005, 0.02222, 0.02440, 0.01990, 0.02207, 0.02425, 0.01975, 0.02193, 0.02410, 0.01960, 0.02177, 0.02395, 0.01945, 0.02162, 0.02380, 0.01930, 0.02147, 0.02365, 0.01915, 0.02132, 0.02350, 0.01900, 0.02117, 0.02335, 0.01885, 0.02102, 0.02320, 0.01870, 0.02087, 0.02305, 0.02522, 0.02072, 0.02290, 0.02507, 0.02057, 0.02275, 0.02492, 0.02042, 0.02260, 0.02477, 0.02028, 0.02245, 0.02462, 0.02013, 0.02230, 0.02447, 0.01997, 0.02215, 0.02432, 0.01982, 0.02200, 0.02417, 0.01967, 0.02185, 0.02402, 0.01952, 0.02170, 0.02387, 0.01937, 0.02155, 0.02372, 0.01922, 0.02140, 0.02357, 0.01907, 0.02125, 0.02342, 0.01892, 0.02110, 0.02327, 0.01878, 0.02095, 0.02312, 0.02530, 0.02080, 0.02297, 0.02515, 0.02065, 0.02283, 0.02500, 0.02050, 0.02268, 0.02485, 0.02035, 0.02252, 0.02470, 0.02020, 0.02237, 0.02455, 0.02005, 0.02222, 0.02440, 0.01990, 0.02207, 0.02425, 0.01975, 0.02193, 0.02410, 0.01960, 0.02177, 0.02395, 0.01945, 0.02162, 0.02380, 0.01930, 0.02147, 0.02365, 0.01915, 0.02132, 0.02341, 0.01791, 0.01883, 0.01952, 0.01475, 0.01533, 0.01568, 0.01164, 0.01188, 0.01189, 0.01166, 0.00847, 0.00814, 0.00757, 0.00512, 0.00444, 0.00354, 0.00181, 0.00079, 0.00045, 0.00145],
                140: [0.01870, 0.02087, 0.02305, 0.02522, 0.02072, 0.02290, 0.02507, 0.02057, 0.02275, 0.02492, 0.02042, 0.02260, 0.02477, 0.02028, 0.02245, 0.02462, 0.02013, 0.02230, 0.02447, 0.01997, 0.02215, 0.02432, 0.01982, 0.02200, 0.02417, 0.01967, 0.02185, 0.02402, 0.01952, 0.02170, 0.02387, 0.01937, 0.02155, 0.02372, 0.01922, 0.02140, 0.02357, 0.01907, 0.02125, 0.02342, 0.01892, 0.02110, 0.02327, 0.01878, 0.02095, 0.02312, 0.02530, 0.02080, 0.02297, 0.02515, 0.02065, 0.02283, 0.02500, 0.02050, 0.02268, 0.02485, 0.02035, 0.02252, 0.02470, 0.02020, 0.02237, 0.02455, 0.02005, 0.02222, 0.02440, 0.01990, 0.02207, 0.02425, 0.01975, 0.02193, 0.02410, 0.01960, 0.02177, 0.02395, 0.01945, 0.02162, 0.02380, 0.01930, 0.02147, 0.02365, 0.01915, 0.02132, 0.02350, 0.01900, 0.02117, 0.02335, 0.01885, 0.02102, 0.02320, 0.01870, 0.02087, 0.02305, 0.02522, 0.02072, 0.02290, 0.02507, 0.02057, 0.02275, 0.02492, 0.02042, 0.02260, 0.02477, 0.02028, 0.02245, 0.02462, 0.02013, 0.02230, 0.02447, 0.01997, 0.02215, 0.02432, 0.01982, 0.02200, 0.02417, 0.01967, 0.02185, 0.02402, 0.01952, 0.02170, 0.02387, 0.01937, 0.02155, 0.02372, 0.01922, 0.02140, 0.02357, 0.01907, 0.02125, 0.02342, 0.01892, 0.02110, 0.02327, 0.01878, 0.02095, 0.02312, 0.02530, 0.02080, 0.02297, 0.02515, 0.02065, 0.02283, 0.02500, 0.02050, 0.02268, 0.02485, 0.02035, 0.02252, 0.02470, 0.02020, 0.02237, 0.02455, 0.02005, 0.02153, 0.02233, 0.01715, 0.01785, 0.01831, 0.01386, 0.01422, 0.01434, 0.01062, 0.01063, 0.01042, 0.00742, 0.00710, 0.00654, 0.00427, 0.00361, 0.00271, 0.00117, 0.00017, 0.00107, 0.00188, 0.00323, 0.00480, 0.00488, 0.00657, 0.00849, 0.00784, 0.00987, 0.01213, 0.01462, 0.01312, 0.01571, 0.01855, 0.01632, 0.01925, 0.02243, 0.01947, 0.02260, 0.02477, 0.02028],
                142: [0.01870, 0.02087, 0.02305, 0.02522, 0.02072, 0.02290, 0.02507, 0.02057, 0.02275, 0.02492, 0.02042, 0.02260, 0.02477, 0.02028, 0.02245, 0.02462, 0.02013, 0.02230, 0.02447, 0.01997, 0.02215, 0.02432, 0.01982, 0.02200, 0.02417, 0.01967, 0.02185, 0.02402, 0.01952, 0.02170, 0.02387, 0.01937, 0.02155, 0.02372, 0.01922, 0.02140, 0.02357, 0.01907, 0.02125, 0.02342, 0.01892, 0.02110, 0.02327, 0.01878, 0.02095, 0.02312, 0.02530, 0.02080, 0.02297, 0.02515, 0.02065, 0.02283, 0.02500, 0.02050, 0.02268, 0.02485, 0.02035, 0.02252, 0.02470, 0.02020, 0.02237, 0.02455, 0.02005, 0.02222, 0.02440, 0.01990, 0.02207, 0.02425, 0.01975, 0.02193, 0.02410, 0.01960, 0.02177, 0.02395, 0.01945, 0.02162, 0.02380, 0.01930, 0.02147, 0.02365, 0.01915, 0.02132, 0.02350, 0.01900, 0.02117, 0.02335, 0.01885, 0.02102, 0.02320, 0.01870, 0.02087, 0.02305, 0.02522, 0.02072, 0.02290, 0.02507, 0.02057, 0.02275, 0.02492, 0.02042, 0.02260, 0.02477, 0.02028, 0.02245, 0.02462, 0.02013, 0.02230, 0.02447, 0.01997, 0.02215, 0.02432, 0.01982, 0.02200, 0.02417, 0.01967, 0.02185, 0.02402, 0.01952, 0.02170, 0.02387, 0.01937, 0.02155, 0.02372, 0.01922, 0.02140, 0.02357, 0.01907, 0.02125, 0.02342, 0.01892, 0.02110, 0.02327, 0.01868, 0.01972, 0.02054, 0.02112, 0.01625, 0.01672, 0.01696, 0.01283, 0.01296, 0.01286, 0.00945, 0.00924, 0.00880, 0.00612, 0.00557, 0.00479, 0.00284, 0.00195, 0.00083, 0.00039, 0.00162, 0.00308, 0.00358, 0.00515, 0.00695, 0.00671, 0.00862, 0.01076, 0.00980, 0.01205, 0.01453, 0.01284, 0.01543, 0.01825, 0.01583, 0.01876, 0.02193, 0.01878, 0.02132, 0.02350, 0.01900, 0.02117, 0.02335, 0.01885, 0.02102, 0.02320, 0.01870, 0.02087, 0.02305, 0.02522, 0.02072, 0.02290, 0.02507, 0.02057, 0.02275, 0.02492, 0.02042, 0.02260, 0.02477, 0.02028],
                144: [0.01870, 0.02087, 0.02305, 0.02522, 0.02072, 0.02290, 0.02507, 0.02057, 0.02275, 0.02492, 0.02042, 0.02260, 0.02477, 0.02028, 0.02245, 0.02462, 0.02013, 0.02230, 0.02447, 0.01997, 0.02215, 0.02432, 0.01982, 0.02200, 0.02417, 0.01967, 0.02185, 0.02402, 0.01952, 0.02170, 0.02387, 0.01937, 0.02155, 0.02372, 0.01922, 0.02140, 0.02357, 0.01907, 0.02125, 0.02342, 0.01892, 0.02110, 0.02327, 0.01878, 0.02095, 0.02312, 0.02530, 0.02080, 0.02297, 0.02515, 0.02065, 0.02283, 0.02500, 0.02050, 0.02268, 0.02485, 0.02035, 0.02252, 0.02470, 0.02020, 0.02237, 0.02455, 0.02005, 0.02222, 0.02440, 0.01990, 0.02207, 0.02425, 0.01975, 0.02193, 0.02410, 0.01960, 0.02177, 0.02395, 0.01945, 0.02162, 0.02380, 0.01930, 0.02147, 0.02365, 0.01915, 0.02132, 0.02350, 0.01900, 0.02117, 0.02335, 0.01885, 0.02102, 0.02320, 0.01870, 0.02087, 0.02305, 0.02522, 0.02072, 0.02290, 0.02507, 0.02057, 0.02275, 0.02492, 0.02042, 0.02260, 0.02477, 0.02028, 0.02245, 0.02462, 0.02013, 0.02230, 0.02447, 0.01997, 0.02215, 0.02432, 0.01982, 0.02200, 0.02339, 0.01798, 0.01881, 0.01940, 0.01472, 0.01520, 0.01545, 0.01150, 0.01164, 0.01155, 0.00834, 0.00814, 0.00770, 0.00522, 0.00468, 0.00390, 0.00214, 0.00126, 0.00015, 0.00088, 0.00210, 0.00355, 0.00524, 0.00542, 0.00721, 0.00923, 0.00868, 0.01082, 0.01318, 0.01190, 0.01438, 0.01708, 0.01508, 0.01789, 0.02094, 0.01820, 0.02136, 0.02455, 0.02005, 0.02222, 0.02440, 0.01990, 0.02207, 0.02425, 0.01975, 0.02193, 0.02410, 0.01960, 0.02177, 0.02395, 0.01945, 0.02162, 0.02380, 0.01930, 0.02147, 0.02365, 0.01915, 0.02132, 0.02350, 0.01900, 0.02117, 0.02335, 0.01885, 0.02102, 0.02320, 0.01870, 0.02087, 0.02305, 0.02522, 0.02072, 0.02290, 0.02507, 0.02057, 0.02275, 0.02492, 0.02042, 0.02260, 0.02477, 0.02028],
                146: [0.01870, 0.02087, 0.02305, 0.02522, 0.02072, 0.02290, 0.02507, 0.02057, 0.02275, 0.02492, 0.02042, 0.02260, 0.02477, 0.02028, 0.02245, 0.02462, 0.02013, 0.02230, 0.02447, 0.01997, 0.02215, 0.02432, 0.01982, 0.02200, 0.02417, 0.01967, 0.02185, 0.02402, 0.01952, 0.02170, 0.02387, 0.01937, 0.02155, 0.02372, 0.01922, 0.02140, 0.02357, 0.01907, 0.02125, 0.02342, 0.01892, 0.02110, 0.02327, 0.01878, 0.02095, 0.02312, 0.02530, 0.02080, 0.02297, 0.02515, 0.02065, 0.02283, 0.02500, 0.02050, 0.02268, 0.02485, 0.02035, 0.02252, 0.02470, 0.02020, 0.02237, 0.02455, 0.02005, 0.02222, 0.02440, 0.01990, 0.02207, 0.02425, 0.01975, 0.02193, 0.02410, 0.01960, 0.02177, 0.02395, 0.01945, 0.02162, 0.02380, 0.01930, 0.02147, 0.02365, 0.01915, 0.02132, 0.02350, 0.01900, 0.02117, 0.02335, 0.01885, 0.02102, 0.02320, 0.01870, 0.02087, 0.02305, 0.02522, 0.02059, 0.02153, 0.02223, 0.01715, 0.01774, 0.01811, 0.01375, 0.01401, 0.01403, 0.01040, 0.01032, 0.01000, 0.00710, 0.00668, 0.00602, 0.00385, 0.00309, 0.00209, 0.00065, 0.00046, 0.00179, 0.00251, 0.00395, 0.00563, 0.00562, 0.00740, 0.00942, 0.00868, 0.01080, 0.01316, 0.01169, 0.01416, 0.01685, 0.01465, 0.01746, 0.02050, 0.01757, 0.02072, 0.02327, 0.01878, 0.02095, 0.02312, 0.02530, 0.02080, 0.02297, 0.02515, 0.02065, 0.02283, 0.02500, 0.02050, 0.02268, 0.02485, 0.02035, 0.02252, 0.02470, 0.02020, 0.02237, 0.02455, 0.02005, 0.02222, 0.02440, 0.01990, 0.02207, 0.02425, 0.01975, 0.02193, 0.02410, 0.01960, 0.02177, 0.02395, 0.01945, 0.02162, 0.02380, 0.01930, 0.02147, 0.02365, 0.01915, 0.02132, 0.02350, 0.01900, 0.02117, 0.02335, 0.01885, 0.02102, 0.02320, 0.01870, 0.02087, 0.02305, 0.02522, 0.02072, 0.02290, 0.02507, 0.02057, 0.02275, 0.02492, 0.02042, 0.02260, 0.02477, 0.02028],
                148: [0.01870, 0.02087, 0.02305, 0.02522, 0.02072, 0.02290, 0.02507, 0.02057, 0.02275, 0.02492, 0.02042, 0.02260, 0.02477, 0.02028, 0.02245, 0.02462, 0.02013, 0.02230, 0.02447, 0.01997, 0.02215, 0.02432, 0.01982, 0.02200, 0.02417, 0.01967, 0.02185, 0.02402, 0.01952, 0.02170, 0.02387, 0.01937, 0.02155, 0.02372, 0.01922, 0.02140, 0.02357, 0.01907, 0.02125, 0.02342, 0.01892, 0.02110, 0.02327, 0.01878, 0.02095, 0.02312, 0.02530, 0.02080, 0.02297, 0.02515, 0.02065, 0.02283, 0.02500, 0.02050, 0.02268, 0.02485, 0.02035, 0.02252, 0.02470, 0.02020, 0.02237, 0.02455, 0.02005, 0.02222, 0.02440, 0.01990, 0.02207, 0.02425, 0.01975, 0.02193, 0.02410, 0.01960, 0.02177, 0.02395, 0.01879, 0.01974, 0.02045, 0.01556, 0.01616, 0.01654, 0.01237, 0.01263, 0.01267, 0.00923, 0.00915, 0.00885, 0.00614, 0.00572, 0.00507, 0.00309, 0.00234, 0.00135, 0.00013, 0.00100, 0.00233, 0.00389, 0.00429, 0.00595, 0.00785, 0.00753, 0.00953, 0.01177, 0.01072, 0.01307, 0.01565, 0.01386, 0.01655, 0.01947, 0.01696, 0.01999, 0.02325, 0.01982, 0.02200, 0.02417, 0.01967, 0.02185, 0.02402, 0.01952, 0.02170, 0.02387, 0.01937, 0.02155, 0.02372, 0.01922, 0.02140, 0.02357, 0.01907, 0.02125, 0.02342, 0.01892, 0.02110, 0.02327, 0.01878, 0.02095, 0.02312, 0.02530, 0.02080, 0.02297, 0.02515, 0.02065, 0.02283, 0.02500, 0.02050, 0.02268, 0.02485, 0.02035, 0.02252, 0.02470, 0.02020, 0.02237, 0.02455, 0.02005, 0.02222, 0.02440, 0.01990, 0.02207, 0.02425, 0.01975, 0.02193, 0.02410, 0.01960, 0.02177, 0.02395, 0.01945, 0.02162, 0.02380, 0.01930, 0.02147, 0.02365, 0.01915, 0.02132, 0.02350, 0.01900, 0.02117, 0.02335, 0.01885, 0.02102, 0.02320, 0.01870, 0.02087, 0.02305, 0.02522, 0.02072, 0.02290, 0.02507, 0.02057, 0.02275, 0.02492, 0.02042, 0.02260, 0.02477, 0.02028],
                150: [0.01870, 0.02087, 0.02305, 0.02522, 0.02072, 0.02290, 0.02507, 0.02057, 0.02275, 0.02492, 0.02042, 0.02260, 0.02477, 0.02028, 0.02245, 0.02462, 0.02013, 0.02230, 0.02447, 0.01997, 0.02215, 0.02432, 0.01982, 0.02200, 0.02417, 0.01967, 0.02185, 0.02402, 0.01952, 0.02170, 0.02387, 0.01937, 0.02155, 0.02372, 0.01922, 0.02140, 0.02357, 0.01907, 0.02125, 0.02342, 0.01892, 0.02110, 0.02327, 0.01878, 0.02095, 0.02312, 0.02530, 0.02080, 0.02297, 0.02515, 0.02065, 0.02283, 0.02500, 0.02050, 0.02250, 0.02333, 0.01802, 0.01874, 0.01923, 0.01465, 0.01503, 0.01518, 0.01133, 0.01137, 0.01118, 0.00806, 0.00776, 0.00723, 0.00483, 0.00420, 0.00333, 0.00166, 0.00068, 0.00053, 0.00147, 0.00279, 0.00434, 0.00455, 0.00621, 0.00810, 0.00758, 0.00958, 0.01181, 0.01056, 0.01290, 0.01548, 0.01350, 0.01618, 0.01909, 0.01639, 0.01941, 0.02266, 0.02522, 0.02072, 0.02290, 0.02507, 0.02057, 0.02275, 0.02492, 0.02042, 0.02260, 0.02477, 0.02028, 0.02245, 0.02462, 0.02013, 0.02230, 0.02447, 0.01997, 0.02215, 0.02432, 0.01982, 0.02200, 0.02417, 0.01967, 0.02185, 0.02402, 0.01952, 0.02170, 0.02387, 0.01937, 0.02155, 0.02372, 0.01922, 0.02140, 0.02357, 0.01907, 0.02125, 0.02342, 0.01892, 0.02110, 0.02327, 0.01878, 0.02095, 0.02312, 0.02530, 0.02080, 0.02297, 0.02515, 0.02065, 0.02283, 0.02500, 0.02050, 0.02268, 0.02485, 0.02035, 0.02252, 0.02470, 0.02020, 0.02237, 0.02455, 0.02005, 0.02222, 0.02440, 0.01990, 0.02207, 0.02425, 0.01975, 0.02193, 0.02410, 0.01960, 0.02177, 0.02395, 0.01945, 0.02162, 0.02380, 0.01930, 0.02147, 0.02365, 0.01915, 0.02132, 0.02350, 0.01900, 0.02117, 0.02335, 0.01885, 0.02102, 0.02320, 0.01870, 0.02087, 0.02305, 0.02522, 0.02072, 0.02290, 0.02507, 0.02057, 0.02275, 0.02492, 0.02042, 0.02260, 0.02477, 0.02028],
                152: [0.01870, 0.02087, 0.02305, 0.02522, 0.02072, 0.02290, 0.02507, 0.02057, 0.02275, 0.02492, 0.02042, 0.02260, 0.02477, 0.02028, 0.02245, 0.02462, 0.02013, 0.02230, 0.02447, 0.01997, 0.02215, 0.02432, 0.01982, 0.02200, 0.02417, 0.01967, 0.02185, 0.02402, 0.01952, 0.02170, 0.02387, 0.01937, 0.02155, 0.02372, 0.01922, 0.02065, 0.02149, 0.01637, 0.01710, 0.01760, 0.01321, 0.01360, 0.01376, 0.01010, 0.01015, 0.00997, 0.00955, 0.00674, 0.00622, 0.00547, 0.00339, 0.00253, 0.00143, 0.00008, 0.00112, 0.00256, 0.00318, 0.00472, 0.00650, 0.00639, 0.00827, 0.01039, 0.00956, 0.01178, 0.01423, 0.01267, 0.01523, 0.01803, 0.01574, 0.01864, 0.02178, 0.01876, 0.02177, 0.02395, 0.01945, 0.02162, 0.02380, 0.01930, 0.02147, 0.02365, 0.01915, 0.02132, 0.02350, 0.01900, 0.02117, 0.02335, 0.01885, 0.02102, 0.02320, 0.01870, 0.02087, 0.02305, 0.02522, 0.02072, 0.02290, 0.02507, 0.02057, 0.02275, 0.02492, 0.02042, 0.02260, 0.02477, 0.02028, 0.02245, 0.02462, 0.02013, 0.02230, 0.02447, 0.01997, 0.02215, 0.02432, 0.01982, 0.02200, 0.02417, 0.01967, 0.02185, 0.02402, 0.01952, 0.02170, 0.02387, 0.01937, 0.02155, 0.02372, 0.01922, 0.02140, 0.02357, 0.01907, 0.02125, 0.02342, 0.01892, 0.02110, 0.02327, 0.01878, 0.02095, 0.02312, 0.02530, 0.02080, 0.02297, 0.02515, 0.02065, 0.02283, 0.02500, 0.02050, 0.02268, 0.02485, 0.02035, 0.02252, 0.02470, 0.02020, 0.02237, 0.02455, 0.02005, 0.02222, 0.02440, 0.01990, 0.02207, 0.02425, 0.01975, 0.02193, 0.02410, 0.01960, 0.02177, 0.02395, 0.01945, 0.02162, 0.02380, 0.01930, 0.02147, 0.02365, 0.01915, 0.02132, 0.02350, 0.01900, 0.02117, 0.02335, 0.01885, 0.02102, 0.02320, 0.01870, 0.02087, 0.02305, 0.02522, 0.02072, 0.02290, 0.02507, 0.02057, 0.02275, 0.02492, 0.02042, 0.02260, 0.02477, 0.02028],
                154: [0.01870, 0.02087, 0.02305, 0.02522, 0.02072, 0.02290, 0.02507, 0.02057, 0.02275, 0.02492, 0.02042, 0.02260, 0.02477, 0.02028, 0.02245, 0.02440, 0.01887, 0.01972, 0.02033, 0.01553, 0.01604, 0.01631, 0.01224, 0.01240, 0.01234, 0.00899, 0.00882, 0.00842, 0.00580, 0.00528, 0.00454, 0.00265, 0.00180, 0.00071, 0.00045, 0.00164, 0.00307, 0.00350, 0.00504, 0.00680, 0.00651, 0.00838, 0.01049, 0.00946, 0.01168, 0.01412, 0.01680, 0.01492, 0.01771, 0.02073, 0.01812, 0.02125, 0.02461, 0.02050, 0.02268, 0.02485, 0.02035, 0.02252, 0.02470, 0.02020, 0.02237, 0.02455, 0.02005, 0.02222, 0.02440, 0.01990, 0.02207, 0.02425, 0.01975, 0.02193, 0.02410, 0.01960, 0.02177, 0.02395, 0.01945, 0.02162, 0.02380, 0.01930, 0.02147, 0.02365, 0.01915, 0.02132, 0.02350, 0.01900, 0.02117, 0.02335, 0.01885, 0.02102, 0.02320, 0.01870, 0.02087, 0.02305, 0.02522, 0.02072, 0.02290, 0.02507, 0.02057, 0.02275, 0.02492, 0.02042, 0.02260, 0.02477, 0.02028, 0.02245, 0.02462, 0.02013, 0.02230, 0.02447, 0.01997, 0.02215, 0.02432, 0.01982, 0.02200, 0.02417, 0.01967, 0.02185, 0.02402, 0.01952, 0.02170, 0.02387, 0.01937, 0.02155, 0.02372, 0.01922, 0.02140, 0.02357, 0.01907, 0.02125, 0.02342, 0.01892, 0.02110, 0.02327, 0.01878, 0.02095, 0.02312, 0.02530, 0.02080, 0.02297, 0.02515, 0.02065, 0.02283, 0.02500, 0.02050, 0.02268, 0.02485, 0.02035, 0.02252, 0.02470, 0.02020, 0.02237, 0.02455, 0.02005, 0.02222, 0.02440, 0.01990, 0.02207, 0.02425, 0.01975, 0.02193, 0.02410, 0.01960, 0.02177, 0.02395, 0.01945, 0.02162, 0.02380, 0.01930, 0.02147, 0.02365, 0.01915, 0.02132, 0.02350, 0.01900, 0.02117, 0.02335, 0.01885, 0.02102, 0.02320, 0.01870, 0.02087, 0.02305, 0.02522, 0.02072, 0.02290, 0.02507, 0.02057, 0.02275, 0.02492, 0.02042, 0.02260, 0.02477, 0.02028],
                156: [0.01402, 0.01454, 0.01483, 0.01488, 0.01112, 0.01106, 0.01077, 0.00774, 0.00735, 0.00672, 0.00441, 0.00368, 0.00271, 0.00114, 0.00006, 0.00125, 0.00210, 0.00351, 0.00516, 0.00528, 0.00704, 0.00903, 0.00842, 0.01051, 0.01284, 0.01150, 0.01394, 0.01661, 0.01454, 0.01732, 0.02033, 0.01753, 0.02065, 0.02372, 0.01922, 0.02140, 0.02357, 0.01907, 0.02125, 0.02342, 0.01892, 0.02110, 0.02327, 0.01878, 0.02095, 0.02312, 0.02530, 0.02080, 0.02297, 0.02515, 0.02065, 0.02283, 0.02500, 0.02050, 0.02268, 0.02485, 0.02035, 0.02252, 0.02470, 0.02020, 0.02237, 0.02455, 0.02005, 0.02222, 0.02440, 0.01990, 0.02207, 0.02425, 0.01975, 0.02193, 0.02410, 0.01960, 0.02177, 0.02395, 0.01945, 0.02162, 0.02380, 0.01930, 0.02147, 0.02365, 0.01915, 0.02132, 0.02350, 0.01900, 0.02117, 0.02335, 0.01885, 0.02102, 0.02320, 0.01870, 0.02087, 0.02305, 0.02522, 0.02072, 0.02290, 0.02507, 0.02057, 0.02275, 0.02492, 0.02042, 0.02260, 0.02477, 0.02028, 0.02245, 0.02462, 0.02013, 0.02230, 0.02447, 0.01997, 0.02215, 0.02432, 0.01982, 0.02200, 0.02417, 0.01967, 0.02185, 0.02402, 0.01952, 0.02170, 0.02387, 0.01937, 0.02155, 0.02372, 0.01922, 0.02140, 0.02357, 0.01907, 0.02125, 0.02342, 0.01892, 0.02110, 0.02327, 0.01878, 0.02095, 0.02312, 0.02530, 0.02080, 0.02297, 0.02515, 0.02065, 0.02283, 0.02500, 0.02050, 0.02268, 0.02485, 0.02035, 0.02252, 0.02470, 0.02020, 0.02237, 0.02455, 0.02005, 0.02222, 0.02440, 0.01990, 0.02207, 0.02425, 0.01975, 0.02193, 0.02410, 0.01960, 0.02177, 0.02395, 0.01945, 0.02162, 0.02380, 0.01930, 0.02147, 0.02365, 0.01915, 0.02132, 0.02350, 0.01900, 0.02117, 0.02335, 0.01885, 0.02102, 0.02320, 0.01870, 0.02087, 0.02305, 0.02522, 0.02072, 0.02290, 0.02507, 0.02057, 0.02275, 0.02492, 0.01968, 0.02057, 0.02123, 0.01629],
                158: [0.00545, 0.00720, 0.00918, 0.01140, 0.01047, 0.01279, 0.01535, 0.01369, 0.01635, 0.01925, 0.01686, 0.01986, 0.02310, 0.01998, 0.02245, 0.02462, 0.02013, 0.02230, 0.02447, 0.01997, 0.02215, 0.02432, 0.01982, 0.02200, 0.02417, 0.01967, 0.02185, 0.02402, 0.01952, 0.02170, 0.02387, 0.01937, 0.02155, 0.02372, 0.01922, 0.02140, 0.02357, 0.01907, 0.02125, 0.02342, 0.01892, 0.02110, 0.02327, 0.01878, 0.02095, 0.02312, 0.02530, 0.02080, 0.02297, 0.02515, 0.02065, 0.02283, 0.02500, 0.02050, 0.02268, 0.02485, 0.02035, 0.02252, 0.02470, 0.02020, 0.02237, 0.02455, 0.02005, 0.02222, 0.02440, 0.01990, 0.02207, 0.02425, 0.01975, 0.02193, 0.02410, 0.01960, 0.02177, 0.02395, 0.01945, 0.02162, 0.02380, 0.01930, 0.02147, 0.02365, 0.01915, 0.02132, 0.02350, 0.01900, 0.02117, 0.02335, 0.01885, 0.02102, 0.02320, 0.01870, 0.02087, 0.02305, 0.02522, 0.02072, 0.02290, 0.02507, 0.02057, 0.02275, 0.02492, 0.02042, 0.02260, 0.02477, 0.02028, 0.02245, 0.02462, 0.02013, 0.02230, 0.02447, 0.01997, 0.02215, 0.02432, 0.01982, 0.02200, 0.02417, 0.01967, 0.02185, 0.02402, 0.01952, 0.02170, 0.02387, 0.01937, 0.02155, 0.02372, 0.01922, 0.02140, 0.02357, 0.01907, 0.02125, 0.02342, 0.01892, 0.02110, 0.02327, 0.01878, 0.02095, 0.02312, 0.02530, 0.02080, 0.02297, 0.02515, 0.02065, 0.02283, 0.02500, 0.02050, 0.02268, 0.02485, 0.02035, 0.02252, 0.02470, 0.02020, 0.02237, 0.02455, 0.02005, 0.02222, 0.02440, 0.01990, 0.02207, 0.02425, 0.01975, 0.02193, 0.02410, 0.01960, 0.02177, 0.02395, 0.01945, 0.02162, 0.02380, 0.01930, 0.02147, 0.02340, 0.01793, 0.01883, 0.01949, 0.01474, 0.01530, 0.01563, 0.01161, 0.01183, 0.01181, 0.00852, 0.00840, 0.00804, 0.00746, 0.00502, 0.00432, 0.00340, 0.00169, 0.00065, 0.00062, 0.00160, 0.00297, 0.00458, 0.00483],
                160: [0.01870, 0.02087, 0.02305, 0.02522, 0.02072, 0.02290, 0.02507, 0.02057, 0.02275, 0.02492, 0.02042, 0.02260, 0.02477, 0.02028, 0.02245, 0.02462, 0.02013, 0.02230, 0.02447, 0.01997, 0.02215, 0.02432, 0.01982, 0.02200, 0.02417, 0.01967, 0.02185, 0.02402, 0.01952, 0.02170, 0.02387, 0.01937, 0.02155, 0.02372, 0.01922, 0.02140, 0.02357, 0.01907, 0.02125, 0.02342, 0.01892, 0.02110, 0.02327, 0.01878, 0.02095, 0.02312, 0.02530, 0.02080, 0.02297, 0.02515, 0.02065, 0.02283, 0.02500, 0.02050, 0.02268, 0.02485, 0.02035, 0.02252, 0.02470, 0.02020, 0.02237, 0.02455, 0.02005, 0.02222, 0.02440, 0.01990, 0.02207, 0.02425, 0.01975, 0.02193, 0.02410, 0.01960, 0.02177, 0.02395, 0.01945, 0.02162, 0.02380, 0.01930, 0.02147, 0.02365, 0.01915, 0.02132, 0.02350, 0.01900, 0.02117, 0.02335, 0.01885, 0.02102, 0.02320, 0.01870, 0.02087, 0.02305, 0.02522, 0.02072, 0.02290, 0.02507, 0.02057, 0.02275, 0.02492, 0.02042, 0.02260, 0.02477, 0.02028, 0.02245, 0.02462, 0.02013, 0.02230, 0.02447, 0.01997, 0.02215, 0.02432, 0.01982, 0.02200, 0.02417, 0.01967, 0.02185, 0.02402, 0.01952, 0.02170, 0.02387, 0.01937, 0.02155, 0.02372, 0.01922, 0.02140, 0.02357, 0.01907, 0.02125, 0.02342, 0.01892, 0.02110, 0.02327, 0.01878, 0.02095, 0.02312, 0.02530, 0.02080, 0.02297, 0.02515, 0.02065, 0.02283, 0.02500, 0.02050, 0.02268, 0.02485, 0.02035, 0.02252, 0.02470, 0.02020, 0.02153, 0.02231, 0.01715, 0.01783, 0.01827, 0.01384, 0.01417, 0.01427, 0.01057, 0.01056, 0.01032, 0.00735, 0.00700, 0.00642, 0.00418, 0.00349, 0.00257, 0.00106, 0.00003, 0.00123, 0.00202, 0.00339, 0.00499, 0.00505, 0.00676, 0.00870, 0.00803, 0.01007, 0.01236, 0.01096, 0.01335, 0.01597, 0.01882, 0.01657, 0.01953, 0.02272, 0.01974, 0.02275, 0.02492, 0.02042, 0.02260, 0.02477, 0.02028],
                162: [0.01870, 0.02087, 0.02305, 0.02522, 0.02072, 0.02290, 0.02507, 0.02057, 0.02275, 0.02492, 0.02042, 0.02260, 0.02477, 0.02028, 0.02245, 0.02462, 0.02013, 0.02230, 0.02447, 0.01997, 0.02215, 0.02432, 0.01982, 0.02200, 0.02417, 0.01967, 0.02185, 0.02402, 0.01952, 0.02170, 0.02387, 0.01937, 0.02155, 0.02372, 0.01922, 0.02140, 0.02357, 0.01907, 0.02125, 0.02342, 0.01892, 0.02110, 0.02327, 0.01878, 0.02095, 0.02312, 0.02530, 0.02080, 0.02297, 0.02515, 0.02065, 0.02283, 0.02500, 0.02050, 0.02268, 0.02485, 0.02035, 0.02252, 0.02470, 0.02020, 0.02237, 0.02455, 0.02005, 0.02222, 0.02440, 0.01990, 0.02207, 0.02425, 0.01975, 0.02193, 0.02410, 0.01960, 0.02177, 0.02395, 0.01945, 0.02162, 0.02380, 0.01930, 0.02147, 0.02365, 0.01915, 0.02132, 0.02350, 0.01900, 0.02117, 0.02335, 0.01885, 0.02102, 0.02320, 0.01870, 0.02087, 0.02305, 0.02522, 0.02072, 0.02290, 0.02507, 0.02057, 0.02275, 0.02492, 0.02042, 0.02260, 0.02477, 0.02028, 0.02245, 0.02462, 0.02013, 0.02230, 0.02447, 0.01997, 0.02215, 0.02432, 0.01982, 0.02200, 0.02417, 0.01967, 0.02185, 0.02402, 0.01952, 0.02170, 0.02387, 0.01937, 0.02155, 0.02372, 0.01922, 0.02140, 0.02357, 0.01907, 0.02125, 0.02342, 0.01870, 0.01973, 0.02052, 0.01555, 0.01623, 0.01668, 0.01690, 0.01278, 0.01289, 0.01277, 0.00938, 0.00915, 0.00869, 0.00603, 0.00546, 0.00466, 0.00273, 0.00182, 0.00068, 0.00053, 0.00178, 0.00326, 0.00373, 0.00532, 0.00715, 0.00689, 0.00882, 0.01099, 0.01000, 0.01228, 0.01478, 0.01307, 0.01568, 0.01852, 0.01608, 0.01903, 0.02222, 0.01905, 0.02147, 0.02365, 0.01915, 0.02132, 0.02350, 0.01900, 0.02117, 0.02335, 0.01885, 0.02102, 0.02320, 0.01870, 0.02087, 0.02305, 0.02522, 0.02072, 0.02290, 0.02507, 0.02057, 0.02275, 0.02492, 0.02042, 0.02260, 0.02477, 0.02028],
                164: [0.01870, 0.02087, 0.02305, 0.02522, 0.02072, 0.02290, 0.02507, 0.02057, 0.02275, 0.02492, 0.02042, 0.02260, 0.02477, 0.02028, 0.02245, 0.02462, 0.02013, 0.02230, 0.02447, 0.01997, 0.02215, 0.02432, 0.01982, 0.02200, 0.02417, 0.01967, 0.02185, 0.02402, 0.01952, 0.02170, 0.02387, 0.01937, 0.02155, 0.02372, 0.01922, 0.02140, 0.02357, 0.01907, 0.02125, 0.02342, 0.01892, 0.02110, 0.02327, 0.01878, 0.02095, 0.02312, 0.02530, 0.02080, 0.02297, 0.02515, 0.02065, 0.02283, 0.02500, 0.02050, 0.02268, 0.02485, 0.02035, 0.02252, 0.02470, 0.02020, 0.02237, 0.02455, 0.02005, 0.02222, 0.02440, 0.01990, 0.02207, 0.02425, 0.01975, 0.02193, 0.02410, 0.01960, 0.02177, 0.02395, 0.01945, 0.02162, 0.02380, 0.01930, 0.02147, 0.02365, 0.01915, 0.02132, 0.02350, 0.01900, 0.02117, 0.02335, 0.01885, 0.02102, 0.02320, 0.01870, 0.02087, 0.02305, 0.02522, 0.02072, 0.02290, 0.02507, 0.02057, 0.02275, 0.02492, 0.02042, 0.02260, 0.02477, 0.02028, 0.02245, 0.02462, 0.02013, 0.02230, 0.02447, 0.01997, 0.02215, 0.02337, 0.01799, 0.01879, 0.01936, 0.01471, 0.01516, 0.01539, 0.01147, 0.01158, 0.01147, 0.00827, 0.00805, 0.00760, 0.00513, 0.00457, 0.00378, 0.00204, 0.00113, 0.00000, 0.00101, 0.00225, 0.00373, 0.00401, 0.00559, 0.00741, 0.00945, 0.00888, 0.01104, 0.01343, 0.01213, 0.01462, 0.01735, 0.01532, 0.01816, 0.02123, 0.01847, 0.02165, 0.02470, 0.02020, 0.02237, 0.02455, 0.02005, 0.02222, 0.02440, 0.01990, 0.02207, 0.02425, 0.01975, 0.02193, 0.02410, 0.01960, 0.02177, 0.02395, 0.01945, 0.02162, 0.02380, 0.01930, 0.02147, 0.02365, 0.01915, 0.02132, 0.02350, 0.01900, 0.02117, 0.02335, 0.01885, 0.02102, 0.02320, 0.01870, 0.02087, 0.02305, 0.02522, 0.02072, 0.02290, 0.02507, 0.02057, 0.02275, 0.02492, 0.02042, 0.02260, 0.02477, 0.02028],
                166: [0.01870, 0.02087, 0.02305, 0.02522, 0.02072, 0.02290, 0.02507, 0.02057, 0.02275, 0.02492, 0.02042, 0.02260, 0.02477, 0.02028, 0.02245, 0.02462, 0.02013, 0.02230, 0.02447, 0.01997, 0.02215, 0.02432, 0.01982, 0.02200, 0.02417, 0.01967, 0.02185, 0.02402, 0.01952, 0.02170, 0.02387, 0.01937, 0.02155, 0.02372, 0.01922, 0.02140, 0.02357, 0.01907, 0.02125, 0.02342, 0.01892, 0.02110, 0.02327, 0.01878, 0.02095, 0.02312, 0.02530, 0.02080, 0.02297, 0.02515, 0.02065, 0.02283, 0.02500, 0.02050, 0.02268, 0.02485, 0.02035, 0.02252, 0.02470, 0.02020, 0.02237, 0.02455, 0.02005, 0.02222, 0.02440, 0.01990, 0.02207, 0.02425, 0.01975, 0.02193, 0.02410, 0.01960, 0.02177, 0.02395, 0.01945, 0.02162, 0.02380, 0.01930, 0.02147, 0.02365, 0.01915, 0.02132, 0.02350, 0.01900, 0.02117, 0.02335, 0.01885, 0.02102, 0.02320, 0.01870, 0.02060, 0.02152, 0.02220, 0.01714, 0.01771, 0.01806, 0.01372, 0.01395, 0.01396, 0.01035, 0.01024, 0.00990, 0.00702, 0.00658, 0.00590, 0.00375, 0.00296, 0.00194, 0.00052, 0.00061, 0.00196, 0.00266, 0.00413, 0.00582, 0.00579, 0.00760, 0.00964, 0.00887, 0.01102, 0.01340, 0.01191, 0.01439, 0.01711, 0.01489, 0.01772, 0.02078, 0.01783, 0.02100, 0.02342, 0.01892, 0.02110, 0.02327, 0.01878, 0.02095, 0.02312, 0.02530, 0.02080, 0.02297, 0.02515, 0.02065, 0.02283, 0.02500, 0.02050, 0.02268, 0.02485, 0.02035, 0.02252, 0.02470, 0.02020, 0.02237, 0.02455, 0.02005, 0.02222, 0.02440, 0.01990, 0.02207, 0.02425, 0.01975, 0.02193, 0.02410, 0.01960, 0.02177, 0.02395, 0.01945, 0.02162, 0.02380, 0.01930, 0.02147, 0.02365, 0.01915, 0.02132, 0.02350, 0.01900, 0.02117, 0.02335, 0.01885, 0.02102, 0.02320, 0.01870, 0.02087, 0.02305, 0.02522, 0.02072, 0.02290, 0.02507, 0.02057, 0.02275, 0.02492, 0.02042, 0.02260, 0.02477, 0.02028],
                168: [0.01870, 0.02087, 0.02305, 0.02522, 0.02072, 0.02290, 0.02507, 0.02057, 0.02275, 0.02492, 0.02042, 0.02260, 0.02477, 0.02028, 0.02245, 0.02462, 0.02013, 0.02230, 0.02447, 0.01997, 0.02215, 0.02432, 0.01982, 0.02200, 0.02417, 0.01967, 0.02185, 0.02402, 0.01952, 0.02170, 0.02387, 0.01937, 0.02155, 0.02372, 0.01922, 0.02140, 0.02357, 0.01907, 0.02125, 0.02342, 0.01892, 0.02110, 0.02327, 0.01878, 0.02095, 0.02312, 0.02530, 0.02080, 0.02297, 0.02515, 0.02065, 0.02283, 0.02500, 0.02050, 0.02268, 0.02485, 0.02035, 0.02252, 0.02470, 0.02020, 0.02237, 0.02455, 0.02005, 0.02222, 0.02440, 0.01990, 0.02207, 0.02425, 0.01975, 0.02193, 0.02410, 0.01881, 0.01973, 0.02043, 0.01555, 0.01613, 0.01649, 0.01234, 0.01258, 0.01259, 0.00918, 0.00908, 0.00875, 0.00606, 0.00562, 0.00496, 0.00299, 0.00222, 0.00121, 0.00002, 0.00114, 0.00249, 0.00407, 0.00445, 0.00614, 0.00806, 0.00772, 0.00975, 0.01201, 0.01093, 0.01330, 0.01590, 0.01410, 0.01681, 0.01975, 0.01722, 0.02027, 0.02355, 0.01997, 0.02215, 0.02432, 0.01982, 0.02200, 0.02417, 0.01967, 0.02185, 0.02402, 0.01952, 0.02170, 0.02387, 0.01937, 0.02155, 0.02372, 0.01922, 0.02140, 0.02357, 0.01907, 0.02125, 0.02342, 0.01892, 0.02110, 0.02327, 0.01878, 0.02095, 0.02312, 0.02530, 0.02080, 0.02297, 0.02515, 0.02065, 0.02283, 0.02500, 0.02050, 0.02268, 0.02485, 0.02035, 0.02252, 0.02470, 0.02020, 0.02237, 0.02455, 0.02005, 0.02222, 0.02440, 0.01990, 0.02207, 0.02425, 0.01975, 0.02193, 0.02410, 0.01960, 0.02177, 0.02395, 0.01945, 0.02162, 0.02380, 0.01930, 0.02147, 0.02365, 0.01915, 0.02132, 0.02350, 0.01900, 0.02117, 0.02335, 0.01885, 0.02102, 0.02320, 0.01870, 0.02087, 0.02305, 0.02522, 0.02072, 0.02290, 0.02507, 0.02057, 0.02275, 0.02492, 0.02042, 0.02260, 0.02477, 0.02028],
                170: [0.01870, 0.02087, 0.02305, 0.02522, 0.02072, 0.02290, 0.02507, 0.02057, 0.02275, 0.02492, 0.02042, 0.02260, 0.02477, 0.02028, 0.02245, 0.02462, 0.02013, 0.02230, 0.02447, 0.01997, 0.02215, 0.02432, 0.01982, 0.02200, 0.02417, 0.01967, 0.02185, 0.02402, 0.01952, 0.02170, 0.02387, 0.01937, 0.02155, 0.02372, 0.01922, 0.02140, 0.02357, 0.01907, 0.02125, 0.02342, 0.01892, 0.02110, 0.02327, 0.01878, 0.02095, 0.02312, 0.02530, 0.02080, 0.02297, 0.02515, 0.02065, 0.02250, 0.02331, 0.01802, 0.01872, 0.01919, 0.01463, 0.01499, 0.01512, 0.01128, 0.01130, 0.01109, 0.00799, 0.00767, 0.00712, 0.00474, 0.00408, 0.00319, 0.00154, 0.00054, 0.00069, 0.00161, 0.00295, 0.00452, 0.00471, 0.00639, 0.00831, 0.00777, 0.00979, 0.01204, 0.01077, 0.01313, 0.01573, 0.01373, 0.01643, 0.01937, 0.01664, 0.01968, 0.02296, 0.01870, 0.02087, 0.02305, 0.02522, 0.02072, 0.02290, 0.02507, 0.02057, 0.02275, 0.02492, 0.02042, 0.02260, 0.02477, 0.02028, 0.02245, 0.02462, 0.02013, 0.02230, 0.02447, 0.01997, 0.02215, 0.02432, 0.01982, 0.02200, 0.02417, 0.01967, 0.02185, 0.02402, 0.01952, 0.02170, 0.02387, 0.01937, 0.02155, 0.02372, 0.01922, 0.02140, 0.02357, 0.01907, 0.02125, 0.02342, 0.01892, 0.02110, 0.02327, 0.01878, 0.02095, 0.02312, 0.02530, 0.02080, 0.02297, 0.02515, 0.02065, 0.02283, 0.02500, 0.02050, 0.02268, 0.02485, 0.02035, 0.02252, 0.02470, 0.02020, 0.02237, 0.02455, 0.02005, 0.02222, 0.02440, 0.01990, 0.02207, 0.02425, 0.01975, 0.02193, 0.02410, 0.01960, 0.02177, 0.02395, 0.01945, 0.02162, 0.02380, 0.01930, 0.02147, 0.02365, 0.01915, 0.02132, 0.02350, 0.01900, 0.02117, 0.02335, 0.01885, 0.02102, 0.02320, 0.01870, 0.02087, 0.02305, 0.02522, 0.02072, 0.02290, 0.02507, 0.02057, 0.02275, 0.02492, 0.02042, 0.02260, 0.02477, 0.02028],
                172: [0.01870, 0.02087, 0.02305, 0.02522, 0.02072, 0.02290, 0.02507, 0.02057, 0.02275, 0.02492, 0.02042, 0.02260, 0.02477, 0.02028, 0.02245, 0.02462, 0.02013, 0.02230, 0.02447, 0.01997, 0.02215, 0.02432, 0.01982, 0.02200, 0.02417, 0.01967, 0.02185, 0.02402, 0.01952, 0.02170, 0.02387, 0.01937, 0.02065, 0.02147, 0.01637, 0.01708, 0.01756, 0.01319, 0.01356, 0.01370, 0.01005, 0.01008, 0.00988, 0.00697, 0.00666, 0.00611, 0.00534, 0.00328, 0.00239, 0.00128, 0.00005, 0.00128, 0.00273, 0.00334, 0.00490, 0.00670, 0.00657, 0.00848, 0.01061, 0.00976, 0.01200, 0.01448, 0.01290, 0.01548, 0.01830, 0.01599, 0.01891, 0.02207, 0.01903, 0.02193, 0.02410, 0.01960, 0.02177, 0.02395, 0.01945, 0.02162, 0.02380, 0.01930, 0.02147, 0.02365, 0.01915, 0.02132, 0.02350, 0.01900, 0.02117, 0.02335, 0.01885, 0.02102, 0.02320, 0.01870, 0.02087, 0.02305, 0.02522, 0.02072, 0.02290, 0.02507, 0.02057, 0.02275, 0.02492, 0.02042, 0.02260, 0.02477, 0.02028, 0.02245, 0.02462, 0.02013, 0.02230, 0.02447, 0.01997, 0.02215, 0.02432, 0.01982, 0.02200, 0.02417, 0.01967, 0.02185, 0.02402, 0.01952, 0.02170, 0.02387, 0.01937, 0.02155, 0.02372, 0.01922, 0.02140, 0.02357, 0.01907, 0.02125, 0.02342, 0.01892, 0.02110, 0.02327, 0.01878, 0.02095, 0.02312, 0.02530, 0.02080, 0.02297, 0.02515, 0.02065, 0.02283, 0.02500, 0.02050, 0.02268, 0.02485, 0.02035, 0.02252, 0.02470, 0.02020, 0.02237, 0.02455, 0.02005, 0.02222, 0.02440, 0.01990, 0.02207, 0.02425, 0.01975, 0.02193, 0.02410, 0.01960, 0.02177, 0.02395, 0.01945, 0.02162, 0.02380, 0.01930, 0.02147, 0.02365, 0.01915, 0.02132, 0.02350, 0.01900, 0.02117, 0.02335, 0.01885, 0.02102, 0.02320, 0.01870, 0.02087, 0.02305, 0.02522, 0.02072, 0.02290, 0.02507, 0.02057, 0.02275, 0.02492, 0.02042, 0.02260, 0.02477, 0.02028],
                174: [0.01870, 0.02087, 0.02305, 0.02522, 0.02072, 0.02290, 0.02507, 0.02057, 0.02275, 0.02492, 0.02042, 0.02260, 0.02439, 0.01888, 0.01970, 0.02030, 0.01551, 0.01600, 0.01625, 0.01220, 0.01234, 0.01226, 0.00893, 0.00874, 0.00831, 0.00571, 0.00518, 0.00441, 0.00254, 0.00167, 0.00056, 0.00058, 0.00180, 0.00324, 0.00365, 0.00521, 0.00700, 0.00668, 0.00858, 0.01071, 0.00966, 0.01190, 0.01437, 0.01259, 0.01517, 0.01798, 0.02102, 0.01839, 0.02154, 0.02492, 0.02065, 0.02283, 0.02500, 0.02050, 0.02268, 0.02485, 0.02035, 0.02252, 0.02470, 0.02020, 0.02237, 0.02455, 0.02005, 0.02222, 0.02440, 0.01990, 0.02207, 0.02425, 0.01975, 0.02193, 0.02410, 0.01960, 0.02177, 0.02395, 0.01945, 0.02162, 0.02380, 0.01930, 0.02147, 0.02365, 0.01915, 0.02132, 0.02350, 0.01900, 0.02117, 0.02335, 0.01885, 0.02102, 0.02320, 0.01870, 0.02087, 0.02305, 0.02522, 0.02072, 0.02290, 0.02507, 0.02057, 0.02275, 0.02492, 0.02042, 0.02260, 0.02477, 0.02028, 0.02245, 0.02462, 0.02013, 0.02230, 0.02447, 0.01997, 0.02215, 0.02432, 0.01982, 0.02200, 0.02417, 0.01967, 0.02185, 0.02402, 0.01952, 0.02170, 0.02387, 0.01937, 0.02155, 0.02372, 0.01922, 0.02140, 0.02357, 0.01907, 0.02125, 0.02342, 0.01892, 0.02110, 0.02327, 0.01878, 0.02095, 0.02312, 0.02530, 0.02080, 0.02297, 0.02515, 0.02065, 0.02283, 0.02500, 0.02050, 0.02268, 0.02485, 0.02035, 0.02252, 0.02470, 0.02020, 0.02237, 0.02455, 0.02005, 0.02222, 0.02440, 0.01990, 0.02207, 0.02425, 0.01975, 0.02193, 0.02410, 0.01960, 0.02177, 0.02395, 0.01945, 0.02162, 0.02380, 0.01930, 0.02147, 0.02365, 0.01915, 0.02132, 0.02350, 0.01900, 0.02117, 0.02335, 0.01885, 0.02102, 0.02320, 0.01870, 0.02087, 0.02305, 0.02522, 0.02072, 0.02290, 0.02507, 0.02057, 0.02275, 0.02492, 0.02042, 0.02260, 0.02477, 0.02028],
                176: [0.01091, 0.01106, 0.01098, 0.01067, 0.00766, 0.00725, 0.00660, 0.00431, 0.00355, 0.00256, 0.00101, 0.00009, 0.00142, 0.00224, 0.00368, 0.00535, 0.00545, 0.00723, 0.00924, 0.00861, 0.01073, 0.01308, 0.01172, 0.01418, 0.01687, 0.01478, 0.01758, 0.02062, 0.01780, 0.02094, 0.02387, 0.01937, 0.02155, 0.02372, 0.01922, 0.02140, 0.02357, 0.01907, 0.02125, 0.02342, 0.01892, 0.02110, 0.02327, 0.01878, 0.02095, 0.02312, 0.02530, 0.02080, 0.02297, 0.02515, 0.02065, 0.02283, 0.02500, 0.02050, 0.02268, 0.02485, 0.02035, 0.02252, 0.02470, 0.02020, 0.02237, 0.02455, 0.02005, 0.02222, 0.02440, 0.01990, 0.02207, 0.02425, 0.01975, 0.02193, 0.02410, 0.01960, 0.02177, 0.02395, 0.01945, 0.02162, 0.02380, 0.01930, 0.02147, 0.02365, 0.01915, 0.02132, 0.02350, 0.01900, 0.02117, 0.02335, 0.01885, 0.02102, 0.02320, 0.01870, 0.02087, 0.02305, 0.02522, 0.02072, 0.02290, 0.02507, 0.02057, 0.02275, 0.02492, 0.02042, 0.02260, 0.02477, 0.02028, 0.02245, 0.02462, 0.02013, 0.02230, 0.02447, 0.01997, 0.02215, 0.02432, 0.01982, 0.02200, 0.02417, 0.01967, 0.02185, 0.02402, 0.01952, 0.02170, 0.02387, 0.01937, 0.02155, 0.02372, 0.01922, 0.02140, 0.02357, 0.01907, 0.02125, 0.02342, 0.01892, 0.02110, 0.02327, 0.01878, 0.02095, 0.02312, 0.02530, 0.02080, 0.02297, 0.02515, 0.02065, 0.02283, 0.02500, 0.02050, 0.02268, 0.02485, 0.02035, 0.02252, 0.02470, 0.02020, 0.02237, 0.02455, 0.02005, 0.02222, 0.02440, 0.01990, 0.02207, 0.02425, 0.01975, 0.02193, 0.02410, 0.01960, 0.02177, 0.02395, 0.01945, 0.02162, 0.02380, 0.01930, 0.02147, 0.02365, 0.01915, 0.02132, 0.02350, 0.01900, 0.02117, 0.02335, 0.01885, 0.02102, 0.02320, 0.01870, 0.02087, 0.02305, 0.02522, 0.02072, 0.02290, 0.02507, 0.01969, 0.02056, 0.02119, 0.01628, 0.01680, 0.01710, 0.01291],
                178: [0.00857, 0.01068, 0.01303, 0.01560, 0.01392, 0.01661, 0.01952, 0.01712, 0.02014, 0.02340, 0.02027, 0.02260, 0.02477, 0.02028, 0.02245, 0.02462, 0.02013, 0.02230, 0.02447, 0.01997, 0.02215, 0.02432, 0.01982, 0.02200, 0.02417, 0.01967, 0.02185, 0.02402, 0.01952, 0.02170, 0.02387, 0.01937, 0.02155, 0.02372, 0.01922, 0.02140, 0.02357, 0.01907, 0.02125, 0.02342, 0.01892, 0.02110, 0.02327, 0.01878, 0.02095, 0.02312, 0.02530, 0.02080, 0.02297, 0.02515, 0.02065, 0.02283, 0.02500, 0.02050, 0.02268, 0.02485, 0.02035, 0.02252, 0.02470, 0.02020, 0.02237, 0.02455, 0.02005, 0.02222, 0.02440, 0.01990, 0.02207, 0.02425, 0.01975, 0.02193, 0.02410, 0.01960, 0.02177, 0.02395, 0.01945, 0.02162, 0.02380, 0.01930, 0.02147, 0.02365, 0.01915, 0.02132, 0.02350, 0.01900, 0.02117, 0.02335, 0.01885, 0.02102, 0.02320, 0.01870, 0.02087, 0.02305, 0.02522, 0.02072, 0.02290, 0.02507, 0.02057, 0.02275, 0.02492, 0.02042, 0.02260, 0.02477, 0.02028, 0.02245, 0.02462, 0.02013, 0.02230, 0.02447, 0.01997, 0.02215, 0.02432, 0.01982, 0.02200, 0.02417, 0.01967, 0.02185, 0.02402, 0.01952, 0.02170, 0.02387, 0.01937, 0.02155, 0.02372, 0.01922, 0.02140, 0.02357, 0.01907, 0.02125, 0.02342, 0.01892, 0.02110, 0.02327, 0.01878, 0.02095, 0.02312, 0.02530, 0.02080, 0.02297, 0.02515, 0.02065, 0.02283, 0.02500, 0.02050, 0.02268, 0.02485, 0.02035, 0.02252, 0.02470, 0.02020, 0.02237, 0.02455, 0.02005, 0.02222, 0.02440, 0.01990, 0.02207, 0.02425, 0.01975, 0.02193, 0.02410, 0.01960, 0.02177, 0.02395, 0.01945, 0.02162, 0.02340, 0.01794, 0.01882, 0.01946, 0.01474, 0.01527, 0.01557, 0.01158, 0.01177, 0.01174, 0.00847, 0.00832, 0.00794, 0.00541, 0.00492, 0.00420, 0.00325, 0.00157, 0.00051, 0.00078, 0.00174, 0.00314, 0.00477, 0.00500, 0.00674, 0.00871, 0.00821],
                180: [0.01870, 0.02087, 0.02305, 0.02522, 0.02072, 0.02290, 0.02507, 0.02057, 0.02275, 0.02492, 0.02042, 0.02260, 0.02477, 0.02028, 0.02245, 0.02462, 0.02013, 0.02230, 0.02447, 0.01997, 0.02215, 0.02432, 0.01982, 0.02200, 0.02417, 0.01967, 0.02185, 0.02402, 0.01952, 0.02170, 0.02387, 0.01937, 0.02155, 0.02372, 0.01922, 0.02140, 0.02357, 0.01907, 0.02125, 0.02342, 0.01892, 0.02110, 0.02327, 0.01878, 0.02095, 0.02312, 0.02530, 0.02080, 0.02297, 0.02515, 0.02065, 0.02283, 0.02500, 0.02050, 0.02268, 0.02485, 0.02035, 0.02252, 0.02470, 0.02020, 0.02237, 0.02455, 0.02005, 0.02222, 0.02440, 0.01990, 0.02207, 0.02425, 0.01975, 0.02193, 0.02410, 0.01960, 0.02177, 0.02395, 0.01945, 0.02162, 0.02380, 0.01930, 0.02147, 0.02365, 0.01915, 0.02132, 0.02350, 0.01900, 0.02117, 0.02335, 0.01885, 0.02102, 0.02320, 0.01870, 0.02087, 0.02305, 0.02522, 0.02072, 0.02290, 0.02507, 0.02057, 0.02275, 0.02492, 0.02042, 0.02260, 0.02477, 0.02028, 0.02245, 0.02462, 0.02013, 0.02230, 0.02447, 0.01997, 0.02215, 0.02432, 0.01982, 0.02200, 0.02417, 0.01967, 0.02185, 0.02402, 0.01952, 0.02170, 0.02387, 0.01937, 0.02155, 0.02372, 0.01922, 0.02140, 0.02357, 0.01907, 0.02125, 0.02342, 0.01892, 0.02110, 0.02327, 0.01878, 0.02095, 0.02312, 0.02530, 0.02080, 0.02297, 0.02515, 0.02065, 0.02283, 0.02500, 0.02050, 0.02268, 0.02485, 0.02035, 0.02153, 0.02229, 0.01715, 0.01780, 0.01822, 0.01381, 0.01412, 0.01420, 0.01052, 0.01049, 0.01023, 0.00728, 0.00691, 0.00631, 0.00408, 0.00337, 0.00243, 0.00094, 0.00011, 0.00139, 0.00216, 0.00355, 0.00517, 0.00521, 0.00694, 0.00890, 0.00821, 0.01028, 0.01259, 0.01117, 0.01358, 0.01622, 0.01407, 0.01683, 0.01981, 0.02302, 0.02002, 0.02290, 0.02507, 0.02057, 0.02275, 0.02492, 0.02042, 0.02260, 0.02477, 0.02028],
                182: [0.01870, 0.02087, 0.02305, 0.02522, 0.02072, 0.02290, 0.02507, 0.02057, 0.02275, 0.02492, 0.02042, 0.02260, 0.02477, 0.02028, 0.02245, 0.02462, 0.02013, 0.02230, 0.02447, 0.01997, 0.02215, 0.02432, 0.01982, 0.02200, 0.02417, 0.01967, 0.02185, 0.02402, 0.01952, 0.02170, 0.02387, 0.01937, 0.02155, 0.02372, 0.01922, 0.02140, 0.02357, 0.01907, 0.02125, 0.02342, 0.01892, 0.02110, 0.02327, 0.01878, 0.02095, 0.02312, 0.02530, 0.02080, 0.02297, 0.02515, 0.02065, 0.02283, 0.02500, 0.02050, 0.02268, 0.02485, 0.02035, 0.02252, 0.02470, 0.02020, 0.02237, 0.02455, 0.02005, 0.02222, 0.02440, 0.01990, 0.02207, 0.02425, 0.01975, 0.02193, 0.02410, 0.01960, 0.02177, 0.02395, 0.01945, 0.02162, 0.02380, 0.01930, 0.02147, 0.02365, 0.01915, 0.02132, 0.02350, 0.01900, 0.02117, 0.02335, 0.01885, 0.02102, 0.02320, 0.01870, 0.02087, 0.02305, 0.02522, 0.02072, 0.02290, 0.02507, 0.02057, 0.02275, 0.02492, 0.02042, 0.02260, 0.02477, 0.02028, 0.02245, 0.02462, 0.02013, 0.02230, 0.02447, 0.01997, 0.02215, 0.02432, 0.01982, 0.02200, 0.02417, 0.01967, 0.02185, 0.02402, 0.01952, 0.02170, 0.02387, 0.01937, 0.02155, 0.02372, 0.01922, 0.02140, 0.02357, 0.01873, 0.01973, 0.02050, 0.01555, 0.01621, 0.01664, 0.01242, 0.01274, 0.01283, 0.01268, 0.00932, 0.00906, 0.00858, 0.00594, 0.00535, 0.00452, 0.00262, 0.00168, 0.00052, 0.00066, 0.00194, 0.00344, 0.00389, 0.00551, 0.00735, 0.00707, 0.00903, 0.01122, 0.01021, 0.01250, 0.01503, 0.01330, 0.01593, 0.01880, 0.01633, 0.01931, 0.02252, 0.01932, 0.02162, 0.02380, 0.01930, 0.02147, 0.02365, 0.01915, 0.02132, 0.02350, 0.01900, 0.02117, 0.02335, 0.01885, 0.02102, 0.02320, 0.01870, 0.02087, 0.02305, 0.02522, 0.02072, 0.02290, 0.02507, 0.02057, 0.02275, 0.02492, 0.02042, 0.02260, 0.02477, 0.02028],
                184: [0.01870, 0.02087, 0.02305, 0.02522, 0.02072, 0.02290, 0.02507, 0.02057, 0.02275, 0.02492, 0.02042, 0.02260, 0.02477, 0.02028, 0.02245, 0.02462, 0.02013, 0.02230, 0.02447, 0.01997, 0.02215, 0.02432, 0.01982, 0.02200, 0.02417, 0.01967, 0.02185, 0.02402, 0.01952, 0.02170, 0.02387, 0.01937, 0.02155, 0.02372, 0.01922, 0.02140, 0.02357, 0.01907, 0.02125, 0.02342, 0.01892, 0.02110, 0.02327, 0.01878, 0.02095, 0.02312, 0.02530, 0.02080, 0.02297, 0.02515, 0.02065, 0.02283, 0.02500, 0.02050, 0.02268, 0.02485, 0.02035, 0.02252, 0.02470, 0.02020, 0.02237, 0.02455, 0.02005, 0.02222, 0.02440, 0.01990, 0.02207, 0.02425, 0.01975, 0.02193, 0.02410, 0.01960, 0.02177, 0.02395, 0.01945, 0.02162, 0.02380, 0.01930, 0.02147, 0.02365, 0.01915, 0.02132, 0.02350, 0.01900, 0.02117, 0.02335, 0.01885, 0.02102, 0.02320, 0.01870, 0.02087, 0.02305, 0.02522, 0.02072, 0.02290, 0.02507, 0.02057, 0.02275, 0.02492, 0.02042, 0.02260, 0.02477, 0.02028, 0.02245, 0.02462, 0.02013, 0.02230, 0.02336, 0.01800, 0.01878, 0.01932, 0.01469, 0.01512, 0.01533, 0.01143, 0.01152, 0.01139, 0.00821, 0.00797, 0.00749, 0.00505, 0.00446, 0.00365, 0.00193, 0.00100, 0.00015, 0.00114, 0.00241, 0.00390, 0.00416, 0.00577, 0.00761, 0.00714, 0.00908, 0.01126, 0.01367, 0.01235, 0.01487, 0.01762, 0.01557, 0.01843, 0.02152, 0.01874, 0.02194, 0.02485, 0.02035, 0.02252, 0.02470, 0.02020, 0.02237, 0.02455, 0.02005, 0.02222, 0.02440, 0.01990, 0.02207, 0.02425, 0.01975, 0.02193, 0.02410, 0.01960, 0.02177, 0.02395, 0.01945, 0.02162, 0.02380, 0.01930, 0.02147, 0.02365, 0.01915, 0.02132, 0.02350, 0.01900, 0.02117, 0.02335, 0.01885, 0.02102, 0.02320, 0.01870, 0.02087, 0.02305, 0.02522, 0.02072, 0.02290, 0.02507, 0.02057, 0.02275, 0.02492, 0.02042, 0.02260, 0.02477, 0.02028],
                186: [0.01870, 0.02087, 0.02305, 0.02522, 0.02072, 0.02290, 0.02507, 0.02057, 0.02275, 0.02492, 0.02042, 0.02260, 0.02477, 0.02028, 0.02245, 0.02462, 0.02013, 0.02230, 0.02447, 0.01997, 0.02215, 0.02432, 0.01982, 0.02200, 0.02417, 0.01967, 0.02185, 0.02402, 0.01952, 0.02170, 0.02387, 0.01937, 0.02155, 0.02372, 0.01922, 0.02140, 0.02357, 0.01907, 0.02125, 0.02342, 0.01892, 0.02110, 0.02327, 0.01878, 0.02095, 0.02312, 0.02530, 0.02080, 0.02297, 0.02515, 0.02065, 0.02283, 0.02500, 0.02050, 0.02268, 0.02485, 0.02035, 0.02252, 0.02470, 0.02020, 0.02237, 0.02455, 0.02005, 0.02222, 0.02440, 0.01990, 0.02207, 0.02425, 0.01975, 0.02193, 0.02410, 0.01960, 0.02177, 0.02395, 0.01945, 0.02162, 0.02380, 0.01930, 0.02147, 0.02365, 0.01915, 0.02132, 0.02350, 0.01900, 0.02117, 0.02335, 0.01885, 0.02061, 0.02151, 0.01634, 0.01712, 0.01768, 0.01800, 0.01368, 0.01390, 0.01388, 0.01029, 0.01016, 0.00980, 0.00694, 0.00647, 0.00577, 0.00364, 0.00284, 0.00180, 0.00039, 0.00075, 0.00214, 0.00281, 0.00430, 0.00602, 0.00596, 0.00779, 0.00985, 0.00907, 0.01124, 0.01364, 0.01213, 0.01464, 0.01738, 0.01514, 0.01799, 0.02107, 0.01810, 0.02129, 0.02357, 0.01907, 0.02125, 0.02342, 0.01892, 0.02110, 0.02327, 0.01878, 0.02095, 0.02312, 0.02530, 0.02080, 0.02297, 0.02515, 0.02065, 0.02283, 0.02500, 0.02050, 0.02268, 0.02485, 0.02035, 0.02252, 0.02470, 0.02020, 0.02237, 0.02455, 0.02005, 0.02222, 0.02440, 0.01990, 0.02207, 0.02425, 0.01975, 0.02193, 0.02410, 0.01960, 0.02177, 0.02395, 0.01945, 0.02162, 0.02380, 0.01930, 0.02147, 0.02365, 0.01915, 0.02132, 0.02350, 0.01900, 0.02117, 0.02335, 0.01885, 0.02102, 0.02320, 0.01870, 0.02087, 0.02305, 0.02522, 0.02072, 0.02290, 0.02507, 0.02057, 0.02275, 0.02492, 0.02042, 0.02260, 0.02477, 0.02028],
                188: [0.01870, 0.02087, 0.02305, 0.02522, 0.02072, 0.02290, 0.02507, 0.02057, 0.02275, 0.02492, 0.02042, 0.02260, 0.02477, 0.02028, 0.02245, 0.02462, 0.02013, 0.02230, 0.02447, 0.01997, 0.02215, 0.02432, 0.01982, 0.02200, 0.02417, 0.01967, 0.02185, 0.02402, 0.01952, 0.02170, 0.02387, 0.01937, 0.02155, 0.02372, 0.01922, 0.02140, 0.02357, 0.01907, 0.02125, 0.02342, 0.01892, 0.02110, 0.02327, 0.01878, 0.02095, 0.02312, 0.02530, 0.02080, 0.02297, 0.02515, 0.02065, 0.02283, 0.02500, 0.02050, 0.02268, 0.02485, 0.02035, 0.02252, 0.02470, 0.02020, 0.02237, 0.02455, 0.02005, 0.02222, 0.02440, 0.01990, 0.02207, 0.02425, 0.01882, 0.01973, 0.02040, 0.01554, 0.01610, 0.01643, 0.01231, 0.01253, 0.01252, 0.00912, 0.00900, 0.00865, 0.00598, 0.00553, 0.00483, 0.00289, 0.00210, 0.00106, 0.00015, 0.00129, 0.00266, 0.00314, 0.00462, 0.00633, 0.00828, 0.00791, 0.00996, 0.01224, 0.01114, 0.01354, 0.01616, 0.01433, 0.01707, 0.02003, 0.01748, 0.02055, 0.02386, 0.02013, 0.02230, 0.02447, 0.01997, 0.02215, 0.02432, 0.01982, 0.02200, 0.02417, 0.01967, 0.02185, 0.02402, 0.01952, 0.02170, 0.02387, 0.01937, 0.02155, 0.02372, 0.01922, 0.02140, 0.02357, 0.01907, 0.02125, 0.02342, 0.01892, 0.02110, 0.02327, 0.01878, 0.02095, 0.02312, 0.02530, 0.02080, 0.02297, 0.02515, 0.02065, 0.02283, 0.02500, 0.02050, 0.02268, 0.02485, 0.02035, 0.02252, 0.02470, 0.02020, 0.02237, 0.02455, 0.02005, 0.02222, 0.02440, 0.01990, 0.02207, 0.02425, 0.01975, 0.02193, 0.02410, 0.01960, 0.02177, 0.02395, 0.01945, 0.02162, 0.02380, 0.01930, 0.02147, 0.02365, 0.01915, 0.02132, 0.02350, 0.01900, 0.02117, 0.02335, 0.01885, 0.02102, 0.02320, 0.01870, 0.02087, 0.02305, 0.02522, 0.02072, 0.02290, 0.02507, 0.02057, 0.02275, 0.02492, 0.02042, 0.02260, 0.02477, 0.02028],
                190: [0.01870, 0.02087, 0.02305, 0.02522, 0.02072, 0.02290, 0.02507, 0.02057, 0.02275, 0.02492, 0.02042, 0.02260, 0.02477, 0.02028, 0.02245, 0.02462, 0.02013, 0.02230, 0.02447, 0.01997, 0.02215, 0.02432, 0.01982, 0.02200, 0.02417, 0.01967, 0.02185, 0.02402, 0.01952, 0.02170, 0.02387, 0.01937, 0.02155, 0.02372, 0.01922, 0.02140, 0.02357, 0.01907, 0.02125, 0.02342, 0.01892, 0.02110, 0.02327, 0.01878, 0.02095, 0.02312, 0.02530, 0.02080, 0.02250, 0.02328, 0.01801, 0.01869, 0.01914, 0.01460, 0.01494, 0.01505, 0.01123, 0.01123, 0.01100, 0.00792, 0.00757, 0.00700, 0.00465, 0.00396, 0.00305, 0.00143, 0.00040, 0.00085, 0.00175, 0.00311, 0.00471, 0.00487, 0.00658, 0.00851, 0.00795, 0.01000, 0.01227, 0.01098, 0.01337, 0.01598, 0.01396, 0.01669, 0.01964, 0.01690, 0.01996, 0.02326, 0.01885, 0.02102, 0.02320, 0.01870, 0.02087, 0.02305, 0.02522, 0.02072, 0.02290, 0.02507, 0.02057, 0.02275, 0.02492, 0.02042, 0.02260, 0.02477, 0.02028, 0.02245, 0.02462, 0.02013, 0.02230, 0.02447, 0.01997, 0.02215, 0.02432, 0.01982, 0.02200, 0.02417, 0.01967, 0.02185, 0.02402, 0.01952, 0.02170, 0.02387, 0.01937, 0.02155, 0.02372, 0.01922, 0.02140, 0.02357, 0.01907, 0.02125, 0.02342, 0.01892, 0.02110, 0.02327, 0.01878, 0.02095, 0.02312, 0.02530, 0.02080, 0.02297, 0.02515, 0.02065, 0.02283, 0.02500, 0.02050, 0.02268, 0.02485, 0.02035, 0.02252, 0.02470, 0.02020, 0.02237, 0.02455, 0.02005, 0.02222, 0.02440, 0.01990, 0.02207, 0.02425, 0.01975, 0.02193, 0.02410, 0.01960, 0.02177, 0.02395, 0.01945, 0.02162, 0.02380, 0.01930, 0.02147, 0.02365, 0.01915, 0.02132, 0.02350, 0.01900, 0.02117, 0.02335, 0.01885, 0.02102, 0.02320, 0.01870, 0.02087, 0.02305, 0.02522, 0.02072, 0.02290, 0.02507, 0.02057, 0.02275, 0.02492, 0.02042, 0.02260, 0.02477, 0.02028],
                192: [0.01870, 0.02087, 0.02305, 0.02522, 0.02072, 0.02290, 0.02507, 0.02057, 0.02275, 0.02492, 0.02042, 0.02260, 0.02477, 0.02028, 0.02245, 0.02462, 0.02013, 0.02230, 0.02447, 0.01997, 0.02215, 0.02432, 0.01982, 0.02200, 0.02417, 0.01967, 0.02185, 0.02402, 0.01952, 0.02065, 0.02145, 0.01637, 0.01706, 0.01752, 0.01317, 0.01351, 0.01363, 0.01001, 0.01002, 0.00979, 0.00690, 0.00657, 0.00600, 0.00384, 0.00316, 0.00226, 0.00112, 0.00019, 0.00144, 0.00291, 0.00350, 0.00508, 0.00690, 0.00675, 0.00868, 0.01084, 0.00996, 0.01223, 0.01473, 0.01312, 0.01573, 0.01857, 0.01624, 0.01919, 0.02237, 0.01930, 0.02207, 0.02425, 0.01975, 0.02193, 0.02410, 0.01960, 0.02177, 0.02395, 0.01945, 0.02162, 0.02380, 0.01930, 0.02147, 0.02365, 0.01915, 0.02132, 0.02350, 0.01900, 0.02117, 0.02335, 0.01885, 0.02102, 0.02320, 0.01870, 0.02087, 0.02305, 0.02522, 0.02072, 0.02290, 0.02507, 0.02057, 0.02275, 0.02492, 0.02042, 0.02260, 0.02477, 0.02028, 0.02245, 0.02462, 0.02013, 0.02230, 0.02447, 0.01997, 0.02215, 0.02432, 0.01982, 0.02200, 0.02417, 0.01967, 0.02185, 0.02402, 0.01952, 0.02170, 0.02387, 0.01937, 0.02155, 0.02372, 0.01922, 0.02140, 0.02357, 0.01907, 0.02125, 0.02342, 0.01892, 0.02110, 0.02327, 0.01878, 0.02095, 0.02312, 0.02530, 0.02080, 0.02297, 0.02515, 0.02065, 0.02283, 0.02500, 0.02050, 0.02268, 0.02485, 0.02035, 0.02252, 0.02470, 0.02020, 0.02237, 0.02455, 0.02005, 0.02222, 0.02440, 0.01990, 0.02207, 0.02425, 0.01975, 0.02193, 0.02410, 0.01960, 0.02177, 0.02395, 0.01945, 0.02162, 0.02380, 0.01930, 0.02147, 0.02365, 0.01915, 0.02132, 0.02350, 0.01900, 0.02117, 0.02335, 0.01885, 0.02102, 0.02320, 0.01870, 0.02087, 0.02305, 0.02522, 0.02072, 0.02290, 0.02507, 0.02057, 0.02275, 0.02492, 0.02042, 0.02260, 0.02477, 0.02028],
                194: [0.01870, 0.02087, 0.02305, 0.02522, 0.02072, 0.02290, 0.02507, 0.02057, 0.02275, 0.02437, 0.01888, 0.01969, 0.02026, 0.01550, 0.01596, 0.01619, 0.01216, 0.01228, 0.01217, 0.00887, 0.00865, 0.00820, 0.00563, 0.00507, 0.00428, 0.00243, 0.00154, 0.00041, 0.00071, 0.00195, 0.00342, 0.00381, 0.00539, 0.00720, 0.00686, 0.00878, 0.01093, 0.00986, 0.01212, 0.01461, 0.01281, 0.01541, 0.01824, 0.01572, 0.01866, 0.02183, 0.02523, 0.02080, 0.02297, 0.02515, 0.02065, 0.02283, 0.02500, 0.02050, 0.02268, 0.02485, 0.02035, 0.02252, 0.02470, 0.02020, 0.02237, 0.02455, 0.02005, 0.02222, 0.02440, 0.01990, 0.02207, 0.02425, 0.01975, 0.02193, 0.02410, 0.01960, 0.02177, 0.02395, 0.01945, 0.02162, 0.02380, 0.01930, 0.02147, 0.02365, 0.01915, 0.02132, 0.02350, 0.01900, 0.02117, 0.02335, 0.01885, 0.02102, 0.02320, 0.01870, 0.02087, 0.02305, 0.02522, 0.02072, 0.02290, 0.02507, 0.02057, 0.02275, 0.02492, 0.02042, 0.02260, 0.02477, 0.02028, 0.02245, 0.02462, 0.02013, 0.02230, 0.02447, 0.01997, 0.02215, 0.02432, 0.01982, 0.02200, 0.02417, 0.01967, 0.02185, 0.02402, 0.01952, 0.02170, 0.02387, 0.01937, 0.02155, 0.02372, 0.01922, 0.02140, 0.02357, 0.01907, 0.02125, 0.02342, 0.01892, 0.02110, 0.02327, 0.01878, 0.02095, 0.02312, 0.02530, 0.02080, 0.02297, 0.02515, 0.02065, 0.02283, 0.02500, 0.02050, 0.02268, 0.02485, 0.02035, 0.02252, 0.02470, 0.02020, 0.02237, 0.02455, 0.02005, 0.02222, 0.02440, 0.01990, 0.02207, 0.02425, 0.01975, 0.02193, 0.02410, 0.01960, 0.02177, 0.02395, 0.01945, 0.02162, 0.02380, 0.01930, 0.02147, 0.02365, 0.01915, 0.02132, 0.02350, 0.01900, 0.02117, 0.02335, 0.01885, 0.02102, 0.02320, 0.01870, 0.02087, 0.02305, 0.02522, 0.02072, 0.02290, 0.02507, 0.02057, 0.02275, 0.02492, 0.02042, 0.02260, 0.02477, 0.02028],
                196: [0.00779, 0.00758, 0.00714, 0.00647, 0.00421, 0.00343, 0.00242, 0.00088, 0.00024, 0.00159, 0.00239, 0.00385, 0.00555, 0.00562, 0.00742, 0.00946, 0.00880, 0.01095, 0.01332, 0.01194, 0.01442, 0.01714, 0.01502, 0.01785, 0.02090, 0.01806, 0.02122, 0.02402, 0.01952, 0.02170, 0.02387, 0.01937, 0.02155, 0.02372, 0.01922, 0.02140, 0.02357, 0.01907, 0.02125, 0.02342, 0.01892, 0.02110, 0.02327, 0.01878, 0.02095, 0.02312, 0.02530, 0.02080, 0.02297, 0.02515, 0.02065, 0.02283, 0.02500, 0.02050, 0.02268, 0.02485, 0.02035, 0.02252, 0.02470, 0.02020, 0.02237, 0.02455, 0.02005, 0.02222, 0.02440, 0.01990, 0.02207, 0.02425, 0.01975, 0.02193, 0.02410, 0.01960, 0.02177, 0.02395, 0.01945, 0.02162, 0.02380, 0.01930, 0.02147, 0.02365, 0.01915, 0.02132, 0.02350, 0.01900, 0.02117, 0.02335, 0.01885, 0.02102, 0.02320, 0.01870, 0.02087, 0.02305, 0.02522, 0.02072, 0.02290, 0.02507, 0.02057, 0.02275, 0.02492, 0.02042, 0.02260, 0.02477, 0.02028, 0.02245, 0.02462, 0.02013, 0.02230, 0.02447, 0.01997, 0.02215, 0.02432, 0.01982, 0.02200, 0.02417, 0.01967, 0.02185, 0.02402, 0.01952, 0.02170, 0.02387, 0.01937, 0.02155, 0.02372, 0.01922, 0.02140, 0.02357, 0.01907, 0.02125, 0.02342, 0.01892, 0.02110, 0.02327, 0.01878, 0.02095, 0.02312, 0.02530, 0.02080, 0.02297, 0.02515, 0.02065, 0.02283, 0.02500, 0.02050, 0.02268, 0.02485, 0.02035, 0.02252, 0.02470, 0.02020, 0.02237, 0.02455, 0.02005, 0.02222, 0.02440, 0.01990, 0.02207, 0.02425, 0.01975, 0.02193, 0.02410, 0.01960, 0.02177, 0.02395, 0.01945, 0.02162, 0.02380, 0.01930, 0.02147, 0.02365, 0.01915, 0.02132, 0.02350, 0.01900, 0.02117, 0.02335, 0.01885, 0.02102, 0.02320, 0.01870, 0.02087, 0.02305, 0.02522, 0.01970, 0.02054, 0.02116, 0.01626, 0.01677, 0.01704, 0.01287, 0.01304, 0.01297, 0.00953],
                198: [0.01169, 0.01416, 0.01687, 0.01981, 0.01738, 0.02043, 0.02370, 0.02055, 0.02275, 0.02492, 0.02042, 0.02260, 0.02477, 0.02028, 0.02245, 0.02462, 0.02013, 0.02230, 0.02447, 0.01997, 0.02215, 0.02432, 0.01982, 0.02200, 0.02417, 0.01967, 0.02185, 0.02402, 0.01952, 0.02170, 0.02387, 0.01937, 0.02155, 0.02372, 0.01922, 0.02140, 0.02357, 0.01907, 0.02125, 0.02342, 0.01892, 0.02110, 0.02327, 0.01878, 0.02095, 0.02312, 0.02530, 0.02080, 0.02297, 0.02515, 0.02065, 0.02283, 0.02500, 0.02050, 0.02268, 0.02485, 0.02035, 0.02252, 0.02470, 0.02020, 0.02237, 0.02455, 0.02005, 0.02222, 0.02440, 0.01990, 0.02207, 0.02425, 0.01975, 0.02193, 0.02410, 0.01960, 0.02177, 0.02395, 0.01945, 0.02162, 0.02380, 0.01930, 0.02147, 0.02365, 0.01915, 0.02132, 0.02350, 0.01900, 0.02117, 0.02335, 0.01885, 0.02102, 0.02320, 0.01870, 0.02087, 0.02305, 0.02522, 0.02072, 0.02290, 0.02507, 0.02057, 0.02275, 0.02492, 0.02042, 0.02260, 0.02477, 0.02028, 0.02245, 0.02462, 0.02013, 0.02230, 0.02447, 0.01997, 0.02215, 0.02432, 0.01982, 0.02200, 0.02417, 0.01967, 0.02185, 0.02402, 0.01952, 0.02170, 0.02387, 0.01937, 0.02155, 0.02372, 0.01922, 0.02140, 0.02357, 0.01907, 0.02125, 0.02342, 0.01892, 0.02110, 0.02327, 0.01878, 0.02095, 0.02312, 0.02530, 0.02080, 0.02297, 0.02515, 0.02065, 0.02283, 0.02500, 0.02050, 0.02268, 0.02485, 0.02035, 0.02252, 0.02470, 0.02020, 0.02237, 0.02455, 0.02005, 0.02222, 0.02440, 0.01990, 0.02207, 0.02425, 0.01975, 0.02193, 0.02410, 0.01960, 0.02177, 0.02339, 0.01796, 0.01881, 0.01943, 0.01473, 0.01524, 0.01552, 0.01154, 0.01172, 0.01166, 0.00841, 0.00824, 0.00784, 0.00533, 0.00482, 0.00408, 0.00229, 0.00144, 0.00036, 0.00095, 0.00189, 0.00331, 0.00496, 0.00517, 0.00693, 0.00892, 0.00840, 0.01051, 0.01284, 0.01159],
                200: [0.01870, 0.02087, 0.02305, 0.02522, 0.02072, 0.02290, 0.02507, 0.02057, 0.02275, 0.02492, 0.02042, 0.02260, 0.02477, 0.02028, 0.02245, 0.02462, 0.02013, 0.02230, 0.02447, 0.01997, 0.02215, 0.02432, 0.01982, 0.02200, 0.02417, 0.01967, 0.02185, 0.02402, 0.01952, 0.02170, 0.02387, 0.01937, 0.02155, 0.02372, 0.01922, 0.02140, 0.02357, 0.01907, 0.02125, 0.02342, 0.01892, 0.02110, 0.02327, 0.01878, 0.02095, 0.02312, 0.02530, 0.02080, 0.02297, 0.02515, 0.02065, 0.02283, 0.02500, 0.02050, 0.02268, 0.02485, 0.02035, 0.02252, 0.02470, 0.02020, 0.02237, 0.02455, 0.02005, 0.02222, 0.02440, 0.01990, 0.02207, 0.02425, 0.01975, 0.02193, 0.02410, 0.01960, 0.02177, 0.02395, 0.01945, 0.02162, 0.02380, 0.01930, 0.02147, 0.02365, 0.01915, 0.02132, 0.02350, 0.01900, 0.02117, 0.02335, 0.01885, 0.02102, 0.02320, 0.01870, 0.02087, 0.02305, 0.02522, 0.02072, 0.02290, 0.02507, 0.02057, 0.02275, 0.02492, 0.02042, 0.02260, 0.02477, 0.02028, 0.02245, 0.02462, 0.02013, 0.02230, 0.02447, 0.01997, 0.02215, 0.02432, 0.01982, 0.02200, 0.02417, 0.01967, 0.02185, 0.02402, 0.01952, 0.02170, 0.02387, 0.01937, 0.02155, 0.02372, 0.01922, 0.02140, 0.02357, 0.01907, 0.02125, 0.02342, 0.01892, 0.02110, 0.02327, 0.01878, 0.02095, 0.02312, 0.02530, 0.02080, 0.02297, 0.02515, 0.02065, 0.02283, 0.02500, 0.02050, 0.02152, 0.02226, 0.01714, 0.01777, 0.01817, 0.01378, 0.01407, 0.01413, 0.01047, 0.01042, 0.01013, 0.00720, 0.00681, 0.00619, 0.00399, 0.00325, 0.00229, 0.00082, 0.00026, 0.00156, 0.00230, 0.00372, 0.00536, 0.00538, 0.00713, 0.00912, 0.00840, 0.01050, 0.01282, 0.01138, 0.01381, 0.01648, 0.01431, 0.01708, 0.02009, 0.01719, 0.02030, 0.02305, 0.02522, 0.02072, 0.02290, 0.02507, 0.02057, 0.02275, 0.02492, 0.02042, 0.02260, 0.02477, 0.02028],
                202: [0.01870, 0.02087, 0.02305, 0.02522, 0.02072, 0.02290, 0.02507, 0.02057, 0.02275, 0.02492, 0.02042, 0.02260, 0.02477, 0.02028, 0.02245, 0.02462, 0.02013, 0.02230, 0.02447, 0.01997, 0.02215, 0.02432, 0.01982, 0.02200, 0.02417, 0.01967, 0.02185, 0.02402, 0.01952, 0.02170, 0.02387, 0.01937, 0.02155, 0.02372, 0.01922, 0.02140, 0.02357, 0.01907, 0.02125, 0.02342, 0.01892, 0.02110, 0.02327, 0.01878, 0.02095, 0.02312, 0.02530, 0.02080, 0.02297, 0.02515, 0.02065, 0.02283, 0.02500, 0.02050, 0.02268, 0.02485, 0.02035, 0.02252, 0.02470, 0.02020, 0.02237, 0.02455, 0.02005, 0.02222, 0.02440, 0.01990, 0.02207, 0.02425, 0.01975, 0.02193, 0.02410, 0.01960, 0.02177, 0.02395, 0.01945, 0.02162, 0.02380, 0.01930, 0.02147, 0.02365, 0.01915, 0.02132, 0.02350, 0.01900, 0.02117, 0.02335, 0.01885, 0.02102, 0.02320, 0.01870, 0.02087, 0.02305, 0.02522, 0.02072, 0.02290, 0.02507, 0.02057, 0.02275, 0.02492, 0.02042, 0.02260, 0.02477, 0.02028, 0.02245, 0.02462, 0.02013, 0.02230, 0.02447, 0.01997, 0.02215, 0.02432, 0.01982, 0.02200, 0.02417, 0.01967, 0.02185, 0.02402, 0.01952, 0.02170, 0.02387, 0.01937, 0.02155, 0.02372, 0.01875, 0.01973, 0.02047, 0.01555, 0.01619, 0.01659, 0.01239, 0.01269, 0.01276, 0.00929, 0.00925, 0.00897, 0.00847, 0.00585, 0.00524, 0.00439, 0.00250, 0.00155, 0.00036, 0.00080, 0.00210, 0.00362, 0.00405, 0.00569, 0.00756, 0.00726, 0.00924, 0.01144, 0.01042, 0.01273, 0.01528, 0.01353, 0.01618, 0.01907, 0.01659, 0.01958, 0.02281, 0.01960, 0.02177, 0.02395, 0.01945, 0.02162, 0.02380, 0.01930, 0.02147, 0.02365, 0.01915, 0.02132, 0.02350, 0.01900, 0.02117, 0.02335, 0.01885, 0.02102, 0.02320, 0.01870, 0.02087, 0.02305, 0.02522, 0.02072, 0.02290, 0.02507, 0.02057, 0.02275, 0.02492, 0.02042, 0.02260, 0.02477, 0.02028],
                204: [0.01870, 0.02087, 0.02305, 0.02522, 0.02072, 0.02290, 0.02507, 0.02057, 0.02275, 0.02492, 0.02042, 0.02260, 0.02477, 0.02028, 0.02245, 0.02462, 0.02013, 0.02230, 0.02447, 0.01997, 0.02215, 0.02432, 0.01982, 0.02200, 0.02417, 0.01967, 0.02185, 0.02402, 0.01952, 0.02170, 0.02387, 0.01937, 0.02155, 0.02372, 0.01922, 0.02140, 0.02357, 0.01907, 0.02125, 0.02342, 0.01892, 0.02110, 0.02327, 0.01878, 0.02095, 0.02312, 0.02530, 0.02080, 0.02297, 0.02515, 0.02065, 0.02283, 0.02500, 0.02050, 0.02268, 0.02485, 0.02035, 0.02252, 0.02470, 0.02020, 0.02237, 0.02455, 0.02005, 0.02222, 0.02440, 0.01990, 0.02207, 0.02425, 0.01975, 0.02193, 0.02410, 0.01960, 0.02177, 0.02395, 0.01945, 0.02162, 0.02380, 0.01930, 0.02147, 0.02365, 0.01915, 0.02132, 0.02350, 0.01900, 0.02117, 0.02335, 0.01885, 0.02102, 0.02320, 0.01870, 0.02087, 0.02305, 0.02522, 0.02072, 0.02290, 0.02507, 0.02057, 0.02275, 0.02492, 0.02042, 0.02260, 0.02477, 0.02028, 0.02245, 0.02334, 0.01800, 0.01876, 0.01928, 0.01467, 0.01508, 0.01527, 0.01138, 0.01146, 0.01130, 0.00815, 0.00788, 0.00738, 0.00496, 0.00435, 0.00351, 0.00182, 0.00087, 0.00031, 0.00128, 0.00256, 0.00408, 0.00432, 0.00595, 0.00781, 0.00732, 0.00929, 0.01149, 0.01027, 0.01258, 0.01512, 0.01789, 0.01582, 0.01870, 0.02181, 0.01901, 0.02223, 0.02500, 0.02050, 0.02268, 0.02485, 0.02035, 0.02252, 0.02470, 0.02020, 0.02237, 0.02455, 0.02005, 0.02222, 0.02440, 0.01990, 0.02207, 0.02425, 0.01975, 0.02193, 0.02410, 0.01960, 0.02177, 0.02395, 0.01945, 0.02162, 0.02380, 0.01930, 0.02147, 0.02365, 0.01915, 0.02132, 0.02350, 0.01900, 0.02117, 0.02335, 0.01885, 0.02102, 0.02320, 0.01870, 0.02087, 0.02305, 0.02522, 0.02072, 0.02290, 0.02507, 0.02057, 0.02275, 0.02492, 0.02042, 0.02260, 0.02477, 0.02028],
                206: [0.01870, 0.02087, 0.02305, 0.02522, 0.02072, 0.02290, 0.02507, 0.02057, 0.02275, 0.02492, 0.02042, 0.02260, 0.02477, 0.02028, 0.02245, 0.02462, 0.02013, 0.02230, 0.02447, 0.01997, 0.02215, 0.02432, 0.01982, 0.02200, 0.02417, 0.01967, 0.02185, 0.02402, 0.01952, 0.02170, 0.02387, 0.01937, 0.02155, 0.02372, 0.01922, 0.02140, 0.02357, 0.01907, 0.02125, 0.02342, 0.01892, 0.02110, 0.02327, 0.01878, 0.02095, 0.02312, 0.02530, 0.02080, 0.02297, 0.02515, 0.02065, 0.02283, 0.02500, 0.02050, 0.02268, 0.02485, 0.02035, 0.02252, 0.02470, 0.02020, 0.02237, 0.02455, 0.02005, 0.02222, 0.02440, 0.01990, 0.02207, 0.02425, 0.01975, 0.02193, 0.02410, 0.01960, 0.02177, 0.02395, 0.01945, 0.02162, 0.02380, 0.01930, 0.02147, 0.02365, 0.01915, 0.02132, 0.02350, 0.01900, 0.02062, 0.02150, 0.01635, 0.01711, 0.01764, 0.01322, 0.01364, 0.01384, 0.01379, 0.01023, 0.01008, 0.00970, 0.00686, 0.00637, 0.00565, 0.00354, 0.00271, 0.00165, 0.00026, 0.00091, 0.00231, 0.00296, 0.00447, 0.00621, 0.00614, 0.00799, 0.01007, 0.00927, 0.01146, 0.01388, 0.01235, 0.01488, 0.01764, 0.01538, 0.01825, 0.02136, 0.01837, 0.02155, 0.02372, 0.01922, 0.02140, 0.02357, 0.01907, 0.02125, 0.02342, 0.01892, 0.02110, 0.02327, 0.01878, 0.02095, 0.02312, 0.02530, 0.02080, 0.02297, 0.02515, 0.02065, 0.02283, 0.02500, 0.02050, 0.02268, 0.02485, 0.02035, 0.02252, 0.02470, 0.02020, 0.02237, 0.02455, 0.02005, 0.02222, 0.02440, 0.01990, 0.02207, 0.02425, 0.01975, 0.02193, 0.02410, 0.01960, 0.02177, 0.02395, 0.01945, 0.02162, 0.02380, 0.01930, 0.02147, 0.02365, 0.01915, 0.02132, 0.02350, 0.01900, 0.02117, 0.02335, 0.01885, 0.02102, 0.02320, 0.01870, 0.02087, 0.02305, 0.02522, 0.02072, 0.02290, 0.02507, 0.02057, 0.02275, 0.02492, 0.02042, 0.02260, 0.02477, 0.02028],
                208: [0.01870, 0.02087, 0.02305, 0.02522, 0.02072, 0.02290, 0.02507, 0.02057, 0.02275, 0.02492, 0.02042, 0.02260, 0.02477, 0.02028, 0.02245, 0.02462, 0.02013, 0.02230, 0.02447, 0.01997, 0.02215, 0.02432, 0.01982, 0.02200, 0.02417, 0.01967, 0.02185, 0.02402, 0.01952, 0.02170, 0.02387, 0.01937, 0.02155, 0.02372, 0.01922, 0.02140, 0.02357, 0.01907, 0.02125, 0.02342, 0.01892, 0.02110, 0.02327, 0.01878, 0.02095, 0.02312, 0.02530, 0.02080, 0.02297, 0.02515, 0.02065, 0.02283, 0.02500, 0.02050, 0.02268, 0.02485, 0.02035, 0.02252, 0.02470, 0.02020, 0.02237, 0.02455, 0.02005, 0.02222, 0.02440, 0.01884, 0.01972, 0.02037, 0.01553, 0.01607, 0.01638, 0.01228, 0.01248, 0.01244, 0.00907, 0.00893, 0.00855, 0.00591, 0.00542, 0.00471, 0.00279, 0.00197, 0.00092, 0.00027, 0.00143, 0.00283, 0.00329, 0.00479, 0.00652, 0.00626, 0.00810, 0.01017, 0.01248, 0.01136, 0.01378, 0.01642, 0.01457, 0.01733, 0.02032, 0.01774, 0.02083, 0.02416, 0.02028, 0.02245, 0.02462, 0.02013, 0.02230, 0.02447, 0.01997, 0.02215, 0.02432, 0.01982, 0.02200, 0.02417, 0.01967, 0.02185, 0.02402, 0.01952, 0.02170, 0.02387, 0.01937, 0.02155, 0.02372, 0.01922, 0.02140, 0.02357, 0.01907, 0.02125, 0.02342, 0.01892, 0.02110, 0.02327, 0.01878, 0.02095, 0.02312, 0.02530, 0.02080, 0.02297, 0.02515, 0.02065, 0.02283, 0.02500, 0.02050, 0.02268, 0.02485, 0.02035, 0.02252, 0.02470, 0.02020, 0.02237, 0.02455, 0.02005, 0.02222, 0.02440, 0.01990, 0.02207, 0.02425, 0.01975, 0.02193, 0.02410, 0.01960, 0.02177, 0.02395, 0.01945, 0.02162, 0.02380, 0.01930, 0.02147, 0.02365, 0.01915, 0.02132, 0.02350, 0.01900, 0.02117, 0.02335, 0.01885, 0.02102, 0.02320, 0.01870, 0.02087, 0.02305, 0.02522, 0.02072, 0.02290, 0.02507, 0.02057, 0.02275, 0.02492, 0.02042, 0.02260, 0.02477, 0.02028],
                210: [0.01870, 0.02087, 0.02305, 0.02522, 0.02072, 0.02290, 0.02507, 0.02057, 0.02275, 0.02492, 0.02042, 0.02260, 0.02477, 0.02028, 0.02245, 0.02462, 0.02013, 0.02230, 0.02447, 0.01997, 0.02215, 0.02432, 0.01982, 0.02200, 0.02417, 0.01967, 0.02185, 0.02402, 0.01952, 0.02170, 0.02387, 0.01937, 0.02155, 0.02372, 0.01922, 0.02140, 0.02357, 0.01907, 0.02125, 0.02342, 0.01892, 0.02110, 0.02327, 0.01878, 0.02095, 0.02249, 0.02326, 0.01801, 0.01867, 0.01909, 0.01457, 0.01489, 0.01497, 0.01118, 0.01116, 0.01090, 0.00784, 0.00748, 0.00688, 0.00455, 0.00385, 0.00291, 0.00131, 0.00026, 0.00102, 0.00189, 0.00328, 0.00489, 0.00504, 0.00677, 0.00872, 0.00814, 0.01021, 0.01251, 0.01119, 0.01360, 0.01624, 0.01420, 0.01695, 0.01992, 0.01716, 0.02024, 0.02350, 0.01900, 0.02117, 0.02335, 0.01885, 0.02102, 0.02320, 0.01870, 0.02087, 0.02305, 0.02522, 0.02072, 0.02290, 0.02507, 0.02057, 0.02275, 0.02492, 0.02042, 0.02260, 0.02477, 0.02028, 0.02245, 0.02462, 0.02013, 0.02230, 0.02447, 0.01997, 0.02215, 0.02432, 0.01982, 0.02200, 0.02417, 0.01967, 0.02185, 0.02402, 0.01952, 0.02170, 0.02387, 0.01937, 0.02155, 0.02372, 0.01922, 0.02140, 0.02357, 0.01907, 0.02125, 0.02342, 0.01892, 0.02110, 0.02327, 0.01878, 0.02095, 0.02312, 0.02530, 0.02080, 0.02297, 0.02515, 0.02065, 0.02283, 0.02500, 0.02050, 0.02268, 0.02485, 0.02035, 0.02252, 0.02470, 0.02020, 0.02237, 0.02455, 0.02005, 0.02222, 0.02440, 0.01990, 0.02207, 0.02425, 0.01975, 0.02193, 0.02410, 0.01960, 0.02177, 0.02395, 0.01945, 0.02162, 0.02380, 0.01930, 0.02147, 0.02365, 0.01915, 0.02132, 0.02350, 0.01900, 0.02117, 0.02335, 0.01885, 0.02102, 0.02320, 0.01870, 0.02087, 0.02305, 0.02522, 0.02072, 0.02290, 0.02507, 0.02057, 0.02275, 0.02492, 0.02042, 0.02260, 0.02477, 0.02028],
                212: [0.01870, 0.02087, 0.02305, 0.02522, 0.02072, 0.02290, 0.02507, 0.02057, 0.02275, 0.02492, 0.02042, 0.02260, 0.02477, 0.02028, 0.02245, 0.02462, 0.02013, 0.02230, 0.02447, 0.01997, 0.02215, 0.02432, 0.01982, 0.02200, 0.02417, 0.01965, 0.02066, 0.02143, 0.01637, 0.01704, 0.01747, 0.01314, 0.01347, 0.01356, 0.00996, 0.00995, 0.00970, 0.00683, 0.00647, 0.00589, 0.00375, 0.00305, 0.00212, 0.00071, 0.00033, 0.00160, 0.00310, 0.00366, 0.00527, 0.00711, 0.00694, 0.00889, 0.01107, 0.01017, 0.01246, 0.01498, 0.01335, 0.01598, 0.01885, 0.01649, 0.01946, 0.02266, 0.01958, 0.02222, 0.02440, 0.01990, 0.02207, 0.02425, 0.01975, 0.02193, 0.02410, 0.01960, 0.02177, 0.02395, 0.01945, 0.02162, 0.02380, 0.01930, 0.02147, 0.02365, 0.01915, 0.02132, 0.02350, 0.01900, 0.02117, 0.02335, 0.01885, 0.02102, 0.02320, 0.01870, 0.02087, 0.02305, 0.02522, 0.02072, 0.02290, 0.02507, 0.02057, 0.02275, 0.02492, 0.02042, 0.02260, 0.02477, 0.02028, 0.02245, 0.02462, 0.02013, 0.02230, 0.02447, 0.01997, 0.02215, 0.02432, 0.01982, 0.02200, 0.02417, 0.01967, 0.02185, 0.02402, 0.01952, 0.02170, 0.02387, 0.01937, 0.02155, 0.02372, 0.01922, 0.02140, 0.02357, 0.01907, 0.02125, 0.02342, 0.01892, 0.02110, 0.02327, 0.01878, 0.02095, 0.02312, 0.02530, 0.02080, 0.02297, 0.02515, 0.02065, 0.02283, 0.02500, 0.02050, 0.02268, 0.02485, 0.02035, 0.02252, 0.02470, 0.02020, 0.02237, 0.02455, 0.02005, 0.02222, 0.02440, 0.01990, 0.02207, 0.02425, 0.01975, 0.02193, 0.02410, 0.01960, 0.02177, 0.02395, 0.01945, 0.02162, 0.02380, 0.01930, 0.02147, 0.02365, 0.01915, 0.02132, 0.02350, 0.01900, 0.02117, 0.02335, 0.01885, 0.02102, 0.02320, 0.01870, 0.02087, 0.02305, 0.02522, 0.02072, 0.02290, 0.02507, 0.02057, 0.02275, 0.02492, 0.02042, 0.02260, 0.02477, 0.02028],
                214: [0.01870, 0.02087, 0.02305, 0.02522, 0.02072, 0.02290, 0.02436, 0.01889, 0.01967, 0.02022, 0.01548, 0.01592, 0.01613, 0.01212, 0.01222, 0.01209, 0.00880, 0.00857, 0.00809, 0.00554, 0.00496, 0.00415, 0.00232, 0.00140, 0.00025, 0.00085, 0.00211, 0.00360, 0.00397, 0.00557, 0.00740, 0.00704, 0.00898, 0.01115, 0.01006, 0.01234, 0.01486, 0.01304, 0.01566, 0.01851, 0.01597, 0.01893, 0.02212, 0.01878, 0.02095, 0.02312, 0.02530, 0.02080, 0.02297, 0.02515, 0.02065, 0.02283, 0.02500, 0.02050, 0.02268, 0.02485, 0.02035, 0.02252, 0.02470, 0.02020, 0.02237, 0.02455, 0.02005, 0.02222, 0.02440, 0.01990, 0.02207, 0.02425, 0.01975, 0.02193, 0.02410, 0.01960, 0.02177, 0.02395, 0.01945, 0.02162, 0.02380, 0.01930, 0.02147, 0.02365, 0.01915, 0.02132, 0.02350, 0.01900, 0.02117, 0.02335, 0.01885, 0.02102, 0.02320, 0.01870, 0.02087, 0.02305, 0.02522, 0.02072, 0.02290, 0.02507, 0.02057, 0.02275, 0.02492, 0.02042, 0.02260, 0.02477, 0.02028, 0.02245, 0.02462, 0.02013, 0.02230, 0.02447, 0.01997, 0.02215, 0.02432, 0.01982, 0.02200, 0.02417, 0.01967, 0.02185, 0.02402, 0.01952, 0.02170, 0.02387, 0.01937, 0.02155, 0.02372, 0.01922, 0.02140, 0.02357, 0.01907, 0.02125, 0.02342, 0.01892, 0.02110, 0.02327, 0.01878, 0.02095, 0.02312, 0.02530, 0.02080, 0.02297, 0.02515, 0.02065, 0.02283, 0.02500, 0.02050, 0.02268, 0.02485, 0.02035, 0.02252, 0.02470, 0.02020, 0.02237, 0.02455, 0.02005, 0.02222, 0.02440, 0.01990, 0.02207, 0.02425, 0.01975, 0.02193, 0.02410, 0.01960, 0.02177, 0.02395, 0.01945, 0.02162, 0.02380, 0.01930, 0.02147, 0.02365, 0.01915, 0.02132, 0.02350, 0.01900, 0.02117, 0.02335, 0.01885, 0.02102, 0.02320, 0.01870, 0.02087, 0.02305, 0.02522, 0.02072, 0.02290, 0.02507, 0.02057, 0.02275, 0.02492, 0.02042, 0.02260, 0.02477, 0.02028],
                216: [0.00467, 0.00410, 0.00330, 0.00227, 0.00076, 0.00039, 0.00176, 0.00255, 0.00403, 0.00574, 0.00580, 0.00762, 0.00968, 0.00900, 0.01117, 0.01356, 0.01216, 0.01466, 0.01740, 0.01527, 0.01811, 0.02119, 0.01833, 0.02151, 0.02417, 0.01967, 0.02185, 0.02402, 0.01952, 0.02170, 0.02387, 0.01937, 0.02155, 0.02372, 0.01922, 0.02140, 0.02357, 0.01907, 0.02125, 0.02342, 0.01892, 0.02110, 0.02327, 0.01878, 0.02095, 0.02312, 0.02530, 0.02080, 0.02297, 0.02515, 0.02065, 0.02283, 0.02500, 0.02050, 0.02268, 0.02485, 0.02035, 0.02252, 0.02470, 0.02020, 0.02237, 0.02455, 0.02005, 0.02222, 0.02440, 0.01990, 0.02207, 0.02425, 0.01975, 0.02193, 0.02410, 0.01960, 0.02177, 0.02395, 0.01945, 0.02162, 0.02380, 0.01930, 0.02147, 0.02365, 0.01915, 0.02132, 0.02350, 0.01900, 0.02117, 0.02335, 0.01885, 0.02102, 0.02320, 0.01870, 0.02087, 0.02305, 0.02522, 0.02072, 0.02290, 0.02507, 0.02057, 0.02275, 0.02492, 0.02042, 0.02260, 0.02477, 0.02028, 0.02245, 0.02462, 0.02013, 0.02230, 0.02447, 0.01997, 0.02215, 0.02432, 0.01982, 0.02200, 0.02417, 0.01967, 0.02185, 0.02402, 0.01952, 0.02170, 0.02387, 0.01937, 0.02155, 0.02372, 0.01922, 0.02140, 0.02357, 0.01907, 0.02125, 0.02342, 0.01892, 0.02110, 0.02327, 0.01878, 0.02095, 0.02312, 0.02530, 0.02080, 0.02297, 0.02515, 0.02065, 0.02283, 0.02500, 0.02050, 0.02268, 0.02485, 0.02035, 0.02252, 0.02470, 0.02020, 0.02237, 0.02455, 0.02005, 0.02222, 0.02440, 0.01990, 0.02207, 0.02425, 0.01975, 0.02193, 0.02410, 0.01960, 0.02177, 0.02395, 0.01945, 0.02162, 0.02380, 0.01930, 0.02147, 0.02365, 0.01915, 0.02132, 0.02350, 0.01900, 0.02117, 0.02335, 0.01885, 0.02102, 0.02320, 0.01865, 0.01971, 0.02053, 0.02112, 0.01625, 0.01673, 0.01698, 0.01283, 0.01297, 0.01288, 0.00947, 0.00927, 0.00884, 0.00615],
                218: [0.01480, 0.01764, 0.02071, 0.02401, 0.02072, 0.02290, 0.02507, 0.02057, 0.02275, 0.02492, 0.02042, 0.02260, 0.02477, 0.02028, 0.02245, 0.02462, 0.02013, 0.02230, 0.02447, 0.01997, 0.02215, 0.02432, 0.01982, 0.02200, 0.02417, 0.01967, 0.02185, 0.02402, 0.01952, 0.02170, 0.02387, 0.01937, 0.02155, 0.02372, 0.01922, 0.02140, 0.02357, 0.01907, 0.02125, 0.02342, 0.01892, 0.02110, 0.02327, 0.01878, 0.02095, 0.02312, 0.02530, 0.02080, 0.02297, 0.02515, 0.02065, 0.02283, 0.02500, 0.02050, 0.02268, 0.02485, 0.02035, 0.02252, 0.02470, 0.02020, 0.02237, 0.02455, 0.02005, 0.02222, 0.02440, 0.01990, 0.02207, 0.02425, 0.01975, 0.02193, 0.02410, 0.01960, 0.02177, 0.02395, 0.01945, 0.02162, 0.02380, 0.01930, 0.02147, 0.02365, 0.01915, 0.02132, 0.02350, 0.01900, 0.02117, 0.02335, 0.01885, 0.02102, 0.02320, 0.01870, 0.02087, 0.02305, 0.02522, 0.02072, 0.02290, 0.02507, 0.02057, 0.02275, 0.02492, 0.02042, 0.02260, 0.02477, 0.02028, 0.02245, 0.02462, 0.02013, 0.02230, 0.02447, 0.01997, 0.02215, 0.02432, 0.01982, 0.02200, 0.02417, 0.01967, 0.02185, 0.02402, 0.01952, 0.02170, 0.02387, 0.01937, 0.02155, 0.02372, 0.01922, 0.02140, 0.02357, 0.01907, 0.02125, 0.02342, 0.01892, 0.02110, 0.02327, 0.01878, 0.02095, 0.02312, 0.02530, 0.02080, 0.02297, 0.02515, 0.02065, 0.02283, 0.02500, 0.02050, 0.02268, 0.02485, 0.02035, 0.02252, 0.02470, 0.02020, 0.02237, 0.02455, 0.02005, 0.02222, 0.02440, 0.01990, 0.02207, 0.02425, 0.01975, 0.02193, 0.02338, 0.01797, 0.01880, 0.01940, 0.01471, 0.01521, 0.01546, 0.01151, 0.01166, 0.01158, 0.00835, 0.00816, 0.00774, 0.00524, 0.00471, 0.00395, 0.00218, 0.00131, 0.00021, 0.00083, 0.00204, 0.00348, 0.00516, 0.00534, 0.00713, 0.00914, 0.00860, 0.01072, 0.01308, 0.01181, 0.01427, 0.01697, 0.01497],
                220: [0.01870, 0.02087, 0.02305, 0.02522, 0.02072, 0.02290, 0.02507, 0.02057, 0.02275, 0.02492, 0.02042, 0.02260, 0.02477, 0.02028, 0.02245, 0.02462, 0.02013, 0.02230, 0.02447, 0.01997, 0.02215, 0.02432, 0.01982, 0.02200, 0.02417, 0.01967, 0.02185, 0.02402, 0.01952, 0.02170, 0.02387, 0.01937, 0.02155, 0.02372, 0.01922, 0.02140, 0.02357, 0.01907, 0.02125, 0.02342, 0.01892, 0.02110, 0.02327, 0.01878, 0.02095, 0.02312, 0.02530, 0.02080, 0.02297, 0.02515, 0.02065, 0.02283, 0.02500, 0.02050, 0.02268, 0.02485, 0.02035, 0.02252, 0.02470, 0.02020, 0.02237, 0.02455, 0.02005, 0.02222, 0.02440, 0.01990, 0.02207, 0.02425, 0.01975, 0.02193, 0.02410, 0.01960, 0.02177, 0.02395, 0.01945, 0.02162, 0.02380, 0.01930, 0.02147, 0.02365, 0.01915, 0.02132, 0.02350, 0.01900, 0.02117, 0.02335, 0.01885, 0.02102, 0.02320, 0.01870, 0.02087, 0.02305, 0.02522, 0.02072, 0.02290, 0.02507, 0.02057, 0.02275, 0.02492, 0.02042, 0.02260, 0.02477, 0.02028, 0.02245, 0.02462, 0.02013, 0.02230, 0.02447, 0.01997, 0.02215, 0.02432, 0.01982, 0.02200, 0.02417, 0.01967, 0.02185, 0.02402, 0.01952, 0.02170, 0.02387, 0.01937, 0.02155, 0.02372, 0.01922, 0.02140, 0.02357, 0.01907, 0.02125, 0.02342, 0.01892, 0.02110, 0.02327, 0.01878, 0.02095, 0.02312, 0.02530, 0.02080, 0.02297, 0.02515, 0.02057, 0.02152, 0.02223, 0.01714, 0.01774, 0.01812, 0.01375, 0.01402, 0.01405, 0.01042, 0.01034, 0.01004, 0.00713, 0.00671, 0.00607, 0.00389, 0.00313, 0.00215, 0.00069, 0.00040, 0.00173, 0.00245, 0.00388, 0.00555, 0.00555, 0.00732, 0.00933, 0.00859, 0.01071, 0.01306, 0.01159, 0.01405, 0.01674, 0.01455, 0.01734, 0.02037, 0.01745, 0.02059, 0.02320, 0.01870, 0.02087, 0.02305, 0.02522, 0.02072, 0.02290, 0.02507, 0.02057, 0.02275, 0.02492, 0.02042, 0.02260, 0.02477, 0.02028],
                222: [0.01870, 0.02087, 0.02305, 0.02522, 0.02072, 0.02290, 0.02507, 0.02057, 0.02275, 0.02492, 0.02042, 0.02260, 0.02477, 0.02028, 0.02245, 0.02462, 0.02013, 0.02230, 0.02447, 0.01997, 0.02215, 0.02432, 0.01982, 0.02200, 0.02417, 0.01967, 0.02185, 0.02402, 0.01952, 0.02170, 0.02387, 0.01937, 0.02155, 0.02372, 0.01922, 0.02140, 0.02357, 0.01907, 0.02125, 0.02342, 0.01892, 0.02110, 0.02327, 0.01878, 0.02095, 0.02312, 0.02530, 0.02080, 0.02297, 0.02515, 0.02065, 0.02283, 0.02500, 0.02050, 0.02268, 0.02485, 0.02035, 0.02252, 0.02470, 0.02020, 0.02237, 0.02455, 0.02005, 0.02222, 0.02440, 0.01990, 0.02207, 0.02425, 0.01975, 0.02193, 0.02410, 0.01960, 0.02177, 0.02395, 0.01945, 0.02162, 0.02380, 0.01930, 0.02147, 0.02365, 0.01915, 0.02132, 0.02350, 0.01900, 0.02117, 0.02335, 0.01885, 0.02102, 0.02320, 0.01870, 0.02087, 0.02305, 0.02522, 0.02072, 0.02290, 0.02507, 0.02057, 0.02275, 0.02492, 0.02042, 0.02260, 0.02477, 0.02028, 0.02245, 0.02462, 0.02013, 0.02230, 0.02447, 0.01997, 0.02215, 0.02432, 0.01982, 0.02200, 0.02417, 0.01967, 0.02185, 0.02402, 0.01952, 0.02170, 0.02387, 0.01877, 0.01973, 0.02045, 0.01555, 0.01616, 0.01655, 0.01237, 0.01264, 0.01269, 0.00924, 0.00918, 0.00888, 0.00616, 0.00576, 0.00512, 0.00425, 0.00238, 0.00141, 0.00020, 0.00094, 0.00226, 0.00381, 0.00422, 0.00588, 0.00777, 0.00745, 0.00944, 0.01167, 0.01063, 0.01296, 0.01554, 0.01376, 0.01644, 0.01935, 0.01684, 0.01986, 0.02311, 0.01975, 0.02193, 0.02410, 0.01960, 0.02177, 0.02395, 0.01945, 0.02162, 0.02380, 0.01930, 0.02147, 0.02365, 0.01915, 0.02132, 0.02350, 0.01900, 0.02117, 0.02335, 0.01885, 0.02102, 0.02320, 0.01870, 0.02087, 0.02305, 0.02522, 0.02072, 0.02290, 0.02507, 0.02057, 0.02275, 0.02492, 0.02042, 0.02260, 0.02477, 0.02028],
                224: [0.01870, 0.02087, 0.02305, 0.02522, 0.02072, 0.02290, 0.02507, 0.02057, 0.02275, 0.02492, 0.02042, 0.02260, 0.02477, 0.02028, 0.02245, 0.02462, 0.02013, 0.02230, 0.02447, 0.01997, 0.02215, 0.02432, 0.01982, 0.02200, 0.02417, 0.01967, 0.02185, 0.02402, 0.01952, 0.02170, 0.02387, 0.01937, 0.02155, 0.02372, 0.01922, 0.02140, 0.02357, 0.01907, 0.02125, 0.02342, 0.01892, 0.02110, 0.02327, 0.01878, 0.02095, 0.02312, 0.02530, 0.02080, 0.02297, 0.02515, 0.02065, 0.02283, 0.02500, 0.02050, 0.02268, 0.02485, 0.02035, 0.02252, 0.02470, 0.02020, 0.02237, 0.02455, 0.02005, 0.02222, 0.02440, 0.01990, 0.02207, 0.02425, 0.01975, 0.02193, 0.02410, 0.01960, 0.02177, 0.02395, 0.01945, 0.02162, 0.02380, 0.01930, 0.02147, 0.02365, 0.01915, 0.02132, 0.02350, 0.01900, 0.02117, 0.02335, 0.01885, 0.02102, 0.02320, 0.01870, 0.02087, 0.02305, 0.02522, 0.02072, 0.02290, 0.02507, 0.02057, 0.02275, 0.02492, 0.02042, 0.02248, 0.02332, 0.01800, 0.01874, 0.01924, 0.01465, 0.01504, 0.01520, 0.01134, 0.01139, 0.01121, 0.00808, 0.00779, 0.00727, 0.00487, 0.00424, 0.00338, 0.00170, 0.00073, 0.00047, 0.00141, 0.00272, 0.00426, 0.00448, 0.00613, 0.00801, 0.00750, 0.00949, 0.01171, 0.01047, 0.01280, 0.01537, 0.01340, 0.01607, 0.01897, 0.02210, 0.01928, 0.02253, 0.02515, 0.02065, 0.02283, 0.02500, 0.02050, 0.02268, 0.02485, 0.02035, 0.02252, 0.02470, 0.02020, 0.02237, 0.02455, 0.02005, 0.02222, 0.02440, 0.01990, 0.02207, 0.02425, 0.01975, 0.02193, 0.02410, 0.01960, 0.02177, 0.02395, 0.01945, 0.02162, 0.02380, 0.01930, 0.02147, 0.02365, 0.01915, 0.02132, 0.02350, 0.01900, 0.02117, 0.02335, 0.01885, 0.02102, 0.02320, 0.01870, 0.02087, 0.02305, 0.02522, 0.02072, 0.02290, 0.02507, 0.02057, 0.02275, 0.02492, 0.02042, 0.02260, 0.02477, 0.02028],
                226: [0.01870, 0.02087, 0.02305, 0.02522, 0.02072, 0.02290, 0.02507, 0.02057, 0.02275, 0.02492, 0.02042, 0.02260, 0.02477, 0.02028, 0.02245, 0.02462, 0.02013, 0.02230, 0.02447, 0.01997, 0.02215, 0.02432, 0.01982, 0.02200, 0.02417, 0.01967, 0.02185, 0.02402, 0.01952, 0.02170, 0.02387, 0.01937, 0.02155, 0.02372, 0.01922, 0.02140, 0.02357, 0.01907, 0.02125, 0.02342, 0.01892, 0.02110, 0.02327, 0.01878, 0.02095, 0.02312, 0.02530, 0.02080, 0.02297, 0.02515, 0.02065, 0.02283, 0.02500, 0.02050, 0.02268, 0.02485, 0.02035, 0.02252, 0.02470, 0.02020, 0.02237, 0.02455, 0.02005, 0.02222, 0.02440, 0.01990, 0.02207, 0.02425, 0.01975, 0.02193, 0.02410, 0.01960, 0.02177, 0.02395, 0.01945, 0.02162, 0.02380, 0.01930, 0.02147, 0.02365, 0.01915, 0.02063, 0.02148, 0.01635, 0.01709, 0.01760, 0.01320, 0.01361, 0.01378, 0.01010, 0.01017, 0.00999, 0.00959, 0.00677, 0.00626, 0.00552, 0.00343, 0.00258, 0.00149, 0.00013, 0.00106, 0.00248, 0.00312, 0.00465, 0.00641, 0.00632, 0.00819, 0.01029, 0.00947, 0.01168, 0.01413, 0.01257, 0.01513, 0.01791, 0.01563, 0.01852, 0.02165, 0.01864, 0.02170, 0.02387, 0.01937, 0.02155, 0.02372, 0.01922, 0.02140, 0.02357, 0.01907, 0.02125, 0.02342, 0.01892, 0.02110, 0.02327, 0.01878, 0.02095, 0.02312, 0.02530, 0.02080, 0.02297, 0.02515, 0.02065, 0.02283, 0.02500, 0.02050, 0.02268, 0.02485, 0.02035, 0.02252, 0.02470, 0.02020, 0.02237, 0.02455, 0.02005, 0.02222, 0.02440, 0.01990, 0.02207, 0.02425, 0.01975, 0.02193, 0.02410, 0.01960, 0.02177, 0.02395, 0.01945, 0.02162, 0.02380, 0.01930, 0.02147, 0.02365, 0.01915, 0.02132, 0.02350, 0.01900, 0.02117, 0.02335, 0.01885, 0.02102, 0.02320, 0.01870, 0.02087, 0.02305, 0.02522, 0.02072, 0.02290, 0.02507, 0.02057, 0.02275, 0.02492, 0.02042, 0.02260, 0.02477, 0.02028],
                228: [0.01870, 0.02087, 0.02305, 0.02522, 0.02072, 0.02290, 0.02507, 0.02057, 0.02275, 0.02492, 0.02042, 0.02260, 0.02477, 0.02028, 0.02245, 0.02462, 0.02013, 0.02230, 0.02447, 0.01997, 0.02215, 0.02432, 0.01982, 0.02200, 0.02417, 0.01967, 0.02185, 0.02402, 0.01952, 0.02170, 0.02387, 0.01937, 0.02155, 0.02372, 0.01922, 0.02140, 0.02357, 0.01907, 0.02125, 0.02342, 0.01892, 0.02110, 0.02327, 0.01878, 0.02095, 0.02312, 0.02530, 0.02080, 0.02297, 0.02515, 0.02065, 0.02283, 0.02500, 0.02050, 0.02268, 0.02485, 0.02035, 0.02252, 0.02470, 0.02020, 0.02237, 0.02439, 0.01885, 0.01971, 0.02033, 0.01552, 0.01604, 0.01632, 0.01224, 0.01242, 0.01236, 0.00901, 0.00885, 0.00845, 0.00582, 0.00532, 0.00459, 0.00269, 0.00185, 0.00077, 0.00040, 0.00158, 0.00300, 0.00344, 0.00496, 0.00672, 0.00643, 0.00830, 0.01039, 0.00937, 0.01158, 0.01402, 0.01669, 0.01482, 0.01759, 0.02060, 0.01800, 0.02112, 0.02447, 0.02042, 0.02260, 0.02477, 0.02028, 0.02245, 0.02462, 0.02013, 0.02230, 0.02447, 0.01997, 0.02215, 0.02432, 0.01982, 0.02200, 0.02417, 0.01967, 0.02185, 0.02402, 0.01952, 0.02170, 0.02387, 0.01937, 0.02155, 0.02372, 0.01922, 0.02140, 0.02357, 0.01907, 0.02125, 0.02342, 0.01892, 0.02110, 0.02327, 0.01878, 0.02095, 0.02312, 0.02530, 0.02080, 0.02297, 0.02515, 0.02065, 0.02283, 0.02500, 0.02050, 0.02268, 0.02485, 0.02035, 0.02252, 0.02470, 0.02020, 0.02237, 0.02455, 0.02005, 0.02222, 0.02440, 0.01990, 0.02207, 0.02425, 0.01975, 0.02193, 0.02410, 0.01960, 0.02177, 0.02395, 0.01945, 0.02162, 0.02380, 0.01930, 0.02147, 0.02365, 0.01915, 0.02132, 0.02350, 0.01900, 0.02117, 0.02335, 0.01885, 0.02102, 0.02320, 0.01870, 0.02087, 0.02305, 0.02522, 0.02072, 0.02290, 0.02507, 0.02057, 0.02275, 0.02492, 0.02042, 0.02260, 0.02477, 0.02028],
                230: [0.01870, 0.02087, 0.02305, 0.02522, 0.02072, 0.02290, 0.02507, 0.02057, 0.02275, 0.02492, 0.02042, 0.02260, 0.02477, 0.02028, 0.02245, 0.02462, 0.02013, 0.02230, 0.02447, 0.01997, 0.02215, 0.02432, 0.01982, 0.02200, 0.02417, 0.01967, 0.02185, 0.02402, 0.01952, 0.02170, 0.02387, 0.01937, 0.02155, 0.02372, 0.01922, 0.02140, 0.02357, 0.01907, 0.02125, 0.02342, 0.01892, 0.02110, 0.02249, 0.01714, 0.01800, 0.01864, 0.01904, 0.01454, 0.01484, 0.01490, 0.01113, 0.01109, 0.01081, 0.00777, 0.00738, 0.00676, 0.00445, 0.00372, 0.00277, 0.00118, 0.00012, 0.00118, 0.00204, 0.00344, 0.00508, 0.00521, 0.00696, 0.00894, 0.00833, 0.01042, 0.01274, 0.01141, 0.01384, 0.01650, 0.01444, 0.01720, 0.02021, 0.01742, 0.02052, 0.02365, 0.01915, 0.02132, 0.02350, 0.01900, 0.02117, 0.02335, 0.01885, 0.02102, 0.02320, 0.01870, 0.02087, 0.02305, 0.02522, 0.02072, 0.02290, 0.02507, 0.02057, 0.02275, 0.02492, 0.02042, 0.02260, 0.02477, 0.02028, 0.02245, 0.02462, 0.02013, 0.02230, 0.02447, 0.01997, 0.02215, 0.02432, 0.01982, 0.02200, 0.02417, 0.01967, 0.02185, 0.02402, 0.01952, 0.02170, 0.02387, 0.01937, 0.02155, 0.02372, 0.01922, 0.02140, 0.02357, 0.01907, 0.02125, 0.02342, 0.01892, 0.02110, 0.02327, 0.01878, 0.02095, 0.02312, 0.02530, 0.02080, 0.02297, 0.02515, 0.02065, 0.02283, 0.02500, 0.02050, 0.02268, 0.02485, 0.02035, 0.02252, 0.02470, 0.02020, 0.02237, 0.02455, 0.02005, 0.02222, 0.02440, 0.01990, 0.02207, 0.02425, 0.01975, 0.02193, 0.02410, 0.01960, 0.02177, 0.02395, 0.01945, 0.02162, 0.02380, 0.01930, 0.02147, 0.02365, 0.01915, 0.02132, 0.02350, 0.01900, 0.02117, 0.02335, 0.01885, 0.02102, 0.02320, 0.01870, 0.02087, 0.02305, 0.02522, 0.02072, 0.02290, 0.02507, 0.02057, 0.02275, 0.02492, 0.02042, 0.02260, 0.02477, 0.02028],
                232: [0.01870, 0.02087, 0.02305, 0.02522, 0.02072, 0.02290, 0.02507, 0.02057, 0.02275, 0.02492, 0.02042, 0.02260, 0.02477, 0.02028, 0.02245, 0.02462, 0.02013, 0.02230, 0.02447, 0.01997, 0.02215, 0.02432, 0.01967, 0.02065, 0.02140, 0.01637, 0.01701, 0.01742, 0.01312, 0.01342, 0.01349, 0.00991, 0.00988, 0.00961, 0.00676, 0.00638, 0.00577, 0.00365, 0.00293, 0.00198, 0.00059, 0.00047, 0.00176, 0.00242, 0.00382, 0.00545, 0.00731, 0.00712, 0.00909, 0.01130, 0.01038, 0.01269, 0.01523, 0.01359, 0.01624, 0.01912, 0.01675, 0.01974, 0.02296, 0.01986, 0.02237, 0.02455, 0.02005, 0.02222, 0.02440, 0.01990, 0.02207, 0.02425, 0.01975, 0.02193, 0.02410, 0.01960, 0.02177, 0.02395, 0.01945, 0.02162, 0.02380, 0.01930, 0.02147, 0.02365, 0.01915, 0.02132, 0.02350, 0.01900, 0.02117, 0.02335, 0.01885, 0.02102, 0.02320, 0.01870, 0.02087, 0.02305, 0.02522, 0.02072, 0.02290, 0.02507, 0.02057, 0.02275, 0.02492, 0.02042, 0.02260, 0.02477, 0.02028, 0.02245, 0.02462, 0.02013, 0.02230, 0.02447, 0.01997, 0.02215, 0.02432, 0.01982, 0.02200, 0.02417, 0.01967, 0.02185, 0.02402, 0.01952, 0.02170, 0.02387, 0.01937, 0.02155, 0.02372, 0.01922, 0.02140, 0.02357, 0.01907, 0.02125, 0.02342, 0.01892, 0.02110, 0.02327, 0.01878, 0.02095, 0.02312, 0.02530, 0.02080, 0.02297, 0.02515, 0.02065, 0.02283, 0.02500, 0.02050, 0.02268, 0.02485, 0.02035, 0.02252, 0.02470, 0.02020, 0.02237, 0.02455, 0.02005, 0.02222, 0.02440, 0.01990, 0.02207, 0.02425, 0.01975, 0.02193, 0.02410, 0.01960, 0.02177, 0.02395, 0.01945, 0.02162, 0.02380, 0.01930, 0.02147, 0.02365, 0.01915, 0.02132, 0.02350, 0.01900, 0.02117, 0.02335, 0.01885, 0.02102, 0.02320, 0.01870, 0.02087, 0.02305, 0.02522, 0.02072, 0.02290, 0.02507, 0.02057, 0.02275, 0.02492, 0.02042, 0.02260, 0.02477, 0.02028],
                234: [0.01870, 0.02087, 0.02305, 0.02434, 0.01889, 0.01965, 0.02018, 0.01546, 0.01588, 0.01606, 0.01207, 0.01215, 0.01200, 0.00874, 0.00848, 0.00798, 0.00545, 0.00485, 0.00402, 0.00221, 0.00127, 0.00010, 0.00098, 0.00226, 0.00378, 0.00412, 0.00575, 0.00760, 0.00722, 0.00918, 0.01138, 0.01027, 0.01257, 0.01511, 0.01327, 0.01591, 0.01879, 0.01622, 0.01920, 0.02242, 0.01892, 0.02110, 0.02327, 0.01878, 0.02095, 0.02312, 0.02530, 0.02080, 0.02297, 0.02515, 0.02065, 0.02283, 0.02500, 0.02050, 0.02268, 0.02485, 0.02035, 0.02252, 0.02470, 0.02020, 0.02237, 0.02455, 0.02005, 0.02222, 0.02440, 0.01990, 0.02207, 0.02425, 0.01975, 0.02193, 0.02410, 0.01960, 0.02177, 0.02395, 0.01945, 0.02162, 0.02380, 0.01930, 0.02147, 0.02365, 0.01915, 0.02132, 0.02350, 0.01900, 0.02117, 0.02335, 0.01885, 0.02102, 0.02320, 0.01870, 0.02087, 0.02305, 0.02522, 0.02072, 0.02290, 0.02507, 0.02057, 0.02275, 0.02492, 0.02042, 0.02260, 0.02477, 0.02028, 0.02245, 0.02462, 0.02013, 0.02230, 0.02447, 0.01997, 0.02215, 0.02432, 0.01982, 0.02200, 0.02417, 0.01967, 0.02185, 0.02402, 0.01952, 0.02170, 0.02387, 0.01937, 0.02155, 0.02372, 0.01922, 0.02140, 0.02357, 0.01907, 0.02125, 0.02342, 0.01892, 0.02110, 0.02327, 0.01878, 0.02095, 0.02312, 0.02530, 0.02080, 0.02297, 0.02515, 0.02065, 0.02283, 0.02500, 0.02050, 0.02268, 0.02485, 0.02035, 0.02252, 0.02470, 0.02020, 0.02237, 0.02455, 0.02005, 0.02222, 0.02440, 0.01990, 0.02207, 0.02425, 0.01975, 0.02193, 0.02410, 0.01960, 0.02177, 0.02395, 0.01945, 0.02162, 0.02380, 0.01930, 0.02147, 0.02365, 0.01915, 0.02132, 0.02350, 0.01900, 0.02117, 0.02335, 0.01885, 0.02102, 0.02320, 0.01870, 0.02087, 0.02305, 0.02522, 0.02072, 0.02290, 0.02507, 0.02057, 0.02275, 0.02492, 0.02042, 0.02260, 0.02477, 0.02028],
                236: [0.00156, 0.00063, 0.00054, 0.00194, 0.00270, 0.00420, 0.00594, 0.00597, 0.00782, 0.00990, 0.00920, 0.01139, 0.01381, 0.01238, 0.01491, 0.01767, 0.01551, 0.01838, 0.02148, 0.01860, 0.02180, 0.02432, 0.01982, 0.02200, 0.02417, 0.01967, 0.02185, 0.02402, 0.01952, 0.02170, 0.02387, 0.01937, 0.02155, 0.02372, 0.01922, 0.02140, 0.02357, 0.01907, 0.02125, 0.02342, 0.01892, 0.02110, 0.02327, 0.01878, 0.02095, 0.02312, 0.02530, 0.02080, 0.02297, 0.02515, 0.02065, 0.02283, 0.02500, 0.02050, 0.02268, 0.02485, 0.02035, 0.02252, 0.02470, 0.02020, 0.02237, 0.02455, 0.02005, 0.02222, 0.02440, 0.01990, 0.02207, 0.02425, 0.01975, 0.02193, 0.02410, 0.01960, 0.02177, 0.02395, 0.01945, 0.02162, 0.02380, 0.01930, 0.02147, 0.02365, 0.01915, 0.02132, 0.02350, 0.01900, 0.02117, 0.02335, 0.01885, 0.02102, 0.02320, 0.01870, 0.02087, 0.02305, 0.02522, 0.02072, 0.02290, 0.02507, 0.02057, 0.02275, 0.02492, 0.02042, 0.02260, 0.02477, 0.02028, 0.02245, 0.02462, 0.02013, 0.02230, 0.02447, 0.01997, 0.02215, 0.02432, 0.01982, 0.02200, 0.02417, 0.01967, 0.02185, 0.02402, 0.01952, 0.02170, 0.02387, 0.01937, 0.02155, 0.02372, 0.01922, 0.02140, 0.02357, 0.01907, 0.02125, 0.02342, 0.01892, 0.02110, 0.02327, 0.01878, 0.02095, 0.02312, 0.02530, 0.02080, 0.02297, 0.02515, 0.02065, 0.02283, 0.02500, 0.02050, 0.02268, 0.02485, 0.02035, 0.02252, 0.02470, 0.02020, 0.02237, 0.02455, 0.02005, 0.02222, 0.02440, 0.01990, 0.02207, 0.02425, 0.01975, 0.02193, 0.02410, 0.01960, 0.02177, 0.02395, 0.01945, 0.02162, 0.02380, 0.01930, 0.02147, 0.02365, 0.01915, 0.02132, 0.02350, 0.01900, 0.02117, 0.02335, 0.01868, 0.01971, 0.02051, 0.01553, 0.01623, 0.01669, 0.01692, 0.01279, 0.01291, 0.01280, 0.00940, 0.00918, 0.00873, 0.00606, 0.00550, 0.00471, 0.00277],
                238: [0.01792, 0.02087, 0.02305, 0.02522, 0.02072, 0.02290, 0.02507, 0.02057, 0.02275, 0.02492, 0.02042, 0.02260, 0.02477, 0.02028, 0.02245, 0.02462, 0.02013, 0.02230, 0.02447, 0.01997, 0.02215, 0.02432, 0.01982, 0.02200, 0.02417, 0.01967, 0.02185, 0.02402, 0.01952, 0.02170, 0.02387, 0.01937, 0.02155, 0.02372, 0.01922, 0.02140, 0.02357, 0.01907, 0.02125, 0.02342, 0.01892, 0.02110, 0.02327, 0.01878, 0.02095, 0.02312, 0.02530, 0.02080, 0.02297, 0.02515, 0.02065, 0.02283, 0.02500, 0.02050, 0.02268, 0.02485, 0.02035, 0.02252, 0.02470, 0.02020, 0.02237, 0.02455, 0.02005, 0.02222, 0.02440, 0.01990, 0.02207, 0.02425, 0.01975, 0.02193, 0.02410, 0.01960, 0.02177, 0.02395, 0.01945, 0.02162, 0.02380, 0.01930, 0.02147, 0.02365, 0.01915, 0.02132, 0.02350, 0.01900, 0.02117, 0.02335, 0.01885, 0.02102, 0.02320, 0.01870, 0.02087, 0.02305, 0.02522, 0.02072, 0.02290, 0.02507, 0.02057, 0.02275, 0.02492, 0.02042, 0.02260, 0.02477, 0.02028, 0.02245, 0.02462, 0.02013, 0.02230, 0.02447, 0.01997, 0.02215, 0.02432, 0.01982, 0.02200, 0.02417, 0.01967, 0.02185, 0.02402, 0.01952, 0.02170, 0.02387, 0.01937, 0.02155, 0.02372, 0.01922, 0.02140, 0.02357, 0.01907, 0.02125, 0.02342, 0.01892, 0.02110, 0.02327, 0.01878, 0.02095, 0.02312, 0.02530, 0.02080, 0.02297, 0.02515, 0.02065, 0.02283, 0.02500, 0.02050, 0.02268, 0.02485, 0.02035, 0.02252, 0.02470, 0.02020, 0.02237, 0.02455, 0.02005, 0.02222, 0.02440, 0.01990, 0.02207, 0.02337, 0.01798, 0.01878, 0.01936, 0.01470, 0.01517, 0.01541, 0.01147, 0.01160, 0.01150, 0.00829, 0.00808, 0.00764, 0.00516, 0.00461, 0.00382, 0.00208, 0.00119, 0.00006, 0.00096, 0.00219, 0.00366, 0.00394, 0.00552, 0.00732, 0.00936, 0.00880, 0.01094, 0.01332, 0.01203, 0.01451, 0.01723, 0.01521, 0.01804, 0.02110, 0.01835],
                240: [0.01870, 0.02087, 0.02305, 0.02522, 0.02072, 0.02290, 0.02507, 0.02057, 0.02275, 0.02492, 0.02042, 0.02260, 0.02477, 0.02028, 0.02245, 0.02462, 0.02013, 0.02230, 0.02447, 0.01997, 0.02215, 0.02432, 0.01982, 0.02200, 0.02417, 0.01967, 0.02185, 0.02402, 0.01952, 0.02170, 0.02387, 0.01937, 0.02155, 0.02372, 0.01922, 0.02140, 0.02357, 0.01907, 0.02125, 0.02342, 0.01892, 0.02110, 0.02327, 0.01878, 0.02095, 0.02312, 0.02530, 0.02080, 0.02297, 0.02515, 0.02065, 0.02283, 0.02500, 0.02050, 0.02268, 0.02485, 0.02035, 0.02252, 0.02470, 0.02020, 0.02237, 0.02455, 0.02005, 0.02222, 0.02440, 0.01990, 0.02207, 0.02425, 0.01975, 0.02193, 0.02410, 0.01960, 0.02177, 0.02395, 0.01945, 0.02162, 0.02380, 0.01930, 0.02147, 0.02365, 0.01915, 0.02132, 0.02350, 0.01900, 0.02117, 0.02335, 0.01885, 0.02102, 0.02320, 0.01870, 0.02087, 0.02305, 0.02522, 0.02072, 0.02290, 0.02507, 0.02057, 0.02275, 0.02492, 0.02042, 0.02260, 0.02477, 0.02028, 0.02245, 0.02462, 0.02013, 0.02230, 0.02447, 0.01997, 0.02215, 0.02432, 0.01982, 0.02200, 0.02417, 0.01967, 0.02185, 0.02402, 0.01952, 0.02170, 0.02387, 0.01937, 0.02155, 0.02372, 0.01922, 0.02140, 0.02357, 0.01907, 0.02125, 0.02342, 0.01892, 0.02110, 0.02327, 0.01878, 0.02095, 0.02312, 0.02530, 0.02058, 0.02151, 0.02220, 0.01713, 0.01771, 0.01807, 0.01372, 0.01397, 0.01398, 0.01036, 0.01027, 0.00994, 0.00705, 0.00661, 0.00595, 0.00379, 0.00301, 0.00200, 0.00057, 0.00055, 0.00189, 0.00260, 0.00405, 0.00574, 0.00572, 0.00751, 0.00954, 0.00879, 0.01093, 0.01329, 0.01181, 0.01429, 0.01700, 0.01479, 0.01760, 0.02065, 0.01771, 0.02087, 0.02335, 0.01885, 0.02102, 0.02320, 0.01870, 0.02087, 0.02305, 0.02522, 0.02072, 0.02290, 0.02507, 0.02057, 0.02275, 0.02492, 0.02042, 0.02260, 0.02477, 0.02028],
                    }
                }
            }

            def Xform "Sprinkler_01_02" (
                references = </World/Effects/Sprinklers/_EmitterPrototype>
            )
            {
                custom uniform token animation:owner = "sprinklerParticlePreview"
                custom uniform token effect:representation = "deterministicUsdGeomPoints"
                custom float emitter:coverageRadius = 3.6
                custom int emitter:particleCount = 192
                custom float emitter:flow = 1
                custom float emitter:lifetimeSeconds = 0.82
                custom uniform string emitter:sourcePrim = "/World/Environment/Greenhouse/Irrigation/GH_Sprinkler_Nozzle_01_02"
                double3 xformOp:translate = (-3.1000, -5.6667, 2.0952)
                double xformOp:rotateX = 90
                uniform token[] xformOpOrder = ["xformOp:translate", "xformOp:rotateX"]
            }
            def Xform "Sprinkler_01_04" (
                references = </World/Effects/Sprinklers/_EmitterPrototype>
            )
            {
                custom uniform token animation:owner = "sprinklerParticlePreview"
                custom uniform token effect:representation = "deterministicUsdGeomPoints"
                custom float emitter:coverageRadius = 3.6
                custom int emitter:particleCount = 192
                custom float emitter:flow = 1
                custom float emitter:lifetimeSeconds = 0.82
                custom uniform string emitter:sourcePrim = "/World/Environment/Greenhouse/Irrigation/GH_Sprinkler_Nozzle_01_04"
                double3 xformOp:translate = (-3.1000, -0.0000, 2.0952)
                double xformOp:rotateX = 90
                uniform token[] xformOpOrder = ["xformOp:translate", "xformOp:rotateX"]
            }
            def Xform "Sprinkler_01_06" (
                references = </World/Effects/Sprinklers/_EmitterPrototype>
            )
            {
                custom uniform token animation:owner = "sprinklerParticlePreview"
                custom uniform token effect:representation = "deterministicUsdGeomPoints"
                custom float emitter:coverageRadius = 3.6
                custom int emitter:particleCount = 192
                custom float emitter:flow = 1
                custom float emitter:lifetimeSeconds = 0.82
                custom uniform string emitter:sourcePrim = "/World/Environment/Greenhouse/Irrigation/GH_Sprinkler_Nozzle_01_06"
                double3 xformOp:translate = (-3.1000, 5.6667, 2.0952)
                double xformOp:rotateX = 90
                uniform token[] xformOpOrder = ["xformOp:translate", "xformOp:rotateX"]
            }
            def Xform "Sprinkler_02_02" (
                references = </World/Effects/Sprinklers/_EmitterPrototype>
            )
            {
                custom uniform token animation:owner = "sprinklerParticlePreview"
                custom uniform token effect:representation = "deterministicUsdGeomPoints"
                custom float emitter:coverageRadius = 3.6
                custom int emitter:particleCount = 192
                custom float emitter:flow = 1
                custom float emitter:lifetimeSeconds = 0.82
                custom uniform string emitter:sourcePrim = "/World/Environment/Greenhouse/Irrigation/GH_Sprinkler_Nozzle_02_02"
                double3 xformOp:translate = (0.0000, -5.6667, 2.0952)
                double xformOp:rotateX = 90
                uniform token[] xformOpOrder = ["xformOp:translate", "xformOp:rotateX"]
            }
            def Xform "Sprinkler_02_04" (
                references = </World/Effects/Sprinklers/_EmitterPrototype>
            )
            {
                custom uniform token animation:owner = "sprinklerParticlePreview"
                custom uniform token effect:representation = "deterministicUsdGeomPoints"
                custom float emitter:coverageRadius = 3.6
                custom int emitter:particleCount = 192
                custom float emitter:flow = 1
                custom float emitter:lifetimeSeconds = 0.82
                custom uniform string emitter:sourcePrim = "/World/Environment/Greenhouse/Irrigation/GH_Sprinkler_Nozzle_02_04"
                double3 xformOp:translate = (0.0000, -0.0000, 2.0952)
                double xformOp:rotateX = 90
                uniform token[] xformOpOrder = ["xformOp:translate", "xformOp:rotateX"]
            }
            def Xform "Sprinkler_02_06" (
                references = </World/Effects/Sprinklers/_EmitterPrototype>
            )
            {
                custom uniform token animation:owner = "sprinklerParticlePreview"
                custom uniform token effect:representation = "deterministicUsdGeomPoints"
                custom float emitter:coverageRadius = 3.6
                custom int emitter:particleCount = 192
                custom float emitter:flow = 1
                custom float emitter:lifetimeSeconds = 0.82
                custom uniform string emitter:sourcePrim = "/World/Environment/Greenhouse/Irrigation/GH_Sprinkler_Nozzle_02_06"
                double3 xformOp:translate = (0.0000, 5.6667, 2.0952)
                double xformOp:rotateX = 90
                uniform token[] xformOpOrder = ["xformOp:translate", "xformOp:rotateX"]
            }
            def Xform "Sprinkler_03_02" (
                references = </World/Effects/Sprinklers/_EmitterPrototype>
            )
            {
                custom uniform token animation:owner = "sprinklerParticlePreview"
                custom uniform token effect:representation = "deterministicUsdGeomPoints"
                custom float emitter:coverageRadius = 3.6
                custom int emitter:particleCount = 192
                custom float emitter:flow = 1
                custom float emitter:lifetimeSeconds = 0.82
                custom uniform string emitter:sourcePrim = "/World/Environment/Greenhouse/Irrigation/GH_Sprinkler_Nozzle_03_02"
                double3 xformOp:translate = (3.1000, -5.6667, 2.0952)
                double xformOp:rotateX = 90
                uniform token[] xformOpOrder = ["xformOp:translate", "xformOp:rotateX"]
            }
            def Xform "Sprinkler_03_04" (
                references = </World/Effects/Sprinklers/_EmitterPrototype>
            )
            {
                custom uniform token animation:owner = "sprinklerParticlePreview"
                custom uniform token effect:representation = "deterministicUsdGeomPoints"
                custom float emitter:coverageRadius = 3.6
                custom int emitter:particleCount = 192
                custom float emitter:flow = 1
                custom float emitter:lifetimeSeconds = 0.82
                custom uniform string emitter:sourcePrim = "/World/Environment/Greenhouse/Irrigation/GH_Sprinkler_Nozzle_03_04"
                double3 xformOp:translate = (3.1000, -0.0000, 2.0952)
                double xformOp:rotateX = 90
                uniform token[] xformOpOrder = ["xformOp:translate", "xformOp:rotateX"]
            }
            def Xform "Sprinkler_03_06" (
                references = </World/Effects/Sprinklers/_EmitterPrototype>
            )
            {
                custom uniform token animation:owner = "sprinklerParticlePreview"
                custom uniform token effect:representation = "deterministicUsdGeomPoints"
                custom float emitter:coverageRadius = 3.6
                custom int emitter:particleCount = 192
                custom float emitter:flow = 1
                custom float emitter:lifetimeSeconds = 0.82
                custom uniform string emitter:sourcePrim = "/World/Environment/Greenhouse/Irrigation/GH_Sprinkler_Nozzle_03_06"
                double3 xformOp:translate = (3.1000, 5.6667, 2.0952)
                double xformOp:rotateX = 90
                uniform token[] xformOpOrder = ["xformOp:translate", "xformOp:rotateX"]
            }
        }
    }
}
