#usda 1.0
(
    doc = "Animation interfaces only. Cosmos or a deterministic controller owns runtime commands; shot layers may own preview time samples."
    metersPerUnit = 1
    upAxis = "Y"
)

over Xform "World"
{
    over Xform "Environment"
    {
        over Xform "Greenhouse"
        {
            over Xform "Doors"
            {
                over Xform "GH_Door_Front_Automatic"
                {
                    custom uniform token animation:owner = "runtimeOrScenario"
                    custom float command:openRatio = 0
                    custom uniform token simulation:class = "kinematicCollider"

                    over Xform "GH_Door_Front_Panel_L"
                    {
                        double3 xformOp:translate:actuation.timeSamples = {
                            0: (-0, 0, 0),
                            24: (-0, 0, 0),
                            72: (-1, 0, 0),
                            168: (-1, 0, 0),
                            216: (-0, 0, 0),
                            240: (-0, 0, 0),
                        }
                        uniform token[] xformOpOrder = ["xformOp:translate", "xformOp:translate:actuation", "xformOp:orient", "xformOp:scale"]
                    }

                    over Xform "GH_Door_Front_Panel_R"
                    {
                        double3 xformOp:translate:actuation.timeSamples = {
                            0: (0, 0, 0),
                            24: (0, 0, 0),
                            72: (1, 0, 0),
                            168: (1, 0, 0),
                            216: (0, 0, 0),
                            240: (0, 0, 0),
                        }
                        uniform token[] xformOpOrder = ["xformOp:translate", "xformOp:translate:actuation", "xformOp:orient", "xformOp:scale"]
                    }
                }
            }

            over Xform "Ventilation"
            {
                over Xform "Fan_01"
                {
                    custom uniform token animation:owner = "runtimeOrScenario"
                    custom float command:speed = 0
                    custom uniform token simulation:class = "commandedKinematic"

                    over Xform "Fan_01_Rotor"
                    {
                        double xformOp:rotateY:actuation = 0
                        uniform token[] xformOpOrder = ["xformOp:translate", "xformOp:rotateY:actuation", "xformOp:orient", "xformOp:scale"]
                    }
                }

                over Xform "Fan_02"
                {
                    custom uniform token animation:owner = "runtimeOrScenario"
                    custom float command:speed = 0
                    custom uniform token simulation:class = "commandedKinematic"

                    over Xform "Fan_02_Rotor"
                    {
                        double xformOp:rotateY:actuation = 0
                        uniform token[] xformOpOrder = ["xformOp:translate", "xformOp:rotateY:actuation", "xformOp:orient", "xformOp:scale"]
                    }
                }

                over Xform "Fan_03"
                {
                    custom uniform token animation:owner = "runtimeOrScenario"
                    custom float command:speed = 0
                    custom uniform token simulation:class = "commandedKinematic"

                    over Xform "Fan_03_Rotor"
                    {
                        double xformOp:rotateY:actuation = 0
                        uniform token[] xformOpOrder = ["xformOp:translate", "xformOp:rotateY:actuation", "xformOp:orient", "xformOp:scale"]
                    }
                }
            }

            over Xform "Irrigation"
            {
                custom uniform token animation:owner = "runtimeOrScenario"
                custom float command:flow = 0
                custom bool command:sprayEnabled = 0
                custom uniform token simulation:class = "visualEffectController"
            }
        }

        over "Exterior"
        {
            over "RA_Robot_Access_ROOT"
            {
                token visibility = "inherited"

                def Xform "Plants"
                {
                    token visibility = "inherited"
                    quatd xformOp:orient = (1, 0, 0, 0)
                    double3 xformOp:scale = (1, 1, 1)
                    double3 xformOp:translate = (0, 0, 0)
                    uniform token[] xformOpOrder = ["xformOp:translate", "xformOp:orient", "xformOp:scale"]

                    def Xform "RA_Border_Bush_04"
                    {
                        custom string userProperties:blender:object_name = "RA_Border_Bush_04"
                        quatf xformOp:orient = (1, 0, 0, 0)
                        float3 xformOp:scale = (1, 1, 1)
                        double3 xformOp:translate = (2.6500000953674316, -13.5, 0.19200000166893005)
                        uniform token[] xformOpOrder = ["xformOp:translate", "xformOp:orient", "xformOp:scale"]

                        def Mesh "Icosphere_014" (
                            active = true
                            prepend apiSchemas = ["MaterialBindingAPI"]
                        )
                        {
                            uniform bool doubleSided = 1
                            float3[] extent = [(-0.45650777, -0.38399997, -0.2976), (0.45650777, 0.38399997, 0.2976)]
                            int[] faceVertexCounts = [3, 3, 3, 3, 3, 3, 3, 3, 3, 3, 3, 3, 3, 3, 3, 3, 3, 3, 3, 3, 3, 3, 3, 3, 3, 3, 3, 3, 3, 3, 3, 3, 3, 3, 3, 3, 3, 3, 3, 3, 3, 3, 3, 3, 3, 3, 3, 3, 3, 3, 3, 3, 3, 3, 3, 3, 3, 3, 3, 3, 3, 3, 3, 3, 3, 3, 3, 3, 3, 3, 3, 3, 3, 3, 3, 3, 3, 3, 3, 3]
                            int[] faceVertexIndices = [0, 13, 12, 1, 13, 15, 0, 12, 17, 0, 17, 19, 0, 19, 16, 1, 15, 22, 2, 14, 24, 3, 18, 26, 4, 20, 28, 5, 21, 30, 1, 22, 25, 2, 24, 27, 3, 26, 29, 4, 28, 31, 5, 30, 23, 6, 32, 37, 7, 33, 39, 8, 34, 40, 9, 35, 41, 10, 36, 38, 38, 41, 11, 38, 36, 41, 36, 9, 41, 41, 40, 11, 41, 35, 40, 35, 8, 40, 40, 39, 11, 40, 34, 39, 34, 7, 39, 39, 37, 11, 39, 33, 37, 33, 6, 37, 37, 38, 11, 37, 32, 38, 32, 10, 38, 23, 36, 10, 23, 30, 36, 30, 9, 36, 31, 35, 9, 31, 28, 35, 28, 8, 35, 29, 34, 8, 29, 26, 34, 26, 7, 34, 27, 33, 7, 27, 24, 33, 24, 6, 33, 25, 32, 6, 25, 22, 32, 22, 10, 32, 30, 31, 9, 30, 21, 31, 21, 4, 31, 28, 29, 8, 28, 20, 29, 20, 3, 29, 26, 27, 7, 26, 18, 27, 18, 2, 27, 24, 25, 6, 24, 14, 25, 14, 1, 25, 22, 23, 10, 22, 15, 23, 15, 5, 23, 16, 21, 5, 16, 19, 21, 19, 4, 21, 19, 20, 4, 19, 17, 20, 17, 3, 20, 17, 18, 3, 17, 12, 18, 12, 2, 18, 15, 16, 5, 15, 13, 16, 13, 0, 16, 12, 14, 2, 12, 13, 14, 13, 1, 14]
                            rel material:binding = </_materials/EX_Mat_Foliage_Light>
                            normal3f[] normals = [(0.064992145, -0.25002608, -0.9660554), (0.064992145, -0.25002608, -0.9660554), (0.064992145, -0.25002608, -0.9660554), (0.53059447, -0.25387615, -0.80871284), (0.53059447, -0.25387615, -0.80871284), (0.53059447, -0.25387615, -0.80871284), (-0.1713456, -0.1556109, -0.97284424), (-0.1713456, -0.1556109, -0.97284424), (-0.1713456, -0.1556109, -0.97284424), (-0.1713456, 0.1556109, -0.97284424), (-0.1713456, 0.1556109, -0.97284424), (-0.1713456, 0.1556109, -0.97284424), (0.064992145, 0.25002608, -0.9660554), (0.064992145, 0.25002608, -0.9660554), (0.064992145, 0.25002608, -0.9660554), (0.8209498, -0.30392697, -0.48339412), (0.8209498, -0.30392697, -0.48339412), (0.8209498, -0.30392697, -0.48339412), (0.01911764, -0.9111322, -0.4116704), (0.01911764, -0.9111322, -0.4116704), (0.01911764, -0.9111322, -0.4116704), (-0.8020001, -0.35504484, -0.48035297), (-0.8020001, -0.35504484, -0.48035297), (-0.8020001, -0.35504484, -0.48035297), (-0.47070232, 0.7667355, -0.4365271), (-0.47070232, 0.7667355, -0.4365271), (-0.47070232, 0.7667355, -0.4365271), (0.43429017, 0.7899227, -0.43291357), (0.43429017, 0.7899227, -0.43291357), (0.43429017, 0.7899227, -0.43291357), (0.7276793, -0.66085875, -0.18370791), (0.7276793, -0.66085875, -0.18370791), (0.7276793, -0.66085875, -0.18370791), (-0.24816838, -0.9547291, -0.16402718), (-0.24816838, -0.9547291, -0.16402718), (-0.24816838, -0.9547291, -0.16402718), (-0.9797727, 0, -0.20011334), (-0.9797727, 0, -0.20011334), (-0.9797727, 0, -0.20011334), (-0.24816838, 0.9547291, -0.16402718), (-0.24816838, 0.9547291, -0.16402718), (-0.24816838, 0.9547291, -0.16402718), (0.7276793, 0.66085875, -0.18370791), (0.7276793, 0.66085875, -0.18370791), (0.7276793, 0.66085875, -0.18370791), (0.2948756, -0.56641716, 0.76955825), (0.2948756, -0.56641716, 0.76955825), (0.2948756, -0.56641716, 0.76955825), (-0.34259742, -0.52985436, 0.7758101), (-0.34259742, -0.52985436, 0.7758101), (-0.34259742, -0.52985436, 0.7758101), (-0.53059447, 0.25387615, 0.80871284), (-0.53059447, 0.25387615, 0.80871284), (-0.53059447, 0.25387615, 0.80871284), (0.02713308, 0.65910894, 0.7515579), (0.02713308, 0.65910894, 0.7515579), (0.02713308, 0.65910894, 0.7515579), (0.55167395, 0.18547054, 0.8131768), (0.55167395, 0.18547054, 0.8131768), (0.55167395, 0.18547054, 0.8131768), (0.17134546, 0.15561105, 0.97284424), (0.17134546, 0.15561105, 0.97284424), (0.17134546, 0.15561105, 0.97284424), (0.34029227, 0.30904782, 0.88808256), (0.34029227, 0.30904782, 0.88808256), (0.34029227, 0.30904782, 0.88808256), (0.29487568, 0.5664173, 0.7695582), (0.29487568, 0.5664173, 0.7695582), (0.29487568, 0.5664173, 0.7695582), (-0.06499207, 0.2500262, 0.9660554), (-0.06499207, 0.2500262, 0.9660554), (-0.06499207, 0.2500262, 0.9660554), (-0.12651086, 0.48669204, 0.86436445), (-0.12651086, 0.48669204, 0.86436445), (-0.12651086, 0.48669204, 0.86436445), (-0.34259748, 0.5298544, 0.77581006), (-0.34259748, 0.5298544, 0.77581006), (-0.34259748, 0.5298544, 0.77581006), (-0.21272099, 0, 0.977113), (-0.21272099, 0, 0.977113), (-0.21272099, 0, 0.977113), (-0.42805088, 0, 0.9037547), (-0.42805088, 0, 0.9037547), (-0.42805088, 0, 0.9037547), (-0.53059447, -0.25387615, 0.80871284), (-0.53059447, -0.25387615, 0.80871284), (-0.53059447, -0.25387615, 0.80871284), (-0.06499207, -0.2500262, 0.9660554), (-0.06499207, -0.2500262, 0.9660554), (-0.06499207, -0.2500262, 0.9660554), (-0.12651086, -0.48669204, 0.86436445), (-0.12651086, -0.48669204, 0.86436445), (-0.12651086, -0.48669204, 0.86436445), (0.027133083, -0.65910906, 0.7515578), (0.027133083, -0.65910906, 0.7515578), (0.027133083, -0.65910906, 0.7515578), (0.17134546, -0.15561107, 0.97284424), (0.17134546, -0.15561107, 0.97284424), (0.17134546, -0.15561107, 0.97284424), (0.34029225, -0.30904782, 0.88808256), (0.34029225, -0.30904782, 0.88808256), (0.34029225, -0.30904782, 0.88808256), (0.55167395, -0.18547072, 0.8131768), (0.55167395, -0.18547072, 0.8131768), (0.55167395, -0.18547072, 0.8131768), (0.80200016, 0.35504475, 0.48035297), (0.80200016, 0.35504475, 0.48035297), (0.80200016, 0.35504475, 0.48035297), (0.7125147, 0.6470866, 0.27129665), (0.7125147, 0.6470866, 0.27129665), (0.7125147, 0.6470866, 0.27129665), (0.47070235, 0.7667355, 0.43652713), (0.47070235, 0.7667355, 0.43652713), (0.47070235, 0.7667355, 0.43652713), (-0.01911764, 0.91113234, 0.4116702), (-0.01911764, 0.91113234, 0.4116702), (-0.01911764, 0.91113234, 0.4116702), (-0.24401921, 0.9387668, 0.24325193), (-0.24401921, 0.9387668, 0.24325193), (-0.24401921, 0.9387668, 0.24325193), (-0.43429017, 0.78992265, 0.43291357), (-0.43429017, 0.78992265, 0.43291357), (-0.43429017, 0.78992265, 0.43291357), (-0.8209498, 0.30392697, 0.48339412), (-0.8209498, 0.30392697, 0.48339412), (-0.8209498, 0.30392697, 0.48339412), (-0.9556835, 0, 0.29439583), (-0.9556835, 0, 0.29439583), (-0.9556835, 0, 0.29439583), (-0.8209498, -0.30392697, 0.48339412), (-0.8209498, -0.30392697, 0.48339412), (-0.8209498, -0.30392697, 0.48339412), (-0.43429017, -0.78992265, 0.43291357), (-0.43429017, -0.78992265, 0.43291357), (-0.43429017, -0.78992265, 0.43291357), (-0.24401921, -0.9387668, 0.24325193), (-0.24401921, -0.9387668, 0.24325193), (-0.24401921, -0.9387668, 0.24325193), (-0.01911764, -0.91113234, 0.4116702), (-0.01911764, -0.91113234, 0.4116702), (-0.01911764, -0.91113234, 0.4116702), (0.47070235, -0.7667355, 0.43652713), (0.47070235, -0.7667355, 0.43652713), (0.47070235, -0.7667355, 0.43652713), (0.7125147, -0.6470866, 0.27129665), (0.7125147, -0.6470866, 0.27129665), (0.7125147, -0.6470866, 0.27129665), (0.80200016, -0.35504475, 0.48035297), (0.80200016, -0.35504475, 0.48035297), (0.80200016, -0.35504475, 0.48035297), (0.24816838, 0.9547291, 0.16402699), (0.24816838, 0.9547291, 0.16402699), (0.24816838, 0.9547291, 0.16402699), (0.24401921, 0.9387668, -0.24325193), (0.24401921, 0.9387668, -0.24325193), (0.24401921, 0.9387668, -0.24325193), (0.01911764, 0.9111322, -0.4116704), (0.01911764, 0.9111322, -0.4116704), (0.01911764, 0.9111322, -0.4116704), (-0.7276793, 0.66085875, 0.18370801), (-0.7276793, 0.66085875, 0.18370801), (-0.7276793, 0.66085875, 0.18370801), (-0.7125147, 0.6470866, -0.27129665), (-0.7125147, 0.6470866, -0.27129665), (-0.7125147, 0.6470866, -0.27129665), (-0.80200016, 0.35504463, -0.480353), (-0.80200016, 0.35504463, -0.480353), (-0.80200016, 0.35504463, -0.480353), (-0.7276793, -0.66085875, 0.18370801), (-0.7276793, -0.66085875, 0.18370801), (-0.7276793, -0.66085875, 0.18370801), (-0.7125147, -0.6470866, -0.27129665), (-0.7125147, -0.6470866, -0.27129665), (-0.7125147, -0.6470866, -0.27129665), (-0.47070235, -0.7667355, -0.43652713), (-0.47070235, -0.7667355, -0.43652713), (-0.47070235, -0.7667355, -0.43652713), (0.24816838, -0.9547291, 0.16402699), (0.24816838, -0.9547291, 0.16402699), (0.24816838, -0.9547291, 0.16402699), (0.24401921, -0.9387668, -0.24325193), (0.24401921, -0.9387668, -0.24325193), (0.24401921, -0.9387668, -0.24325193), (0.4342901, -0.7899227, -0.43291348), (0.4342901, -0.7899227, -0.43291348), (0.4342901, -0.7899227, -0.43291348), (0.9797727, 0, 0.20011334), (0.9797727, 0, 0.20011334), (0.9797727, 0, 0.20011334), (0.9556835, 0, -0.29439583), (0.9556835, 0, -0.29439583), (0.9556835, 0, -0.29439583), (0.8209498, 0.30392697, -0.48339418), (0.8209498, 0.30392697, -0.48339418), (0.8209498, 0.30392697, -0.48339418), (0.34259745, 0.52985436, -0.77581006), (0.34259745, 0.52985436, -0.77581006), (0.34259745, 0.52985436, -0.77581006), (0.12651092, 0.48669207, -0.86436445), (0.12651092, 0.48669207, -0.86436445), (0.12651092, 0.48669207, -0.86436445), (-0.027132884, 0.6591091, -0.7515577), (-0.027132884, 0.6591091, -0.7515577), (-0.027132884, 0.6591091, -0.7515577), (-0.2948758, 0.5664174, -0.769558), (-0.2948758, 0.5664174, -0.769558), (-0.2948758, 0.5664174, -0.769558), (-0.34029227, 0.30904773, -0.8880827), (-0.34029227, 0.30904773, -0.8880827), (-0.34029227, 0.30904773, -0.8880827), (-0.55167395, 0.18547063, -0.8131768), (-0.55167395, 0.18547063, -0.8131768), (-0.55167395, 0.18547063, -0.8131768), (-0.55167395, -0.18547063, -0.8131768), (-0.55167395, -0.18547063, -0.8131768), (-0.55167395, -0.18547063, -0.8131768), (-0.34029227, -0.3090477, -0.88808256), (-0.34029227, -0.3090477, -0.88808256), (-0.34029227, -0.3090477, -0.88808256), (-0.2948758, -0.5664174, -0.769558), (-0.2948758, -0.5664174, -0.769558), (-0.2948758, -0.5664174, -0.769558), (0.53059447, 0.25387615, -0.80871284), (0.53059447, 0.25387615, -0.80871284), (0.53059447, 0.25387615, -0.80871284), (0.4280508, 0, -0.9037547), (0.4280508, 0, -0.9037547), (0.4280508, 0, -0.9037547), (0.21272099, 0, -0.977113), (0.21272099, 0, -0.977113), (0.21272099, 0, -0.977113), (-0.027132884, -0.6591091, -0.7515577), (-0.027132884, -0.6591091, -0.7515577), (-0.027132884, -0.6591091, -0.7515577), (0.12651086, -0.48669207, -0.86436445), (0.12651086, -0.48669207, -0.86436445), (0.12651086, -0.48669207, -0.86436445), (0.34259745, -0.52985436, -0.77581006), (0.34259745, -0.52985436, -0.77581006), (0.34259745, -0.52985436, -0.77581006)] (
                                interpolation = "faceVarying"
                            )
                            point3f[] points = [(0, 0, -0.2976), (0.3473315, -0.20187852, -0.13309252), (-0.13266625, -0.3266493, -0.13309263), (-0.42932457, 0, -0.13309138), (-0.13266625, 0.3266493, -0.13309263), (0.3473315, 0.20187852, -0.13309252), (0.13266625, -0.3266493, 0.13309263), (-0.3473315, -0.20187852, 0.13309252), (-0.3473315, 0.20187852, 0.13309252), (0.13266625, 0.3266493, 0.13309263), (0.42932457, 0, 0.13309138), (0, 0, 0.2976), (-0.07797866, -0.19199818, -0.25315475), (0.20415488, -0.118660375, -0.2531547), (0.12617703, -0.31066048, -0.15645953), (0.40831098, 0, -0.156459), (0.20415488, 0.118660375, -0.2531547), (-0.2523503, 0, -0.25315395), (-0.3303309, -0.19199882, -0.1564591), (-0.07797866, 0.19199818, -0.25315475), (-0.3303309, 0.19199882, -0.1564591), (0.12617703, 0.31066048, -0.15645953), (0.45650777, -0.118660845, 0), (0.45650777, 0.118660845, 0), (0, -0.38399997, 0), (0.2821371, -0.31066242, 0), (-0.45650777, -0.118660845, 0), (-0.2821371, -0.31066242, 0), (-0.2821371, 0.31066242, 0), (-0.45650777, 0.118660845, 0), (0.2821371, 0.31066242, 0), (0, 0.38399997, 0), (0.3303309, -0.19199882, 0.1564591), (-0.12617703, -0.31066048, 0.15645953), (-0.40831098, 0, 0.156459), (-0.12617703, 0.31066048, 0.15645953), (0.3303309, 0.19199882, 0.1564591), (0.07797866, -0.19199818, 0.25315472), (0.2523503, 0, 0.25315395), (-0.20415488, -0.118660375, 0.2531547), (-0.20415488, 0.118660375, 0.2531547), (0.07797866, 0.19199818, 0.25315472)]
                            texCoord2f[] primvars:st = [(0.181819, 0), (0.909091, 0), (0.727273, 0), (0.545455, 0), (0.363637, 0), (0.272728, 0.157461), (1, 0.157461), (0.09091, 0.157461), (0.818182, 0.157461), (0.636364, 0.157461), (0.454546, 0.157461), (0.181819, 0.314921), (0, 0.314921), (0.909091, 0.314921), (0.727273, 0.314921), (0.545455, 0.314921), (0.363637, 0.314921), (0.454546, 0.472382), (0.636364, 0.472382), (0.818182, 0.472382), (0.09091, 0.472382), (0.272728, 0.472382), (0.9545455, 0.0787305), (0.1363645, 0.0787305), (0.3181825, 0.0787305), (0.2272735, 0.0787305), (0.18181899, 0.157461), (0.363637, 0.157461), (0.5000005, 0.0787305), (0.4090915, 0.0787305), (0.7727275, 0.0787305), (0.8636365, 0.0787305), (0.909091, 0.157461), (0.5909095, 0.0787305), (0.6818185, 0.0787305), (0.727273, 0.157461), (0.545455, 0.157461), (0.3181825, 0.236191), (0.4090915, 0.236191), (0.1363645, 0.236191), (0.2272735, 0.236191), (0.8636365, 0.236191), (0.045455, 0.236191), (0.9545455, 0.236191), (0.6818185, 0.236191), (0.7727275, 0.236191), (0.5000005, 0.236191), (0.5909095, 0.236191), (0.272728, 0.314921), (0.0909095, 0.314921), (0.818182, 0.314921), (0.636364, 0.314921), (0.45454597, 0.314921), (0.1363645, 0.3936515), (0.2272735, 0.3936515), (0.4090915, 0.3936515), (0.3181825, 0.3936515), (0.8636365, 0.3936515), (0.045455, 0.3936515), (0.6818185, 0.3936515), (0.7727275, 0.3936515), (0.5000005, 0.3936515), (0.5909095, 0.3936515)] (
                                interpolation = "faceVarying"
                            )
                            int[] primvars:st:indices = [0, 25, 23, 5, 24, 27, 1, 22, 31, 2, 30, 34, 3, 33, 28, 5, 27, 37, 7, 26, 39, 8, 32, 41, 9, 35, 44, 10, 36, 46, 5, 37, 40, 7, 39, 42, 8, 41, 45, 9, 44, 47, 10, 46, 38, 11, 48, 54, 12, 49, 58, 14, 50, 60, 15, 51, 62, 16, 52, 55, 55, 61, 17, 55, 52, 61, 52, 15, 61, 62, 59, 18, 62, 51, 59, 51, 14, 59, 60, 57, 19, 60, 50, 57, 50, 13, 57, 58, 53, 20, 58, 49, 53, 49, 11, 53, 54, 56, 21, 54, 48, 56, 48, 16, 56, 38, 52, 16, 38, 46, 52, 46, 15, 52, 47, 51, 15, 47, 44, 51, 44, 14, 51, 45, 50, 14, 45, 41, 50, 41, 13, 50, 42, 49, 12, 42, 39, 49, 39, 11, 49, 40, 48, 11, 40, 37, 48, 37, 16, 48, 46, 47, 15, 46, 36, 47, 36, 9, 47, 44, 45, 14, 44, 35, 45, 35, 8, 45, 41, 43, 13, 41, 32, 43, 32, 6, 43, 39, 40, 11, 39, 26, 40, 26, 5, 40, 37, 38, 16, 37, 27, 38, 27, 10, 38, 28, 36, 10, 28, 33, 36, 33, 9, 36, 34, 35, 9, 34, 30, 35, 30, 8, 35, 31, 32, 8, 31, 22, 32, 22, 6, 32, 27, 29, 10, 27, 24, 29, 24, 4, 29, 23, 26, 7, 23, 25, 26, 25, 5, 26]
                            uniform token subdivisionScheme = "none"
                            custom string userProperties:blender:data_name = "Icosphere.014"
                        }
                    }

                    def Xform "RA_Border_Bush_03"
                    {
                        custom string userProperties:blender:object_name = "RA_Border_Bush_03"
                        quatf xformOp:orient = (1, 0, 0, 0)
                        float3 xformOp:scale = (1, 1, 1)
                        double3 xformOp:translate = (-6.849999904632568, -12.600000381469727, 0.2639999985694885)
                        uniform token[] xformOpOrder = ["xformOp:translate", "xformOp:orient", "xformOp:scale"]

                        def Mesh "Icosphere_013" (
                            active = true
                            prepend apiSchemas = ["MaterialBindingAPI"]
                        )
                        {
                            uniform bool doubleSided = 1
                            float3[] extent = [(-0.6276982, -0.52799994, -0.4092), (0.6276982, 0.52799994, 0.4092)]
                            int[] faceVertexCounts = [3, 3, 3, 3, 3, 3, 3, 3, 3, 3, 3, 3, 3, 3, 3, 3, 3, 3, 3, 3, 3, 3, 3, 3, 3, 3, 3, 3, 3, 3, 3, 3, 3, 3, 3, 3, 3, 3, 3, 3, 3, 3, 3, 3, 3, 3, 3, 3, 3, 3, 3, 3, 3, 3, 3, 3, 3, 3, 3, 3, 3, 3, 3, 3, 3, 3, 3, 3, 3, 3, 3, 3, 3, 3, 3, 3, 3, 3, 3, 3]
                            int[] faceVertexIndices = [0, 13, 12, 1, 13, 15, 0, 12, 17, 0, 17, 19, 0, 19, 16, 1, 15, 22, 2, 14, 24, 3, 18, 26, 4, 20, 28, 5, 21, 30, 1, 22, 25, 2, 24, 27, 3, 26, 29, 4, 28, 31, 5, 30, 23, 6, 32, 37, 7, 33, 39, 8, 34, 40, 9, 35, 41, 10, 36, 38, 38, 41, 11, 38, 36, 41, 36, 9, 41, 41, 40, 11, 41, 35, 40, 35, 8, 40, 40, 39, 11, 40, 34, 39, 34, 7, 39, 39, 37, 11, 39, 33, 37, 33, 6, 37, 37, 38, 11, 37, 32, 38, 32, 10, 38, 23, 36, 10, 23, 30, 36, 30, 9, 36, 31, 35, 9, 31, 28, 35, 28, 8, 35, 29, 34, 8, 29, 26, 34, 26, 7, 34, 27, 33, 7, 27, 24, 33, 24, 6, 33, 25, 32, 6, 25, 22, 32, 22, 10, 32, 30, 31, 9, 30, 21, 31, 21, 4, 31, 28, 29, 8, 28, 20, 29, 20, 3, 29, 26, 27, 7, 26, 18, 27, 18, 2, 27, 24, 25, 6, 24, 14, 25, 14, 1, 25, 22, 23, 10, 22, 15, 23, 15, 5, 23, 16, 21, 5, 16, 19, 21, 19, 4, 21, 19, 20, 4, 19, 17, 20, 17, 3, 20, 17, 18, 3, 17, 12, 18, 12, 2, 18, 15, 16, 5, 15, 13, 16, 13, 0, 16, 12, 14, 2, 12, 13, 14, 13, 1, 14]
                            rel material:binding = </_materials/EX_Mat_Foliage>
                            normal3f[] normals = [(0.064992, -0.25002617, -0.9660554), (0.064992, -0.25002617, -0.9660554), (0.064992, -0.25002617, -0.9660554), (0.53059435, -0.25387585, -0.8087129), (0.53059435, -0.25387585, -0.8087129), (0.53059435, -0.25387585, -0.8087129), (-0.17134538, -0.15561093, -0.97284424), (-0.17134538, -0.15561093, -0.97284424), (-0.17134538, -0.15561093, -0.97284424), (-0.17134538, 0.15561093, -0.97284424), (-0.17134538, 0.15561093, -0.97284424), (-0.17134538, 0.15561093, -0.97284424), (0.064992, 0.25002617, -0.9660554), (0.064992, 0.25002617, -0.9660554), (0.064992, 0.25002617, -0.9660554), (0.8209498, -0.3039267, -0.48339406), (0.8209498, -0.3039267, -0.48339406), (0.8209498, -0.3039267, -0.48339406), (0.019117663, -0.91113216, -0.41167057), (0.019117663, -0.91113216, -0.41167057), (0.019117663, -0.91113216, -0.41167057), (-0.8020001, -0.35504508, -0.48035276), (-0.8020001, -0.35504508, -0.48035276), (-0.8020001, -0.35504508, -0.48035276), (-0.47070223, 0.76673555, -0.43652725), (-0.47070223, 0.76673555, -0.43652725), (-0.47070223, 0.76673555, -0.43652725), (0.43429017, 0.7899226, -0.4329136), (0.43429017, 0.7899226, -0.4329136), (0.43429017, 0.7899226, -0.4329136), (0.72767925, -0.6608588, -0.18370806), (0.72767925, -0.6608588, -0.18370806), (0.72767925, -0.6608588, -0.18370806), (-0.24816829, -0.95472914, -0.16402699), (-0.24816829, -0.95472914, -0.16402699), (-0.24816829, -0.95472914, -0.16402699), (-0.97977287, 0, -0.20011294), (-0.97977287, 0, -0.20011294), (-0.97977287, 0, -0.20011294), (-0.24816829, 0.95472914, -0.16402699), (-0.24816829, 0.95472914, -0.16402699), (-0.24816829, 0.95472914, -0.16402699), (0.72767925, 0.6608588, -0.18370806), (0.72767925, 0.6608588, -0.18370806), (0.72767925, 0.6608588, -0.18370806), (0.2948757, -0.5664174, 0.7695581), (0.2948757, -0.5664174, 0.7695581), (0.2948757, -0.5664174, 0.7695581), (-0.34259734, -0.52985454, 0.77581), (-0.34259734, -0.52985454, 0.77581), (-0.34259734, -0.52985454, 0.77581), (-0.53059435, 0.25387585, 0.8087129), (-0.53059435, 0.25387585, 0.8087129), (-0.53059435, 0.25387585, 0.8087129), (0.027133128, 0.65910923, 0.7515576), (0.027133128, 0.65910923, 0.7515576), (0.027133128, 0.65910923, 0.7515576), (0.5516738, 0.18547072, 0.8131769), (0.5516738, 0.18547072, 0.8131769), (0.5516738, 0.18547072, 0.8131769), (0.17134538, 0.15561093, 0.97284424), (0.17134538, 0.15561093, 0.97284424), (0.17134538, 0.15561093, 0.97284424), (0.34029248, 0.30904776, 0.88808256), (0.34029248, 0.30904776, 0.88808256), (0.34029248, 0.30904776, 0.88808256), (0.29487565, 0.56641746, 0.7695581), (0.29487565, 0.56641746, 0.7695581), (0.29487565, 0.56641746, 0.7695581), (-0.064992085, 0.25002617, 0.9660554), (-0.064992085, 0.25002617, 0.9660554), (-0.064992085, 0.25002617, 0.9660554), (-0.126511, 0.48669198, 0.86436445), (-0.126511, 0.48669198, 0.86436445), (-0.126511, 0.48669198, 0.86436445), (-0.34259737, 0.52985454, 0.77581), (-0.34259737, 0.52985454, 0.77581), (-0.34259737, 0.52985454, 0.77581), (-0.21272142, 0, 0.9771128), (-0.21272142, 0, 0.9771128), (-0.21272142, 0, 0.9771128), (-0.42805088, 0, 0.9037546), (-0.42805088, 0, 0.9037546), (-0.42805088, 0, 0.9037546), (-0.53059435, -0.25387585, 0.8087129), (-0.53059435, -0.25387585, 0.8087129), (-0.53059435, -0.25387585, 0.8087129), (-0.06499208, -0.25002617, 0.9660554), (-0.06499208, -0.25002617, 0.9660554), (-0.06499208, -0.25002617, 0.9660554), (-0.126511, -0.48669198, 0.86436445), (-0.126511, -0.48669198, 0.86436445), (-0.126511, -0.48669198, 0.86436445), (0.027133124, -0.6591092, 0.75155765), (0.027133124, -0.6591092, 0.75155765), (0.027133124, -0.6591092, 0.75155765), (0.17134538, -0.15561093, 0.97284424), (0.17134538, -0.15561093, 0.97284424), (0.17134538, -0.15561093, 0.97284424), (0.34029248, -0.30904773, 0.8880825), (0.34029248, -0.30904773, 0.8880825), (0.34029248, -0.30904773, 0.8880825), (0.5516738, -0.18547063, 0.8131769), (0.5516738, -0.18547063, 0.8131769), (0.5516738, -0.18547063, 0.8131769), (0.80200016, 0.35504484, 0.48035276), (0.80200016, 0.35504484, 0.48035276), (0.80200016, 0.35504484, 0.48035276), (0.7125146, 0.64708656, 0.27129668), (0.7125146, 0.64708656, 0.27129668), (0.7125146, 0.64708656, 0.27129668), (0.4707022, 0.76673555, 0.43652737), (0.4707022, 0.76673555, 0.43652737), (0.4707022, 0.76673555, 0.43652737), (-0.019117659, 0.91113216, 0.41167068), (-0.019117659, 0.91113216, 0.41167068), (-0.019117659, 0.91113216, 0.41167068), (-0.24401909, 0.93876684, 0.2432518), (-0.24401909, 0.93876684, 0.2432518), (-0.24401909, 0.93876684, 0.2432518), (-0.4342902, 0.78992265, 0.4329137), (-0.4342902, 0.78992265, 0.4329137), (-0.4342902, 0.78992265, 0.4329137), (-0.8209499, 0.30392668, 0.48339415), (-0.8209499, 0.30392668, 0.48339415), (-0.8209499, 0.30392668, 0.48339415), (-0.9556836, 0, 0.29439583), (-0.9556836, 0, 0.29439583), (-0.9556836, 0, 0.29439583), (-0.8209499, -0.30392668, 0.48339415), (-0.8209499, -0.30392668, 0.48339415), (-0.8209499, -0.30392668, 0.48339415), (-0.4342902, -0.78992265, 0.4329137), (-0.4342902, -0.78992265, 0.4329137), (-0.4342902, -0.78992265, 0.4329137), (-0.24401909, -0.93876684, 0.2432518), (-0.24401909, -0.93876684, 0.2432518), (-0.24401909, -0.93876684, 0.2432518), (-0.019117659, -0.91113216, 0.41167068), (-0.019117659, -0.91113216, 0.41167068), (-0.019117659, -0.91113216, 0.41167068), (0.4707022, -0.76673555, 0.43652737), (0.4707022, -0.76673555, 0.43652737), (0.4707022, -0.76673555, 0.43652737), (0.7125146, -0.64708656, 0.27129668), (0.7125146, -0.64708656, 0.27129668), (0.7125146, -0.64708656, 0.27129668), (0.80200016, -0.35504484, 0.48035276), (0.80200016, -0.35504484, 0.48035276), (0.80200016, -0.35504484, 0.48035276), (0.24816829, 0.95472914, 0.16402699), (0.24816829, 0.95472914, 0.16402699), (0.24816829, 0.95472914, 0.16402699), (0.24401909, 0.93876684, -0.2432518), (0.24401909, 0.93876684, -0.2432518), (0.24401909, 0.93876684, -0.2432518), (0.019117663, 0.91113216, -0.41167057), (0.019117663, 0.91113216, -0.41167057), (0.019117663, 0.91113216, -0.41167057), (-0.72767925, 0.6608588, 0.18370794), (-0.72767925, 0.6608588, 0.18370794), (-0.72767925, 0.6608588, 0.18370794), (-0.7125146, 0.64708656, -0.27129668), (-0.7125146, 0.64708656, -0.27129668), (-0.7125146, 0.64708656, -0.27129668), (-0.80200016, 0.35504484, -0.48035276), (-0.80200016, 0.35504484, -0.48035276), (-0.80200016, 0.35504484, -0.48035276), (-0.72767925, -0.6608588, 0.18370794), (-0.72767925, -0.6608588, 0.18370794), (-0.72767925, -0.6608588, 0.18370794), (-0.7125146, -0.64708656, -0.27129668), (-0.7125146, -0.64708656, -0.27129668), (-0.7125146, -0.64708656, -0.27129668), (-0.4707022, -0.7667357, -0.43652716), (-0.4707022, -0.7667357, -0.43652716), (-0.4707022, -0.7667357, -0.43652716), (0.24816829, -0.95472914, 0.16402699), (0.24816829, -0.95472914, 0.16402699), (0.24816829, -0.95472914, 0.16402699), (0.24401909, -0.93876684, -0.2432518), (0.24401909, -0.93876684, -0.2432518), (0.24401909, -0.93876684, -0.2432518), (0.4342902, -0.78992265, -0.4329137), (0.4342902, -0.78992265, -0.4329137), (0.4342902, -0.78992265, -0.4329137), (0.97977287, 0, 0.20011294), (0.97977287, 0, 0.20011294), (0.97977287, 0, 0.20011294), (0.9556836, 0, -0.29439583), (0.9556836, 0, -0.29439583), (0.9556836, 0, -0.29439583), (0.8209498, 0.3039267, -0.48339406), (0.8209498, 0.3039267, -0.48339406), (0.8209498, 0.3039267, -0.48339406), (0.3425973, 0.5298546, -0.77581006), (0.3425973, 0.5298546, -0.77581006), (0.3425973, 0.5298546, -0.77581006), (0.126511, 0.48669198, -0.86436445), (0.126511, 0.48669198, -0.86436445), (0.126511, 0.48669198, -0.86436445), (-0.027133113, 0.6591092, -0.75155765), (-0.027133113, 0.6591092, -0.75155765), (-0.027133113, 0.6591092, -0.75155765), (-0.29487565, 0.5664174, -0.7695581), (-0.29487565, 0.5664174, -0.7695581), (-0.29487565, 0.5664174, -0.7695581), (-0.34029248, 0.30904773, -0.8880825), (-0.34029248, 0.30904773, -0.8880825), (-0.34029248, 0.30904773, -0.8880825), (-0.5516738, 0.18547072, -0.8131769), (-0.5516738, 0.18547072, -0.8131769), (-0.5516738, 0.18547072, -0.8131769), (-0.5516738, -0.18547072, -0.8131769), (-0.5516738, -0.18547072, -0.8131769), (-0.5516738, -0.18547072, -0.8131769), (-0.34029248, -0.30904776, -0.88808256), (-0.34029248, -0.30904776, -0.88808256), (-0.34029248, -0.30904776, -0.88808256), (-0.29487565, -0.5664174, -0.7695581), (-0.29487565, -0.5664174, -0.7695581), (-0.29487565, -0.5664174, -0.7695581), (0.53059435, 0.25387585, -0.8087129), (0.53059435, 0.25387585, -0.8087129), (0.53059435, 0.25387585, -0.8087129), (0.42805085, 0, -0.90375465), (0.42805085, 0, -0.90375465), (0.42805085, 0, -0.90375465), (0.21272142, 0, -0.9771128), (0.21272142, 0, -0.9771128), (0.21272142, 0, -0.9771128), (-0.027133113, -0.6591092, -0.75155765), (-0.027133113, -0.6591092, -0.75155765), (-0.027133113, -0.6591092, -0.75155765), (0.126511, -0.48669198, -0.86436445), (0.126511, -0.48669198, -0.86436445), (0.126511, -0.48669198, -0.86436445), (0.3425973, -0.5298546, -0.77581006), (0.3425973, -0.5298546, -0.77581006), (0.3425973, -0.5298546, -0.77581006)] (
                                interpolation = "faceVarying"
                            )
                            point3f[] points = [(0, 0, -0.4092), (0.47758085, -0.27758297, -0.18300223), (-0.1824161, -0.44914278, -0.18300237), (-0.59032136, 0, -0.18300064), (-0.1824161, 0.44914278, -0.18300237), (0.47758085, 0.27758297, -0.18300223), (0.1824161, -0.44914278, 0.18300237), (-0.47758085, -0.27758297, 0.18300223), (-0.47758085, 0.27758297, 0.18300223), (0.1824161, 0.44914278, 0.18300237), (0.59032136, 0, 0.18300064), (0, 0, 0.4092), (-0.10722067, -0.2639975, -0.3480878), (0.280713, -0.16315801, -0.3480877), (0.17349343, -0.42715815, -0.21513185), (0.5614276, 0, -0.21513115), (0.280713, 0.16315801, -0.3480877), (-0.34698167, 0, -0.34808668), (-0.454205, -0.2639984, -0.21513127), (-0.10722067, 0.2639975, -0.3480878), (-0.454205, 0.2639984, -0.21513127), (0.17349343, 0.42715815, -0.21513185), (0.6276982, -0.16315867, 0), (0.6276982, 0.16315867, 0), (0, -0.52799994, 0), (0.3879385, -0.42716083, 0), (-0.6276982, -0.16315867, 0), (-0.3879385, -0.42716083, 0), (-0.3879385, 0.42716083, 0), (-0.6276982, 0.16315867, 0), (0.3879385, 0.42716083, 0), (0, 0.52799994, 0), (0.454205, -0.2639984, 0.21513127), (-0.17349343, -0.42715815, 0.21513185), (-0.5614276, 0, 0.21513115), (-0.17349343, 0.42715815, 0.21513185), (0.454205, 0.2639984, 0.21513127), (0.10722067, -0.2639975, 0.3480878), (0.34698167, 0, 0.34808668), (-0.280713, -0.16315801, 0.3480877), (-0.280713, 0.16315801, 0.3480877), (0.10722067, 0.2639975, 0.3480878)]
                            texCoord2f[] primvars:st = [(0.181819, 0), (0.909091, 0), (0.727273, 0), (0.545455, 0), (0.363637, 0), (0.272728, 0.157461), (1, 0.157461), (0.09091, 0.157461), (0.818182, 0.157461), (0.636364, 0.157461), (0.454546, 0.157461), (0.181819, 0.314921), (0, 0.314921), (0.909091, 0.314921), (0.727273, 0.314921), (0.545455, 0.314921), (0.363637, 0.314921), (0.454546, 0.472382), (0.636364, 0.472382), (0.818182, 0.472382), (0.09091, 0.472382), (0.272728, 0.472382), (0.9545455, 0.0787305), (0.1363645, 0.0787305), (0.3181825, 0.0787305), (0.2272735, 0.0787305), (0.18181899, 0.157461), (0.363637, 0.157461), (0.5000005, 0.0787305), (0.4090915, 0.0787305), (0.7727275, 0.0787305), (0.8636365, 0.0787305), (0.909091, 0.157461), (0.5909095, 0.0787305), (0.6818185, 0.0787305), (0.727273, 0.157461), (0.545455, 0.157461), (0.3181825, 0.236191), (0.4090915, 0.236191), (0.1363645, 0.236191), (0.2272735, 0.236191), (0.8636365, 0.236191), (0.045455, 0.236191), (0.9545455, 0.236191), (0.6818185, 0.236191), (0.7727275, 0.236191), (0.5000005, 0.236191), (0.5909095, 0.236191), (0.272728, 0.314921), (0.0909095, 0.314921), (0.818182, 0.314921), (0.636364, 0.314921), (0.45454597, 0.314921), (0.1363645, 0.3936515), (0.2272735, 0.3936515), (0.4090915, 0.3936515), (0.3181825, 0.3936515), (0.8636365, 0.3936515), (0.045455, 0.3936515), (0.6818185, 0.3936515), (0.7727275, 0.3936515), (0.5000005, 0.3936515), (0.5909095, 0.3936515)] (
                                interpolation = "faceVarying"
                            )
                            int[] primvars:st:indices = [0, 25, 23, 5, 24, 27, 1, 22, 31, 2, 30, 34, 3, 33, 28, 5, 27, 37, 7, 26, 39, 8, 32, 41, 9, 35, 44, 10, 36, 46, 5, 37, 40, 7, 39, 42, 8, 41, 45, 9, 44, 47, 10, 46, 38, 11, 48, 54, 12, 49, 58, 14, 50, 60, 15, 51, 62, 16, 52, 55, 55, 61, 17, 55, 52, 61, 52, 15, 61, 62, 59, 18, 62, 51, 59, 51, 14, 59, 60, 57, 19, 60, 50, 57, 50, 13, 57, 58, 53, 20, 58, 49, 53, 49, 11, 53, 54, 56, 21, 54, 48, 56, 48, 16, 56, 38, 52, 16, 38, 46, 52, 46, 15, 52, 47, 51, 15, 47, 44, 51, 44, 14, 51, 45, 50, 14, 45, 41, 50, 41, 13, 50, 42, 49, 12, 42, 39, 49, 39, 11, 49, 40, 48, 11, 40, 37, 48, 37, 16, 48, 46, 47, 15, 46, 36, 47, 36, 9, 47, 44, 45, 14, 44, 35, 45, 35, 8, 45, 41, 43, 13, 41, 32, 43, 32, 6, 43, 39, 40, 11, 39, 26, 40, 26, 5, 40, 37, 38, 16, 37, 27, 38, 27, 10, 38, 28, 36, 10, 28, 33, 36, 33, 9, 36, 34, 35, 9, 34, 30, 35, 30, 8, 35, 31, 32, 8, 31, 22, 32, 22, 6, 32, 27, 29, 10, 27, 24, 29, 24, 4, 29, 23, 26, 7, 23, 25, 26, 25, 5, 26]
                            uniform token subdivisionScheme = "none"
                            custom string userProperties:blender:data_name = "Icosphere.013"
                        }
                    }

                    def Xform "RA_Border_Bush_02"
                    {
                        custom string userProperties:blender:object_name = "RA_Border_Bush_02"
                        quatf xformOp:orient = (1, 0, 0, 0)
                        float3 xformOp:scale = (1, 1, 1)
                        double3 xformOp:translate = (2.549999952316284, -11.399999618530273, 0.23199999332427979)
                        uniform token[] xformOpOrder = ["xformOp:translate", "xformOp:orient", "xformOp:scale"]

                        def Mesh "Icosphere_012" (
                            active = true
                            prepend apiSchemas = ["MaterialBindingAPI"]
                        )
                        {
                            uniform bool doubleSided = 1
                            float3[] extent = [(-0.5516135, -0.46399996, -0.3596), (0.5516135, 0.46399996, 0.3596)]
                            int[] faceVertexCounts = [3, 3, 3, 3, 3, 3, 3, 3, 3, 3, 3, 3, 3, 3, 3, 3, 3, 3, 3, 3, 3, 3, 3, 3, 3, 3, 3, 3, 3, 3, 3, 3, 3, 3, 3, 3, 3, 3, 3, 3, 3, 3, 3, 3, 3, 3, 3, 3, 3, 3, 3, 3, 3, 3, 3, 3, 3, 3, 3, 3, 3, 3, 3, 3, 3, 3, 3, 3, 3, 3, 3, 3, 3, 3, 3, 3, 3, 3, 3, 3]
                            int[] faceVertexIndices = [0, 13, 12, 1, 13, 15, 0, 12, 17, 0, 17, 19, 0, 19, 16, 1, 15, 22, 2, 14, 24, 3, 18, 26, 4, 20, 28, 5, 21, 30, 1, 22, 25, 2, 24, 27, 3, 26, 29, 4, 28, 31, 5, 30, 23, 6, 32, 37, 7, 33, 39, 8, 34, 40, 9, 35, 41, 10, 36, 38, 38, 41, 11, 38, 36, 41, 36, 9, 41, 41, 40, 11, 41, 35, 40, 35, 8, 40, 40, 39, 11, 40, 34, 39, 34, 7, 39, 39, 37, 11, 39, 33, 37, 33, 6, 37, 37, 38, 11, 37, 32, 38, 32, 10, 38, 23, 36, 10, 23, 30, 36, 30, 9, 36, 31, 35, 9, 31, 28, 35, 28, 8, 35, 29, 34, 8, 29, 26, 34, 26, 7, 34, 27, 33, 7, 27, 24, 33, 24, 6, 33, 25, 32, 6, 25, 22, 32, 22, 10, 32, 30, 31, 9, 30, 21, 31, 21, 4, 31, 28, 29, 8, 28, 20, 29, 20, 3, 29, 26, 27, 7, 26, 18, 27, 18, 2, 27, 24, 25, 6, 24, 14, 25, 14, 1, 25, 22, 23, 10, 22, 15, 23, 15, 5, 23, 16, 21, 5, 16, 19, 21, 19, 4, 21, 19, 20, 4, 19, 17, 20, 17, 3, 20, 17, 18, 3, 17, 12, 18, 12, 2, 18, 15, 16, 5, 15, 13, 16, 13, 0, 16, 12, 14, 2, 12, 13, 14, 13, 1, 14]
                            rel material:binding = </_materials/EX_Mat_Foliage_Light>
                            normal3f[] normals = [(0.06499214, -0.25002617, -0.96605533), (0.06499214, -0.25002617, -0.96605533), (0.06499214, -0.25002617, -0.96605533), (0.5305944, -0.25387618, -0.80871284), (0.5305944, -0.25387618, -0.80871284), (0.5305944, -0.25387618, -0.80871284), (-0.17134549, -0.1556109, -0.9728442), (-0.17134549, -0.1556109, -0.9728442), (-0.17134549, -0.1556109, -0.9728442), (-0.17134549, 0.1556109, -0.9728442), (-0.17134549, 0.1556109, -0.9728442), (-0.17134549, 0.1556109, -0.9728442), (0.06499214, 0.25002617, -0.96605533), (0.06499214, 0.25002617, -0.96605533), (0.06499214, 0.25002617, -0.96605533), (0.8209498, -0.3039269, -0.48339397), (0.8209498, -0.3039269, -0.48339397), (0.8209498, -0.3039269, -0.48339397), (0.019117743, -0.9111321, -0.41167068), (0.019117743, -0.9111321, -0.41167068), (0.019117743, -0.9111321, -0.41167068), (-0.80200016, -0.35504493, -0.48035288), (-0.80200016, -0.35504493, -0.48035288), (-0.80200016, -0.35504493, -0.48035288), (-0.4707024, 0.7667355, -0.436527), (-0.4707024, 0.7667355, -0.436527), (-0.4707024, 0.7667355, -0.436527), (0.4342902, 0.78992265, -0.43291354), (0.4342902, 0.78992265, -0.43291354), (0.4342902, 0.78992265, -0.43291354), (0.7276793, -0.6608587, -0.18370798), (0.7276793, -0.6608587, -0.18370798), (0.7276793, -0.6608587, -0.18370798), (-0.24816838, -0.95472914, -0.16402681), (-0.24816838, -0.95472914, -0.16402681), (-0.24816838, -0.95472914, -0.16402681), (-0.97977275, 0, -0.20011312), (-0.97977275, 0, -0.20011312), (-0.97977275, 0, -0.20011312), (-0.24816838, 0.95472914, -0.16402681), (-0.24816838, 0.95472914, -0.16402681), (-0.24816838, 0.95472914, -0.16402681), (0.7276793, 0.6608587, -0.18370798), (0.7276793, 0.6608587, -0.18370798), (0.7276793, 0.6608587, -0.18370798), (0.2948757, -0.56641734, 0.76955813), (0.2948757, -0.56641734, 0.76955813), (0.2948757, -0.56641734, 0.76955813), (-0.3425974, -0.52985436, 0.7758102), (-0.3425974, -0.52985436, 0.7758102), (-0.3425974, -0.52985436, 0.7758102), (-0.5305944, 0.25387618, 0.80871284), (-0.5305944, 0.25387618, 0.80871284), (-0.5305944, 0.25387618, 0.80871284), (0.027132971, 0.65910923, 0.7515575), (0.027132971, 0.65910923, 0.7515575), (0.027132971, 0.65910923, 0.7515575), (0.5516741, 0.18547052, 0.81317675), (0.5516741, 0.18547052, 0.81317675), (0.5516741, 0.18547052, 0.81317675), (0.17134549, 0.15561089, 0.9728442), (0.17134549, 0.15561089, 0.9728442), (0.17134549, 0.15561089, 0.9728442), (0.34029233, 0.30904773, 0.88808256), (0.34029233, 0.30904773, 0.88808256), (0.34029233, 0.30904773, 0.88808256), (0.29487574, 0.5664174, 0.7695581), (0.29487574, 0.5664174, 0.7695581), (0.29487574, 0.5664174, 0.7695581), (-0.06499214, 0.25002617, 0.96605533), (-0.06499214, 0.25002617, 0.96605533), (-0.06499214, 0.25002617, 0.96605533), (-0.12651101, 0.48669207, 0.86436445), (-0.12651101, 0.48669207, 0.86436445), (-0.12651101, 0.48669207, 0.86436445), (-0.34259748, 0.52985436, 0.7758101), (-0.34259748, 0.52985436, 0.7758101), (-0.34259748, 0.52985436, 0.7758101), (-0.2127213, 0, 0.9771129), (-0.2127213, 0, 0.9771129), (-0.2127213, 0, 0.9771129), (-0.4280508, 0, 0.9037547), (-0.4280508, 0, 0.9037547), (-0.4280508, 0, 0.9037547), (-0.53059435, -0.25387615, 0.8087128), (-0.53059435, -0.25387615, 0.8087128), (-0.53059435, -0.25387615, 0.8087128), (-0.06499214, -0.25002614, 0.96605533), (-0.06499214, -0.25002614, 0.96605533), (-0.06499214, -0.25002614, 0.96605533), (-0.12651092, -0.48669207, 0.86436445), (-0.12651092, -0.48669207, 0.86436445), (-0.12651092, -0.48669207, 0.86436445), (0.027132971, -0.6591092, 0.75155765), (0.027132971, -0.6591092, 0.75155765), (0.027132971, -0.6591092, 0.75155765), (0.17134549, -0.15561089, 0.9728442), (0.17134549, -0.15561089, 0.9728442), (0.17134549, -0.15561089, 0.9728442), (0.34029233, -0.30904767, 0.88808256), (0.34029233, -0.30904767, 0.88808256), (0.34029233, -0.30904767, 0.88808256), (0.5516741, -0.18547052, 0.81317675), (0.5516741, -0.18547052, 0.81317675), (0.5516741, -0.18547052, 0.81317675), (0.80200016, 0.35504496, 0.48035288), (0.80200016, 0.35504496, 0.48035288), (0.80200016, 0.35504496, 0.48035288), (0.71251464, 0.6470865, 0.27129665), (0.71251464, 0.6470865, 0.27129665), (0.71251464, 0.6470865, 0.27129665), (0.47070247, 0.76673555, 0.436527), (0.47070247, 0.76673555, 0.436527), (0.47070247, 0.76673555, 0.436527), (-0.019117728, 0.9111321, 0.41167068), (-0.019117728, 0.9111321, 0.41167068), (-0.019117728, 0.9111321, 0.41167068), (-0.2440192, 0.9387667, 0.24325214), (-0.2440192, 0.9387667, 0.24325214), (-0.2440192, 0.9387667, 0.24325214), (-0.43429017, 0.7899227, 0.4329135), (-0.43429017, 0.7899227, 0.4329135), (-0.43429017, 0.7899227, 0.4329135), (-0.8209498, 0.30392683, 0.483394), (-0.8209498, 0.30392683, 0.483394), (-0.8209498, 0.30392683, 0.483394), (-0.95568365, 0, 0.29439571), (-0.95568365, 0, 0.29439571), (-0.95568365, 0, 0.29439571), (-0.8209498, -0.30392683, 0.483394), (-0.8209498, -0.30392683, 0.483394), (-0.8209498, -0.30392683, 0.483394), (-0.43429017, -0.7899227, 0.4329135), (-0.43429017, -0.7899227, 0.4329135), (-0.43429017, -0.7899227, 0.4329135), (-0.2440192, -0.9387667, 0.24325214), (-0.2440192, -0.9387667, 0.24325214), (-0.2440192, -0.9387667, 0.24325214), (-0.019117728, -0.9111321, 0.41167068), (-0.019117728, -0.9111321, 0.41167068), (-0.019117728, -0.9111321, 0.41167068), (0.47070247, -0.76673555, 0.436527), (0.47070247, -0.76673555, 0.436527), (0.47070247, -0.76673555, 0.436527), (0.71251464, -0.6470865, 0.2712966), (0.71251464, -0.6470865, 0.2712966), (0.71251464, -0.6470865, 0.2712966), (0.80200016, -0.35504496, 0.48035288), (0.80200016, -0.35504496, 0.48035288), (0.80200016, -0.35504496, 0.48035288), (0.24816835, 0.954729, 0.16402705), (0.24816835, 0.954729, 0.16402705), (0.24816835, 0.954729, 0.16402705), (0.2440192, 0.9387667, -0.24325214), (0.2440192, 0.9387667, -0.24325214), (0.2440192, 0.9387667, -0.24325214), (0.019117728, 0.9111321, -0.41167068), (0.019117728, 0.9111321, -0.41167068), (0.019117728, 0.9111321, -0.41167068), (-0.7276793, 0.6608587, 0.18370798), (-0.7276793, 0.6608587, 0.18370798), (-0.7276793, 0.6608587, 0.18370798), (-0.71251464, 0.6470865, -0.2712966), (-0.71251464, 0.6470865, -0.2712966), (-0.71251464, 0.6470865, -0.2712966), (-0.80200016, 0.35504493, -0.48035288), (-0.80200016, 0.35504493, -0.48035288), (-0.80200016, 0.35504493, -0.48035288), (-0.7276793, -0.6608587, 0.18370798), (-0.7276793, -0.6608587, 0.18370798), (-0.7276793, -0.6608587, 0.18370798), (-0.71251464, -0.6470865, -0.27129665), (-0.71251464, -0.6470865, -0.27129665), (-0.71251464, -0.6470865, -0.27129665), (-0.47070247, -0.7667356, -0.436527), (-0.47070247, -0.7667356, -0.436527), (-0.47070247, -0.7667356, -0.436527), (0.24816835, -0.954729, 0.16402705), (0.24816835, -0.954729, 0.16402705), (0.24816835, -0.954729, 0.16402705), (0.2440192, -0.9387667, -0.24325214), (0.2440192, -0.9387667, -0.24325214), (0.2440192, -0.9387667, -0.24325214), (0.4342901, -0.7899227, -0.43291357), (0.4342901, -0.7899227, -0.43291357), (0.4342901, -0.7899227, -0.43291357), (0.97977275, 0, 0.20011312), (0.97977275, 0, 0.20011312), (0.97977275, 0, 0.20011312), (0.95568365, 0, -0.29439571), (0.95568365, 0, -0.29439571), (0.95568365, 0, -0.29439571), (0.8209498, 0.30392691, -0.483394), (0.8209498, 0.30392691, -0.483394), (0.8209498, 0.30392691, -0.483394), (0.34259745, 0.5298544, -0.7758101), (0.34259745, 0.5298544, -0.7758101), (0.34259745, 0.5298544, -0.7758101), (0.12651092, 0.48669207, -0.86436445), (0.12651092, 0.48669207, -0.86436445), (0.12651092, 0.48669207, -0.86436445), (-0.027132971, 0.65910923, -0.7515575), (-0.027132971, 0.65910923, -0.7515575), (-0.027132971, 0.65910923, -0.7515575), (-0.2948758, 0.5664174, -0.7695581), (-0.2948758, 0.5664174, -0.7695581), (-0.2948758, 0.5664174, -0.7695581), (-0.34029233, 0.30904767, -0.88808256), (-0.34029233, 0.30904767, -0.88808256), (-0.34029233, 0.30904767, -0.88808256), (-0.5516741, 0.18547049, -0.81317675), (-0.5516741, 0.18547049, -0.81317675), (-0.5516741, 0.18547049, -0.81317675), (-0.5516741, -0.18547049, -0.81317675), (-0.5516741, -0.18547049, -0.81317675), (-0.5516741, -0.18547049, -0.81317675), (-0.34029233, -0.30904773, -0.88808256), (-0.34029233, -0.30904773, -0.88808256), (-0.34029233, -0.30904773, -0.88808256), (-0.2948758, -0.5664174, -0.7695581), (-0.2948758, -0.5664174, -0.7695581), (-0.2948758, -0.5664174, -0.7695581), (0.53059435, 0.25387615, -0.8087128), (0.53059435, 0.25387615, -0.8087128), (0.53059435, 0.25387615, -0.8087128), (0.4280508, 0, -0.9037547), (0.4280508, 0, -0.9037547), (0.4280508, 0, -0.9037547), (0.2127213, 0, -0.9771129), (0.2127213, 0, -0.9771129), (0.2127213, 0, -0.9771129), (-0.027132971, -0.65910923, -0.7515575), (-0.027132971, -0.65910923, -0.7515575), (-0.027132971, -0.65910923, -0.7515575), (0.12651101, -0.48669207, -0.86436445), (0.12651101, -0.48669207, -0.86436445), (0.12651101, -0.48669207, -0.86436445), (0.34259745, -0.5298544, -0.7758101), (0.34259745, -0.5298544, -0.7758101), (0.34259745, -0.5298544, -0.7758101)] (
                                interpolation = "faceVarying"
                            )
                            point3f[] points = [(0, 0, -0.3596), (0.41969222, -0.24393654, -0.16082014), (-0.16030505, -0.39470124, -0.16082026), (-0.5187672, 0, -0.16081874), (-0.16030505, 0.39470124, -0.16082026), (0.41969222, 0.24393654, -0.16082014), (0.16030505, -0.39470124, 0.16082026), (-0.41969222, -0.24393654, 0.16082014), (-0.41969222, 0.24393654, 0.16082014), (0.16030505, 0.39470124, 0.16082026), (0.5187672, 0, 0.16081874), (0, 0, 0.3596), (-0.09422422, -0.23199779, -0.30589533), (0.24668714, -0.14338128, -0.30589524), (0.15246391, -0.37538138, -0.18905526), (0.49337575, 0, -0.18905464), (0.24668714, 0.14338128, -0.30589524), (-0.30492327, 0, -0.30589435), (-0.39914984, -0.23199856, -0.18905474), (-0.09422422, 0.23199779, -0.30589533), (-0.39914984, 0.23199856, -0.18905474), (0.15246391, 0.37538138, -0.18905526), (0.5516135, -0.14338185, 0), (0.5516135, 0.14338185, 0), (0, -0.46399996, 0), (0.34091565, -0.37538373, 0), (-0.5516135, -0.14338185, 0), (-0.34091565, -0.37538373, 0), (-0.34091565, 0.37538373, 0), (-0.5516135, 0.14338185, 0), (0.34091565, 0.37538373, 0), (0, 0.46399996, 0), (0.39914984, -0.23199856, 0.18905474), (-0.15246391, -0.37538138, 0.18905526), (-0.49337575, 0, 0.18905464), (-0.15246391, 0.37538138, 0.18905526), (0.39914984, 0.23199856, 0.18905474), (0.09422422, -0.23199779, 0.30589533), (0.30492327, 0, 0.30589435), (-0.24668714, -0.14338128, 0.30589524), (-0.24668714, 0.14338128, 0.30589524), (0.09422422, 0.23199779, 0.30589533)]
                            texCoord2f[] primvars:st = [(0.181819, 0), (0.909091, 0), (0.727273, 0), (0.545455, 0), (0.363637, 0), (0.272728, 0.157461), (1, 0.157461), (0.09091, 0.157461), (0.818182, 0.157461), (0.636364, 0.157461), (0.454546, 0.157461), (0.181819, 0.314921), (0, 0.314921), (0.909091, 0.314921), (0.727273, 0.314921), (0.545455, 0.314921), (0.363637, 0.314921), (0.454546, 0.472382), (0.636364, 0.472382), (0.818182, 0.472382), (0.09091, 0.472382), (0.272728, 0.472382), (0.9545455, 0.0787305), (0.1363645, 0.0787305), (0.3181825, 0.0787305), (0.2272735, 0.0787305), (0.18181899, 0.157461), (0.363637, 0.157461), (0.5000005, 0.0787305), (0.4090915, 0.0787305), (0.7727275, 0.0787305), (0.8636365, 0.0787305), (0.909091, 0.157461), (0.5909095, 0.0787305), (0.6818185, 0.0787305), (0.727273, 0.157461), (0.545455, 0.157461), (0.3181825, 0.236191), (0.4090915, 0.236191), (0.1363645, 0.236191), (0.2272735, 0.236191), (0.8636365, 0.236191), (0.045455, 0.236191), (0.9545455, 0.236191), (0.6818185, 0.236191), (0.7727275, 0.236191), (0.5000005, 0.236191), (0.5909095, 0.236191), (0.272728, 0.314921), (0.0909095, 0.314921), (0.818182, 0.314921), (0.636364, 0.314921), (0.45454597, 0.314921), (0.1363645, 0.3936515), (0.2272735, 0.3936515), (0.4090915, 0.3936515), (0.3181825, 0.3936515), (0.8636365, 0.3936515), (0.045455, 0.3936515), (0.6818185, 0.3936515), (0.7727275, 0.3936515), (0.5000005, 0.3936515), (0.5909095, 0.3936515)] (
                                interpolation = "faceVarying"
                            )
                            int[] primvars:st:indices = [0, 25, 23, 5, 24, 27, 1, 22, 31, 2, 30, 34, 3, 33, 28, 5, 27, 37, 7, 26, 39, 8, 32, 41, 9, 35, 44, 10, 36, 46, 5, 37, 40, 7, 39, 42, 8, 41, 45, 9, 44, 47, 10, 46, 38, 11, 48, 54, 12, 49, 58, 14, 50, 60, 15, 51, 62, 16, 52, 55, 55, 61, 17, 55, 52, 61, 52, 15, 61, 62, 59, 18, 62, 51, 59, 51, 14, 59, 60, 57, 19, 60, 50, 57, 50, 13, 57, 58, 53, 20, 58, 49, 53, 49, 11, 53, 54, 56, 21, 54, 48, 56, 48, 16, 56, 38, 52, 16, 38, 46, 52, 46, 15, 52, 47, 51, 15, 47, 44, 51, 44, 14, 51, 45, 50, 14, 45, 41, 50, 41, 13, 50, 42, 49, 12, 42, 39, 49, 39, 11, 49, 40, 48, 11, 40, 37, 48, 37, 16, 48, 46, 47, 15, 46, 36, 47, 36, 9, 47, 44, 45, 14, 44, 35, 45, 35, 8, 45, 41, 43, 13, 41, 32, 43, 32, 6, 43, 39, 40, 11, 39, 26, 40, 26, 5, 40, 37, 38, 16, 37, 27, 38, 27, 10, 38, 28, 36, 10, 28, 33, 36, 33, 9, 36, 34, 35, 9, 34, 30, 35, 30, 8, 35, 31, 32, 8, 31, 22, 32, 22, 6, 32, 27, 29, 10, 27, 24, 29, 24, 4, 29, 23, 26, 7, 23, 25, 26, 25, 5, 26]
                            uniform token subdivisionScheme = "none"
                            custom string userProperties:blender:data_name = "Icosphere.012"
                        }
                    }

                    def Xform "RA_Border_Bush_01"
                    {
                        custom string userProperties:blender:object_name = "RA_Border_Bush_01"
                        quatf xformOp:orient = (1, 0, 0, 0)
                        float3 xformOp:scale = (1, 1, 1)
                        double3 xformOp:translate = (-6.650000095367432, -10.699999809265137, 0.20000000298023224)
                        uniform token[] xformOpOrder = ["xformOp:translate", "xformOp:orient", "xformOp:scale"]

                        def Mesh "Icosphere_011" (
                            active = true
                            prepend apiSchemas = ["MaterialBindingAPI"]
                        )
                        {
                            uniform bool doubleSided = 1
                            float3[] extent = [(-0.47552893, -0.39999998, -0.31), (0.47552893, 0.39999998, 0.31)]
                            int[] faceVertexCounts = [3, 3, 3, 3, 3, 3, 3, 3, 3, 3, 3, 3, 3, 3, 3, 3, 3, 3, 3, 3, 3, 3, 3, 3, 3, 3, 3, 3, 3, 3, 3, 3, 3, 3, 3, 3, 3, 3, 3, 3, 3, 3, 3, 3, 3, 3, 3, 3, 3, 3, 3, 3, 3, 3, 3, 3, 3, 3, 3, 3, 3, 3, 3, 3, 3, 3, 3, 3, 3, 3, 3, 3, 3, 3, 3, 3, 3, 3, 3, 3]
                            int[] faceVertexIndices = [0, 13, 12, 1, 13, 15, 0, 12, 17, 0, 17, 19, 0, 19, 16, 1, 15, 22, 2, 14, 24, 3, 18, 26, 4, 20, 28, 5, 21, 30, 1, 22, 25, 2, 24, 27, 3, 26, 29, 4, 28, 31, 5, 30, 23, 6, 32, 37, 7, 33, 39, 8, 34, 40, 9, 35, 41, 10, 36, 38, 38, 41, 11, 38, 36, 41, 36, 9, 41, 41, 40, 11, 41, 35, 40, 35, 8, 40, 40, 39, 11, 40, 34, 39, 34, 7, 39, 39, 37, 11, 39, 33, 37, 33, 6, 37, 37, 38, 11, 37, 32, 38, 32, 10, 38, 23, 36, 10, 23, 30, 36, 30, 9, 36, 31, 35, 9, 31, 28, 35, 28, 8, 35, 29, 34, 8, 29, 26, 34, 26, 7, 34, 27, 33, 7, 27, 24, 33, 24, 6, 33, 25, 32, 6, 25, 22, 32, 22, 10, 32, 30, 31, 9, 30, 21, 31, 21, 4, 31, 28, 29, 8, 28, 20, 29, 20, 3, 29, 26, 27, 7, 26, 18, 27, 18, 2, 27, 24, 25, 6, 24, 14, 25, 14, 1, 25, 22, 23, 10, 22, 15, 23, 15, 5, 23, 16, 21, 5, 16, 19, 21, 19, 4, 21, 19, 20, 4, 19, 17, 20, 17, 3, 20, 17, 18, 3, 17, 12, 18, 12, 2, 18, 15, 16, 5, 15, 13, 16, 13, 0, 16, 12, 14, 2, 12, 13, 14, 13, 1, 14]
                            rel material:binding = </_materials/EX_Mat_Foliage>
                            normal3f[] normals = [(0.06499211, -0.2500261, -0.96605533), (0.06499211, -0.2500261, -0.96605533), (0.06499211, -0.2500261, -0.96605533), (0.5305944, -0.2538762, -0.8087129), (0.5305944, -0.2538762, -0.8087129), (0.5305944, -0.2538762, -0.8087129), (-0.17134552, -0.1556109, -0.9728443), (-0.17134552, -0.1556109, -0.9728443), (-0.17134552, -0.1556109, -0.9728443), (-0.17134552, 0.1556109, -0.9728443), (-0.17134552, 0.1556109, -0.9728443), (-0.17134552, 0.1556109, -0.9728443), (0.06499211, 0.2500261, -0.96605533), (0.06499211, 0.2500261, -0.96605533), (0.06499211, 0.2500261, -0.96605533), (0.82094985, -0.30392665, -0.48339415), (0.82094985, -0.30392665, -0.48339415), (0.82094985, -0.30392665, -0.48339415), (0.019117666, -0.91113216, -0.4116707), (0.019117666, -0.91113216, -0.4116707), (0.019117666, -0.91113216, -0.4116707), (-0.8020002, -0.3550446, -0.48035303), (-0.8020002, -0.3550446, -0.48035303), (-0.8020002, -0.3550446, -0.48035303), (-0.4707023, 0.76673555, -0.43652722), (-0.4707023, 0.76673555, -0.43652722), (-0.4707023, 0.76673555, -0.43652722), (0.43429032, 0.78992254, -0.43291384), (0.43429032, 0.78992254, -0.43291384), (0.43429032, 0.78992254, -0.43291384), (0.72767913, -0.66085887, -0.18370813), (0.72767913, -0.66085887, -0.18370813), (0.72767913, -0.66085887, -0.18370813), (-0.24816829, -0.95472896, -0.16402745), (-0.24816829, -0.95472896, -0.16402745), (-0.24816829, -0.95472896, -0.16402745), (-0.9797728, 0, -0.20011319), (-0.9797728, 0, -0.20011319), (-0.9797728, 0, -0.20011319), (-0.24816829, 0.95472896, -0.16402745), (-0.24816829, 0.95472896, -0.16402745), (-0.24816829, 0.95472896, -0.16402745), (0.72767913, 0.66085887, -0.18370813), (0.72767913, 0.66085887, -0.18370813), (0.72767913, 0.66085887, -0.18370813), (0.29487577, -0.5664174, 0.76955813), (0.29487577, -0.5664174, 0.76955813), (0.29487577, -0.5664174, 0.76955813), (-0.34259725, -0.52985436, 0.7758102), (-0.34259725, -0.52985436, 0.7758102), (-0.34259725, -0.52985436, 0.7758102), (-0.5305944, 0.2538762, 0.8087129), (-0.5305944, 0.2538762, 0.8087129), (-0.5305944, 0.2538762, 0.8087129), (0.027133062, 0.6591092, 0.7515575), (0.027133062, 0.6591092, 0.7515575), (0.027133062, 0.6591092, 0.7515575), (0.5516739, 0.18547055, 0.81317675), (0.5516739, 0.18547055, 0.81317675), (0.5516739, 0.18547055, 0.81317675), (0.17134552, 0.1556109, 0.9728443), (0.17134552, 0.1556109, 0.9728443), (0.17134552, 0.1556109, 0.9728443), (0.3402924, 0.3090478, 0.8880825), (0.3402924, 0.3090478, 0.8880825), (0.3402924, 0.3090478, 0.8880825), (0.29487574, 0.5664174, 0.76955813), (0.29487574, 0.5664174, 0.76955813), (0.29487574, 0.5664174, 0.76955813), (-0.06499211, 0.25002608, 0.96605533), (-0.06499211, 0.25002608, 0.96605533), (-0.06499211, 0.25002608, 0.96605533), (-0.12651111, 0.48669204, 0.8643644), (-0.12651111, 0.48669204, 0.8643644), (-0.12651111, 0.48669204, 0.8643644), (-0.34259725, 0.52985436, 0.77581006), (-0.34259725, 0.52985436, 0.77581006), (-0.34259725, 0.52985436, 0.77581006), (-0.212721, 0, 0.97711295), (-0.212721, 0, 0.97711295), (-0.212721, 0, 0.97711295), (-0.42805094, 0, 0.9037546), (-0.42805094, 0, 0.9037546), (-0.42805094, 0, 0.9037546), (-0.5305944, -0.25387615, 0.8087129), (-0.5305944, -0.25387615, 0.8087129), (-0.5305944, -0.25387615, 0.8087129), (-0.06499211, -0.2500261, 0.96605533), (-0.06499211, -0.2500261, 0.96605533), (-0.06499211, -0.2500261, 0.96605533), (-0.12651105, -0.48669204, 0.8643644), (-0.12651105, -0.48669204, 0.8643644), (-0.12651105, -0.48669204, 0.8643644), (0.02713306, -0.6591091, 0.75155765), (0.02713306, -0.6591091, 0.75155765), (0.02713306, -0.6591091, 0.75155765), (0.17134552, -0.1556109, 0.9728443), (0.17134552, -0.1556109, 0.9728443), (0.17134552, -0.1556109, 0.9728443), (0.34029233, -0.3090478, 0.8880825), (0.34029233, -0.3090478, 0.8880825), (0.34029233, -0.3090478, 0.8880825), (0.5516739, -0.18547055, 0.81317675), (0.5516739, -0.18547055, 0.81317675), (0.5516739, -0.18547055, 0.81317675), (0.8020001, 0.35504475, 0.48035297), (0.8020001, 0.35504475, 0.48035297), (0.8020001, 0.35504475, 0.48035297), (0.7125147, 0.6470866, 0.2712966), (0.7125147, 0.6470866, 0.2712966), (0.7125147, 0.6470866, 0.2712966), (0.47070226, 0.76673555, 0.43652716), (0.47070226, 0.76673555, 0.43652716), (0.47070226, 0.76673555, 0.43652716), (-0.019117666, 0.91113216, 0.4116707), (-0.019117666, 0.91113216, 0.4116707), (-0.019117666, 0.91113216, 0.4116707), (-0.24401914, 0.9387669, 0.24325189), (-0.24401914, 0.9387669, 0.24325189), (-0.24401914, 0.9387669, 0.24325189), (-0.43429032, 0.78992254, 0.43291384), (-0.43429032, 0.78992254, 0.43291384), (-0.43429032, 0.78992254, 0.43291384), (-0.8209499, 0.30392656, 0.48339412), (-0.8209499, 0.30392656, 0.48339412), (-0.8209499, 0.30392656, 0.48339412), (-0.9556836, 0, 0.29439586), (-0.9556836, 0, 0.29439586), (-0.9556836, 0, 0.29439586), (-0.8209499, -0.30392656, 0.48339412), (-0.8209499, -0.30392656, 0.48339412), (-0.8209499, -0.30392656, 0.48339412), (-0.43429032, -0.78992254, 0.43291384), (-0.43429032, -0.78992254, 0.43291384), (-0.43429032, -0.78992254, 0.43291384), (-0.24401914, -0.9387669, 0.24325189), (-0.24401914, -0.9387669, 0.24325189), (-0.24401914, -0.9387669, 0.24325189), (-0.019117666, -0.91113216, 0.4116707), (-0.019117666, -0.91113216, 0.4116707), (-0.019117666, -0.91113216, 0.4116707), (0.47070226, -0.76673555, 0.43652716), (0.47070226, -0.76673555, 0.43652716), (0.47070226, -0.76673555, 0.43652716), (0.71251464, -0.64708656, 0.27129662), (0.71251464, -0.64708656, 0.27129662), (0.71251464, -0.64708656, 0.27129662), (0.8020001, -0.35504475, 0.48035297), (0.8020001, -0.35504475, 0.48035297), (0.8020001, -0.35504475, 0.48035297), (0.24816829, 0.95472896, 0.16402729), (0.24816829, 0.95472896, 0.16402729), (0.24816829, 0.95472896, 0.16402729), (0.24401914, 0.9387669, -0.24325189), (0.24401914, 0.9387669, -0.24325189), (0.24401914, 0.9387669, -0.24325189), (0.019117666, 0.91113216, -0.4116707), (0.019117666, 0.91113216, -0.4116707), (0.019117666, 0.91113216, -0.4116707), (-0.72767913, 0.66085887, 0.18370803), (-0.72767913, 0.66085887, 0.18370803), (-0.72767913, 0.66085887, 0.18370803), (-0.71251464, 0.64708656, -0.27129662), (-0.71251464, 0.64708656, -0.27129662), (-0.71251464, 0.64708656, -0.27129662), (-0.80200016, 0.3550448, -0.48035303), (-0.80200016, 0.3550448, -0.48035303), (-0.80200016, 0.3550448, -0.48035303), (-0.72767913, -0.66085887, 0.18370803), (-0.72767913, -0.66085887, 0.18370803), (-0.72767913, -0.66085887, 0.18370803), (-0.7125147, -0.6470866, -0.2712966), (-0.7125147, -0.6470866, -0.2712966), (-0.7125147, -0.6470866, -0.2712966), (-0.4707023, -0.76673555, -0.4365272), (-0.4707023, -0.76673555, -0.4365272), (-0.4707023, -0.76673555, -0.4365272), (0.24816829, -0.95472896, 0.16402729), (0.24816829, -0.95472896, 0.16402729), (0.24816829, -0.95472896, 0.16402729), (0.24401914, -0.9387669, -0.24325189), (0.24401914, -0.9387669, -0.24325189), (0.24401914, -0.9387669, -0.24325189), (0.43429032, -0.7899225, -0.4329138), (0.43429032, -0.7899225, -0.4329138), (0.43429032, -0.7899225, -0.4329138), (0.9797728, 0, 0.20011319), (0.9797728, 0, 0.20011319), (0.9797728, 0, 0.20011319), (0.9556836, 0, -0.29439586), (0.9556836, 0, -0.29439586), (0.9556836, 0, -0.29439586), (0.8209499, 0.30392647, -0.48339415), (0.8209499, 0.30392647, -0.48339415), (0.8209499, 0.30392647, -0.48339415), (0.3425973, 0.5298545, -0.7758101), (0.3425973, 0.5298545, -0.7758101), (0.3425973, 0.5298545, -0.7758101), (0.12651105, 0.48669204, -0.8643644), (0.12651105, 0.48669204, -0.8643644), (0.12651105, 0.48669204, -0.8643644), (-0.027133022, 0.6591091, -0.75155765), (-0.027133022, 0.6591091, -0.75155765), (-0.027133022, 0.6591091, -0.75155765), (-0.29487574, 0.5664174, -0.76955813), (-0.29487574, 0.5664174, -0.76955813), (-0.29487574, 0.5664174, -0.76955813), (-0.34029233, 0.3090478, -0.8880825), (-0.34029233, 0.3090478, -0.8880825), (-0.34029233, 0.3090478, -0.8880825), (-0.5516739, 0.18547055, -0.81317675), (-0.5516739, 0.18547055, -0.81317675), (-0.5516739, 0.18547055, -0.81317675), (-0.5516739, -0.18547055, -0.81317675), (-0.5516739, -0.18547055, -0.81317675), (-0.5516739, -0.18547055, -0.81317675), (-0.3402924, -0.3090478, -0.8880825), (-0.3402924, -0.3090478, -0.8880825), (-0.3402924, -0.3090478, -0.8880825), (-0.29487574, -0.5664174, -0.76955813), (-0.29487574, -0.5664174, -0.76955813), (-0.29487574, -0.5664174, -0.76955813), (0.5305944, 0.25387615, -0.8087129), (0.5305944, 0.25387615, -0.8087129), (0.5305944, 0.25387615, -0.8087129), (0.428051, 0, -0.9037546), (0.428051, 0, -0.9037546), (0.428051, 0, -0.9037546), (0.212721, 0, -0.97711295), (0.212721, 0, -0.97711295), (0.212721, 0, -0.97711295), (-0.027133022, -0.6591091, -0.75155765), (-0.027133022, -0.6591091, -0.75155765), (-0.027133022, -0.6591091, -0.75155765), (0.12651111, -0.48669204, -0.8643644), (0.12651111, -0.48669204, -0.8643644), (0.12651111, -0.48669204, -0.8643644), (0.3425973, -0.5298545, -0.7758101), (0.3425973, -0.5298545, -0.7758101), (0.3425973, -0.5298545, -0.7758101)] (
                                interpolation = "faceVarying"
                            )
                            point3f[] points = [(0, 0, -0.31), (0.36180365, -0.21029012, -0.13863805), (-0.13819401, -0.3402597, -0.13863815), (-0.4472131, 0, -0.13863684), (-0.13819401, 0.3402597, -0.13863815), (0.36180365, 0.21029012, -0.13863805), (0.13819401, -0.3402597, 0.13863815), (-0.36180365, -0.21029012, 0.13863805), (-0.36180365, 0.21029012, 0.13863805), (0.13819401, 0.3402597, 0.13863815), (0.4472131, 0, 0.13863684), (0, 0, 0.31), (-0.08122778, -0.19999811, -0.26370287), (0.21266134, -0.12360456, -0.2637028), (0.13143441, -0.32360467, -0.16297866), (0.42532393, 0, -0.16297813), (0.21266134, 0.12360456, -0.2637028), (-0.2628649, 0, -0.26370203), (-0.3440947, -0.19999878, -0.16297823), (-0.08122778, 0.19999811, -0.26370287), (-0.3440947, 0.19999878, -0.16297823), (0.13143441, 0.32360467, -0.16297866), (0.47552893, -0.12360505, 0), (0.47552893, 0.12360505, 0), (0, -0.39999998, 0), (0.2938928, -0.3236067, 0), (-0.47552893, -0.12360505, 0), (-0.2938928, -0.3236067, 0), (-0.2938928, 0.3236067, 0), (-0.47552893, 0.12360505, 0), (0.2938928, 0.3236067, 0), (0, 0.39999998, 0), (0.3440947, -0.19999878, 0.16297823), (-0.13143441, -0.32360467, 0.16297866), (-0.42532393, 0, 0.16297813), (-0.13143441, 0.32360467, 0.16297866), (0.3440947, 0.19999878, 0.16297823), (0.08122778, -0.19999811, 0.26370287), (0.2628649, 0, 0.26370203), (-0.21266134, -0.12360456, 0.2637028), (-0.21266134, 0.12360456, 0.2637028), (0.08122778, 0.19999811, 0.26370287)]
                            texCoord2f[] primvars:st = [(0.181819, 0), (0.909091, 0), (0.727273, 0), (0.545455, 0), (0.363637, 0), (0.272728, 0.157461), (1, 0.157461), (0.09091, 0.157461), (0.818182, 0.157461), (0.636364, 0.157461), (0.454546, 0.157461), (0.181819, 0.314921), (0, 0.314921), (0.909091, 0.314921), (0.727273, 0.314921), (0.545455, 0.314921), (0.363637, 0.314921), (0.454546, 0.472382), (0.636364, 0.472382), (0.818182, 0.472382), (0.09091, 0.472382), (0.272728, 0.472382), (0.9545455, 0.0787305), (0.1363645, 0.0787305), (0.3181825, 0.0787305), (0.2272735, 0.0787305), (0.18181899, 0.157461), (0.363637, 0.157461), (0.5000005, 0.0787305), (0.4090915, 0.0787305), (0.7727275, 0.0787305), (0.8636365, 0.0787305), (0.909091, 0.157461), (0.5909095, 0.0787305), (0.6818185, 0.0787305), (0.727273, 0.157461), (0.545455, 0.157461), (0.3181825, 0.236191), (0.4090915, 0.236191), (0.1363645, 0.236191), (0.2272735, 0.236191), (0.8636365, 0.236191), (0.045455, 0.236191), (0.9545455, 0.236191), (0.6818185, 0.236191), (0.7727275, 0.236191), (0.5000005, 0.236191), (0.5909095, 0.236191), (0.272728, 0.314921), (0.0909095, 0.314921), (0.818182, 0.314921), (0.636364, 0.314921), (0.45454597, 0.314921), (0.1363645, 0.3936515), (0.2272735, 0.3936515), (0.4090915, 0.3936515), (0.3181825, 0.3936515), (0.8636365, 0.3936515), (0.045455, 0.3936515), (0.6818185, 0.3936515), (0.7727275, 0.3936515), (0.5000005, 0.3936515), (0.5909095, 0.3936515)] (
                                interpolation = "faceVarying"
                            )
                            int[] primvars:st:indices = [0, 25, 23, 5, 24, 27, 1, 22, 31, 2, 30, 34, 3, 33, 28, 5, 27, 37, 7, 26, 39, 8, 32, 41, 9, 35, 44, 10, 36, 46, 5, 37, 40, 7, 39, 42, 8, 41, 45, 9, 44, 47, 10, 46, 38, 11, 48, 54, 12, 49, 58, 14, 50, 60, 15, 51, 62, 16, 52, 55, 55, 61, 17, 55, 52, 61, 52, 15, 61, 62, 59, 18, 62, 51, 59, 51, 14, 59, 60, 57, 19, 60, 50, 57, 50, 13, 57, 58, 53, 20, 58, 49, 53, 49, 11, 53, 54, 56, 21, 54, 48, 56, 48, 16, 56, 38, 52, 16, 38, 46, 52, 46, 15, 52, 47, 51, 15, 47, 44, 51, 44, 14, 51, 45, 50, 14, 45, 41, 50, 41, 13, 50, 42, 49, 12, 42, 39, 49, 39, 11, 49, 40, 48, 11, 40, 37, 48, 37, 16, 48, 46, 47, 15, 46, 36, 47, 36, 9, 47, 44, 45, 14, 44, 35, 45, 35, 8, 45, 41, 43, 13, 41, 32, 43, 32, 6, 43, 39, 40, 11, 39, 26, 40, 26, 5, 40, 37, 38, 16, 37, 27, 38, 27, 10, 38, 28, 36, 10, 28, 33, 36, 33, 9, 36, 34, 35, 9, 34, 30, 35, 30, 8, 35, 31, 32, 8, 31, 22, 32, 22, 6, 32, 27, 29, 10, 27, 24, 29, 24, 4, 29, 23, 26, 7, 23, 25, 26, 25, 5, 26]
                            uniform token subdivisionScheme = "none"
                            custom string userProperties:blender:data_name = "Icosphere.011"
                        }
                    }

                    def Xform "RA_Border_Bush_08"
                    {
                        custom string userProperties:blender:object_name = "RA_Border_Bush_08"
                        quatf xformOp:orient = (1, 0, 0, 0)
                        float3 xformOp:scale = (1, 1, 1)
                        double3 xformOp:translate = (2.549999952316284, -18.399999618530273, 0.24799999594688416)
                        uniform token[] xformOpOrder = ["xformOp:translate", "xformOp:orient", "xformOp:scale"]

                        def Mesh "Icosphere_018" (
                            active = true
                            prepend apiSchemas = ["MaterialBindingAPI"]
                        )
                        {
                            uniform bool doubleSided = 1
                            float3[] extent = [(-0.5896559, -0.49599996, -0.3844), (0.5896559, 0.49599996, 0.3844)]
                            int[] faceVertexCounts = [3, 3, 3, 3, 3, 3, 3, 3, 3, 3, 3, 3, 3, 3, 3, 3, 3, 3, 3, 3, 3, 3, 3, 3, 3, 3, 3, 3, 3, 3, 3, 3, 3, 3, 3, 3, 3, 3, 3, 3, 3, 3, 3, 3, 3, 3, 3, 3, 3, 3, 3, 3, 3, 3, 3, 3, 3, 3, 3, 3, 3, 3, 3, 3, 3, 3, 3, 3, 3, 3, 3, 3, 3, 3, 3, 3, 3, 3, 3, 3]
                            int[] faceVertexIndices = [0, 13, 12, 1, 13, 15, 0, 12, 17, 0, 17, 19, 0, 19, 16, 1, 15, 22, 2, 14, 24, 3, 18, 26, 4, 20, 28, 5, 21, 30, 1, 22, 25, 2, 24, 27, 3, 26, 29, 4, 28, 31, 5, 30, 23, 6, 32, 37, 7, 33, 39, 8, 34, 40, 9, 35, 41, 10, 36, 38, 38, 41, 11, 38, 36, 41, 36, 9, 41, 41, 40, 11, 41, 35, 40, 35, 8, 40, 40, 39, 11, 40, 34, 39, 34, 7, 39, 39, 37, 11, 39, 33, 37, 33, 6, 37, 37, 38, 11, 37, 32, 38, 32, 10, 38, 23, 36, 10, 23, 30, 36, 30, 9, 36, 31, 35, 9, 31, 28, 35, 28, 8, 35, 29, 34, 8, 29, 26, 34, 26, 7, 34, 27, 33, 7, 27, 24, 33, 24, 6, 33, 25, 32, 6, 25, 22, 32, 22, 10, 32, 30, 31, 9, 30, 21, 31, 21, 4, 31, 28, 29, 8, 28, 20, 29, 20, 3, 29, 26, 27, 7, 26, 18, 27, 18, 2, 27, 24, 25, 6, 24, 14, 25, 14, 1, 25, 22, 23, 10, 22, 15, 23, 15, 5, 23, 16, 21, 5, 16, 19, 21, 19, 4, 21, 19, 20, 4, 19, 17, 20, 17, 3, 20, 17, 18, 3, 17, 12, 18, 12, 2, 18, 15, 16, 5, 15, 13, 16, 13, 0, 16, 12, 14, 2, 12, 13, 14, 13, 1, 14]
                            rel material:binding = </_materials/EX_Mat_Foliage_Light>
                            normal3f[] normals = [(0.06499212, -0.25002617, -0.96605533), (0.06499212, -0.25002617, -0.96605533), (0.06499212, -0.25002617, -0.96605533), (0.53059435, -0.25387615, -0.80871284), (0.53059435, -0.25387615, -0.80871284), (0.53059435, -0.25387615, -0.80871284), (-0.17134552, -0.15561092, -0.97284424), (-0.17134552, -0.15561092, -0.97284424), (-0.17134552, -0.15561092, -0.97284424), (-0.17134552, 0.15561092, -0.97284424), (-0.17134552, 0.15561092, -0.97284424), (-0.17134552, 0.15561092, -0.97284424), (0.06499212, 0.25002617, -0.96605533), (0.06499212, 0.25002617, -0.96605533), (0.06499212, 0.25002617, -0.96605533), (0.82094973, -0.3039269, -0.48339418), (0.82094973, -0.3039269, -0.48339418), (0.82094973, -0.3039269, -0.48339418), (0.019117735, -0.9111321, -0.41167063), (0.019117735, -0.9111321, -0.41167063), (0.019117735, -0.9111321, -0.41167063), (-0.80200034, -0.35504445, -0.48035297), (-0.80200034, -0.35504445, -0.48035297), (-0.80200034, -0.35504445, -0.48035297), (-0.4707022, 0.76673555, -0.43652713), (-0.4707022, 0.76673555, -0.43652713), (-0.4707022, 0.76673555, -0.43652713), (0.4342902, 0.7899228, -0.4329135), (0.4342902, 0.7899228, -0.4329135), (0.4342902, 0.7899228, -0.4329135), (0.7276792, -0.6608588, -0.18370806), (0.7276792, -0.6608588, -0.18370806), (0.7276792, -0.6608588, -0.18370806), (-0.24816836, -0.954729, -0.16402678), (-0.24816836, -0.954729, -0.16402678), (-0.24816836, -0.954729, -0.16402678), (-0.9797728, 0, -0.20011319), (-0.9797728, 0, -0.20011319), (-0.9797728, 0, -0.20011319), (-0.24816836, 0.954729, -0.16402678), (-0.24816836, 0.954729, -0.16402678), (-0.24816836, 0.954729, -0.16402678), (0.7276792, 0.6608588, -0.18370806), (0.7276792, 0.6608588, -0.18370806), (0.7276792, 0.6608588, -0.18370806), (0.29487577, -0.5664174, 0.7695582), (0.29487577, -0.5664174, 0.7695582), (0.29487577, -0.5664174, 0.7695582), (-0.34259734, -0.5298544, 0.7758101), (-0.34259734, -0.5298544, 0.7758101), (-0.34259734, -0.5298544, 0.7758101), (-0.53059435, 0.25387615, 0.80871284), (-0.53059435, 0.25387615, 0.80871284), (-0.53059435, 0.25387615, 0.80871284), (0.027132899, 0.6591092, 0.75155777), (0.027132899, 0.6591092, 0.75155777), (0.027132899, 0.6591092, 0.75155777), (0.55167395, 0.1854707, 0.8131769), (0.55167395, 0.1854707, 0.8131769), (0.55167395, 0.1854707, 0.8131769), (0.17134552, 0.15561092, 0.97284424), (0.17134552, 0.15561092, 0.97284424), (0.17134552, 0.15561092, 0.97284424), (0.3402923, 0.30904773, 0.8880825), (0.3402923, 0.30904773, 0.8880825), (0.3402923, 0.30904773, 0.8880825), (0.2948758, 0.5664174, 0.76955813), (0.2948758, 0.5664174, 0.76955813), (0.2948758, 0.5664174, 0.76955813), (-0.06499212, 0.25002617, 0.96605533), (-0.06499212, 0.25002617, 0.96605533), (-0.06499212, 0.25002617, 0.96605533), (-0.12651101, 0.48669195, 0.8643645), (-0.12651101, 0.48669195, 0.8643645), (-0.12651101, 0.48669195, 0.8643645), (-0.34259725, 0.5298545, 0.7758101), (-0.34259725, 0.5298545, 0.7758101), (-0.34259725, 0.5298545, 0.7758101), (-0.21272115, 0, 0.977113), (-0.21272115, 0, 0.977113), (-0.21272115, 0, 0.977113), (-0.42805094, 0, 0.9037546), (-0.42805094, 0, 0.9037546), (-0.42805094, 0, 0.9037546), (-0.53059435, -0.25387615, 0.80871284), (-0.53059435, -0.25387615, 0.80871284), (-0.53059435, -0.25387615, 0.80871284), (-0.06499203, -0.25002617, 0.96605533), (-0.06499203, -0.25002617, 0.96605533), (-0.06499203, -0.25002617, 0.96605533), (-0.12651093, -0.48669195, 0.8643645), (-0.12651093, -0.48669195, 0.8643645), (-0.12651093, -0.48669195, 0.8643645), (0.027132895, -0.65910906, 0.7515577), (0.027132895, -0.65910906, 0.7515577), (0.027132895, -0.65910906, 0.7515577), (0.17134552, -0.15561092, 0.97284424), (0.17134552, -0.15561092, 0.97284424), (0.17134552, -0.15561092, 0.97284424), (0.34029236, -0.30904773, 0.88808256), (0.34029236, -0.30904773, 0.88808256), (0.34029236, -0.30904773, 0.88808256), (0.55167395, -0.1854706, 0.8131769), (0.55167395, -0.1854706, 0.8131769), (0.55167395, -0.1854706, 0.8131769), (0.80200034, 0.3550445, 0.48035297), (0.80200034, 0.3550445, 0.48035297), (0.80200034, 0.3550445, 0.48035297), (0.7125145, 0.6470866, 0.27129665), (0.7125145, 0.6470866, 0.27129665), (0.7125145, 0.6470866, 0.27129665), (0.4707022, 0.76673555, 0.43652713), (0.4707022, 0.76673555, 0.43652713), (0.4707022, 0.76673555, 0.43652713), (-0.019117735, 0.9111321, 0.41167063), (-0.019117735, 0.9111321, 0.41167063), (-0.019117735, 0.9111321, 0.41167063), (-0.24401921, 0.9387668, 0.24325179), (-0.24401921, 0.9387668, 0.24325179), (-0.24401921, 0.9387668, 0.24325179), (-0.4342902, 0.7899228, 0.4329135), (-0.4342902, 0.7899228, 0.4329135), (-0.4342902, 0.7899228, 0.4329135), (-0.82094973, 0.3039268, 0.48339418), (-0.82094973, 0.3039268, 0.48339418), (-0.82094973, 0.3039268, 0.48339418), (-0.9556836, 0, 0.29439583), (-0.9556836, 0, 0.29439583), (-0.9556836, 0, 0.29439583), (-0.82094973, -0.3039268, 0.48339418), (-0.82094973, -0.3039268, 0.48339418), (-0.82094973, -0.3039268, 0.48339418), (-0.4342902, -0.7899228, 0.4329135), (-0.4342902, -0.7899228, 0.4329135), (-0.4342902, -0.7899228, 0.4329135), (-0.24401921, -0.9387668, 0.24325179), (-0.24401921, -0.9387668, 0.24325179), (-0.24401921, -0.9387668, 0.24325179), (-0.019117735, -0.9111321, 0.41167063), (-0.019117735, -0.9111321, 0.41167063), (-0.019117735, -0.9111321, 0.41167063), (0.4707022, -0.76673555, 0.43652713), (0.4707022, -0.76673555, 0.43652713), (0.4707022, -0.76673555, 0.43652713), (0.7125145, -0.6470866, 0.27129665), (0.7125145, -0.6470866, 0.27129665), (0.7125145, -0.6470866, 0.27129665), (0.80200034, -0.3550445, 0.48035297), (0.80200034, -0.3550445, 0.48035297), (0.80200034, -0.3550445, 0.48035297), (0.24816836, 0.954729, 0.16402678), (0.24816836, 0.954729, 0.16402678), (0.24816836, 0.954729, 0.16402678), (0.24401921, 0.9387668, -0.24325179), (0.24401921, 0.9387668, -0.24325179), (0.24401921, 0.9387668, -0.24325179), (0.019117735, 0.9111321, -0.41167063), (0.019117735, 0.9111321, -0.41167063), (0.019117735, 0.9111321, -0.41167063), (-0.7276792, 0.6608588, 0.18370813), (-0.7276792, 0.6608588, 0.18370813), (-0.7276792, 0.6608588, 0.18370813), (-0.7125145, 0.6470866, -0.27129665), (-0.7125145, 0.6470866, -0.27129665), (-0.7125145, 0.6470866, -0.27129665), (-0.80200034, 0.35504445, -0.48035297), (-0.80200034, 0.35504445, -0.48035297), (-0.80200034, 0.35504445, -0.48035297), (-0.7276792, -0.6608588, 0.18370813), (-0.7276792, -0.6608588, 0.18370813), (-0.7276792, -0.6608588, 0.18370813), (-0.7125145, -0.6470866, -0.27129665), (-0.7125145, -0.6470866, -0.27129665), (-0.7125145, -0.6470866, -0.27129665), (-0.4707022, -0.7667355, -0.43652713), (-0.4707022, -0.7667355, -0.43652713), (-0.4707022, -0.7667355, -0.43652713), (0.24816836, -0.954729, 0.16402678), (0.24816836, -0.954729, 0.16402678), (0.24816836, -0.954729, 0.16402678), (0.24401921, -0.9387668, -0.24325179), (0.24401921, -0.9387668, -0.24325179), (0.24401921, -0.9387668, -0.24325179), (0.43429014, -0.78992265, -0.4329135), (0.43429014, -0.78992265, -0.4329135), (0.43429014, -0.78992265, -0.4329135), (0.9797728, 0, 0.20011319), (0.9797728, 0, 0.20011319), (0.9797728, 0, 0.20011319), (0.9556836, 0, -0.29439583), (0.9556836, 0, -0.29439583), (0.9556836, 0, -0.29439583), (0.82094973, 0.3039269, -0.48339418), (0.82094973, 0.3039269, -0.48339418), (0.82094973, 0.3039269, -0.48339418), (0.34259734, 0.52985454, -0.7758101), (0.34259734, 0.52985454, -0.7758101), (0.34259734, 0.52985454, -0.7758101), (0.12651093, 0.48669195, -0.8643645), (0.12651093, 0.48669195, -0.8643645), (0.12651093, 0.48669195, -0.8643645), (-0.027132912, 0.6591092, -0.75155777), (-0.027132912, 0.6591092, -0.75155777), (-0.027132912, 0.6591092, -0.75155777), (-0.2948758, 0.5664174, -0.7695582), (-0.2948758, 0.5664174, -0.7695582), (-0.2948758, 0.5664174, -0.7695582), (-0.34029236, 0.30904773, -0.88808256), (-0.34029236, 0.30904773, -0.88808256), (-0.34029236, 0.30904773, -0.88808256), (-0.55167395, 0.18547066, -0.8131769), (-0.55167395, 0.18547066, -0.8131769), (-0.55167395, 0.18547066, -0.8131769), (-0.55167395, -0.18547066, -0.8131769), (-0.55167395, -0.18547066, -0.8131769), (-0.55167395, -0.18547066, -0.8131769), (-0.3402923, -0.30904773, -0.8880825), (-0.3402923, -0.30904773, -0.8880825), (-0.3402923, -0.30904773, -0.8880825), (-0.2948758, -0.5664174, -0.7695582), (-0.2948758, -0.5664174, -0.7695582), (-0.2948758, -0.5664174, -0.7695582), (0.53059435, 0.25387615, -0.80871284), (0.53059435, 0.25387615, -0.80871284), (0.53059435, 0.25387615, -0.80871284), (0.42805094, 0, -0.9037546), (0.42805094, 0, -0.9037546), (0.42805094, 0, -0.9037546), (0.21272115, 0, -0.977113), (0.21272115, 0, -0.977113), (0.21272115, 0, -0.977113), (-0.027132912, -0.6591092, -0.75155777), (-0.027132912, -0.6591092, -0.75155777), (-0.027132912, -0.6591092, -0.75155777), (0.12651101, -0.48669195, -0.8643645), (0.12651101, -0.48669195, -0.8643645), (0.12651101, -0.48669195, -0.8643645), (0.34259734, -0.52985454, -0.7758101), (0.34259734, -0.52985454, -0.7758101), (0.34259734, -0.52985454, -0.7758101)] (
                                interpolation = "faceVarying"
                            )
                            point3f[] points = [(0, 0, -0.3844), (0.44863653, -0.26075974, -0.1719112), (-0.17136057, -0.42192203, -0.17191131), (-0.55454427, 0, -0.17190969), (-0.17136057, 0.42192203, -0.17191131), (0.44863653, 0.26075974, -0.1719112), (0.17136057, -0.42192203, 0.17191131), (-0.44863653, -0.26075974, 0.1719112), (-0.44863653, 0.26075974, 0.1719112), (0.17136057, 0.42192203, 0.17191131), (0.55454427, 0, 0.17190969), (0, 0, 0.3844), (-0.10072245, -0.24799764, -0.32699156), (0.26370007, -0.15326965, -0.32699147), (0.16297866, -0.40126976, -0.20209356), (0.5274017, 0, -0.20209289), (0.26370007, 0.15326965, -0.32699147), (-0.32595247, 0, -0.32699051), (-0.42667744, -0.24799848, -0.202093), (-0.10072245, 0.24799764, -0.32699156), (-0.42667744, 0.24799848, -0.202093), (0.16297866, 0.40126976, -0.20209356), (0.5896559, -0.15327026, 0), (0.5896559, 0.15327026, 0), (0, -0.49599996, 0), (0.3644271, -0.40127227, 0), (-0.5896559, -0.15327026, 0), (-0.3644271, -0.40127227, 0), (-0.3644271, 0.40127227, 0), (-0.5896559, 0.15327026, 0), (0.3644271, 0.40127227, 0), (0, 0.49599996, 0), (0.42667744, -0.24799848, 0.202093), (-0.16297866, -0.40126976, 0.20209356), (-0.5274017, 0, 0.20209289), (-0.16297866, 0.40126976, 0.20209356), (0.42667744, 0.24799848, 0.202093), (0.10072245, -0.24799764, 0.32699156), (0.32595247, 0, 0.32699051), (-0.26370007, -0.15326965, 0.32699147), (-0.26370007, 0.15326965, 0.32699147), (0.10072245, 0.24799764, 0.32699156)]
                            texCoord2f[] primvars:st = [(0.181819, 0), (0.909091, 0), (0.727273, 0), (0.545455, 0), (0.363637, 0), (0.272728, 0.157461), (1, 0.157461), (0.09091, 0.157461), (0.818182, 0.157461), (0.636364, 0.157461), (0.454546, 0.157461), (0.181819, 0.314921), (0, 0.314921), (0.909091, 0.314921), (0.727273, 0.314921), (0.545455, 0.314921), (0.363637, 0.314921), (0.454546, 0.472382), (0.636364, 0.472382), (0.818182, 0.472382), (0.09091, 0.472382), (0.272728, 0.472382), (0.9545455, 0.0787305), (0.1363645, 0.0787305), (0.3181825, 0.0787305), (0.2272735, 0.0787305), (0.18181899, 0.157461), (0.363637, 0.157461), (0.5000005, 0.0787305), (0.4090915, 0.0787305), (0.7727275, 0.0787305), (0.8636365, 0.0787305), (0.909091, 0.157461), (0.5909095, 0.0787305), (0.6818185, 0.0787305), (0.727273, 0.157461), (0.545455, 0.157461), (0.3181825, 0.236191), (0.4090915, 0.236191), (0.1363645, 0.236191), (0.2272735, 0.236191), (0.8636365, 0.236191), (0.045455, 0.236191), (0.9545455, 0.236191), (0.6818185, 0.236191), (0.7727275, 0.236191), (0.5000005, 0.236191), (0.5909095, 0.236191), (0.272728, 0.314921), (0.0909095, 0.314921), (0.818182, 0.314921), (0.636364, 0.314921), (0.45454597, 0.314921), (0.1363645, 0.3936515), (0.2272735, 0.3936515), (0.4090915, 0.3936515), (0.3181825, 0.3936515), (0.8636365, 0.3936515), (0.045455, 0.3936515), (0.6818185, 0.3936515), (0.7727275, 0.3936515), (0.5000005, 0.3936515), (0.5909095, 0.3936515)] (
                                interpolation = "faceVarying"
                            )
                            int[] primvars:st:indices = [0, 25, 23, 5, 24, 27, 1, 22, 31, 2, 30, 34, 3, 33, 28, 5, 27, 37, 7, 26, 39, 8, 32, 41, 9, 35, 44, 10, 36, 46, 5, 37, 40, 7, 39, 42, 8, 41, 45, 9, 44, 47, 10, 46, 38, 11, 48, 54, 12, 49, 58, 14, 50, 60, 15, 51, 62, 16, 52, 55, 55, 61, 17, 55, 52, 61, 52, 15, 61, 62, 59, 18, 62, 51, 59, 51, 14, 59, 60, 57, 19, 60, 50, 57, 50, 13, 57, 58, 53, 20, 58, 49, 53, 49, 11, 53, 54, 56, 21, 54, 48, 56, 48, 16, 56, 38, 52, 16, 38, 46, 52, 46, 15, 52, 47, 51, 15, 47, 44, 51, 44, 14, 51, 45, 50, 14, 45, 41, 50, 41, 13, 50, 42, 49, 12, 42, 39, 49, 39, 11, 49, 40, 48, 11, 40, 37, 48, 37, 16, 48, 46, 47, 15, 46, 36, 47, 36, 9, 47, 44, 45, 14, 44, 35, 45, 35, 8, 45, 41, 43, 13, 41, 32, 43, 32, 6, 43, 39, 40, 11, 39, 26, 40, 26, 5, 40, 37, 38, 16, 37, 27, 38, 27, 10, 38, 28, 36, 10, 28, 33, 36, 33, 9, 36, 34, 35, 9, 34, 30, 35, 30, 8, 35, 31, 32, 8, 31, 22, 32, 22, 6, 32, 27, 29, 10, 27, 24, 29, 24, 4, 29, 23, 26, 7, 23, 25, 26, 25, 5, 26]
                            uniform token subdivisionScheme = "none"
                            custom string userProperties:blender:data_name = "Icosphere.018"
                        }
                    }

                    def Xform "RA_Border_Bush_07"
                    {
                        custom string userProperties:blender:object_name = "RA_Border_Bush_07"
                        quatf xformOp:orient = (1, 0, 0, 0)
                        float3 xformOp:scale = (1, 1, 1)
                        double3 xformOp:translate = (-2.700000047683716, -17.200000762939453, 0.2160000056028366)
                        uniform token[] xformOpOrder = ["xformOp:translate", "xformOp:orient", "xformOp:scale"]

                        def Mesh "Icosphere_017" (
                            active = true
                            prepend apiSchemas = ["MaterialBindingAPI"]
                        )
                        {
                            uniform bool doubleSided = 1
                            float3[] extent = [(-0.51357126, -0.43199998, -0.3348), (0.51357126, 0.43199998, 0.3348)]
                            int[] faceVertexCounts = [3, 3, 3, 3, 3, 3, 3, 3, 3, 3, 3, 3, 3, 3, 3, 3, 3, 3, 3, 3, 3, 3, 3, 3, 3, 3, 3, 3, 3, 3, 3, 3, 3, 3, 3, 3, 3, 3, 3, 3, 3, 3, 3, 3, 3, 3, 3, 3, 3, 3, 3, 3, 3, 3, 3, 3, 3, 3, 3, 3, 3, 3, 3, 3, 3, 3, 3, 3, 3, 3, 3, 3, 3, 3, 3, 3, 3, 3, 3, 3]
                            int[] faceVertexIndices = [0, 13, 12, 1, 13, 15, 0, 12, 17, 0, 17, 19, 0, 19, 16, 1, 15, 22, 2, 14, 24, 3, 18, 26, 4, 20, 28, 5, 21, 30, 1, 22, 25, 2, 24, 27, 3, 26, 29, 4, 28, 31, 5, 30, 23, 6, 32, 37, 7, 33, 39, 8, 34, 40, 9, 35, 41, 10, 36, 38, 38, 41, 11, 38, 36, 41, 36, 9, 41, 41, 40, 11, 41, 35, 40, 35, 8, 40, 40, 39, 11, 40, 34, 39, 34, 7, 39, 39, 37, 11, 39, 33, 37, 33, 6, 37, 37, 38, 11, 37, 32, 38, 32, 10, 38, 23, 36, 10, 23, 30, 36, 30, 9, 36, 31, 35, 9, 31, 28, 35, 28, 8, 35, 29, 34, 8, 29, 26, 34, 26, 7, 34, 27, 33, 7, 27, 24, 33, 24, 6, 33, 25, 32, 6, 25, 22, 32, 22, 10, 32, 30, 31, 9, 30, 21, 31, 21, 4, 31, 28, 29, 8, 28, 20, 29, 20, 3, 29, 26, 27, 7, 26, 18, 27, 18, 2, 27, 24, 25, 6, 24, 14, 25, 14, 1, 25, 22, 23, 10, 22, 15, 23, 15, 5, 23, 16, 21, 5, 16, 19, 21, 19, 4, 21, 19, 20, 4, 19, 17, 20, 17, 3, 20, 17, 18, 3, 17, 12, 18, 12, 2, 18, 15, 16, 5, 15, 13, 16, 13, 0, 16, 12, 14, 2, 12, 13, 14, 13, 1, 14]
                            rel material:binding = </_materials/EX_Mat_Foliage>
                            normal3f[] normals = [(0.064991966, -0.2500261, -0.96605533), (0.064991966, -0.2500261, -0.96605533), (0.064991966, -0.2500261, -0.96605533), (0.5305944, -0.25387606, -0.8087129), (0.5305944, -0.25387606, -0.8087129), (0.5305944, -0.25387606, -0.8087129), (-0.17134556, -0.15561084, -0.9728442), (-0.17134556, -0.15561084, -0.9728442), (-0.17134556, -0.15561084, -0.9728442), (-0.17134556, 0.15561084, -0.9728442), (-0.17134556, 0.15561084, -0.9728442), (-0.17134556, 0.15561084, -0.9728442), (0.064991966, 0.2500261, -0.96605533), (0.064991966, 0.2500261, -0.96605533), (0.064991966, 0.2500261, -0.96605533), (0.8209498, -0.30392686, -0.4833941), (0.8209498, -0.30392686, -0.4833941), (0.8209498, -0.30392686, -0.4833941), (0.01911772, -0.9111323, -0.41167024), (0.01911772, -0.9111323, -0.41167024), (0.01911772, -0.9111323, -0.41167024), (-0.80200016, -0.35504478, -0.48035303), (-0.80200016, -0.35504478, -0.48035303), (-0.80200016, -0.35504478, -0.48035303), (-0.4707023, 0.7667354, -0.43652728), (-0.4707023, 0.7667354, -0.43652728), (-0.4707023, 0.7667354, -0.43652728), (0.43429014, 0.7899228, -0.43291354), (0.43429014, 0.7899228, -0.43291354), (0.43429014, 0.7899228, -0.43291354), (0.72767925, -0.66085875, -0.1837083), (0.72767925, -0.66085875, -0.1837083), (0.72767925, -0.66085875, -0.1837083), (-0.24816832, -0.9547291, -0.1640274), (-0.24816832, -0.9547291, -0.1640274), (-0.24816832, -0.9547291, -0.1640274), (-0.9797728, 0, -0.20011327), (-0.9797728, 0, -0.20011327), (-0.9797728, 0, -0.20011327), (-0.24816832, 0.9547291, -0.1640274), (-0.24816832, 0.9547291, -0.1640274), (-0.24816832, 0.9547291, -0.1640274), (0.72767925, 0.66085875, -0.1837083), (0.72767925, 0.66085875, -0.1837083), (0.72767925, 0.66085875, -0.1837083), (0.29487577, -0.56641746, 0.7695581), (0.29487577, -0.56641746, 0.7695581), (0.29487577, -0.56641746, 0.7695581), (-0.34259754, -0.5298544, 0.77581), (-0.34259754, -0.5298544, 0.77581), (-0.34259754, -0.5298544, 0.77581), (-0.5305944, 0.25387606, 0.8087129), (-0.5305944, 0.25387606, 0.8087129), (-0.5305944, 0.25387606, 0.8087129), (0.02713296, 0.659109, 0.7515579), (0.02713296, 0.659109, 0.7515579), (0.02713296, 0.659109, 0.7515579), (0.5516739, 0.18547055, 0.81317693), (0.5516739, 0.18547055, 0.81317693), (0.5516739, 0.18547055, 0.81317693), (0.17134556, 0.15561086, 0.9728442), (0.17134556, 0.15561086, 0.9728442), (0.17134556, 0.15561086, 0.9728442), (0.3402923, 0.30904764, 0.88808256), (0.3402923, 0.30904764, 0.88808256), (0.3402923, 0.30904764, 0.88808256), (0.29487583, 0.56641746, 0.7695581), (0.29487583, 0.56641746, 0.7695581), (0.29487583, 0.56641746, 0.7695581), (-0.06499191, 0.25002614, 0.96605533), (-0.06499191, 0.25002614, 0.96605533), (-0.06499191, 0.25002614, 0.96605533), (-0.1265109, 0.48669195, 0.86436445), (-0.1265109, 0.48669195, 0.86436445), (-0.1265109, 0.48669195, 0.86436445), (-0.3425975, 0.5298544, 0.77581), (-0.3425975, 0.5298544, 0.77581), (-0.3425975, 0.5298544, 0.77581), (-0.21272118, 0, 0.97711295), (-0.21272118, 0, 0.97711295), (-0.21272118, 0, 0.97711295), (-0.4280508, 0, 0.90375465), (-0.4280508, 0, 0.90375465), (-0.4280508, 0, 0.90375465), (-0.5305944, -0.25387606, 0.8087129), (-0.5305944, -0.25387606, 0.8087129), (-0.5305944, -0.25387606, 0.8087129), (-0.064992025, -0.25002614, 0.96605533), (-0.064992025, -0.25002614, 0.96605533), (-0.064992025, -0.25002614, 0.96605533), (-0.12651084, -0.48669195, 0.8643645), (-0.12651084, -0.48669195, 0.8643645), (-0.12651084, -0.48669195, 0.8643645), (0.027132958, -0.659109, 0.75155777), (0.027132958, -0.659109, 0.75155777), (0.027132958, -0.659109, 0.75155777), (0.17134556, -0.15561086, 0.9728442), (0.17134556, -0.15561086, 0.9728442), (0.17134556, -0.15561086, 0.9728442), (0.34029227, -0.30904764, 0.88808256), (0.34029227, -0.30904764, 0.88808256), (0.34029227, -0.30904764, 0.88808256), (0.5516739, -0.18547055, 0.81317693), (0.5516739, -0.18547055, 0.81317693), (0.5516739, -0.18547055, 0.81317693), (0.80200016, 0.3550447, 0.48035303), (0.80200016, 0.3550447, 0.48035303), (0.80200016, 0.3550447, 0.48035303), (0.7125145, 0.6470867, 0.27129665), (0.7125145, 0.6470867, 0.27129665), (0.7125145, 0.6470867, 0.27129665), (0.47070232, 0.7667353, 0.43652743), (0.47070232, 0.7667353, 0.43652743), (0.47070232, 0.7667353, 0.43652743), (-0.01911772, 0.9111324, 0.41167012), (-0.01911772, 0.9111324, 0.41167012), (-0.01911772, 0.9111324, 0.41167012), (-0.24401917, 0.9387667, 0.24325205), (-0.24401917, 0.9387667, 0.24325205), (-0.24401917, 0.9387667, 0.24325205), (-0.43429014, 0.7899228, 0.43291354), (-0.43429014, 0.7899228, 0.43291354), (-0.43429014, 0.7899228, 0.43291354), (-0.8209498, 0.3039268, 0.4833941), (-0.8209498, 0.3039268, 0.4833941), (-0.8209498, 0.3039268, 0.4833941), (-0.9556835, 0, 0.29439583), (-0.9556835, 0, 0.29439583), (-0.9556835, 0, 0.29439583), (-0.8209498, -0.3039268, 0.4833941), (-0.8209498, -0.3039268, 0.4833941), (-0.8209498, -0.3039268, 0.4833941), (-0.43429014, -0.7899228, 0.43291354), (-0.43429014, -0.7899228, 0.43291354), (-0.43429014, -0.7899228, 0.43291354), (-0.24401917, -0.9387667, 0.24325205), (-0.24401917, -0.9387667, 0.24325205), (-0.24401917, -0.9387667, 0.24325205), (-0.01911772, -0.9111324, 0.41167012), (-0.01911772, -0.9111324, 0.41167012), (-0.01911772, -0.9111324, 0.41167012), (0.47070232, -0.7667353, 0.43652743), (0.47070232, -0.7667353, 0.43652743), (0.47070232, -0.7667353, 0.43652743), (0.7125145, -0.6470867, 0.27129665), (0.7125145, -0.6470867, 0.27129665), (0.7125145, -0.6470867, 0.27129665), (0.80200016, -0.3550447, 0.48035303), (0.80200016, -0.3550447, 0.48035303), (0.80200016, -0.3550447, 0.48035303), (0.24816832, 0.9547291, 0.16402724), (0.24816832, 0.9547291, 0.16402724), (0.24816832, 0.9547291, 0.16402724), (0.24401917, 0.9387667, -0.24325205), (0.24401917, 0.9387667, -0.24325205), (0.24401917, 0.9387667, -0.24325205), (0.01911772, 0.9111323, -0.41167024), (0.01911772, 0.9111323, -0.41167024), (0.01911772, 0.9111323, -0.41167024), (-0.72767925, 0.66085875, 0.1837082), (-0.72767925, 0.66085875, 0.1837082), (-0.72767925, 0.66085875, 0.1837082), (-0.7125145, 0.6470867, -0.27129665), (-0.7125145, 0.6470867, -0.27129665), (-0.7125145, 0.6470867, -0.27129665), (-0.80200016, 0.35504478, -0.48035303), (-0.80200016, 0.35504478, -0.48035303), (-0.80200016, 0.35504478, -0.48035303), (-0.72767925, -0.66085875, 0.1837082), (-0.72767925, -0.66085875, 0.1837082), (-0.72767925, -0.66085875, 0.1837082), (-0.7125145, -0.6470867, -0.27129665), (-0.7125145, -0.6470867, -0.27129665), (-0.7125145, -0.6470867, -0.27129665), (-0.47070232, -0.7667354, -0.43652728), (-0.47070232, -0.7667354, -0.43652728), (-0.47070232, -0.7667354, -0.43652728), (0.24816832, -0.9547291, 0.1640274), (0.24816832, -0.9547291, 0.1640274), (0.24816832, -0.9547291, 0.1640274), (0.24401917, -0.9387667, -0.24325205), (0.24401917, -0.9387667, -0.24325205), (0.24401917, -0.9387667, -0.24325205), (0.43429008, -0.7899227, -0.43291357), (0.43429008, -0.7899227, -0.43291357), (0.43429008, -0.7899227, -0.43291357), (0.9797728, 0, 0.20011327), (0.9797728, 0, 0.20011327), (0.9797728, 0, 0.20011327), (0.9556835, 0, -0.29439583), (0.9556835, 0, -0.29439583), (0.9556835, 0, -0.29439583), (0.8209498, 0.30392686, -0.4833941), (0.8209498, 0.30392686, -0.4833941), (0.8209498, 0.30392686, -0.4833941), (0.3425975, 0.5298545, -0.77581), (0.3425975, 0.5298545, -0.77581), (0.3425975, 0.5298545, -0.77581), (0.12651084, 0.48669195, -0.8643645), (0.12651084, 0.48669195, -0.8643645), (0.12651084, 0.48669195, -0.8643645), (-0.027132977, 0.659109, -0.7515579), (-0.027132977, 0.659109, -0.7515579), (-0.027132977, 0.659109, -0.7515579), (-0.29487583, 0.56641746, -0.7695581), (-0.29487583, 0.56641746, -0.7695581), (-0.29487583, 0.56641746, -0.7695581), (-0.34029227, 0.30904764, -0.88808256), (-0.34029227, 0.30904764, -0.88808256), (-0.34029227, 0.30904764, -0.88808256), (-0.5516739, 0.18547063, -0.81317693), (-0.5516739, 0.18547063, -0.81317693), (-0.5516739, 0.18547063, -0.81317693), (-0.5516739, -0.18547063, -0.81317693), (-0.5516739, -0.18547063, -0.81317693), (-0.5516739, -0.18547063, -0.81317693), (-0.3402923, -0.30904764, -0.88808256), (-0.3402923, -0.30904764, -0.88808256), (-0.3402923, -0.30904764, -0.88808256), (-0.29487583, -0.56641746, -0.7695581), (-0.29487583, -0.56641746, -0.7695581), (-0.29487583, -0.56641746, -0.7695581), (0.5305944, 0.25387606, -0.8087129), (0.5305944, 0.25387606, -0.8087129), (0.5305944, 0.25387606, -0.8087129), (0.42805076, 0, -0.90375465), (0.42805076, 0, -0.90375465), (0.42805076, 0, -0.90375465), (0.21272118, 0, -0.97711295), (0.21272118, 0, -0.97711295), (0.21272118, 0, -0.97711295), (-0.027132977, -0.659109, -0.7515579), (-0.027132977, -0.659109, -0.7515579), (-0.027132977, -0.659109, -0.7515579), (0.1265109, -0.48669195, -0.86436445), (0.1265109, -0.48669195, -0.86436445), (0.1265109, -0.48669195, -0.86436445), (0.3425975, -0.5298545, -0.77581), (0.3425975, -0.5298545, -0.77581), (0.3425975, -0.5298545, -0.77581)] (
                                interpolation = "faceVarying"
                            )
                            point3f[] points = [(0, 0, -0.3348), (0.39074796, -0.22711334, -0.1497291), (-0.14924954, -0.3674805, -0.1497292), (-0.48299018, 0, -0.14972779), (-0.14924954, 0.3674805, -0.1497292), (0.39074796, 0.22711334, -0.1497291), (0.14924954, -0.3674805, 0.1497292), (-0.39074796, -0.22711334, 0.1497291), (-0.39074796, 0.22711334, 0.1497291), (0.14924954, 0.3674805, 0.1497292), (0.48299018, 0, 0.14972779), (0, 0, 0.3348), (-0.087726004, -0.21599796, -0.2847991), (0.22967425, -0.13349293, -0.28479904), (0.14194916, -0.34949303, -0.17601697), (0.45934987, 0, -0.17601639), (0.22967425, 0.13349293, -0.28479904), (-0.2838941, 0, -0.28479818), (-0.3716223, -0.21599868, -0.17601648), (-0.087726004, 0.21599796, -0.2847991), (-0.3716223, 0.21599868, -0.17601648), (0.14194916, 0.34949303, -0.17601697), (0.51357126, -0.13349345, 0), (0.51357126, 0.13349345, 0), (0, -0.43199998, 0), (0.31740424, -0.34949523, 0), (-0.51357126, -0.13349345, 0), (-0.31740424, -0.34949523, 0), (-0.31740424, 0.34949523, 0), (-0.51357126, 0.13349345, 0), (0.31740424, 0.34949523, 0), (0, 0.43199998, 0), (0.3716223, -0.21599868, 0.17601648), (-0.14194916, -0.34949303, 0.17601697), (-0.45934987, 0, 0.17601639), (-0.14194916, 0.34949303, 0.17601697), (0.3716223, 0.21599868, 0.17601648), (0.087726004, -0.21599796, 0.2847991), (0.2838941, 0, 0.28479818), (-0.22967425, -0.13349293, 0.28479904), (-0.22967425, 0.13349293, 0.28479904), (0.087726004, 0.21599796, 0.2847991)]
                            texCoord2f[] primvars:st = [(0.181819, 0), (0.909091, 0), (0.727273, 0), (0.545455, 0), (0.363637, 0), (0.272728, 0.157461), (1, 0.157461), (0.09091, 0.157461), (0.818182, 0.157461), (0.636364, 0.157461), (0.454546, 0.157461), (0.181819, 0.314921), (0, 0.314921), (0.909091, 0.314921), (0.727273, 0.314921), (0.545455, 0.314921), (0.363637, 0.314921), (0.454546, 0.472382), (0.636364, 0.472382), (0.818182, 0.472382), (0.09091, 0.472382), (0.272728, 0.472382), (0.9545455, 0.0787305), (0.1363645, 0.0787305), (0.3181825, 0.0787305), (0.2272735, 0.0787305), (0.18181899, 0.157461), (0.363637, 0.157461), (0.5000005, 0.0787305), (0.4090915, 0.0787305), (0.7727275, 0.0787305), (0.8636365, 0.0787305), (0.909091, 0.157461), (0.5909095, 0.0787305), (0.6818185, 0.0787305), (0.727273, 0.157461), (0.545455, 0.157461), (0.3181825, 0.236191), (0.4090915, 0.236191), (0.1363645, 0.236191), (0.2272735, 0.236191), (0.8636365, 0.236191), (0.045455, 0.236191), (0.9545455, 0.236191), (0.6818185, 0.236191), (0.7727275, 0.236191), (0.5000005, 0.236191), (0.5909095, 0.236191), (0.272728, 0.314921), (0.0909095, 0.314921), (0.818182, 0.314921), (0.636364, 0.314921), (0.45454597, 0.314921), (0.1363645, 0.3936515), (0.2272735, 0.3936515), (0.4090915, 0.3936515), (0.3181825, 0.3936515), (0.8636365, 0.3936515), (0.045455, 0.3936515), (0.6818185, 0.3936515), (0.7727275, 0.3936515), (0.5000005, 0.3936515), (0.5909095, 0.3936515)] (
                                interpolation = "faceVarying"
                            )
                            int[] primvars:st:indices = [0, 25, 23, 5, 24, 27, 1, 22, 31, 2, 30, 34, 3, 33, 28, 5, 27, 37, 7, 26, 39, 8, 32, 41, 9, 35, 44, 10, 36, 46, 5, 37, 40, 7, 39, 42, 8, 41, 45, 9, 44, 47, 10, 46, 38, 11, 48, 54, 12, 49, 58, 14, 50, 60, 15, 51, 62, 16, 52, 55, 55, 61, 17, 55, 52, 61, 52, 15, 61, 62, 59, 18, 62, 51, 59, 51, 14, 59, 60, 57, 19, 60, 50, 57, 50, 13, 57, 58, 53, 20, 58, 49, 53, 49, 11, 53, 54, 56, 21, 54, 48, 56, 48, 16, 56, 38, 52, 16, 38, 46, 52, 46, 15, 52, 47, 51, 15, 47, 44, 51, 44, 14, 51, 45, 50, 14, 45, 41, 50, 41, 13, 50, 42, 49, 12, 42, 39, 49, 39, 11, 49, 40, 48, 11, 40, 37, 48, 37, 16, 48, 46, 47, 15, 46, 36, 47, 36, 9, 47, 44, 45, 14, 44, 35, 45, 35, 8, 45, 41, 43, 13, 41, 32, 43, 32, 6, 43, 39, 40, 11, 39, 26, 40, 26, 5, 40, 37, 38, 16, 37, 27, 38, 27, 10, 38, 28, 36, 10, 28, 33, 36, 33, 9, 36, 34, 35, 9, 34, 30, 35, 30, 8, 35, 31, 32, 8, 31, 22, 32, 22, 6, 32, 27, 29, 10, 27, 24, 29, 24, 4, 29, 23, 26, 7, 23, 25, 26, 25, 5, 26]
                            uniform token subdivisionScheme = "none"
                            custom string userProperties:blender:data_name = "Icosphere.017"
                        }
                    }

                    def Xform "RA_Border_Bush_05"
                    {
                        custom string userProperties:blender:object_name = "RA_Border_Bush_05"
                        quatf xformOp:orient = (1, 0, 0, 0)
                        float3 xformOp:scale = (1, 1, 1)
                        double3 xformOp:translate = (-2.549999952316284, -14.800000190734863, 0.23199999332427979)
                        uniform token[] xformOpOrder = ["xformOp:translate", "xformOp:orient", "xformOp:scale"]

                        def Mesh "Icosphere_015" (
                            active = true
                            prepend apiSchemas = ["MaterialBindingAPI"]
                        )
                        {
                            uniform bool doubleSided = 1
                            float3[] extent = [(-0.5516135, -0.46399996, -0.3596), (0.5516135, 0.46399996, 0.3596)]
                            int[] faceVertexCounts = [3, 3, 3, 3, 3, 3, 3, 3, 3, 3, 3, 3, 3, 3, 3, 3, 3, 3, 3, 3, 3, 3, 3, 3, 3, 3, 3, 3, 3, 3, 3, 3, 3, 3, 3, 3, 3, 3, 3, 3, 3, 3, 3, 3, 3, 3, 3, 3, 3, 3, 3, 3, 3, 3, 3, 3, 3, 3, 3, 3, 3, 3, 3, 3, 3, 3, 3, 3, 3, 3, 3, 3, 3, 3, 3, 3, 3, 3, 3, 3]
                            int[] faceVertexIndices = [0, 13, 12, 1, 13, 15, 0, 12, 17, 0, 17, 19, 0, 19, 16, 1, 15, 22, 2, 14, 24, 3, 18, 26, 4, 20, 28, 5, 21, 30, 1, 22, 25, 2, 24, 27, 3, 26, 29, 4, 28, 31, 5, 30, 23, 6, 32, 37, 7, 33, 39, 8, 34, 40, 9, 35, 41, 10, 36, 38, 38, 41, 11, 38, 36, 41, 36, 9, 41, 41, 40, 11, 41, 35, 40, 35, 8, 40, 40, 39, 11, 40, 34, 39, 34, 7, 39, 39, 37, 11, 39, 33, 37, 33, 6, 37, 37, 38, 11, 37, 32, 38, 32, 10, 38, 23, 36, 10, 23, 30, 36, 30, 9, 36, 31, 35, 9, 31, 28, 35, 28, 8, 35, 29, 34, 8, 29, 26, 34, 26, 7, 34, 27, 33, 7, 27, 24, 33, 24, 6, 33, 25, 32, 6, 25, 22, 32, 22, 10, 32, 30, 31, 9, 30, 21, 31, 21, 4, 31, 28, 29, 8, 28, 20, 29, 20, 3, 29, 26, 27, 7, 26, 18, 27, 18, 2, 27, 24, 25, 6, 24, 14, 25, 14, 1, 25, 22, 23, 10, 22, 15, 23, 15, 5, 23, 16, 21, 5, 16, 19, 21, 19, 4, 21, 19, 20, 4, 19, 17, 20, 17, 3, 20, 17, 18, 3, 17, 12, 18, 12, 2, 18, 15, 16, 5, 15, 13, 16, 13, 0, 16, 12, 14, 2, 12, 13, 14, 13, 1, 14]
                            rel material:binding = </_materials/EX_Mat_Foliage>
                            normal3f[] normals = [(0.06499214, -0.25002617, -0.96605533), (0.06499214, -0.25002617, -0.96605533), (0.06499214, -0.25002617, -0.96605533), (0.5305944, -0.25387618, -0.80871284), (0.5305944, -0.25387618, -0.80871284), (0.5305944, -0.25387618, -0.80871284), (-0.17134549, -0.1556109, -0.9728442), (-0.17134549, -0.1556109, -0.9728442), (-0.17134549, -0.1556109, -0.9728442), (-0.17134549, 0.1556109, -0.9728442), (-0.17134549, 0.1556109, -0.9728442), (-0.17134549, 0.1556109, -0.9728442), (0.06499214, 0.25002617, -0.96605533), (0.06499214, 0.25002617, -0.96605533), (0.06499214, 0.25002617, -0.96605533), (0.8209498, -0.3039269, -0.48339397), (0.8209498, -0.3039269, -0.48339397), (0.8209498, -0.3039269, -0.48339397), (0.019117743, -0.9111321, -0.41167068), (0.019117743, -0.9111321, -0.41167068), (0.019117743, -0.9111321, -0.41167068), (-0.80200016, -0.35504493, -0.48035288), (-0.80200016, -0.35504493, -0.48035288), (-0.80200016, -0.35504493, -0.48035288), (-0.4707024, 0.7667355, -0.436527), (-0.4707024, 0.7667355, -0.436527), (-0.4707024, 0.7667355, -0.436527), (0.4342902, 0.78992265, -0.43291354), (0.4342902, 0.78992265, -0.43291354), (0.4342902, 0.78992265, -0.43291354), (0.7276793, -0.6608587, -0.18370798), (0.7276793, -0.6608587, -0.18370798), (0.7276793, -0.6608587, -0.18370798), (-0.24816838, -0.95472914, -0.16402681), (-0.24816838, -0.95472914, -0.16402681), (-0.24816838, -0.95472914, -0.16402681), (-0.97977275, 0, -0.20011312), (-0.97977275, 0, -0.20011312), (-0.97977275, 0, -0.20011312), (-0.24816838, 0.95472914, -0.16402681), (-0.24816838, 0.95472914, -0.16402681), (-0.24816838, 0.95472914, -0.16402681), (0.7276793, 0.6608587, -0.18370798), (0.7276793, 0.6608587, -0.18370798), (0.7276793, 0.6608587, -0.18370798), (0.2948757, -0.56641734, 0.76955813), (0.2948757, -0.56641734, 0.76955813), (0.2948757, -0.56641734, 0.76955813), (-0.3425974, -0.52985436, 0.7758102), (-0.3425974, -0.52985436, 0.7758102), (-0.3425974, -0.52985436, 0.7758102), (-0.5305944, 0.25387618, 0.80871284), (-0.5305944, 0.25387618, 0.80871284), (-0.5305944, 0.25387618, 0.80871284), (0.027132971, 0.65910923, 0.7515575), (0.027132971, 0.65910923, 0.7515575), (0.027132971, 0.65910923, 0.7515575), (0.5516741, 0.18547052, 0.81317675), (0.5516741, 0.18547052, 0.81317675), (0.5516741, 0.18547052, 0.81317675), (0.17134549, 0.15561089, 0.9728442), (0.17134549, 0.15561089, 0.9728442), (0.17134549, 0.15561089, 0.9728442), (0.34029233, 0.30904773, 0.88808256), (0.34029233, 0.30904773, 0.88808256), (0.34029233, 0.30904773, 0.88808256), (0.29487574, 0.5664174, 0.7695581), (0.29487574, 0.5664174, 0.7695581), (0.29487574, 0.5664174, 0.7695581), (-0.06499214, 0.25002617, 0.96605533), (-0.06499214, 0.25002617, 0.96605533), (-0.06499214, 0.25002617, 0.96605533), (-0.12651101, 0.48669207, 0.86436445), (-0.12651101, 0.48669207, 0.86436445), (-0.12651101, 0.48669207, 0.86436445), (-0.34259748, 0.52985436, 0.7758101), (-0.34259748, 0.52985436, 0.7758101), (-0.34259748, 0.52985436, 0.7758101), (-0.2127213, 0, 0.9771129), (-0.2127213, 0, 0.9771129), (-0.2127213, 0, 0.9771129), (-0.4280508, 0, 0.9037547), (-0.4280508, 0, 0.9037547), (-0.4280508, 0, 0.9037547), (-0.53059435, -0.25387615, 0.8087128), (-0.53059435, -0.25387615, 0.8087128), (-0.53059435, -0.25387615, 0.8087128), (-0.06499214, -0.25002614, 0.96605533), (-0.06499214, -0.25002614, 0.96605533), (-0.06499214, -0.25002614, 0.96605533), (-0.12651092, -0.48669207, 0.86436445), (-0.12651092, -0.48669207, 0.86436445), (-0.12651092, -0.48669207, 0.86436445), (0.027132971, -0.6591092, 0.75155765), (0.027132971, -0.6591092, 0.75155765), (0.027132971, -0.6591092, 0.75155765), (0.17134549, -0.15561089, 0.9728442), (0.17134549, -0.15561089, 0.9728442), (0.17134549, -0.15561089, 0.9728442), (0.34029233, -0.30904767, 0.88808256), (0.34029233, -0.30904767, 0.88808256), (0.34029233, -0.30904767, 0.88808256), (0.5516741, -0.18547052, 0.81317675), (0.5516741, -0.18547052, 0.81317675), (0.5516741, -0.18547052, 0.81317675), (0.80200016, 0.35504496, 0.48035288), (0.80200016, 0.35504496, 0.48035288), (0.80200016, 0.35504496, 0.48035288), (0.71251464, 0.6470865, 0.27129665), (0.71251464, 0.6470865, 0.27129665), (0.71251464, 0.6470865, 0.27129665), (0.47070247, 0.76673555, 0.436527), (0.47070247, 0.76673555, 0.436527), (0.47070247, 0.76673555, 0.436527), (-0.019117728, 0.9111321, 0.41167068), (-0.019117728, 0.9111321, 0.41167068), (-0.019117728, 0.9111321, 0.41167068), (-0.2440192, 0.9387667, 0.24325214), (-0.2440192, 0.9387667, 0.24325214), (-0.2440192, 0.9387667, 0.24325214), (-0.43429017, 0.7899227, 0.4329135), (-0.43429017, 0.7899227, 0.4329135), (-0.43429017, 0.7899227, 0.4329135), (-0.8209498, 0.30392683, 0.483394), (-0.8209498, 0.30392683, 0.483394), (-0.8209498, 0.30392683, 0.483394), (-0.95568365, 0, 0.29439571), (-0.95568365, 0, 0.29439571), (-0.95568365, 0, 0.29439571), (-0.8209498, -0.30392683, 0.483394), (-0.8209498, -0.30392683, 0.483394), (-0.8209498, -0.30392683, 0.483394), (-0.43429017, -0.7899227, 0.4329135), (-0.43429017, -0.7899227, 0.4329135), (-0.43429017, -0.7899227, 0.4329135), (-0.2440192, -0.9387667, 0.24325214), (-0.2440192, -0.9387667, 0.24325214), (-0.2440192, -0.9387667, 0.24325214), (-0.019117728, -0.9111321, 0.41167068), (-0.019117728, -0.9111321, 0.41167068), (-0.019117728, -0.9111321, 0.41167068), (0.47070247, -0.76673555, 0.436527), (0.47070247, -0.76673555, 0.436527), (0.47070247, -0.76673555, 0.436527), (0.71251464, -0.6470865, 0.2712966), (0.71251464, -0.6470865, 0.2712966), (0.71251464, -0.6470865, 0.2712966), (0.80200016, -0.35504496, 0.48035288), (0.80200016, -0.35504496, 0.48035288), (0.80200016, -0.35504496, 0.48035288), (0.24816835, 0.954729, 0.16402705), (0.24816835, 0.954729, 0.16402705), (0.24816835, 0.954729, 0.16402705), (0.2440192, 0.9387667, -0.24325214), (0.2440192, 0.9387667, -0.24325214), (0.2440192, 0.9387667, -0.24325214), (0.019117728, 0.9111321, -0.41167068), (0.019117728, 0.9111321, -0.41167068), (0.019117728, 0.9111321, -0.41167068), (-0.7276793, 0.6608587, 0.18370798), (-0.7276793, 0.6608587, 0.18370798), (-0.7276793, 0.6608587, 0.18370798), (-0.71251464, 0.6470865, -0.2712966), (-0.71251464, 0.6470865, -0.2712966), (-0.71251464, 0.6470865, -0.2712966), (-0.80200016, 0.35504493, -0.48035288), (-0.80200016, 0.35504493, -0.48035288), (-0.80200016, 0.35504493, -0.48035288), (-0.7276793, -0.6608587, 0.18370798), (-0.7276793, -0.6608587, 0.18370798), (-0.7276793, -0.6608587, 0.18370798), (-0.71251464, -0.6470865, -0.27129665), (-0.71251464, -0.6470865, -0.27129665), (-0.71251464, -0.6470865, -0.27129665), (-0.47070247, -0.7667356, -0.436527), (-0.47070247, -0.7667356, -0.436527), (-0.47070247, -0.7667356, -0.436527), (0.24816835, -0.954729, 0.16402705), (0.24816835, -0.954729, 0.16402705), (0.24816835, -0.954729, 0.16402705), (0.2440192, -0.9387667, -0.24325214), (0.2440192, -0.9387667, -0.24325214), (0.2440192, -0.9387667, -0.24325214), (0.4342901, -0.7899227, -0.43291357), (0.4342901, -0.7899227, -0.43291357), (0.4342901, -0.7899227, -0.43291357), (0.97977275, 0, 0.20011312), (0.97977275, 0, 0.20011312), (0.97977275, 0, 0.20011312), (0.95568365, 0, -0.29439571), (0.95568365, 0, -0.29439571), (0.95568365, 0, -0.29439571), (0.8209498, 0.30392691, -0.483394), (0.8209498, 0.30392691, -0.483394), (0.8209498, 0.30392691, -0.483394), (0.34259745, 0.5298544, -0.7758101), (0.34259745, 0.5298544, -0.7758101), (0.34259745, 0.5298544, -0.7758101), (0.12651092, 0.48669207, -0.86436445), (0.12651092, 0.48669207, -0.86436445), (0.12651092, 0.48669207, -0.86436445), (-0.027132971, 0.65910923, -0.7515575), (-0.027132971, 0.65910923, -0.7515575), (-0.027132971, 0.65910923, -0.7515575), (-0.2948758, 0.5664174, -0.7695581), (-0.2948758, 0.5664174, -0.7695581), (-0.2948758, 0.5664174, -0.7695581), (-0.34029233, 0.30904767, -0.88808256), (-0.34029233, 0.30904767, -0.88808256), (-0.34029233, 0.30904767, -0.88808256), (-0.5516741, 0.18547049, -0.81317675), (-0.5516741, 0.18547049, -0.81317675), (-0.5516741, 0.18547049, -0.81317675), (-0.5516741, -0.18547049, -0.81317675), (-0.5516741, -0.18547049, -0.81317675), (-0.5516741, -0.18547049, -0.81317675), (-0.34029233, -0.30904773, -0.88808256), (-0.34029233, -0.30904773, -0.88808256), (-0.34029233, -0.30904773, -0.88808256), (-0.2948758, -0.5664174, -0.7695581), (-0.2948758, -0.5664174, -0.7695581), (-0.2948758, -0.5664174, -0.7695581), (0.53059435, 0.25387615, -0.8087128), (0.53059435, 0.25387615, -0.8087128), (0.53059435, 0.25387615, -0.8087128), (0.4280508, 0, -0.9037547), (0.4280508, 0, -0.9037547), (0.4280508, 0, -0.9037547), (0.2127213, 0, -0.9771129), (0.2127213, 0, -0.9771129), (0.2127213, 0, -0.9771129), (-0.027132971, -0.65910923, -0.7515575), (-0.027132971, -0.65910923, -0.7515575), (-0.027132971, -0.65910923, -0.7515575), (0.12651101, -0.48669207, -0.86436445), (0.12651101, -0.48669207, -0.86436445), (0.12651101, -0.48669207, -0.86436445), (0.34259745, -0.5298544, -0.7758101), (0.34259745, -0.5298544, -0.7758101), (0.34259745, -0.5298544, -0.7758101)] (
                                interpolation = "faceVarying"
                            )
                            point3f[] points = [(0, 0, -0.3596), (0.41969222, -0.24393654, -0.16082014), (-0.16030505, -0.39470124, -0.16082026), (-0.5187672, 0, -0.16081874), (-0.16030505, 0.39470124, -0.16082026), (0.41969222, 0.24393654, -0.16082014), (0.16030505, -0.39470124, 0.16082026), (-0.41969222, -0.24393654, 0.16082014), (-0.41969222, 0.24393654, 0.16082014), (0.16030505, 0.39470124, 0.16082026), (0.5187672, 0, 0.16081874), (0, 0, 0.3596), (-0.09422422, -0.23199779, -0.30589533), (0.24668714, -0.14338128, -0.30589524), (0.15246391, -0.37538138, -0.18905526), (0.49337575, 0, -0.18905464), (0.24668714, 0.14338128, -0.30589524), (-0.30492327, 0, -0.30589435), (-0.39914984, -0.23199856, -0.18905474), (-0.09422422, 0.23199779, -0.30589533), (-0.39914984, 0.23199856, -0.18905474), (0.15246391, 0.37538138, -0.18905526), (0.5516135, -0.14338185, 0), (0.5516135, 0.14338185, 0), (0, -0.46399996, 0), (0.34091565, -0.37538373, 0), (-0.5516135, -0.14338185, 0), (-0.34091565, -0.37538373, 0), (-0.34091565, 0.37538373, 0), (-0.5516135, 0.14338185, 0), (0.34091565, 0.37538373, 0), (0, 0.46399996, 0), (0.39914984, -0.23199856, 0.18905474), (-0.15246391, -0.37538138, 0.18905526), (-0.49337575, 0, 0.18905464), (-0.15246391, 0.37538138, 0.18905526), (0.39914984, 0.23199856, 0.18905474), (0.09422422, -0.23199779, 0.30589533), (0.30492327, 0, 0.30589435), (-0.24668714, -0.14338128, 0.30589524), (-0.24668714, 0.14338128, 0.30589524), (0.09422422, 0.23199779, 0.30589533)]
                            texCoord2f[] primvars:st = [(0.181819, 0), (0.909091, 0), (0.727273, 0), (0.545455, 0), (0.363637, 0), (0.272728, 0.157461), (1, 0.157461), (0.09091, 0.157461), (0.818182, 0.157461), (0.636364, 0.157461), (0.454546, 0.157461), (0.181819, 0.314921), (0, 0.314921), (0.909091, 0.314921), (0.727273, 0.314921), (0.545455, 0.314921), (0.363637, 0.314921), (0.454546, 0.472382), (0.636364, 0.472382), (0.818182, 0.472382), (0.09091, 0.472382), (0.272728, 0.472382), (0.9545455, 0.0787305), (0.1363645, 0.0787305), (0.3181825, 0.0787305), (0.2272735, 0.0787305), (0.18181899, 0.157461), (0.363637, 0.157461), (0.5000005, 0.0787305), (0.4090915, 0.0787305), (0.7727275, 0.0787305), (0.8636365, 0.0787305), (0.909091, 0.157461), (0.5909095, 0.0787305), (0.6818185, 0.0787305), (0.727273, 0.157461), (0.545455, 0.157461), (0.3181825, 0.236191), (0.4090915, 0.236191), (0.1363645, 0.236191), (0.2272735, 0.236191), (0.8636365, 0.236191), (0.045455, 0.236191), (0.9545455, 0.236191), (0.6818185, 0.236191), (0.7727275, 0.236191), (0.5000005, 0.236191), (0.5909095, 0.236191), (0.272728, 0.314921), (0.0909095, 0.314921), (0.818182, 0.314921), (0.636364, 0.314921), (0.45454597, 0.314921), (0.1363645, 0.3936515), (0.2272735, 0.3936515), (0.4090915, 0.3936515), (0.3181825, 0.3936515), (0.8636365, 0.3936515), (0.045455, 0.3936515), (0.6818185, 0.3936515), (0.7727275, 0.3936515), (0.5000005, 0.3936515), (0.5909095, 0.3936515)] (
                                interpolation = "faceVarying"
                            )
                            int[] primvars:st:indices = [0, 25, 23, 5, 24, 27, 1, 22, 31, 2, 30, 34, 3, 33, 28, 5, 27, 37, 7, 26, 39, 8, 32, 41, 9, 35, 44, 10, 36, 46, 5, 37, 40, 7, 39, 42, 8, 41, 45, 9, 44, 47, 10, 46, 38, 11, 48, 54, 12, 49, 58, 14, 50, 60, 15, 51, 62, 16, 52, 55, 55, 61, 17, 55, 52, 61, 52, 15, 61, 62, 59, 18, 62, 51, 59, 51, 14, 59, 60, 57, 19, 60, 50, 57, 50, 13, 57, 58, 53, 20, 58, 49, 53, 49, 11, 53, 54, 56, 21, 54, 48, 56, 48, 16, 56, 38, 52, 16, 38, 46, 52, 46, 15, 52, 47, 51, 15, 47, 44, 51, 44, 14, 51, 45, 50, 14, 45, 41, 50, 41, 13, 50, 42, 49, 12, 42, 39, 49, 39, 11, 49, 40, 48, 11, 40, 37, 48, 37, 16, 48, 46, 47, 15, 46, 36, 47, 36, 9, 47, 44, 45, 14, 44, 35, 45, 35, 8, 45, 41, 43, 13, 41, 32, 43, 32, 6, 43, 39, 40, 11, 39, 26, 40, 26, 5, 40, 37, 38, 16, 37, 27, 38, 27, 10, 38, 28, 36, 10, 28, 33, 36, 33, 9, 36, 34, 35, 9, 34, 30, 35, 30, 8, 35, 31, 32, 8, 31, 22, 32, 22, 6, 32, 27, 29, 10, 27, 24, 29, 24, 4, 29, 23, 26, 7, 23, 25, 26, 25, 5, 26]
                            uniform token subdivisionScheme = "none"
                            custom string userProperties:blender:data_name = "Icosphere.015"
                        }
                    }

                    def Xform "RA_Border_Bush_06"
                    {
                        custom string userProperties:blender:object_name = "RA_Border_Bush_06"
                        quatf xformOp:orient = (1, 0, 0, 0)
                        float3 xformOp:scale = (1, 1, 1)
                        double3 xformOp:translate = (2.799999952316284, -15.699999809265137, 0.2800000011920929)
                        uniform token[] xformOpOrder = ["xformOp:translate", "xformOp:orient", "xformOp:scale"]

                        def Mesh "Icosphere_016" (
                            active = true
                            prepend apiSchemas = ["MaterialBindingAPI"]
                        )
                        {
                            uniform bool doubleSided = 1
                            float3[] extent = [(-0.6657405, -0.55999994, -0.434), (0.6657405, 0.55999994, 0.434)]
                            int[] faceVertexCounts = [3, 3, 3, 3, 3, 3, 3, 3, 3, 3, 3, 3, 3, 3, 3, 3, 3, 3, 3, 3, 3, 3, 3, 3, 3, 3, 3, 3, 3, 3, 3, 3, 3, 3, 3, 3, 3, 3, 3, 3, 3, 3, 3, 3, 3, 3, 3, 3, 3, 3, 3, 3, 3, 3, 3, 3, 3, 3, 3, 3, 3, 3, 3, 3, 3, 3, 3, 3, 3, 3, 3, 3, 3, 3, 3, 3, 3, 3, 3, 3]
                            int[] faceVertexIndices = [0, 13, 12, 1, 13, 15, 0, 12, 17, 0, 17, 19, 0, 19, 16, 1, 15, 22, 2, 14, 24, 3, 18, 26, 4, 20, 28, 5, 21, 30, 1, 22, 25, 2, 24, 27, 3, 26, 29, 4, 28, 31, 5, 30, 23, 6, 32, 37, 7, 33, 39, 8, 34, 40, 9, 35, 41, 10, 36, 38, 38, 41, 11, 38, 36, 41, 36, 9, 41, 41, 40, 11, 41, 35, 40, 35, 8, 40, 40, 39, 11, 40, 34, 39, 34, 7, 39, 39, 37, 11, 39, 33, 37, 33, 6, 37, 37, 38, 11, 37, 32, 38, 32, 10, 38, 23, 36, 10, 23, 30, 36, 30, 9, 36, 31, 35, 9, 31, 28, 35, 28, 8, 35, 29, 34, 8, 29, 26, 34, 26, 7, 34, 27, 33, 7, 27, 24, 33, 24, 6, 33, 25, 32, 6, 25, 22, 32, 22, 10, 32, 30, 31, 9, 30, 21, 31, 21, 4, 31, 28, 29, 8, 28, 20, 29, 20, 3, 29, 26, 27, 7, 26, 18, 27, 18, 2, 27, 24, 25, 6, 24, 14, 25, 14, 1, 25, 22, 23, 10, 22, 15, 23, 15, 5, 23, 16, 21, 5, 16, 19, 21, 19, 4, 21, 19, 20, 4, 19, 17, 20, 17, 3, 20, 17, 18, 3, 17, 12, 18, 12, 2, 18, 15, 16, 5, 15, 13, 16, 13, 0, 16, 12, 14, 2, 12, 13, 14, 13, 1, 14]
                            rel material:binding = </_materials/EX_Mat_Foliage_Light>
                            normal3f[] normals = [(0.06499211, -0.25002605, -0.96605533), (0.06499211, -0.25002605, -0.96605533), (0.06499211, -0.25002605, -0.96605533), (0.5305944, -0.25387615, -0.8087129), (0.5305944, -0.25387615, -0.8087129), (0.5305944, -0.25387615, -0.8087129), (-0.17134562, -0.15561084, -0.97284424), (-0.17134562, -0.15561084, -0.97284424), (-0.17134562, -0.15561084, -0.97284424), (-0.17134562, 0.15561084, -0.97284424), (-0.17134562, 0.15561084, -0.97284424), (-0.17134562, 0.15561084, -0.97284424), (0.06499211, 0.25002605, -0.96605533), (0.06499211, 0.25002605, -0.96605533), (0.06499211, 0.25002605, -0.96605533), (0.82094985, -0.303927, -0.48339412), (0.82094985, -0.303927, -0.48339412), (0.82094985, -0.303927, -0.48339412), (0.019117652, -0.9111323, -0.4116703), (0.019117652, -0.9111323, -0.4116703), (0.019117652, -0.9111323, -0.4116703), (-0.8020001, -0.35504487, -0.48035297), (-0.8020001, -0.35504487, -0.48035297), (-0.8020001, -0.35504487, -0.48035297), (-0.47070217, 0.7667356, -0.4365272), (-0.47070217, 0.7667356, -0.4365272), (-0.47070217, 0.7667356, -0.4365272), (0.43429026, 0.7899226, -0.43291357), (0.43429026, 0.7899226, -0.43291357), (0.43429026, 0.7899226, -0.43291357), (0.72767925, -0.66085875, -0.18370812), (0.72767925, -0.66085875, -0.18370812), (0.72767925, -0.66085875, -0.18370812), (-0.24816829, -0.954729, -0.16402727), (-0.24816829, -0.954729, -0.16402727), (-0.24816829, -0.954729, -0.16402727), (-0.97977275, 0, -0.20011328), (-0.97977275, 0, -0.20011328), (-0.97977275, 0, -0.20011328), (-0.24816829, 0.954729, -0.16402727), (-0.24816829, 0.954729, -0.16402727), (-0.24816829, 0.954729, -0.16402727), (0.72767925, 0.66085875, -0.18370812), (0.72767925, 0.66085875, -0.18370812), (0.72767925, 0.66085875, -0.18370812), (0.29487574, -0.5664174, 0.7695581), (0.29487574, -0.5664174, 0.7695581), (0.29487574, -0.5664174, 0.7695581), (-0.34259748, -0.5298544, 0.77581006), (-0.34259748, -0.5298544, 0.77581006), (-0.34259748, -0.5298544, 0.77581006), (-0.5305944, 0.25387615, 0.8087129), (-0.5305944, 0.25387615, 0.8087129), (-0.5305944, 0.25387615, 0.8087129), (0.027133077, 0.65910894, 0.7515578), (0.027133077, 0.65910894, 0.7515578), (0.027133077, 0.65910894, 0.7515578), (0.5516739, 0.18547057, 0.8131768), (0.5516739, 0.18547057, 0.8131768), (0.5516739, 0.18547057, 0.8131768), (0.17134549, 0.15561093, 0.97284424), (0.17134549, 0.15561093, 0.97284424), (0.17134549, 0.15561093, 0.97284424), (0.34029227, 0.30904773, 0.88808256), (0.34029227, 0.30904773, 0.88808256), (0.34029227, 0.30904773, 0.88808256), (0.29487574, 0.5664174, 0.7695581), (0.29487574, 0.5664174, 0.7695581), (0.29487574, 0.5664174, 0.7695581), (-0.06499197, 0.25002614, 0.9660553), (-0.06499197, 0.25002614, 0.9660553), (-0.06499197, 0.25002614, 0.9660553), (-0.1265108, 0.48669198, 0.86436445), (-0.1265108, 0.48669198, 0.86436445), (-0.1265108, 0.48669198, 0.86436445), (-0.34259748, 0.5298544, 0.77581), (-0.34259748, 0.5298544, 0.77581), (-0.34259748, 0.5298544, 0.77581), (-0.21272138, 0, 0.97711295), (-0.21272138, 0, 0.97711295), (-0.21272138, 0, 0.97711295), (-0.42805058, 0, 0.9037548), (-0.42805058, 0, 0.9037548), (-0.42805058, 0, 0.9037548), (-0.5305944, -0.25387606, 0.8087129), (-0.5305944, -0.25387606, 0.8087129), (-0.5305944, -0.25387606, 0.8087129), (-0.06499197, -0.25002614, 0.9660554), (-0.06499197, -0.25002614, 0.9660554), (-0.06499197, -0.25002614, 0.9660554), (-0.12651086, -0.48669198, 0.86436445), (-0.12651086, -0.48669198, 0.86436445), (-0.12651086, -0.48669198, 0.86436445), (0.027133077, -0.65910894, 0.7515578), (0.027133077, -0.65910894, 0.7515578), (0.027133077, -0.65910894, 0.7515578), (0.17134549, -0.15561095, 0.97284424), (0.17134549, -0.15561095, 0.97284424), (0.17134549, -0.15561095, 0.97284424), (0.34029227, -0.30904773, 0.88808256), (0.34029227, -0.30904773, 0.88808256), (0.34029227, -0.30904773, 0.88808256), (0.5516739, -0.18547066, 0.8131768), (0.5516739, -0.18547066, 0.8131768), (0.5516739, -0.18547066, 0.8131768), (0.8020001, 0.35504487, 0.48035297), (0.8020001, 0.35504487, 0.48035297), (0.8020001, 0.35504487, 0.48035297), (0.7125146, 0.6470866, 0.27129674), (0.7125146, 0.6470866, 0.27129674), (0.7125146, 0.6470866, 0.27129674), (0.4707022, 0.76673555, 0.43652725), (0.4707022, 0.76673555, 0.43652725), (0.4707022, 0.76673555, 0.43652725), (-0.019117652, 0.9111323, 0.4116703), (-0.019117652, 0.9111323, 0.4116703), (-0.019117652, 0.9111323, 0.4116703), (-0.24401915, 0.93876684, 0.24325196), (-0.24401915, 0.93876684, 0.24325196), (-0.24401915, 0.93876684, 0.24325196), (-0.4342902, 0.78992254, 0.43291372), (-0.4342902, 0.78992254, 0.43291372), (-0.4342902, 0.78992254, 0.43291372), (-0.82094973, 0.30392703, 0.48339406), (-0.82094973, 0.30392703, 0.48339406), (-0.82094973, 0.30392703, 0.48339406), (-0.9556836, 0, 0.29439586), (-0.9556836, 0, 0.29439586), (-0.9556836, 0, 0.29439586), (-0.82094973, -0.30392703, 0.48339406), (-0.82094973, -0.30392703, 0.48339406), (-0.82094973, -0.30392703, 0.48339406), (-0.4342902, -0.78992254, 0.43291372), (-0.4342902, -0.78992254, 0.43291372), (-0.4342902, -0.78992254, 0.43291372), (-0.24401915, -0.93876684, 0.24325196), (-0.24401915, -0.93876684, 0.24325196), (-0.24401915, -0.93876684, 0.24325196), (-0.019117652, -0.9111323, 0.4116703), (-0.019117652, -0.9111323, 0.4116703), (-0.019117652, -0.9111323, 0.4116703), (0.4707022, -0.76673555, 0.43652725), (0.4707022, -0.76673555, 0.43652725), (0.4707022, -0.76673555, 0.43652725), (0.7125146, -0.6470866, 0.27129674), (0.7125146, -0.6470866, 0.27129674), (0.7125146, -0.6470866, 0.27129674), (0.8020001, -0.35504487, 0.48035297), (0.8020001, -0.35504487, 0.48035297), (0.8020001, -0.35504487, 0.48035297), (0.24816829, 0.954729, 0.16402727), (0.24816829, 0.954729, 0.16402727), (0.24816829, 0.954729, 0.16402727), (0.24401915, 0.93876684, -0.24325196), (0.24401915, 0.93876684, -0.24325196), (0.24401915, 0.93876684, -0.24325196), (0.019117652, 0.9111323, -0.4116703), (0.019117652, 0.9111323, -0.4116703), (0.019117652, 0.9111323, -0.4116703), (-0.72767925, 0.66085875, 0.18370812), (-0.72767925, 0.66085875, 0.18370812), (-0.72767925, 0.66085875, 0.18370812), (-0.7125146, 0.6470866, -0.27129674), (-0.7125146, 0.6470866, -0.27129674), (-0.7125146, 0.6470866, -0.27129674), (-0.8020001, 0.35504487, -0.48035297), (-0.8020001, 0.35504487, -0.48035297), (-0.8020001, 0.35504487, -0.48035297), (-0.72767925, -0.66085875, 0.18370812), (-0.72767925, -0.66085875, 0.18370812), (-0.72767925, -0.66085875, 0.18370812), (-0.7125146, -0.6470866, -0.27129674), (-0.7125146, -0.6470866, -0.27129674), (-0.7125146, -0.6470866, -0.27129674), (-0.4707022, -0.76673555, -0.43652725), (-0.4707022, -0.76673555, -0.43652725), (-0.4707022, -0.76673555, -0.43652725), (0.24816829, -0.954729, 0.16402727), (0.24816829, -0.954729, 0.16402727), (0.24816829, -0.954729, 0.16402727), (0.24401915, -0.93876684, -0.24325196), (0.24401915, -0.93876684, -0.24325196), (0.24401915, -0.93876684, -0.24325196), (0.43429026, -0.78992254, -0.43291363), (0.43429026, -0.78992254, -0.43291363), (0.43429026, -0.78992254, -0.43291363), (0.97977275, 0, 0.20011328), (0.97977275, 0, 0.20011328), (0.97977275, 0, 0.20011328), (0.9556836, 0, -0.29439586), (0.9556836, 0, -0.29439586), (0.9556836, 0, -0.29439586), (0.82094973, 0.30392712, -0.48339406), (0.82094973, 0.30392712, -0.48339406), (0.82094973, 0.30392712, -0.48339406), (0.34259745, 0.5298543, -0.77581006), (0.34259745, 0.5298543, -0.77581006), (0.34259745, 0.5298543, -0.77581006), (0.12651092, 0.486692, -0.86436445), (0.12651092, 0.486692, -0.86436445), (0.12651092, 0.486692, -0.86436445), (-0.027133, 0.659109, -0.7515578), (-0.027133, 0.659109, -0.7515578), (-0.027133, 0.659109, -0.7515578), (-0.29487586, 0.56641746, -0.769558), (-0.29487586, 0.56641746, -0.769558), (-0.29487586, 0.56641746, -0.769558), (-0.34029227, 0.30904773, -0.88808256), (-0.34029227, 0.30904773, -0.88808256), (-0.34029227, 0.30904773, -0.88808256), (-0.5516739, 0.18547057, -0.8131768), (-0.5516739, 0.18547057, -0.8131768), (-0.5516739, 0.18547057, -0.8131768), (-0.5516739, -0.18547057, -0.8131768), (-0.5516739, -0.18547057, -0.8131768), (-0.5516739, -0.18547057, -0.8131768), (-0.34029227, -0.30904773, -0.88808256), (-0.34029227, -0.30904773, -0.88808256), (-0.34029227, -0.30904773, -0.88808256), (-0.29487586, -0.56641746, -0.769558), (-0.29487586, -0.56641746, -0.769558), (-0.29487586, -0.56641746, -0.769558), (0.5305944, 0.25387606, -0.8087129), (0.5305944, 0.25387606, -0.8087129), (0.5305944, 0.25387606, -0.8087129), (0.42805067, 0, -0.9037548), (0.42805067, 0, -0.9037548), (0.42805067, 0, -0.9037548), (0.21272138, 0, -0.97711295), (0.21272138, 0, -0.97711295), (0.21272138, 0, -0.97711295), (-0.027133, -0.659109, -0.7515578), (-0.027133, -0.659109, -0.7515578), (-0.027133, -0.659109, -0.7515578), (0.12651092, -0.486692, -0.86436445), (0.12651092, -0.486692, -0.86436445), (0.12651092, -0.486692, -0.86436445), (0.34259745, -0.5298543, -0.77581006), (0.34259745, -0.5298543, -0.77581006), (0.34259745, -0.5298543, -0.77581006)] (
                                interpolation = "faceVarying"
                            )
                            point3f[] points = [(0, 0, -0.434), (0.5065251, -0.29440618, -0.19409327), (-0.19347161, -0.47636357, -0.1940934), (-0.62609833, 0, -0.19409157), (-0.19347161, 0.47636357, -0.1940934), (0.5065251, 0.29440618, -0.19409327), (0.19347161, -0.47636357, 0.1940934), (-0.5065251, -0.29440618, 0.19409327), (-0.5065251, 0.29440618, 0.19409327), (0.19347161, 0.47636357, 0.1940934), (0.62609833, 0, 0.19409157), (0, 0, 0.434), (-0.11371889, -0.27999735, -0.36918402), (0.2977259, -0.17304638, -0.3691839), (0.18400817, -0.45304653, -0.22817013), (0.5954535, 0, -0.22816938), (0.2977259, 0.17304638, -0.3691839), (-0.36801085, 0, -0.36918283), (-0.48173258, -0.27999827, -0.22816952), (-0.11371889, 0.27999735, -0.36918402), (-0.48173258, 0.27999827, -0.22816952), (0.18400817, 0.45304653, -0.22817013), (0.6657405, -0.17304707, 0), (0.6657405, 0.17304707, 0), (0, -0.55999994, 0), (0.4114499, -0.45304936, 0), (-0.6657405, -0.17304707, 0), (-0.4114499, -0.45304936, 0), (-0.4114499, 0.45304936, 0), (-0.6657405, 0.17304707, 0), (0.4114499, 0.45304936, 0), (0, 0.55999994, 0), (0.48173258, -0.27999827, 0.22816952), (-0.18400817, -0.45304653, 0.22817013), (-0.5954535, 0, 0.22816938), (-0.18400817, 0.45304653, 0.22817013), (0.48173258, 0.27999827, 0.22816952), (0.11371889, -0.27999735, 0.369184), (0.36801085, 0, 0.36918283), (-0.2977259, -0.17304638, 0.3691839), (-0.2977259, 0.17304638, 0.3691839), (0.11371889, 0.27999735, 0.369184)]
                            texCoord2f[] primvars:st = [(0.181819, 0), (0.909091, 0), (0.727273, 0), (0.545455, 0), (0.363637, 0), (0.272728, 0.157461), (1, 0.157461), (0.09091, 0.157461), (0.818182, 0.157461), (0.636364, 0.157461), (0.454546, 0.157461), (0.181819, 0.314921), (0, 0.314921), (0.909091, 0.314921), (0.727273, 0.314921), (0.545455, 0.314921), (0.363637, 0.314921), (0.454546, 0.472382), (0.636364, 0.472382), (0.818182, 0.472382), (0.09091, 0.472382), (0.272728, 0.472382), (0.9545455, 0.0787305), (0.1363645, 0.0787305), (0.3181825, 0.0787305), (0.2272735, 0.0787305), (0.18181899, 0.157461), (0.363637, 0.157461), (0.5000005, 0.0787305), (0.4090915, 0.0787305), (0.7727275, 0.0787305), (0.8636365, 0.0787305), (0.909091, 0.157461), (0.5909095, 0.0787305), (0.6818185, 0.0787305), (0.727273, 0.157461), (0.545455, 0.157461), (0.3181825, 0.236191), (0.4090915, 0.236191), (0.1363645, 0.236191), (0.2272735, 0.236191), (0.8636365, 0.236191), (0.045455, 0.236191), (0.9545455, 0.236191), (0.6818185, 0.236191), (0.7727275, 0.236191), (0.5000005, 0.236191), (0.5909095, 0.236191), (0.272728, 0.314921), (0.0909095, 0.314921), (0.818182, 0.314921), (0.636364, 0.314921), (0.45454597, 0.314921), (0.1363645, 0.3936515), (0.2272735, 0.3936515), (0.4090915, 0.3936515), (0.3181825, 0.3936515), (0.8636365, 0.3936515), (0.045455, 0.3936515), (0.6818185, 0.3936515), (0.7727275, 0.3936515), (0.5000005, 0.3936515), (0.5909095, 0.3936515)] (
                                interpolation = "faceVarying"
                            )
                            int[] primvars:st:indices = [0, 25, 23, 5, 24, 27, 1, 22, 31, 2, 30, 34, 3, 33, 28, 5, 27, 37, 7, 26, 39, 8, 32, 41, 9, 35, 44, 10, 36, 46, 5, 37, 40, 7, 39, 42, 8, 41, 45, 9, 44, 47, 10, 46, 38, 11, 48, 54, 12, 49, 58, 14, 50, 60, 15, 51, 62, 16, 52, 55, 55, 61, 17, 55, 52, 61, 52, 15, 61, 62, 59, 18, 62, 51, 59, 51, 14, 59, 60, 57, 19, 60, 50, 57, 50, 13, 57, 58, 53, 20, 58, 49, 53, 49, 11, 53, 54, 56, 21, 54, 48, 56, 48, 16, 56, 38, 52, 16, 38, 46, 52, 46, 15, 52, 47, 51, 15, 47, 44, 51, 44, 14, 51, 45, 50, 14, 45, 41, 50, 41, 13, 50, 42, 49, 12, 42, 39, 49, 39, 11, 49, 40, 48, 11, 40, 37, 48, 37, 16, 48, 46, 47, 15, 46, 36, 47, 36, 9, 47, 44, 45, 14, 44, 35, 45, 35, 8, 45, 41, 43, 13, 41, 32, 43, 32, 6, 43, 39, 40, 11, 39, 26, 40, 26, 5, 40, 37, 38, 16, 37, 27, 38, 27, 10, 38, 28, 36, 10, 28, 33, 36, 33, 9, 36, 34, 35, 9, 34, 30, 35, 30, 8, 35, 31, 32, 8, 31, 22, 32, 22, 6, 32, 27, 29, 10, 27, 24, 29, 24, 4, 29, 23, 26, 7, 23, 25, 26, 25, 5, 26]
                            uniform token subdivisionScheme = "none"
                            custom string userProperties:blender:data_name = "Icosphere.016"
                        }
                    }

                    def Xform "RA_Border_Bush_09"
                    {
                        custom string userProperties:blender:object_name = "RA_Border_Bush_09"
                        quatf xformOp:orient = (1, 0, 0, 0)
                        float3 xformOp:scale = (1, 1, 1)
                        double3 xformOp:translate = (-2.8499999046325684, -20, 0.2879999876022339)
                        uniform token[] xformOpOrder = ["xformOp:translate", "xformOp:orient", "xformOp:scale"]

                        def Mesh "Icosphere_019" (
                            active = true
                            prepend apiSchemas = ["MaterialBindingAPI"]
                        )
                        {
                            uniform bool doubleSided = 1
                            float3[] extent = [(-0.6847617, -0.5759999, -0.4464), (0.6847617, 0.5759999, 0.4464)]
                            int[] faceVertexCounts = [3, 3, 3, 3, 3, 3, 3, 3, 3, 3, 3, 3, 3, 3, 3, 3, 3, 3, 3, 3, 3, 3, 3, 3, 3, 3, 3, 3, 3, 3, 3, 3, 3, 3, 3, 3, 3, 3, 3, 3, 3, 3, 3, 3, 3, 3, 3, 3, 3, 3, 3, 3, 3, 3, 3, 3, 3, 3, 3, 3, 3, 3, 3, 3, 3, 3, 3, 3, 3, 3, 3, 3, 3, 3, 3, 3, 3, 3, 3, 3]
                            int[] faceVertexIndices = [0, 13, 12, 1, 13, 15, 0, 12, 17, 0, 17, 19, 0, 19, 16, 1, 15, 22, 2, 14, 24, 3, 18, 26, 4, 20, 28, 5, 21, 30, 1, 22, 25, 2, 24, 27, 3, 26, 29, 4, 28, 31, 5, 30, 23, 6, 32, 37, 7, 33, 39, 8, 34, 40, 9, 35, 41, 10, 36, 38, 38, 41, 11, 38, 36, 41, 36, 9, 41, 41, 40, 11, 41, 35, 40, 35, 8, 40, 40, 39, 11, 40, 34, 39, 34, 7, 39, 39, 37, 11, 39, 33, 37, 33, 6, 37, 37, 38, 11, 37, 32, 38, 32, 10, 38, 23, 36, 10, 23, 30, 36, 30, 9, 36, 31, 35, 9, 31, 28, 35, 28, 8, 35, 29, 34, 8, 29, 26, 34, 26, 7, 34, 27, 33, 7, 27, 24, 33, 24, 6, 33, 25, 32, 6, 25, 22, 32, 22, 10, 32, 30, 31, 9, 30, 21, 31, 21, 4, 31, 28, 29, 8, 28, 20, 29, 20, 3, 29, 26, 27, 7, 26, 18, 27, 18, 2, 27, 24, 25, 6, 24, 14, 25, 14, 1, 25, 22, 23, 10, 22, 15, 23, 15, 5, 23, 16, 21, 5, 16, 19, 21, 19, 4, 21, 19, 20, 4, 19, 17, 20, 17, 3, 20, 17, 18, 3, 17, 12, 18, 12, 2, 18, 15, 16, 5, 15, 13, 16, 13, 0, 16, 12, 14, 2, 12, 13, 14, 13, 1, 14]
                            rel material:binding = </_materials/EX_Mat_Foliage>
                            normal3f[] normals = [(0.064992025, -0.25002608, -0.96605533), (0.064992025, -0.25002608, -0.96605533), (0.064992025, -0.25002608, -0.96605533), (0.5305942, -0.2538762, -0.80871296), (0.5305942, -0.2538762, -0.80871296), (0.5305942, -0.2538762, -0.80871296), (-0.17134544, -0.15561089, -0.9728443), (-0.17134544, -0.15561089, -0.9728443), (-0.17134544, -0.15561089, -0.9728443), (-0.17134544, 0.15561089, -0.9728443), (-0.17134544, 0.15561089, -0.9728443), (-0.17134544, 0.15561089, -0.9728443), (0.064992025, 0.25002608, -0.96605533), (0.064992025, 0.25002608, -0.96605533), (0.064992025, 0.25002608, -0.96605533), (0.8209498, -0.3039269, -0.4833941), (0.8209498, -0.3039269, -0.4833941), (0.8209498, -0.3039269, -0.4833941), (0.019117652, -0.9111323, -0.41167033), (0.019117652, -0.9111323, -0.41167033), (0.019117652, -0.9111323, -0.41167033), (-0.8020001, -0.35504487, -0.48035306), (-0.8020001, -0.35504487, -0.48035306), (-0.8020001, -0.35504487, -0.48035306), (-0.4707023, 0.7667355, -0.43652725), (-0.4707023, 0.7667355, -0.43652725), (-0.4707023, 0.7667355, -0.43652725), (0.43429026, 0.7899226, -0.43291354), (0.43429026, 0.7899226, -0.43291354), (0.43429026, 0.7899226, -0.43291354), (0.72767913, -0.6608588, -0.18370795), (0.72767913, -0.6608588, -0.18370795), (0.72767913, -0.6608588, -0.18370795), (-0.24816829, -0.95472914, -0.16402693), (-0.24816829, -0.95472914, -0.16402693), (-0.24816829, -0.95472914, -0.16402693), (-0.97977275, 0, -0.20011346), (-0.97977275, 0, -0.20011346), (-0.97977275, 0, -0.20011346), (-0.24816829, 0.95472914, -0.16402693), (-0.24816829, 0.95472914, -0.16402693), (-0.24816829, 0.95472914, -0.16402693), (0.72767913, 0.6608588, -0.18370795), (0.72767913, 0.6608588, -0.18370795), (0.72767913, 0.6608588, -0.18370795), (0.29487565, -0.56641734, 0.76955813), (0.29487565, -0.56641734, 0.76955813), (0.29487565, -0.56641734, 0.76955813), (-0.34259742, -0.52985436, 0.7758102), (-0.34259742, -0.52985436, 0.7758102), (-0.34259742, -0.52985436, 0.7758102), (-0.5305942, 0.2538762, 0.80871296), (-0.5305942, 0.2538762, 0.80871296), (-0.5305942, 0.2538762, 0.80871296), (0.027132906, 0.6591089, 0.7515578), (0.027132906, 0.6591089, 0.7515578), (0.027132906, 0.6591089, 0.7515578), (0.55167407, 0.18547027, 0.81317675), (0.55167407, 0.18547027, 0.81317675), (0.55167407, 0.18547027, 0.81317675), (0.17134544, 0.15561098, 0.9728443), (0.17134544, 0.15561098, 0.9728443), (0.17134544, 0.15561098, 0.9728443), (0.34029213, 0.3090479, 0.88808256), (0.34029213, 0.3090479, 0.88808256), (0.34029213, 0.3090479, 0.88808256), (0.29487565, 0.56641734, 0.76955813), (0.29487565, 0.56641734, 0.76955813), (0.29487565, 0.56641734, 0.76955813), (-0.064991824, 0.25002617, 0.96605533), (-0.064991824, 0.25002617, 0.96605533), (-0.064991824, 0.25002617, 0.96605533), (-0.12651093, 0.48669198, 0.8643644), (-0.12651093, 0.48669198, 0.8643644), (-0.12651093, 0.48669198, 0.8643644), (-0.34259737, 0.52985436, 0.77581024), (-0.34259737, 0.52985436, 0.77581024), (-0.34259737, 0.52985436, 0.77581024), (-0.21272133, 0, 0.9771129), (-0.21272133, 0, 0.9771129), (-0.21272133, 0, 0.9771129), (-0.42805058, 0, 0.9037548), (-0.42805058, 0, 0.9037548), (-0.42805058, 0, 0.9037548), (-0.5305942, -0.2538763, 0.80871296), (-0.5305942, -0.2538763, 0.80871296), (-0.5305942, -0.2538763, 0.80871296), (-0.064991824, -0.25002617, 0.96605533), (-0.064991824, -0.25002617, 0.96605533), (-0.064991824, -0.25002617, 0.96605533), (-0.12651087, -0.48669195, 0.8643644), (-0.12651087, -0.48669195, 0.8643644), (-0.12651087, -0.48669195, 0.8643644), (0.027132906, -0.6591089, 0.7515578), (0.027132906, -0.6591089, 0.7515578), (0.027132906, -0.6591089, 0.7515578), (0.17134544, -0.15561098, 0.9728443), (0.17134544, -0.15561098, 0.9728443), (0.17134544, -0.15561098, 0.9728443), (0.3402922, -0.30904785, 0.88808256), (0.3402922, -0.30904785, 0.88808256), (0.3402922, -0.30904785, 0.88808256), (0.55167407, -0.18547043, 0.81317675), (0.55167407, -0.18547043, 0.81317675), (0.55167407, -0.18547043, 0.81317675), (0.8020001, 0.35504475, 0.4803531), (0.8020001, 0.35504475, 0.4803531), (0.8020001, 0.35504475, 0.4803531), (0.7125145, 0.6470867, 0.27129656), (0.7125145, 0.6470867, 0.27129656), (0.7125145, 0.6470867, 0.27129656), (0.4707023, 0.7667355, 0.4365272), (0.4707023, 0.7667355, 0.4365272), (0.4707023, 0.7667355, 0.4365272), (-0.01911765, 0.9111322, 0.41167045), (-0.01911765, 0.9111322, 0.41167045), (-0.01911765, 0.9111322, 0.41167045), (-0.24401912, 0.93876684, 0.24325173), (-0.24401912, 0.93876684, 0.24325173), (-0.24401912, 0.93876684, 0.24325173), (-0.43429026, 0.78992265, 0.43291354), (-0.43429026, 0.78992265, 0.43291354), (-0.43429026, 0.78992265, 0.43291354), (-0.8209498, 0.30392683, 0.48339412), (-0.8209498, 0.30392683, 0.48339412), (-0.8209498, 0.30392683, 0.48339412), (-0.9556836, 0, 0.29439586), (-0.9556836, 0, 0.29439586), (-0.9556836, 0, 0.29439586), (-0.8209498, -0.30392683, 0.48339412), (-0.8209498, -0.30392683, 0.48339412), (-0.8209498, -0.30392683, 0.48339412), (-0.43429026, -0.78992265, 0.43291354), (-0.43429026, -0.78992265, 0.43291354), (-0.43429026, -0.78992265, 0.43291354), (-0.24401912, -0.93876684, 0.24325173), (-0.24401912, -0.93876684, 0.24325173), (-0.24401912, -0.93876684, 0.24325173), (-0.01911765, -0.9111322, 0.41167045), (-0.01911765, -0.9111322, 0.41167045), (-0.01911765, -0.9111322, 0.41167045), (0.4707023, -0.7667355, 0.4365272), (0.4707023, -0.7667355, 0.4365272), (0.4707023, -0.7667355, 0.4365272), (0.7125145, -0.6470867, 0.27129662), (0.7125145, -0.6470867, 0.27129662), (0.7125145, -0.6470867, 0.27129662), (0.8020001, -0.35504475, 0.4803531), (0.8020001, -0.35504475, 0.4803531), (0.8020001, -0.35504475, 0.4803531), (0.24816829, 0.95472914, 0.16402693), (0.24816829, 0.95472914, 0.16402693), (0.24816829, 0.95472914, 0.16402693), (0.24401912, 0.93876684, -0.24325173), (0.24401912, 0.93876684, -0.24325173), (0.24401912, 0.93876684, -0.24325173), (0.019117652, 0.9111323, -0.41167033), (0.019117652, 0.9111323, -0.41167033), (0.019117652, 0.9111323, -0.41167033), (-0.72767913, 0.6608588, 0.18370795), (-0.72767913, 0.6608588, 0.18370795), (-0.72767913, 0.6608588, 0.18370795), (-0.7125145, 0.6470867, -0.27129662), (-0.7125145, 0.6470867, -0.27129662), (-0.7125145, 0.6470867, -0.27129662), (-0.8020001, 0.35504484, -0.48035303), (-0.8020001, 0.35504484, -0.48035303), (-0.8020001, 0.35504484, -0.48035303), (-0.72767913, -0.6608588, 0.18370795), (-0.72767913, -0.6608588, 0.18370795), (-0.72767913, -0.6608588, 0.18370795), (-0.7125145, -0.6470867, -0.27129656), (-0.7125145, -0.6470867, -0.27129656), (-0.7125145, -0.6470867, -0.27129656), (-0.47070235, -0.7667355, -0.43652722), (-0.47070235, -0.7667355, -0.43652722), (-0.47070235, -0.7667355, -0.43652722), (0.24816829, -0.95472914, 0.16402693), (0.24816829, -0.95472914, 0.16402693), (0.24816829, -0.95472914, 0.16402693), (0.24401912, -0.93876684, -0.24325173), (0.24401912, -0.93876684, -0.24325173), (0.24401912, -0.93876684, -0.24325173), (0.43429026, -0.78992265, -0.43291345), (0.43429026, -0.78992265, -0.43291345), (0.43429026, -0.78992265, -0.43291345), (0.97977275, 0, 0.20011346), (0.97977275, 0, 0.20011346), (0.97977275, 0, 0.20011346), (0.9556836, 0, -0.29439586), (0.9556836, 0, -0.29439586), (0.9556836, 0, -0.29439586), (0.8209498, 0.3039267, -0.48339412), (0.8209498, 0.3039267, -0.48339412), (0.8209498, 0.3039267, -0.48339412), (0.34259734, 0.5298543, -0.77581024), (0.34259734, 0.5298543, -0.77581024), (0.34259734, 0.5298543, -0.77581024), (0.126511, 0.48669198, -0.8643644), (0.126511, 0.48669198, -0.8643644), (0.126511, 0.48669198, -0.8643644), (-0.027132979, 0.6591089, -0.7515578), (-0.027132979, 0.6591089, -0.7515578), (-0.027132979, 0.6591089, -0.7515578), (-0.2948757, 0.56641746, -0.7695581), (-0.2948757, 0.56641746, -0.7695581), (-0.2948757, 0.56641746, -0.7695581), (-0.3402923, 0.3090478, -0.88808256), (-0.3402923, 0.3090478, -0.88808256), (-0.3402923, 0.3090478, -0.88808256), (-0.55167407, 0.18547036, -0.81317675), (-0.55167407, 0.18547036, -0.81317675), (-0.55167407, 0.18547036, -0.81317675), (-0.55167407, -0.18547036, -0.81317675), (-0.55167407, -0.18547036, -0.81317675), (-0.55167407, -0.18547036, -0.81317675), (-0.34029225, -0.30904785, -0.88808256), (-0.34029225, -0.30904785, -0.88808256), (-0.34029225, -0.30904785, -0.88808256), (-0.2948757, -0.56641746, -0.7695581), (-0.2948757, -0.56641746, -0.7695581), (-0.2948757, -0.56641746, -0.7695581), (0.5305942, 0.2538763, -0.80871296), (0.5305942, 0.2538763, -0.80871296), (0.5305942, 0.2538763, -0.80871296), (0.42805058, 0, -0.9037548), (0.42805058, 0, -0.9037548), (0.42805058, 0, -0.9037548), (0.21272133, 0, -0.9771129), (0.21272133, 0, -0.9771129), (0.21272133, 0, -0.9771129), (-0.027132979, -0.6591089, -0.7515578), (-0.027132979, -0.6591089, -0.7515578), (-0.027132979, -0.6591089, -0.7515578), (0.12651093, -0.48669198, -0.8643644), (0.12651093, -0.48669198, -0.8643644), (0.12651093, -0.48669198, -0.8643644), (0.34259734, -0.5298543, -0.77581024), (0.34259734, -0.5298543, -0.77581024), (0.34259734, -0.5298543, -0.77581024)] (
                                interpolation = "faceVarying"
                            )
                            point3f[] points = [(0, 0, -0.4464), (0.5209973, -0.30281776, -0.19963878), (-0.19899938, -0.48997393, -0.19963893), (-0.6439869, 0, -0.19963704), (-0.19899938, 0.48997393, -0.19963893), (0.5209973, 0.30281776, -0.19963878), (0.19899938, -0.48997393, 0.19963893), (-0.5209973, -0.30281776, 0.19963878), (-0.5209973, 0.30281776, 0.19963878), (0.19899938, 0.48997393, 0.19963893), (0.6439869, 0, 0.19963704), (0, 0, 0.4464), (-0.116968006, -0.28799725, -0.37973213), (0.30623233, -0.17799056, -0.379732), (0.18926556, -0.4659907, -0.23468928), (0.6124665, 0, -0.2346885), (0.30623233, 0.17799056, -0.379732), (-0.37852547, 0, -0.3797309), (-0.4954964, -0.28799823, -0.23468864), (-0.116968006, 0.28799725, -0.37973213), (-0.4954964, 0.28799823, -0.23468864), (0.18926556, 0.4659907, -0.23468928), (0.6847617, -0.17799126, 0), (0.6847617, 0.17799126, 0), (0, -0.5759999, 0), (0.42320564, -0.4659936, 0), (-0.6847617, -0.17799126, 0), (-0.42320564, -0.4659936, 0), (-0.42320564, 0.4659936, 0), (-0.6847617, 0.17799126, 0), (0.42320564, 0.4659936, 0), (0, 0.5759999, 0), (0.4954964, -0.28799823, 0.23468864), (-0.18926556, -0.4659907, 0.23468928), (-0.6124665, 0, 0.2346885), (-0.18926556, 0.4659907, 0.23468928), (0.4954964, 0.28799823, 0.23468864), (0.116968006, -0.28799725, 0.3797321), (0.37852547, 0, 0.3797309), (-0.30623233, -0.17799056, 0.379732), (-0.30623233, 0.17799056, 0.379732), (0.116968006, 0.28799725, 0.3797321)]
                            texCoord2f[] primvars:st = [(0.181819, 0), (0.909091, 0), (0.727273, 0), (0.545455, 0), (0.363637, 0), (0.272728, 0.157461), (1, 0.157461), (0.09091, 0.157461), (0.818182, 0.157461), (0.636364, 0.157461), (0.454546, 0.157461), (0.181819, 0.314921), (0, 0.314921), (0.909091, 0.314921), (0.727273, 0.314921), (0.545455, 0.314921), (0.363637, 0.314921), (0.454546, 0.472382), (0.636364, 0.472382), (0.818182, 0.472382), (0.09091, 0.472382), (0.272728, 0.472382), (0.9545455, 0.0787305), (0.1363645, 0.0787305), (0.3181825, 0.0787305), (0.2272735, 0.0787305), (0.18181899, 0.157461), (0.363637, 0.157461), (0.5000005, 0.0787305), (0.4090915, 0.0787305), (0.7727275, 0.0787305), (0.8636365, 0.0787305), (0.909091, 0.157461), (0.5909095, 0.0787305), (0.6818185, 0.0787305), (0.727273, 0.157461), (0.545455, 0.157461), (0.3181825, 0.236191), (0.4090915, 0.236191), (0.1363645, 0.236191), (0.2272735, 0.236191), (0.8636365, 0.236191), (0.045455, 0.236191), (0.9545455, 0.236191), (0.6818185, 0.236191), (0.7727275, 0.236191), (0.5000005, 0.236191), (0.5909095, 0.236191), (0.272728, 0.314921), (0.0909095, 0.314921), (0.818182, 0.314921), (0.636364, 0.314921), (0.45454597, 0.314921), (0.1363645, 0.3936515), (0.2272735, 0.3936515), (0.4090915, 0.3936515), (0.3181825, 0.3936515), (0.8636365, 0.3936515), (0.045455, 0.3936515), (0.6818185, 0.3936515), (0.7727275, 0.3936515), (0.5000005, 0.3936515), (0.5909095, 0.3936515)] (
                                interpolation = "faceVarying"
                            )
                            int[] primvars:st:indices = [0, 25, 23, 5, 24, 27, 1, 22, 31, 2, 30, 34, 3, 33, 28, 5, 27, 37, 7, 26, 39, 8, 32, 41, 9, 35, 44, 10, 36, 46, 5, 37, 40, 7, 39, 42, 8, 41, 45, 9, 44, 47, 10, 46, 38, 11, 48, 54, 12, 49, 58, 14, 50, 60, 15, 51, 62, 16, 52, 55, 55, 61, 17, 55, 52, 61, 52, 15, 61, 62, 59, 18, 62, 51, 59, 51, 14, 59, 60, 57, 19, 60, 50, 57, 50, 13, 57, 58, 53, 20, 58, 49, 53, 49, 11, 53, 54, 56, 21, 54, 48, 56, 48, 16, 56, 38, 52, 16, 38, 46, 52, 46, 15, 52, 47, 51, 15, 47, 44, 51, 44, 14, 51, 45, 50, 14, 45, 41, 50, 41, 13, 50, 42, 49, 12, 42, 39, 49, 39, 11, 49, 40, 48, 11, 40, 37, 48, 37, 16, 48, 46, 47, 15, 46, 36, 47, 36, 9, 47, 44, 45, 14, 44, 35, 45, 35, 8, 45, 41, 43, 13, 41, 32, 43, 32, 6, 43, 39, 40, 11, 39, 26, 40, 26, 5, 40, 37, 38, 16, 37, 27, 38, 27, 10, 38, 28, 36, 10, 28, 33, 36, 33, 9, 36, 34, 35, 9, 34, 30, 35, 30, 8, 35, 31, 32, 8, 31, 22, 32, 22, 6, 32, 27, 29, 10, 27, 24, 29, 24, 4, 29, 23, 26, 7, 23, 25, 26, 25, 5, 26]
                            uniform token subdivisionScheme = "none"
                            custom string userProperties:blender:data_name = "Icosphere.019"
                        }
                    }

                    def Xform "RA_Border_Bush_10"
                    {
                        custom string userProperties:blender:object_name = "RA_Border_Bush_10"
                        quatf xformOp:orient = (1, 0, 0, 0)
                        float3 xformOp:scale = (1, 1, 1)
                        double3 xformOp:translate = (2.75, -21.100000381469727, 0.20800000429153442)
                        uniform token[] xformOpOrder = ["xformOp:translate", "xformOp:orient", "xformOp:scale"]

                        def Mesh "Icosphere_020" (
                            active = true
                            prepend apiSchemas = ["MaterialBindingAPI"]
                        )
                        {
                            uniform bool doubleSided = 1
                            float3[] extent = [(-0.49455008, -0.41599998, -0.3224), (0.49455008, 0.41599998, 0.3224)]
                            int[] faceVertexCounts = [3, 3, 3, 3, 3, 3, 3, 3, 3, 3, 3, 3, 3, 3, 3, 3, 3, 3, 3, 3, 3, 3, 3, 3, 3, 3, 3, 3, 3, 3, 3, 3, 3, 3, 3, 3, 3, 3, 3, 3, 3, 3, 3, 3, 3, 3, 3, 3, 3, 3, 3, 3, 3, 3, 3, 3, 3, 3, 3, 3, 3, 3, 3, 3, 3, 3, 3, 3, 3, 3, 3, 3, 3, 3, 3, 3, 3, 3, 3, 3]
                            int[] faceVertexIndices = [0, 13, 12, 1, 13, 15, 0, 12, 17, 0, 17, 19, 0, 19, 16, 1, 15, 22, 2, 14, 24, 3, 18, 26, 4, 20, 28, 5, 21, 30, 1, 22, 25, 2, 24, 27, 3, 26, 29, 4, 28, 31, 5, 30, 23, 6, 32, 37, 7, 33, 39, 8, 34, 40, 9, 35, 41, 10, 36, 38, 38, 41, 11, 38, 36, 41, 36, 9, 41, 41, 40, 11, 41, 35, 40, 35, 8, 40, 40, 39, 11, 40, 34, 39, 34, 7, 39, 39, 37, 11, 39, 33, 37, 33, 6, 37, 37, 38, 11, 37, 32, 38, 32, 10, 38, 23, 36, 10, 23, 30, 36, 30, 9, 36, 31, 35, 9, 31, 28, 35, 28, 8, 35, 29, 34, 8, 29, 26, 34, 26, 7, 34, 27, 33, 7, 27, 24, 33, 24, 6, 33, 25, 32, 6, 25, 22, 32, 22, 10, 32, 30, 31, 9, 30, 21, 31, 21, 4, 31, 28, 29, 8, 28, 20, 29, 20, 3, 29, 26, 27, 7, 26, 18, 27, 18, 2, 27, 24, 25, 6, 24, 14, 25, 14, 1, 25, 22, 23, 10, 22, 15, 23, 15, 5, 23, 16, 21, 5, 16, 19, 21, 19, 4, 21, 19, 20, 4, 19, 17, 20, 17, 3, 20, 17, 18, 3, 17, 12, 18, 12, 2, 18, 15, 16, 5, 15, 13, 16, 13, 0, 16, 12, 14, 2, 12, 13, 14, 13, 1, 14]
                            rel material:binding = </_materials/EX_Mat_Foliage_Light>
                            normal3f[] normals = [(0.0649918, -0.25002608, -0.9660554), (0.0649918, -0.25002608, -0.9660554), (0.0649918, -0.25002608, -0.9660554), (0.53059447, -0.25387603, -0.8087128), (0.53059447, -0.25387603, -0.8087128), (0.53059447, -0.25387603, -0.8087128), (-0.17134531, -0.15561095, -0.9728443), (-0.17134531, -0.15561095, -0.9728443), (-0.17134531, -0.15561095, -0.9728443), (-0.17134531, 0.15561095, -0.9728443), (-0.17134531, 0.15561095, -0.9728443), (-0.17134531, 0.15561095, -0.9728443), (0.0649918, 0.25002608, -0.9660554), (0.0649918, 0.25002608, -0.9660554), (0.0649918, 0.25002608, -0.9660554), (0.8209498, -0.30392686, -0.4833942), (0.8209498, -0.30392686, -0.4833942), (0.8209498, -0.30392686, -0.4833942), (0.019117724, -0.9111324, -0.41167024), (0.019117724, -0.9111324, -0.41167024), (0.019117724, -0.9111324, -0.41167024), (-0.80200005, -0.355045, -0.4803529), (-0.80200005, -0.355045, -0.4803529), (-0.80200005, -0.355045, -0.4803529), (-0.47070232, 0.76673543, -0.43652734), (-0.47070232, 0.76673543, -0.43652734), (-0.47070232, 0.76673543, -0.43652734), (0.43429032, 0.7899228, -0.43291336), (0.43429032, 0.7899228, -0.43291336), (0.43429032, 0.7899228, -0.43291336), (0.7276791, -0.66085887, -0.18370825), (0.7276791, -0.66085887, -0.18370825), (0.7276791, -0.66085887, -0.18370825), (-0.24816836, -0.9547291, -0.16402732), (-0.24816836, -0.9547291, -0.16402732), (-0.24816836, -0.9547291, -0.16402732), (-0.9797728, 0, -0.20011324), (-0.9797728, 0, -0.20011324), (-0.9797728, 0, -0.20011324), (-0.24816836, 0.9547291, -0.16402732), (-0.24816836, 0.9547291, -0.16402732), (-0.24816836, 0.9547291, -0.16402732), (0.7276791, 0.66085887, -0.18370825), (0.7276791, 0.66085887, -0.18370825), (0.7276791, 0.66085887, -0.18370825), (0.29487595, -0.5664175, 0.769558), (0.29487595, -0.5664175, 0.769558), (0.29487595, -0.5664175, 0.769558), (-0.3425973, -0.52985436, 0.7758102), (-0.3425973, -0.52985436, 0.7758102), (-0.3425973, -0.52985436, 0.7758102), (-0.53059447, 0.25387603, 0.8087128), (-0.53059447, 0.25387603, 0.8087128), (-0.53059447, 0.25387603, 0.8087128), (0.027132872, 0.6591089, 0.75155777), (0.027132872, 0.6591089, 0.75155777), (0.027132872, 0.6591089, 0.75155777), (0.5516738, 0.18547039, 0.8131769), (0.5516738, 0.18547039, 0.8131769), (0.5516738, 0.18547039, 0.8131769), (0.17134531, 0.15561095, 0.9728443), (0.17134531, 0.15561095, 0.9728443), (0.17134531, 0.15561095, 0.9728443), (0.34029242, 0.30904788, 0.88808244), (0.34029242, 0.30904788, 0.88808244), (0.34029242, 0.30904788, 0.88808244), (0.2948759, 0.56641746, 0.769558), (0.2948759, 0.56641746, 0.769558), (0.2948759, 0.56641746, 0.769558), (-0.06499174, 0.25002608, 0.9660554), (-0.06499174, 0.25002608, 0.9660554), (-0.06499174, 0.25002608, 0.9660554), (-0.12651098, 0.4866921, 0.8643643), (-0.12651098, 0.4866921, 0.8643643), (-0.12651098, 0.4866921, 0.8643643), (-0.3425973, 0.52985436, 0.7758102), (-0.3425973, 0.52985436, 0.7758102), (-0.3425973, 0.52985436, 0.7758102), (-0.21272123, 0, 0.97711295), (-0.21272123, 0, 0.97711295), (-0.21272123, 0, 0.97711295), (-0.42805097, 0, 0.9037547), (-0.42805097, 0, 0.9037547), (-0.42805097, 0, 0.9037547), (-0.5305945, -0.25387603, 0.8087128), (-0.5305945, -0.25387603, 0.8087128), (-0.5305945, -0.25387603, 0.8087128), (-0.06499174, -0.25002608, 0.9660554), (-0.06499174, -0.25002608, 0.9660554), (-0.06499174, -0.25002608, 0.9660554), (-0.12651098, -0.4866921, 0.8643643), (-0.12651098, -0.4866921, 0.8643643), (-0.12651098, -0.4866921, 0.8643643), (0.027132872, -0.6591088, 0.7515579), (0.027132872, -0.6591088, 0.7515579), (0.027132872, -0.6591088, 0.7515579), (0.17134531, -0.15561095, 0.9728443), (0.17134531, -0.15561095, 0.9728443), (0.17134531, -0.15561095, 0.9728443), (0.34029245, -0.30904782, 0.88808244), (0.34029245, -0.30904782, 0.88808244), (0.34029245, -0.30904782, 0.88808244), (0.5516738, -0.18547039, 0.8131769), (0.5516738, -0.18547039, 0.8131769), (0.5516738, -0.18547039, 0.8131769), (0.80200005, 0.3550451, 0.4803529), (0.80200005, 0.3550451, 0.4803529), (0.80200005, 0.3550451, 0.4803529), (0.7125146, 0.64708656, 0.27129665), (0.7125146, 0.64708656, 0.27129665), (0.7125146, 0.64708656, 0.27129665), (0.47070226, 0.76673543, 0.43652728), (0.47070226, 0.76673543, 0.43652728), (0.47070226, 0.76673543, 0.43652728), (-0.019117724, 0.9111324, 0.41167024), (-0.019117724, 0.9111324, 0.41167024), (-0.019117724, 0.9111324, 0.41167024), (-0.2440192, 0.9387667, 0.24325213), (-0.2440192, 0.9387667, 0.24325213), (-0.2440192, 0.9387667, 0.24325213), (-0.43429023, 0.78992265, 0.43291345), (-0.43429023, 0.78992265, 0.43291345), (-0.43429023, 0.78992265, 0.43291345), (-0.8209498, 0.30392683, 0.4833942), (-0.8209498, 0.30392683, 0.4833942), (-0.8209498, 0.30392683, 0.4833942), (-0.9556836, 0, 0.29439583), (-0.9556836, 0, 0.29439583), (-0.9556836, 0, 0.29439583), (-0.8209498, -0.30392683, 0.4833942), (-0.8209498, -0.30392683, 0.4833942), (-0.8209498, -0.30392683, 0.4833942), (-0.43429023, -0.78992265, 0.43291345), (-0.43429023, -0.78992265, 0.43291345), (-0.43429023, -0.78992265, 0.43291345), (-0.2440192, -0.9387667, 0.24325226), (-0.2440192, -0.9387667, 0.24325226), (-0.2440192, -0.9387667, 0.24325226), (-0.019117724, -0.9111324, 0.41167024), (-0.019117724, -0.9111324, 0.41167024), (-0.019117724, -0.9111324, 0.41167024), (0.47070226, -0.76673543, 0.43652728), (0.47070226, -0.76673543, 0.43652728), (0.47070226, -0.76673543, 0.43652728), (0.7125146, -0.64708656, 0.2712967), (0.7125146, -0.64708656, 0.2712967), (0.7125146, -0.64708656, 0.2712967), (0.80200005, -0.3550451, 0.4803529), (0.80200005, -0.3550451, 0.4803529), (0.80200005, -0.3550451, 0.4803529), (0.24816836, 0.9547291, 0.16402747), (0.24816836, 0.9547291, 0.16402747), (0.24816836, 0.9547291, 0.16402747), (0.2440192, 0.9387667, -0.24325226), (0.2440192, 0.9387667, -0.24325226), (0.2440192, 0.9387667, -0.24325226), (0.019117724, 0.9111324, -0.41167024), (0.019117724, 0.9111324, -0.41167024), (0.019117724, 0.9111324, -0.41167024), (-0.72767913, 0.6608589, 0.18370818), (-0.72767913, 0.6608589, 0.18370818), (-0.72767913, 0.6608589, 0.18370818), (-0.7125146, 0.64708656, -0.2712967), (-0.7125146, 0.64708656, -0.2712967), (-0.7125146, 0.64708656, -0.2712967), (-0.80200005, 0.35504517, -0.4803529), (-0.80200005, 0.35504517, -0.4803529), (-0.80200005, 0.35504517, -0.4803529), (-0.72767913, -0.6608589, 0.18370818), (-0.72767913, -0.6608589, 0.18370818), (-0.72767913, -0.6608589, 0.18370818), (-0.7125146, -0.64708656, -0.27129665), (-0.7125146, -0.64708656, -0.27129665), (-0.7125146, -0.64708656, -0.27129665), (-0.47070226, -0.76673543, -0.43652728), (-0.47070226, -0.76673543, -0.43652728), (-0.47070226, -0.76673543, -0.43652728), (0.24816836, -0.9547291, 0.16402747), (0.24816836, -0.9547291, 0.16402747), (0.24816836, -0.9547291, 0.16402747), (0.2440192, -0.9387667, -0.24325213), (0.2440192, -0.9387667, -0.24325213), (0.2440192, -0.9387667, -0.24325213), (0.43429026, -0.7899228, -0.43291336), (0.43429026, -0.7899228, -0.43291336), (0.43429026, -0.7899228, -0.43291336), (0.9797728, 0, 0.20011324), (0.9797728, 0, 0.20011324), (0.9797728, 0, 0.20011324), (0.9556836, 0, -0.29439583), (0.9556836, 0, -0.29439583), (0.9556836, 0, -0.29439583), (0.8209498, 0.30392686, -0.4833942), (0.8209498, 0.30392686, -0.4833942), (0.8209498, 0.30392686, -0.4833942), (0.3425973, 0.52985436, -0.7758102), (0.3425973, 0.52985436, -0.7758102), (0.3425973, 0.52985436, -0.7758102), (0.12651098, 0.4866921, -0.8643643), (0.12651098, 0.4866921, -0.8643643), (0.12651098, 0.4866921, -0.8643643), (-0.027132872, 0.6591089, -0.75155777), (-0.027132872, 0.6591089, -0.75155777), (-0.027132872, 0.6591089, -0.75155777), (-0.29487586, 0.5664174, -0.769558), (-0.29487586, 0.5664174, -0.769558), (-0.29487586, 0.5664174, -0.769558), (-0.34029245, 0.30904782, -0.88808244), (-0.34029245, 0.30904782, -0.88808244), (-0.34029245, 0.30904782, -0.88808244), (-0.5516738, 0.18547042, -0.8131769), (-0.5516738, 0.18547042, -0.8131769), (-0.5516738, 0.18547042, -0.8131769), (-0.5516738, -0.18547042, -0.8131769), (-0.5516738, -0.18547042, -0.8131769), (-0.5516738, -0.18547042, -0.8131769), (-0.34029242, -0.30904788, -0.88808244), (-0.34029242, -0.30904788, -0.88808244), (-0.34029242, -0.30904788, -0.88808244), (-0.29487586, -0.5664174, -0.769558), (-0.29487586, -0.5664174, -0.769558), (-0.29487586, -0.5664174, -0.769558), (0.5305945, 0.25387603, -0.8087128), (0.5305945, 0.25387603, -0.8087128), (0.5305945, 0.25387603, -0.8087128), (0.42805097, 0, -0.9037547), (0.42805097, 0, -0.9037547), (0.42805097, 0, -0.9037547), (0.21272123, 0, -0.97711295), (0.21272123, 0, -0.97711295), (0.21272123, 0, -0.97711295), (-0.027132872, -0.6591089, -0.75155777), (-0.027132872, -0.6591089, -0.75155777), (-0.027132872, -0.6591089, -0.75155777), (0.12651098, -0.4866921, -0.8643643), (0.12651098, -0.4866921, -0.8643643), (0.12651098, -0.4866921, -0.8643643), (0.3425973, -0.52985436, -0.7758102), (0.3425973, -0.52985436, -0.7758102), (0.3425973, -0.52985436, -0.7758102)] (
                                interpolation = "faceVarying"
                            )
                            point3f[] points = [(0, 0, -0.3224), (0.37627578, -0.21870174, -0.14418358), (-0.14372176, -0.3538701, -0.14418368), (-0.46510163, 0, -0.14418231), (-0.14372176, 0.3538701, -0.14418368), (0.37627578, 0.21870174, -0.14418358), (0.14372176, -0.3538701, 0.14418368), (-0.37627578, -0.21870174, 0.14418358), (-0.37627578, 0.21870174, 0.14418358), (0.14372176, 0.3538701, 0.14418368), (0.46510163, 0, 0.14418231), (0, 0, 0.3224), (-0.08447689, -0.20799804, -0.27425098), (0.22116779, -0.12854874, -0.27425092), (0.13669178, -0.33654884, -0.16949782), (0.4423369, 0, -0.16949727), (0.22116779, 0.12854874, -0.27425092), (-0.27337947, 0, -0.27425012), (-0.35785848, -0.20799872, -0.16949736), (-0.08447689, 0.20799804, -0.27425098), (-0.35785848, 0.20799872, -0.16949736), (0.13669178, 0.33654884, -0.16949782), (0.49455008, -0.12854925, 0), (0.49455008, 0.12854925, 0), (0, -0.41599998, 0), (0.3056485, -0.33655095, 0), (-0.49455008, -0.12854925, 0), (-0.3056485, -0.33655095, 0), (-0.3056485, 0.33655095, 0), (-0.49455008, 0.12854925, 0), (0.3056485, 0.33655095, 0), (0, 0.41599998, 0), (0.35785848, -0.20799872, 0.16949736), (-0.13669178, -0.33654884, 0.16949782), (-0.4423369, 0, 0.16949727), (-0.13669178, 0.33654884, 0.16949782), (0.35785848, 0.20799872, 0.16949736), (0.08447689, -0.20799804, 0.27425098), (0.27337947, 0, 0.27425012), (-0.22116779, -0.12854874, 0.27425092), (-0.22116779, 0.12854874, 0.27425092), (0.08447689, 0.20799804, 0.27425098)]
                            texCoord2f[] primvars:st = [(0.181819, 0), (0.909091, 0), (0.727273, 0), (0.545455, 0), (0.363637, 0), (0.272728, 0.157461), (1, 0.157461), (0.09091, 0.157461), (0.818182, 0.157461), (0.636364, 0.157461), (0.454546, 0.157461), (0.181819, 0.314921), (0, 0.314921), (0.909091, 0.314921), (0.727273, 0.314921), (0.545455, 0.314921), (0.363637, 0.314921), (0.454546, 0.472382), (0.636364, 0.472382), (0.818182, 0.472382), (0.09091, 0.472382), (0.272728, 0.472382), (0.9545455, 0.0787305), (0.1363645, 0.0787305), (0.3181825, 0.0787305), (0.2272735, 0.0787305), (0.18181899, 0.157461), (0.363637, 0.157461), (0.5000005, 0.0787305), (0.4090915, 0.0787305), (0.7727275, 0.0787305), (0.8636365, 0.0787305), (0.909091, 0.157461), (0.5909095, 0.0787305), (0.6818185, 0.0787305), (0.727273, 0.157461), (0.545455, 0.157461), (0.3181825, 0.236191), (0.4090915, 0.236191), (0.1363645, 0.236191), (0.2272735, 0.236191), (0.8636365, 0.236191), (0.045455, 0.236191), (0.9545455, 0.236191), (0.6818185, 0.236191), (0.7727275, 0.236191), (0.5000005, 0.236191), (0.5909095, 0.236191), (0.272728, 0.314921), (0.0909095, 0.314921), (0.818182, 0.314921), (0.636364, 0.314921), (0.45454597, 0.314921), (0.1363645, 0.3936515), (0.2272735, 0.3936515), (0.4090915, 0.3936515), (0.3181825, 0.3936515), (0.8636365, 0.3936515), (0.045455, 0.3936515), (0.6818185, 0.3936515), (0.7727275, 0.3936515), (0.5000005, 0.3936515), (0.5909095, 0.3936515)] (
                                interpolation = "faceVarying"
                            )
                            int[] primvars:st:indices = [0, 25, 23, 5, 24, 27, 1, 22, 31, 2, 30, 34, 3, 33, 28, 5, 27, 37, 7, 26, 39, 8, 32, 41, 9, 35, 44, 10, 36, 46, 5, 37, 40, 7, 39, 42, 8, 41, 45, 9, 44, 47, 10, 46, 38, 11, 48, 54, 12, 49, 58, 14, 50, 60, 15, 51, 62, 16, 52, 55, 55, 61, 17, 55, 52, 61, 52, 15, 61, 62, 59, 18, 62, 51, 59, 51, 14, 59, 60, 57, 19, 60, 50, 57, 50, 13, 57, 58, 53, 20, 58, 49, 53, 49, 11, 53, 54, 56, 21, 54, 48, 56, 48, 16, 56, 38, 52, 16, 38, 46, 52, 46, 15, 52, 47, 51, 15, 47, 44, 51, 44, 14, 51, 45, 50, 14, 45, 41, 50, 41, 13, 50, 42, 49, 12, 42, 39, 49, 39, 11, 49, 40, 48, 11, 40, 37, 48, 37, 16, 48, 46, 47, 15, 46, 36, 47, 36, 9, 47, 44, 45, 14, 44, 35, 45, 35, 8, 45, 41, 43, 13, 41, 32, 43, 32, 6, 43, 39, 40, 11, 39, 26, 40, 26, 5, 40, 37, 38, 16, 37, 27, 38, 27, 10, 38, 28, 36, 10, 28, 33, 36, 33, 9, 36, 34, 35, 9, 34, 30, 35, 30, 8, 35, 31, 32, 8, 31, 22, 32, 22, 6, 32, 27, 29, 10, 27, 24, 29, 24, 4, 29, 23, 26, 7, 23, 25, 26, 25, 5, 26]
                            uniform token subdivisionScheme = "none"
                            custom string userProperties:blender:data_name = "Icosphere.020"
                        }
                    }
                }

                over "RA_Grass_Ground"
                {
                    token visibility = "inherited"
                }

                over "RA_Border_Bush_04" (
                    active = false
                )
                {
                }

                over "RA_Border_Bush_03" (
                    active = false
                )
                {
                }

                over "RA_Border_Bush_02" (
                    active = false
                )
                {
                }

                over "RA_Border_Bush_01" (
                    active = false
                )
                {
                }

                over "RA_Border_Bush_08" (
                    active = false
                )
                {
                }

                over "RA_Border_Bush_07" (
                    active = false
                )
                {
                }

                over "RA_Border_Bush_05" (
                    active = false
                )
                {
                }

                over "RA_Border_Bush_06" (
                    active = false
                )
                {
                }

                over "RA_Border_Bush_09" (
                    active = false
                )
                {
                }

                over "RA_Border_Bush_10" (
                    active = false
                )
                {
                }
            }
        }
    }

    over "Simulation"
    {
        over "PhysicsScene" (
            prepend apiSchemas = ["PhysxSceneAPI", "NewtonSceneAPI"]
        )
        {
        }
    }

    over "Sensors"
    {
        over "PlantInspectionGantry"
        {
            over "Horizontal_Mount"
            {
                over "Cam_mount"
                {
                    over "PlantScanCamera"
                    {
                        bool omni:kit:cameraLock = 1
                        custom uniform vector3d omni:kit:centerOfInterest = (0, 0, -5.5742465152046226)
                        float3 xformOp:rotateYXZ = (0, -0, -0)
                        double3 xformOp:scale = (0.10000000149011612, 0.10000000149011612, 0.05000000074505806)
                        double3 xformOp:translate = (-0.016195609863648652, 0.072885291934635, -0.0045969560687320055)
                        uniform token[] xformOpOrder = ["xformOp:translate", "xformOp:rotateYXZ", "xformOp:scale"]
                    }
                }
            }
        }
    }

    over "Robots"
    {
        over "MuviRobotControls"
        {
            over "differential_controller"
            {
                over "ArrayNames"
                {
                    custom token inputs:input0 (
                        customData = {
                            dictionary omni = {
                                dictionary graph = {
                                    string resolvedType = "token"
                                }
                            }
                        }
                    )
                }
            }
        }

        over "MuviRobot"
        {
            over "Articulation"
            {
                over "Top"
                {
                }

                over "wheels"
                {
                    over "Rear_Left_wheel"
                    {
                    }

                    over "Rear_Right_wheel"
                    {
                    }

                    over "Front_Right_wheel"
                    {
                    }

                    over "Front_Left_wheel"
                    {
                    }
                }

                over "Front_Sensor"
                {
                }
            }
        }
    }

    over "Camera_02"
    {
        float exposure:fStop = 5
        float exposure:responsivity = 1.1026709
        float exposure:time = 0.02
    }
}

over "Render"
{
    over "OmniverseKit"
    {
        over "HydraTextures"
        {
            over "omni_kit_widget_viewport_ViewportTexture_0"
            {
                bool omni:rtx:rt:ecoMode:enabled
            }

            over "omni_kit_widget_viewport_ViewportTexture_1"
            {
                token omni:rtx:ambientOcclusion:denoiserMode = "none"
                token omni:rtx:background:source:texture:textureMode = "repeatMirrored"
                token omni:rtx:background:source:type = "domeLight"
                bool omni:rtx:debug:view:pixelDebug:enableFixedTextPos = 1
                token omni:rtx:directLighting:sampledLighting:denoisingTechnique = "None"
                bool omni:rtx:dlss:frameGeneration = 0
                bool omni:rtx:indirectDiffuse:denoiser:enabled = 0
                bool omni:rtx:material:db:syncLoads = 1
                token omni:rtx:post:dlss:execMode = "performance"
                bool omni:rtx:post:registeredCompositing:invertColorCorrection = 1
                bool omni:rtx:post:registeredCompositing:invertToneMap = 1
                bool omni:rtx:pt:adaptiveSampling:filterError = 0
                uint omni:rtx:pt:adaptiveSampling:fixedSppIterations = 2
                uint omni:rtx:pt:maxSamplesPerLaunch = 2073600
                uint omni:rtx:pt:mgpu:maxPixelsPerRegionExponent = 12
                bool omni:rtx:reflections:denoiser:enabled = 0
                token omni:rtx:rendermode = "RealTimePathTracing"
                color3f omni:rtx:rt:ambientLight:color = (0.1, 0.1, 0.1)
                bool omni:rtx:rt:demoire = 0
                bool omni:rtx:rt:ecoMode:enabled
                bool omni:rtx:rt:lightcache:spatialCache:dontResolveConflicts = 1
                int omni:rtx:rt:sss:samples = 1
                uint omni:rtx:rtpt:maxVolumeBounces = 15
                float omni:rtx:rtpt:modulatingRoughnessThreshold = 0.08
                bool omni:rtx:scene:hydra:materialSyncLoads = 1
                bool omni:rtx:scene:hydra:mdlMaterialWarmup = 1
            }
        }
    }
}

